Name,BankVerificationNumber,Address,HomeTelephoneNumber,FirstCentralReferenceNo,customerid,AccountNo,TypeOfAccount,DateAccountOpened,OpeningBalanceAmt,CurrentBalanceAmt,CurrentBalanceDebitInd,AmountOverdue,InstalmentAmount,Currency,MonthsInArrears,AccountStatusCode,ClosedDate,loanclassification
Chika Samuel,"=""22429471946""",306 OKIGWE RAOD OBUOFIA AWGU,,"=""8243745""","=""746450""","=""10360938""",Personal fixed term loan,2023-05-22 00:00:00,7500.00,0.00,,0.00,9525.00,NGN,0,Closed,2023-06-21 00:00:00,Performing
YAHAYA NAILA,"=""22211102649""",GanguliKazaure,"=""08033878905""","=""8264410""","=""9426312""","=""3162953759""",Personal fixed term loan,2020-10-31 00:00:00,2500.00,0.00,,0.00,3250.00,NGN,0,Closed,2020-11-30 00:00:00,Performing
WISDOM ENYOGHASU,"=""22151379808""",7 alhaji adebola street olodi apapa Ajeromi,,"=""8294383""","=""703596""","=""8422881""",Personal fixed term loan,2022-10-28 00:00:00,15000.00,0.00,,0.00,17085.00,NGN,0,Closed,2022-11-14 00:00:00,Performing
WISDOM ENYOGHASU,"=""22151379808""",7 alhaji adebola street olodi apapa Ajeromi,,"=""8294383""","=""703596""","=""8482298""",Personal fixed term loan,2022-11-03 00:00:00,10000.00,0.00,,0.00,11530.00,NGN,0,Closed,2022-11-18 00:00:00,Performing
WISDOM ENYOGHASU,"=""22151379808""",7 alhaji adebola street olodi apapa Ajeromi,,"=""8294383""","=""703596""","=""8485001""",Personal fixed term loan,2022-11-03 00:00:00,20000.00,0.00,,0.00,23140.00,NGN,0,Closed,2022-11-18 00:00:00,Performing
WISDOM ENYOGHASU,"=""22151379808""",7 alhaji adebola street olodi apapa Ajeromi,,"=""8294383""","=""703596""","=""8506246""",Personal fixed term loan,2022-11-05 00:00:00,17500.00,0.00,,0.00,19932.50,NGN,0,Closed,2022-11-21 00:00:00,Performing
WISDOM ENYOGHASU,"=""22151379808""",7 alhaji adebola street olodi apapa Ajeromi,,"=""8294383""","=""703596""","=""8565453""",Personal fixed term loan,2022-11-11 00:00:00,12500.00,0.00,,0.00,14237.50,NGN,0,Closed,2022-11-28 00:00:00,Performing
WISDOM ENYOGHASU,"=""22151379808""",7 alhaji adebola street olodi apapa Ajeromi,,"=""8294383""","=""703596""","=""8603005""",Personal fixed term loan,2022-11-15 00:00:00,10000.00,0.00,,0.00,11530.00,NGN,0,Closed,2022-11-30 00:00:00,Performing
WISDOM ENYOGHASU,"=""22151379808""",7 alhaji adebola street olodi apapa Ajeromi,,"=""8294383""","=""703596""","=""8618373""",Personal fixed term loan,2022-11-17 00:00:00,40000.00,0.00,,0.00,45720.00,NGN,0,Closed,2022-12-02 00:00:00,Performing
WISDOM ENYOGHASU,"=""22151379808""",7 alhaji adebola street olodi apapa Ajeromi,,"=""8294383""","=""703596""","=""8715935""",Personal fixed term loan,2022-11-27 00:00:00,17500.00,0.00,,0.00,20002.50,NGN,0,Closed,2022-12-12 00:00:00,Performing
WISDOM ENYOGHASU,"=""22151379808""",7 alhaji adebola street olodi apapa Ajeromi,,"=""8294383""","=""703596""","=""8810776""",Personal fixed term loan,2022-12-06 00:00:00,12500.00,0.00,,0.00,14412.50,NGN,0,Closed,2022-12-21 00:00:00,Performing
WISDOM ENYOGHASU,"=""22151379808""",7 alhaji adebola street olodi apapa Ajeromi,,"=""8294383""","=""703596""","=""9004721""",Personal fixed term loan,2022-12-27 00:00:00,27500.00,0.00,,0.00,32092.50,NGN,0,Closed,2023-01-26 00:00:00,Performing
WISDOM ENYOGHASU,"=""22151379808""",7 alhaji adebola street olodi apapa Ajeromi,,"=""8294383""","=""703596""","=""9166875""",Personal fixed term loan,2023-01-14 00:00:00,12500.00,0.00,,0.00,14262.50,NGN,0,Closed,2023-01-30 00:00:00,Performing
WISDOM ENYOGHASU,"=""22151379808""",7 alhaji adebola street olodi apapa Ajeromi,,"=""8294383""","=""703596""","=""9256878""",Personal fixed term loan,2023-01-25 00:00:00,27500.00,0.00,,0.00,31377.50,NGN,0,Closed,2023-02-09 00:00:00,Performing
WISDOM ENYOGHASU,"=""22151379808""",7 alhaji adebola street olodi apapa Ajeromi,,"=""8294383""","=""703596""","=""9284430""",Personal fixed term loan,2023-01-28 00:00:00,35000.00,0.00,,0.00,40005.00,NGN,0,Closed,2023-02-13 00:00:00,Performing
WISDOM ENYOGHASU,"=""22151379808""",7 alhaji adebola street olodi apapa Ajeromi,,"=""8294383""","=""703596""","=""9470923""",Personal fixed term loan,2023-02-19 00:00:00,12500.00,0.00,,0.00,14262.50,NGN,0,Closed,2023-03-06 00:00:00,Performing
OLUWADARE OLUWASEUN ARIYO,"=""22197157574""",3 Sule Abore Street Ojodu Ikeja Lagos State,"=""08060570517""","=""8274548""","=""3844536""","=""2215238528""",Personal fixed term loan,2019-12-06 00:00:00,5000.00,0.00,,0.00,6250.00,NGN,0,Closed,2020-01-06 00:00:00,Performing
Oluwatobi Michael,"=""22369184771""",4 TEMITOPE STRT AYOBO IPAJA L  Alimosho Lagos State,"=""08053541036""","=""8277842""","=""757094""","=""201243621""",Personal fixed term loan,2021-11-25 00:00:00,5000.00,0.00,,0.00,6300.00,NGN,0,Open,2021-12-27 00:00:00,Performing
Oluwatobi Michael,"=""22369184771""",4 TEMITOPE STRT AYOBO IPAJA L  Alimosho Lagos State,"=""08053541036""","=""8277842""","=""757094""","=""5986721""",Personal fixed term loan,2022-02-23 00:00:00,5000.00,0.00,,0.00,6320.00,NGN,0,Closed,2022-04-09 00:00:00,Performing
Oluwatobi Michael,"=""22369184771""",4 TEMITOPE STRT AYOBO IPAJA L  Alimosho Lagos State,"=""08053541036""","=""8277842""","=""757094""","=""6462897""",Personal fixed term loan,2022-04-14 00:00:00,15000.00,0.00,,0.00,19500.00,NGN,0,Closed,2022-07-08 00:00:00,Performing
Oluwatobi Michael,"=""22369184771""",4 TEMITOPE STRT AYOBO IPAJA L  Alimosho Lagos State,"=""08053541036""","=""8277842""","=""757094""","=""7707428""",Personal fixed term loan,2022-08-19 00:00:00,7500.00,0.00,,0.00,9712.50,NGN,0,Closed,2022-11-11 00:00:00,Performing
Oluwatobi Michael,"=""22369184771""",4 TEMITOPE STRT AYOBO IPAJA L  Alimosho Lagos State,"=""08053541036""","=""8277842""","=""757094""","=""9694038""",Personal fixed term loan,2023-03-18 00:00:00,20000.00,0.00,,0.00,24100.00,NGN,0,Closed,2023-04-17 00:00:00,Performing
agada Joshua,"=""22364843361""",GP 1164 FIVE HUNDRED HOUSING UNIT,"=""08166874732""","=""8281000""","=""22364843361""","=""FMSME00080""",,2022-01-24 00:00:00,250000.00,201024.00,,201024.00,97008.00,NGN,1053,Open,2022-04-24 00:00:00,Lost
AKILU ABBAS,,AWULE NEW SITE AKURE Akure South Ondo State,,"=""8327578""","=""1995396""","=""737979196""",Personal fixed term loan,2019-09-24 00:00:00,1500.00,0.00,,0.00,1950.00,NGN,0,Open,2019-10-24 00:00:00,Performing
Ogungbile Moshood,"=""22331579923""",No 23 DAGBOLU phase 2 Ikirun road osogbo,"=""07037390059""","=""8348369""","=""693310""","=""1229245""",Personal fixed term loan,2019-12-19 00:00:00,2500.00,0.00,,0.00,2870.00,NGN,0,Closed,2020-01-03 00:00:00,Performing
Ogungbile Moshood,"=""22331579923""",No 23 DAGBOLU phase 2 Ikirun road osogbo,"=""07037390059""","=""8348369""","=""693310""","=""1341510""",Personal fixed term loan,2020-01-06 00:00:00,7500.00,0.00,,0.00,9370.00,NGN,0,Closed,2020-02-05 00:00:00,Performing
Ogungbile Moshood,"=""22331579923""",No 23 DAGBOLU phase 2 Ikirun road osogbo,"=""07037390059""","=""8348369""","=""693310""","=""1754946""",Personal fixed term loan,2020-03-06 00:00:00,2500.00,0.00,,0.00,2870.00,NGN,0,Closed,2020-03-23 00:00:00,Performing
Ogungbile Moshood,"=""22331579923""",No 23 DAGBOLU phase 2 Ikirun road osogbo,"=""07037390059""","=""8348369""","=""693310""","=""2071963268""",Personal fixed term loan,2020-03-06 00:00:00,2500.00,0.00,,0.00,2870.00,NGN,0,Closed,2020-03-23 00:00:00,Performing
Uzuagu Ebuka,"=""22258992874""",ICHIE OMELUOH UZUAGU COMP IFITE NNOBI Idemili North Anambr,"=""2348033563844""","=""8413245""","=""696261""","=""131349758""",Personal fixed term loan,2021-01-10 00:00:00,30000.00,0.00,,0.00,39000.00,NGN,0,Open,2021-02-09 00:00:00,Performing
Samuel Shekwaga,,9 PARTRICK YAKOWA RD GBAGYI VILLA KADUNA Chikun Kaduna Sta,"=""07035561502""","=""8414231""","=""803024""","=""10154214""",Personal fixed term loan,2023-05-02 00:00:00,20000.00,0.00,,0.00,26000.00,NGN,0,Closed,2023-06-01 00:00:00,Performing
Samuel Shekwaga,,9 PARTRICK YAKOWA RD GBAGYI VILLA KADUNA Chikun Kaduna Sta,"=""07035561502""","=""8414231""","=""803024""","=""4211012389""",Personal fixed term loan,2020-01-02 00:00:00,15000.00,0.00,,0.00,18300.00,NGN,0,Closed,2020-02-03 00:00:00,Performing
Junaid Aliyu,"=""22315550832""",NO 10 BODE STR COTTAGE HOSPITAL OLORUNSOGO ILORIN Ilorin E,"=""07067471741""","=""8283918""","=""6457623""","=""10046967""",Personal fixed term loan,2023-04-22 00:00:00,300000.00,0.00,,0.00,184950.00,NGN,0,Closed,2023-06-21 00:00:00,Performing
Junaid Aliyu,"=""22315550832""",NO 10 BODE STR COTTAGE HOSPITAL OLORUNSOGO ILORIN Ilorin E,"=""07067471741""","=""8283918""","=""6457623""","=""10083475""",Personal fixed term loan,2023-04-25 00:00:00,200000.00,0.00,,0.00,239400.00,NGN,0,Closed,2023-05-10 00:00:00,Performing
Junaid Aliyu,"=""22315550832""",NO 10 BODE STR COTTAGE HOSPITAL OLORUNSOGO ILORIN Ilorin E,"=""07067471741""","=""8283918""","=""6457623""","=""10085583""",Personal fixed term loan,2023-04-26 00:00:00,500000.00,0.00,,0.00,356750.00,NGN,0,Closed,2023-06-25 00:00:00,Performing
Junaid Aliyu,"=""22315550832""",NO 10 BODE STR COTTAGE HOSPITAL OLORUNSOGO ILORIN Ilorin E,"=""07067471741""","=""8283918""","=""6457623""","=""6231386""",Personal fixed term loan,2022-03-21 00:00:00,25000.00,0.00,,0.00,31120.00,NGN,0,Closed,2022-04-20 00:00:00,Performing
Junaid Aliyu,"=""22315550832""",NO 10 BODE STR COTTAGE HOSPITAL OLORUNSOGO ILORIN Ilorin E,"=""07067471741""","=""8283918""","=""6457623""","=""6569314""",Personal fixed term loan,2022-04-25 00:00:00,1500.00,0.00,,0.00,1867.50,NGN,0,Closed,2022-05-25 00:00:00,Performing
Junaid Aliyu,"=""22315550832""",NO 10 BODE STR COTTAGE HOSPITAL OLORUNSOGO ILORIN Ilorin E,"=""07067471741""","=""8283918""","=""6457623""","=""7530918""",Personal fixed term loan,2022-08-02 00:00:00,50000.00,0.00,,0.00,58950.00,NGN,0,Closed,2022-08-17 00:00:00,Performing
Junaid Aliyu,"=""22315550832""",NO 10 BODE STR COTTAGE HOSPITAL OLORUNSOGO ILORIN Ilorin E,"=""07067471741""","=""8283918""","=""6457623""","=""7538047""",Personal fixed term loan,2022-08-03 00:00:00,50000.00,0.00,,0.00,59800.00,NGN,0,Closed,2022-08-18 00:00:00,Performing
Junaid Aliyu,"=""22315550832""",NO 10 BODE STR COTTAGE HOSPITAL OLORUNSOGO ILORIN Ilorin E,"=""07067471741""","=""8283918""","=""6457623""","=""7556543""",Personal fixed term loan,2022-08-04 00:00:00,50000.00,0.00,,0.00,59800.00,NGN,0,Closed,2022-08-19 00:00:00,Performing
Junaid Aliyu,"=""22315550832""",NO 10 BODE STR COTTAGE HOSPITAL OLORUNSOGO ILORIN Ilorin E,"=""07067471741""","=""8283918""","=""6457623""","=""7914306""",Personal fixed term loan,2022-09-08 00:00:00,30000.00,0.00,,0.00,37770.00,NGN,0,Closed,2022-10-10 00:00:00,Performing
Junaid Aliyu,"=""22315550832""",NO 10 BODE STR COTTAGE HOSPITAL OLORUNSOGO ILORIN Ilorin E,"=""07067471741""","=""8283918""","=""6457623""","=""8627712""",Personal fixed term loan,2022-11-18 00:00:00,5000.00,0.00,,0.00,6155.00,NGN,0,Closed,2022-12-19 00:00:00,Performing
Junaid Aliyu,"=""22315550832""",NO 10 BODE STR COTTAGE HOSPITAL OLORUNSOGO ILORIN Ilorin E,"=""07067471741""","=""8283918""","=""6457623""","=""9061032""",Personal fixed term loan,2023-01-03 00:00:00,2500.00,0.00,,0.00,2852.50,NGN,0,Closed,2023-01-18 00:00:00,Performing
Junaid Aliyu,"=""22315550832""",NO 10 BODE STR COTTAGE HOSPITAL OLORUNSOGO ILORIN Ilorin E,"=""07067471741""","=""8283918""","=""6457623""","=""9172924""",Personal fixed term loan,2023-01-15 00:00:00,5000.00,0.00,,0.00,5835.00,NGN,0,Closed,2023-02-14 00:00:00,Performing
Junaid Aliyu,"=""22315550832""",NO 10 BODE STR COTTAGE HOSPITAL OLORUNSOGO ILORIN Ilorin E,"=""07067471741""","=""8283918""","=""6457623""","=""9542929""",Personal fixed term loan,2023-03-01 00:00:00,2500.00,0.00,,0.00,2857.50,NGN,0,Closed,2023-03-16 00:00:00,Performing
Elese Uche,"=""22322890275""",NO 2 RUMUCHIKA STREET ELIOPRANWO PORT HARCOURT ObioAkpor R,,"=""8419888""","=""760149""","=""234665276""",Personal fixed term loan,2020-09-28 00:00:00,10000.00,14500.00,,14500.00,13000.00,NGN,1069,Open,2020-10-28 00:00:00,Lost
OKPALIKE NNAEMEKA FRANCIS,"=""22146083356""",40 SAVANA STREET AGUDA SURULERE,"=""07033756528""","=""8260297""","=""35114032""","=""9890370""",Personal fixed term loan,2023-04-07 00:00:00,500000.00,648500.00,,0.00,216167.00,NGN,0,Open,2023-07-07 00:00:00,Performing
Muibat Adebola,"=""22328949201""",Nigeria,,"=""8281103""","=""8804316""","=""2179596670""",Personal fixed term loan,2020-10-02 00:00:00,40000.00,0.00,,0.00,46400.00,NGN,0,Closed,2020-11-02 00:00:00,Performing
Inyang Inyang,,26 Banking Layout Udoudoama Avenue,,"=""8301502""","=""1419338""","=""87795072""",Personal fixed term loan,2019-12-28 00:00:00,2500.00,2754.00,,2754.00,2870.00,NGN,1358,Open,2020-01-13 00:00:00,Lost
OSANEBI GREGSON OKUCHUKWU,,22 COURT 4 ROAD OFF OGUNU ROAD WARRI Warri South Delta Sta,,"=""8307218""","=""821308""","=""9834023""",Personal fixed term loan,2023-04-01 00:00:00,150000.00,106875.00,,106875.00,184500.00,NGN,2,Open,2023-05-02 00:00:00,Watchlist
Chukwudi Bright,"=""22286096115""",6 OBUNKU STREET ABA Aba South Abia State,,"=""8310083""","=""746579""","=""6789597""",Personal fixed term loan,2022-05-19 00:00:00,10000.00,0.00,,0.00,12000.00,NGN,0,Closed,2022-06-03 00:00:00,Performing
Chukwudi Bright,"=""22286096115""",6 OBUNKU STREET ABA Aba South Abia State,,"=""8310083""","=""746579""","=""6803952""",Personal fixed term loan,2022-05-21 00:00:00,2500.00,0.00,,0.00,3000.00,NGN,0,Closed,2022-06-06 00:00:00,Performing
Chukwudi Bright,"=""22286096115""",6 OBUNKU STREET ABA Aba South Abia State,,"=""8310083""","=""746579""","=""6975807""",Personal fixed term loan,2022-06-08 00:00:00,5000.00,0.00,,0.00,6000.00,NGN,0,Closed,2022-06-23 00:00:00,Performing
Chukwudi Bright,"=""22286096115""",6 OBUNKU STREET ABA Aba South Abia State,,"=""8310083""","=""746579""","=""7425134""",Personal fixed term loan,2022-07-22 00:00:00,10000.00,0.00,,0.00,12000.00,NGN,0,Closed,2022-08-08 00:00:00,Performing
IDOKO MARTHA,"=""22211527169""",Mene Streetcar,"=""2348067736009""","=""8322501""","=""5866943""","=""6491151""",Personal fixed term loan,2022-04-17 00:00:00,15000.00,0.00,,0.00,18090.00,NGN,0,Closed,2022-06-01 00:00:00,Performing
IDOKO MARTHA,"=""22211527169""",Mene Streetcar,"=""2348067736009""","=""8322501""","=""5866943""","=""7049262""",Personal fixed term loan,2022-06-15 00:00:00,15000.00,0.00,,0.00,18465.00,NGN,0,Closed,2022-07-15 00:00:00,Performing
IDOKO MARTHA,"=""22211527169""",Mene Streetcar,"=""2348067736009""","=""8322501""","=""5866943""","=""7336196""",Personal fixed term loan,2022-07-13 00:00:00,40000.00,0.00,,0.00,50360.00,NGN,0,Closed,2022-09-03 00:00:00,Performing
IDOKO MARTHA,"=""22211527169""",Mene Streetcar,"=""2348067736009""","=""8322501""","=""5866943""","=""8011745""",Personal fixed term loan,2022-09-17 00:00:00,30000.00,0.00,,0.00,36390.00,NGN,0,Closed,2022-11-08 00:00:00,Performing
IDOKO MARTHA,"=""22211527169""",Mene Streetcar,"=""2348067736009""","=""8322501""","=""5866943""","=""8792615""",Personal fixed term loan,2022-12-04 00:00:00,120000.00,0.00,,0.00,42180.00,NGN,0,Closed,2023-05-16 00:00:00,Performing
Micheal Adedayo,"=""22282105796""",NO 13  BOYEDE OGUNTOYINBO STREET  O SISI QUARTERS  OKE IJ,"=""07033193354""","=""8440114""","=""524241""","=""10044892""",Personal fixed term loan,2023-04-21 00:00:00,20000.00,0.00,,0.00,26000.00,NGN,0,Closed,2023-05-21 00:00:00,Performing
Micheal Adedayo,"=""22282105796""",NO 13  BOYEDE OGUNTOYINBO STREET  O SISI QUARTERS  OKE IJ,"=""07033193354""","=""8440114""","=""524241""","=""10373745""",Personal fixed term loan,2023-05-23 00:00:00,27500.00,0.00,,0.00,35750.00,NGN,0,Closed,2023-06-22 00:00:00,Performing
Micheal Adedayo,"=""22282105796""",NO 13  BOYEDE OGUNTOYINBO STREET  O SISI QUARTERS  OKE IJ,"=""07033193354""","=""8440114""","=""524241""","=""10701513""",Personal fixed term loan,2023-06-25 00:00:00,40000.00,0.00,,0.00,52000.00,NGN,0,Closed,2023-07-25 00:00:00,Performing
Moshood oseni Modupe,,NO 15OLUWOLE AKINTOLA WAYBODIJA AREA Ibada,,"=""8271079""","=""6351551""","=""7406169""",Personal fixed term loan,2022-07-21 00:00:00,40000.00,0.00,,0.00,48000.00,NGN,0,Closed,2022-08-05 00:00:00,Performing
Moshood oseni Modupe,,NO 15OLUWOLE AKINTOLA WAYBODIJA AREA Ibada,,"=""8271079""","=""6351551""","=""7681476""",Personal fixed term loan,2022-08-16 00:00:00,50000.00,0.00,,0.00,63650.00,NGN,0,Closed,2022-09-15 00:00:00,Performing
Moshood oseni Modupe,,NO 15OLUWOLE AKINTOLA WAYBODIJA AREA Ibada,,"=""8271079""","=""6351551""","=""8627654""",Personal fixed term loan,2022-11-18 00:00:00,60000.00,0.00,,0.00,71820.00,NGN,0,Closed,2022-12-19 00:00:00,Performing
Moshood oseni Modupe,,NO 15OLUWOLE AKINTOLA WAYBODIJA AREA Ibada,,"=""8271079""","=""6351551""","=""9742417""",Personal fixed term loan,2023-03-23 00:00:00,15000.00,0.00,,0.00,17340.00,NGN,0,Closed,2023-04-11 00:00:00,Performing
Ado Sani,,no 57 sarkin tasha street kanti kankia Kankia Katsina Stat,"=""2348060184245""","=""8316928""","=""87443""","=""472627296""",Personal fixed term loan,2020-05-22 00:00:00,5000.00,0.00,,0.00,6250.00,NGN,0,Open,2020-06-22 00:00:00,Performing
IYORTYOM STELLA IYORTYOM,"=""22193204605""",NO1 BD IYORTYOM STR MKAR GBOKO BENUE STATE,"=""07032164292""","=""8349466""","=""6476124""","=""6175494""",Personal fixed term loan,2022-03-15 00:00:00,20000.00,0.00,,0.00,14690.00,NGN,0,Closed,2022-05-16 00:00:00,Performing
IYORTYOM STELLA IYORTYOM,"=""22193204605""",NO1 BD IYORTYOM STR MKAR GBOKO BENUE STATE,"=""07032164292""","=""8349466""","=""6476124""","=""7014057""",Personal fixed term loan,2022-06-12 00:00:00,50000.00,0.00,,0.00,64100.00,NGN,0,Closed,2022-07-27 00:00:00,Performing
IYORTYOM STELLA IYORTYOM,"=""22193204605""",NO1 BD IYORTYOM STR MKAR GBOKO BENUE STATE,"=""07032164292""","=""8349466""","=""6476124""","=""7794986""",Personal fixed term loan,2022-08-27 00:00:00,30000.00,0.00,,0.00,39000.00,NGN,0,Closed,2022-09-26 00:00:00,Performing
IYORTYOM STELLA IYORTYOM,"=""22193204605""",NO1 BD IYORTYOM STR MKAR GBOKO BENUE STATE,"=""07032164292""","=""8349466""","=""6476124""","=""8095463""",Personal fixed term loan,2022-09-26 00:00:00,30000.00,0.00,,0.00,39000.00,NGN,0,Closed,2022-10-26 00:00:00,Performing
Olaoluwa Lukmon,"=""22229278136""",33 CAR WASH ADATAN ABEOKUTA Abeokuta South Ogun State,,"=""8349559""","=""686577""","=""119872733""",Personal fixed term loan,2019-12-19 00:00:00,1500.00,0.00,,0.00,1720.00,NGN,0,Closed,2020-01-03 00:00:00,Performing
Olaoluwa Lukmon,"=""22229278136""",33 CAR WASH ADATAN ABEOKUTA Abeokuta South Ogun State,,"=""8349559""","=""686577""","=""1230142""",Personal fixed term loan,2019-12-19 00:00:00,1500.00,0.00,,0.00,1720.00,NGN,0,Closed,2020-01-03 00:00:00,Performing
osungbemi Adeyemi,,1 DANGOTEONIRU VICTORIA ISLAND LAGOS STATE Lagos Island La,"=""08188608425""","=""8406054""","=""1792375""","=""149077955""",Personal fixed term loan,2020-02-24 00:00:00,1500.00,0.00,,0.00,1720.00,NGN,0,Closed,2020-03-10 00:00:00,Performing
osungbemi Adeyemi,,1 DANGOTEONIRU VICTORIA ISLAND LAGOS STATE Lagos Island La,"=""08188608425""","=""8406054""","=""1792375""","=""2092872905""",Personal fixed term loan,2020-12-27 00:00:00,30000.00,0.00,,0.00,36900.00,NGN,0,Open,2021-01-26 00:00:00,Performing
Aguebor Osawen,,9 EBO STREET OFF OBA MARKET ROAD BENIN CITY  Oredo Edo Sta,,"=""8435727""","=""3601762""","=""111181286""",Personal fixed term loan,2019-12-27 00:00:00,1500.00,1472.00,,1472.00,1870.00,NGN,1344,Open,2020-01-27 00:00:00,Lost
OLAKANMI OLUFEMI ADETOMI,"=""22211932851""",one with God house inec owode area ogbomoso Ogbomosho Nort,"=""08163567187""","=""8448345""","=""9162239""","=""2025008102""",Personal fixed term loan,2021-01-26 00:00:00,50000.00,0.00,,0.00,62000.00,NGN,0,Closed,2021-02-25 00:00:00,Performing
Yakunat Silas,"=""22214022353""",Dorowa line beside Chikun local government office Kujama K,"=""07037888670""","=""8337532""","=""576627""","=""6390960""",Personal fixed term loan,2022-04-06 00:00:00,20000.00,0.00,,0.00,26000.00,NGN,0,Closed,2022-05-06 00:00:00,Performing
Yakunat Silas,"=""22214022353""",Dorowa line beside Chikun local government office Kujama K,"=""07037888670""","=""8337532""","=""576627""","=""6692783""",Personal fixed term loan,2022-05-09 00:00:00,20000.00,0.00,,0.00,26000.00,NGN,0,Closed,2022-06-08 00:00:00,Performing
Yakunat Silas,"=""22214022353""",Dorowa line beside Chikun local government office Kujama K,"=""07037888670""","=""8337532""","=""576627""","=""6807719""",Personal fixed term loan,2022-05-21 00:00:00,20000.00,0.00,,0.00,26000.00,NGN,0,Closed,2022-06-20 00:00:00,Performing
Yakunat Silas,"=""22214022353""",Dorowa line beside Chikun local government office Kujama K,"=""07037888670""","=""8337532""","=""576627""","=""7253575""",Personal fixed term loan,2022-07-05 00:00:00,5000.00,0.00,,0.00,6000.00,NGN,0,Closed,2022-07-20 00:00:00,Performing
Yakunat Silas,"=""22214022353""",Dorowa line beside Chikun local government office Kujama K,"=""07037888670""","=""8337532""","=""576627""","=""7628580""",Personal fixed term loan,2022-08-11 00:00:00,15000.00,0.00,,0.00,19500.00,NGN,0,Closed,2022-09-12 00:00:00,Performing
Yakunat Silas,"=""22214022353""",Dorowa line beside Chikun local government office Kujama K,"=""07037888670""","=""8337532""","=""576627""","=""8087779""",Personal fixed term loan,2022-09-25 00:00:00,10000.00,0.00,,0.00,12000.00,NGN,0,Closed,2022-10-10 00:00:00,Performing
Yakunat Silas,"=""22214022353""",Dorowa line beside Chikun local government office Kujama K,"=""07037888670""","=""8337532""","=""576627""","=""8343145""",Personal fixed term loan,2022-10-20 00:00:00,15000.00,0.00,,0.00,18000.00,NGN,0,Closed,2022-11-04 00:00:00,Performing
Yakunat Silas,"=""22214022353""",Dorowa line beside Chikun local government office Kujama K,"=""07037888670""","=""8337532""","=""576627""","=""8501151""",Personal fixed term loan,2022-11-05 00:00:00,25000.00,0.00,,0.00,32425.00,NGN,0,Closed,2022-12-05 00:00:00,Performing
Yakunat Silas,"=""22214022353""",Dorowa line beside Chikun local government office Kujama K,"=""07037888670""","=""8337532""","=""576627""","=""8833464""",Personal fixed term loan,2022-12-08 00:00:00,90000.00,0.00,,0.00,33076.00,NGN,0,Closed,2024-01-03 00:00:00,Performing
Oscar Alex,"=""22160767861""",A45 JOHNVIENNIE CARITAS UNIVERSITY EMENE ENUGU Enugu Eas,,"=""8381701""","=""8455993""","=""773211726""",Personal fixed term loan,2020-09-04 00:00:00,10000.00,0.00,,0.00,13000.00,NGN,0,Closed,2020-10-05 00:00:00,Performing
MARTINS EMENIKE KALU,"=""22221049123""",HOUSE 3 CHRIS BOREHOLE BY ZONE 7 TR,,"=""8451708""","=""3657595""","=""86931370""",Personal fixed term loan,2021-03-01 00:00:00,200000.00,0.00,,0.00,52000.00,NGN,0,Open,2021-08-30 00:00:00,Performing
MOCHI OSHOMAH SUNNY,"=""22217422037""",PLOT 96ZONE 6DUTSE JI ABUJA Bwari FCT,"=""08077744241""","=""8471800""","=""5212536""","=""3412259""",Personal fixed term loan,2021-03-22 00:00:00,60000.00,0.00,,0.00,76800.00,NGN,0,Closed,2021-04-21 00:00:00,Performing
MOCHI OSHOMAH SUNNY,"=""22217422037""",PLOT 96ZONE 6DUTSE JI ABUJA Bwari FCT,"=""08077744241""","=""8471800""","=""5212536""","=""6050457293""",Personal fixed term loan,2020-12-25 00:00:00,30000.00,0.00,,0.00,37590.00,NGN,0,Open,2021-01-25 00:00:00,Performing
Oladipupo Babatunde,"=""22145589505""",15 Ajuwon road iju hills Ajuwon Akute,"=""2349030158025""","=""8498855""","=""735644""","=""5411929""",Personal fixed term loan,2021-12-18 00:00:00,7500.00,0.00,,0.00,9150.00,NGN,0,Closed,2022-01-17 00:00:00,Performing
Osazee Aiyowieren,"=""22276847813""",ORDINANCE BLK 10 RM 5 ODOGBO BARRACKS  Oyo Oyo State,,"=""8246996""","=""12041267""","=""9876015""",Personal fixed term loan,2023-04-05 00:00:00,10000.00,17400.00,,0.00,17400.00,NGN,0,Open,2023-05-05 00:00:00,Performing
IBIYEMI ABIOLA EZEKIEL,,DALEMO AREA SANGO,"=""23408067010518""","=""8254918""","=""1866314""","=""35667714""",Personal fixed term loan,2021-11-03 00:00:00,150000.00,0.00,,0.00,34990.00,NGN,0,Closed,2022-06-01 00:00:00,Performing
Oluwafemi Olamide,"=""22180569331""",3 SEGUN OMOLEYE STREET AGBADO CROSSING IfakoIjaiye Lagos S,"=""07035617075""","=""8279850""","=""4652795""","=""432221115""",Personal fixed term loan,2020-02-26 00:00:00,15000.00,0.00,,0.00,17250.00,NGN,0,Closed,2020-03-12 00:00:00,Performing
ADEGBITE ABIODUN MUJIDAT,"=""22359863738""",Not Available,,"=""8389218""","=""19910873""","=""17164581""",Personal fixed term loan,2022-11-17 00:00:00,375000.00,333956.00,,254792.00,79167.00,NGN,76,Open,2023-08-14 00:00:00,Watchlist
Chukudi Kingsley,"=""22317691478""",no 7 tundi street off timothy lane rumuola ph rivers state,"=""08136727490""","=""8459601""","=""804945""","=""8462678""",Personal fixed term loan,2022-11-01 00:00:00,5000.00,0.00,,0.00,6350.00,NGN,0,Closed,2022-12-01 00:00:00,Performing
Chukudi Kingsley,"=""22317691478""",no 7 tundi street off timothy lane rumuola ph rivers state,"=""08136727490""","=""8459601""","=""804945""","=""8759682""",Personal fixed term loan,2022-12-01 00:00:00,7500.00,0.00,,0.00,9000.00,NGN,0,Closed,2022-12-16 00:00:00,Performing
Chukudi Kingsley,"=""22317691478""",no 7 tundi street off timothy lane rumuola ph rivers state,"=""08136727490""","=""8459601""","=""804945""","=""9288027""",Personal fixed term loan,2023-01-29 00:00:00,27500.00,0.00,,0.00,35750.00,NGN,0,Closed,2023-02-28 00:00:00,Performing
Chukudi Kingsley,"=""22317691478""",no 7 tundi street off timothy lane rumuola ph rivers state,"=""08136727490""","=""8459601""","=""804945""","=""9501548""",Personal fixed term loan,2023-02-23 00:00:00,20000.00,0.00,,0.00,26000.00,NGN,0,Closed,2023-03-27 00:00:00,Performing
Ikiota Ebehiremen,,NO 3 IZU QUATERS OKPOGORO STREET ABRAKA  Ethiope East  Del,,"=""8476190""","=""1323980""","=""2003913406""",,2021-11-11 00:00:00,600000.00,0.00,,0.00,116740.00,NGN,0,Closed,2022-12-22 00:00:00,Performing
Ikiota Ebehiremen,,NO 3 IZU QUATERS OKPOGORO STREET ABRAKA  Ethiope East  Del,,"=""8476190""","=""1323980""","=""779166897""",Personal fixed term loan,2020-11-15 00:00:00,60000.00,0.00,,0.00,27200.00,NGN,0,Open,2021-02-15 00:00:00,Performing
Reuben O Yohanna,"=""22177322633""",Madumari Yola Nigeria,,"=""8489315""","=""8329577""","=""3401139703""",Personal fixed term loan,2020-08-29 00:00:00,35000.00,0.00,,0.00,16330.00,NGN,0,Open,2020-11-27 00:00:00,Performing
LAWAN USMAN,"=""22488792336""",BAYERO JAFAR STREET NO1200 Kumbotso Kano State,,"=""8497948""","=""10307387""","=""264783706""",Personal fixed term loan,2020-12-19 00:00:00,20000.00,18043.00,,18043.00,26000.00,NGN,987,Open,2021-01-18 00:00:00,Lost
Ofoma James,"=""22258342754""",PSALM 23 LODG EZINIFITE AWKA,"=""2348068749284""","=""8502887""","=""741669""","=""8989383""",Personal fixed term loan,2022-12-25 00:00:00,12500.00,0.00,,0.00,30000.00,NGN,0,Closed,2023-01-09 00:00:00,Performing
ABODUNDE MOSES OMOKHAGBO,"=""22466201649""",44 ADENIRAN STREET IJU ISHAGA IfakoIjaiye Lagos State,,"=""8507133""","=""6006097""","=""1815444""",Personal fixed term loan,2020-03-14 00:00:00,2500.00,0.00,,0.00,2870.00,NGN,0,Closed,2020-03-30 00:00:00,Performing
ABODUNDE MOSES OMOKHAGBO,"=""22466201649""",44 ADENIRAN STREET IJU ISHAGA IfakoIjaiye Lagos State,,"=""8507133""","=""6006097""","=""266690002""",Personal fixed term loan,2020-03-14 00:00:00,2500.00,0.00,,0.00,2870.00,NGN,0,Closed,2020-03-30 00:00:00,Performing
OKE PATRICK PHILIP MARY,"=""22146731714""",Not Available,"=""08033399992""","=""8258583""","=""14201131""","=""52643232""",Personal fixed term loan,2021-08-12 00:00:00,400000.00,0.00,,0.00,183730.00,NGN,0,Open,2021-11-10 00:00:00,Performing
OKE PATRICK PHILIP MARY,"=""22146731714""",Not Available,"=""08033399992""","=""8258583""","=""14201131""","=""5560324""",Personal fixed term loan,2022-01-05 00:00:00,200000.00,0.00,,0.00,247600.00,NGN,0,Open,2022-03-05 00:00:00,Performing
Bukola Akinjole,"=""22222557201""",4A OGUNFAYO ESTATE EPUTU LEKKI EPE EXPRESS WAY,"=""09022930028""","=""8270190""","=""6710087""","=""6511681""",Personal fixed term loan,2022-04-19 00:00:00,45000.00,0.00,,0.00,27920.00,NGN,0,Closed,2022-07-05 00:00:00,Performing
Bukola Akinjole,"=""22222557201""",4A OGUNFAYO ESTATE EPUTU LEKKI EPE EXPRESS WAY,"=""09022930028""","=""8270190""","=""6710087""","=""9682160""",Personal fixed term loan,2023-03-16 00:00:00,10000.00,0.00,,0.00,11600.00,NGN,0,Closed,2023-04-17 00:00:00,Performing
LAMADINE WILMOT JARRY,"=""22172884277""",8 GBIWEN CLOSE ANGLE PARK Warri South Delta State,,"=""8319292""","=""7848258""","=""6037295""",Personal fixed term loan,2022-02-28 00:00:00,30000.00,0.00,,0.00,39000.00,NGN,0,Closed,2022-03-30 00:00:00,Performing
LAMADINE WILMOT JARRY,"=""22172884277""",8 GBIWEN CLOSE ANGLE PARK Warri South Delta State,,"=""8319292""","=""7848258""","=""6365692""",Personal fixed term loan,2022-04-04 00:00:00,10000.00,0.00,,0.00,13000.00,NGN,0,Closed,2022-05-05 00:00:00,Performing
BAMISE DOHERTY BAMISE,,14 industrial Street Ilupeju,"=""2348033693145""","=""8358902""","=""12635335""","=""1005678597""",Personal fixed term loan,2023-04-28 00:00:00,450000.00,813600.00,,0.00,90400.00,NGN,0,Open,2024-01-23 00:00:00,Performing
OLUWAYEMI KUNLE PETER,"=""22213628321""",19 Eniyansoro beeyioku street off ajao road surulere,"=""2348036182181""","=""8399746""","=""17099583""","=""16039633""",Personal fixed term loan,2021-10-31 00:00:00,200000.00,0.00,,0.00,43990.00,NGN,0,Closed,2022-05-14 00:00:00,Performing
Olufunminiyi Olumuyiwa,"=""22311885163""",8688 OLD ROAD IYANA IPAJA ALAGUNTAN Alimosho Lagos State,,"=""8501685""","=""1191373""","=""10479930""",Personal fixed term loan,2023-06-02 00:00:00,7500.00,0.00,,0.00,8625.00,NGN,0,Closed,2023-06-17 00:00:00,Performing
Mathew Oluwashina,"=""22273349736""",11 OLATINPO STREET EGBEDA BUSSTOP EGBEDA LAGOS,"=""2348068361821""","=""8515857""","=""5311770""","=""6454185""",Personal fixed term loan,2022-04-13 00:00:00,7500.00,0.00,,0.00,8640.00,NGN,0,Closed,2022-04-28 00:00:00,Performing
Mathew Oluwashina,"=""22273349736""",11 OLATINPO STREET EGBEDA BUSSTOP EGBEDA LAGOS,"=""2348068361821""","=""8515857""","=""5311770""","=""7973132""",Personal fixed term loan,2022-09-14 00:00:00,10000.00,0.00,,0.00,11570.00,NGN,0,Closed,2022-09-29 00:00:00,Performing
Mathew Oluwashina,"=""22273349736""",11 OLATINPO STREET EGBEDA BUSSTOP EGBEDA LAGOS,"=""2348068361821""","=""8515857""","=""5311770""","=""8229026""",Personal fixed term loan,2022-10-09 00:00:00,50000.00,0.00,,0.00,58150.00,NGN,0,Closed,2022-10-24 00:00:00,Performing
Mathew Oluwashina,"=""22273349736""",11 OLATINPO STREET EGBEDA BUSSTOP EGBEDA LAGOS,"=""2348068361821""","=""8515857""","=""5311770""","=""8527728""",Personal fixed term loan,2022-11-08 00:00:00,20000.00,0.00,,0.00,23140.00,NGN,0,Closed,2022-11-23 00:00:00,Performing
Mathew Oluwashina,"=""22273349736""",11 OLATINPO STREET EGBEDA BUSSTOP EGBEDA LAGOS,"=""2348068361821""","=""8515857""","=""5311770""","=""8915676""",Personal fixed term loan,2022-12-17 00:00:00,10000.00,0.00,,0.00,11530.00,NGN,0,Closed,2023-01-02 00:00:00,Performing
Mathew Oluwashina,"=""22273349736""",11 OLATINPO STREET EGBEDA BUSSTOP EGBEDA LAGOS,"=""2348068361821""","=""8515857""","=""5311770""","=""9149250""",Personal fixed term loan,2023-01-12 00:00:00,50000.00,0.00,,0.00,59150.00,NGN,0,Closed,2023-02-13 00:00:00,Performing
AWOLUMATE ESTHER ABIODUN,"=""22148946886""",AFAO ROAD BEHIND DEEPER LIFE HIGH SCHL ADO EKITI Ado Ekit,"=""08060263995""","=""8259774""","=""8503337""","=""2025762512""",Personal fixed term loan,2020-09-07 00:00:00,25000.00,0.00,,0.00,10750.00,NGN,0,Open,2020-12-07 00:00:00,Performing
Larry Laura,"=""22222077383""",PrimaryAddressLine1,"=""08135396522""","=""8273882""","=""7468816""","=""2981586""",Personal fixed term loan,2020-12-24 00:00:00,15000.00,0.00,,0.00,19140.00,NGN,0,Closed,2021-01-25 00:00:00,Performing
Larry Laura,"=""22222077383""",PrimaryAddressLine1,"=""08135396522""","=""8273882""","=""7468816""","=""9772448""",Personal fixed term loan,2023-03-26 00:00:00,20000.00,0.00,,0.00,24000.00,NGN,0,Closed,2023-04-11 00:00:00,Performing
Ekemode Mojisola Waliat,"=""22464759849""",OGBOVWAN,,"=""8286714""","=""3466692""","=""732550398""",Personal fixed term loan,2019-11-28 00:00:00,10000.00,11500.00,,11500.00,13000.00,NGN,1372,Open,2019-12-30 00:00:00,Lost
Ojo Olaitan,"=""22243464447""",Number 31 Ososo RoadIgarraEdo State,"=""2347063640059""","=""8319020""","=""720351""","=""2085618642""",Personal fixed term loan,2021-03-15 00:00:00,5000.00,0.00,,0.00,5500.00,NGN,0,Open,2021-04-14 00:00:00,Performing
Ojo Olaitan,"=""22243464447""",Number 31 Ososo RoadIgarraEdo State,"=""2347063640059""","=""8319020""","=""720351""","=""9362452""",Personal fixed term loan,2023-02-06 00:00:00,100000.00,0.00,,0.00,115700.00,NGN,0,Closed,2023-02-28 00:00:00,Performing
ALAKA SHERIFF SEGUN,,Wire and cable,,"=""8388812""","=""1488309""","=""2124129652""",Personal fixed term loan,2019-09-21 00:00:00,5000.00,5750.00,,5750.00,6250.00,NGN,1442,Open,2019-10-21 00:00:00,Lost
Joseph Oyeleye,,2 MUNIRAT ALEJE STREET,,"=""8473312""","=""1826999""","=""6172699618""",Personal fixed term loan,2019-09-10 00:00:00,15000.00,0.00,,0.00,19500.00,NGN,0,Open,2019-10-10 00:00:00,Performing
Oluwaseun Mariam,"=""22315616422""",91 Ebenezer Street,,"=""8498162""","=""696473""","=""99950698""",Personal fixed term loan,2018-11-18 00:00:00,2500.00,2875.00,,2875.00,3250.00,NGN,1749,Open,2018-12-18 00:00:00,Lost
Memba Ngo,"=""22317546879""",25 CHURCH RD BORIKIRI PHRIVERS,"=""07034547435""","=""8507353""","=""552307""","=""10152126""",Personal fixed term loan,2023-05-02 00:00:00,20000.00,0.00,,0.00,26000.00,NGN,0,Closed,2023-06-01 00:00:00,Performing
Memba Ngo,"=""22317546879""",25 CHURCH RD BORIKIRI PHRIVERS,"=""07034547435""","=""8507353""","=""552307""","=""10452779""",Personal fixed term loan,2023-05-31 00:00:00,20000.00,0.00,,0.00,26000.00,NGN,0,Closed,2023-06-30 00:00:00,Performing
Memba Ngo,"=""22317546879""",25 CHURCH RD BORIKIRI PHRIVERS,"=""07034547435""","=""8507353""","=""552307""","=""7961212""",Personal fixed term loan,2022-09-12 00:00:00,5000.00,0.00,,0.00,5750.00,NGN,0,Closed,2022-09-27 00:00:00,Performing
Memba Ngo,"=""22317546879""",25 CHURCH RD BORIKIRI PHRIVERS,"=""07034547435""","=""8507353""","=""552307""","=""8089512""",Personal fixed term loan,2022-09-25 00:00:00,20000.00,0.00,,0.00,24000.00,NGN,0,Closed,2022-10-17 00:00:00,Performing
Memba Ngo,"=""22317546879""",25 CHURCH RD BORIKIRI PHRIVERS,"=""07034547435""","=""8507353""","=""552307""","=""9489892""",Personal fixed term loan,2023-02-21 00:00:00,7500.00,0.00,,0.00,9000.00,NGN,0,Closed,2023-03-08 00:00:00,Performing
Memba Ngo,"=""22317546879""",25 CHURCH RD BORIKIRI PHRIVERS,"=""07034547435""","=""8507353""","=""552307""","=""9918880""",Personal fixed term loan,2023-04-10 00:00:00,12500.00,0.00,,0.00,16250.00,NGN,0,Closed,2023-05-10 00:00:00,Performing
OYEDOKUN OLUSHOLA OLUMIDE,"=""22145212629""",71b Ibrahim Taiwo Road Ilorin Kwara State,"=""08032022359""","=""8532421""","=""6319879""","=""13905324""",Personal fixed term loan,2020-11-05 00:00:00,50000.00,0.00,,0.00,61000.00,NGN,0,Closed,2020-12-07 00:00:00,Performing
OYEDOKUN OLUSHOLA OLUMIDE,"=""22145212629""",71b Ibrahim Taiwo Road Ilorin Kwara State,"=""08032022359""","=""8532421""","=""6319879""","=""1811584""",Personal fixed term loan,2020-03-13 00:00:00,2500.00,0.00,,0.00,2870.00,NGN,0,Closed,2020-03-30 00:00:00,Performing
Scholarstica Nkechi,,19 ALASIA COMPOUND OSHODI OshodiIsolo Lagos State,"=""07030090097""","=""8264523""","=""549500""","=""1767491""",Personal fixed term loan,2020-03-07 00:00:00,7500.00,0.00,,0.00,9150.00,NGN,0,Closed,2020-04-06 00:00:00,Performing
Scholarstica Nkechi,,19 ALASIA COMPOUND OSHODI OshodiIsolo Lagos State,"=""07030090097""","=""8264523""","=""549500""","=""917588""",Personal fixed term loan,2019-10-30 00:00:00,10000.00,0.00,,0.00,12500.00,NGN,0,Closed,2019-11-29 00:00:00,Performing
Omotese Mary,"=""22197203637""",16 SALAU STREET DENRO,,"=""8271676""","=""1919721""","=""121400698""",Personal fixed term loan,2021-01-07 00:00:00,20000.00,0.00,,0.00,25520.00,NGN,0,Open,2021-02-08 00:00:00,Performing
Ereha Endurance,"=""22495224316""",2A YEMI AJIBADE STREET OJUELEGBA OFF OKUTA ELE,"=""08032793600""","=""8305299""","=""8528940""","=""786777431""",Personal fixed term loan,2020-09-10 00:00:00,5000.00,0.00,,0.00,6500.00,NGN,0,Open,2020-10-12 00:00:00,Performing
Olayemi Sikiru,"=""22159009053""",ROOM 27 BLK 2 POLICE BARRACKS IJORA OLOPA,"=""07064794817""","=""8343789""","=""1524141""","=""5881733""",Personal fixed term loan,2022-02-10 00:00:00,150000.00,174507.00,,174507.00,37490.00,NGN,939,Open,2022-08-09 00:00:00,Lost
COSMOS DAVID CHINEDU,"=""22268714363""",PrimaryAddressLine1,,"=""8368889""","=""7530331""","=""2059928""",Personal fixed term loan,2020-06-11 00:00:00,5000.00,0.00,,0.00,6500.00,NGN,0,Closed,2020-07-13 00:00:00,Performing
COSMOS DAVID CHINEDU,"=""22268714363""",PrimaryAddressLine1,,"=""8368889""","=""7530331""","=""234863395""",Personal fixed term loan,2020-06-11 00:00:00,5000.00,0.00,,0.00,6500.00,NGN,0,Closed,2020-07-13 00:00:00,Performing
NASIRU ALIYU,,115KWARBAIKOFAN DOKA BSTOP ZARIAKADUNA STATE Zaria Kaduna,,"=""8396148""","=""1791335""","=""271846832""",Personal fixed term loan,2019-09-06 00:00:00,2500.00,2875.00,,2875.00,3250.00,NGN,1456,Open,2019-10-07 00:00:00,Lost
IBOWU BUKOLA PRECIOUS,"=""22251147981""",22 OLUWA BUKUNMI AGILE MILE 12 LAGOS Kosofe Lagos State,,"=""8481115""","=""6427479""","=""7593069""",Personal fixed term loan,2022-08-08 00:00:00,1300000.00,0.00,,0.00,868400.00,NGN,0,Closed,2022-10-07 00:00:00,Performing
Sunday Moses,"=""22190934325""",Ojo Lagos State,"=""08142094189""","=""8510110""","=""1175532""","=""2190569592""",Personal fixed term loan,2019-08-09 00:00:00,3000.00,0.00,,0.00,3660.00,NGN,0,Open,2019-09-09 00:00:00,Performing
Isaiah Adetula,"=""22206390284""",BLOCK 115 FLAT 2,,"=""8511731""","=""1967265""","=""9901078""",Personal fixed term loan,2023-04-08 00:00:00,150000.00,184950.00,,0.00,92475.00,NGN,0,Open,2023-06-07 00:00:00,Performing
Michael Taye,"=""22363686125""",10 VICTORY STREET HAPPY HOME ESTATE ITELEOTTA,,"=""8511882""","=""700049""","=""10708997""",Personal fixed term loan,2023-06-26 00:00:00,27500.00,0.00,,0.00,33412.50,NGN,0,Closed,2023-07-11 00:00:00,Performing
Michael Taye,"=""22363686125""",10 VICTORY STREET HAPPY HOME ESTATE ITELEOTTA,,"=""8511882""","=""700049""","=""1418847""",Personal fixed term loan,2020-01-19 00:00:00,1500.00,0.00,,0.00,1720.00,NGN,0,Closed,2020-02-03 00:00:00,Performing
Michael Taye,"=""22363686125""",10 VICTORY STREET HAPPY HOME ESTATE ITELEOTTA,,"=""8511882""","=""700049""","=""9984322""",Personal fixed term loan,2023-04-16 00:00:00,30000.00,0.00,,0.00,39000.00,NGN,0,Closed,2023-05-16 00:00:00,Performing
LAMINA NOFISAT JADESOLA,"=""22312864594""",17 JIMILEHIN STREET OLISA IJEBUODE Ijebu Ode Ogun State,,"=""8522528""","=""5065717""","=""156306507""",Personal fixed term loan,2020-03-31 00:00:00,5000.00,0.00,,0.00,6100.00,NGN,0,Closed,2020-04-30 00:00:00,Performing
AZUBUIKE SAMUEL UZOMA,"=""22232439407""",42 ISIAKA OLORUNFEMI STREET IGANDO,,"=""8545641""","=""1776462""","=""18812494""",Personal fixed term loan,2022-05-16 00:00:00,350000.00,0.00,,0.00,83709.00,NGN,0,Closed,2022-11-29 00:00:00,Performing
Mba Okwukwe,"=""22351578821""",25OSENI MAIYEGUN STREETLEKKI LAGOS Eti Osa Lagos State,"=""08076744703""","=""8239695""","=""5222487""","=""1459809""",Personal fixed term loan,2020-01-25 00:00:00,2500.00,0.00,,0.00,2870.00,NGN,0,Closed,2020-02-10 00:00:00,Performing
Mba Okwukwe,"=""22351578821""",25OSENI MAIYEGUN STREETLEKKI LAGOS Eti Osa Lagos State,"=""08076744703""","=""8239695""","=""5222487""","=""198407042""",Personal fixed term loan,2020-01-25 00:00:00,2500.00,0.00,,0.00,2870.00,NGN,0,Closed,2020-02-10 00:00:00,Performing
Ocheje Wisdom,"=""22337987559""",1 IDON CLOSE BY ADIEZE SABO TASHA,"=""08163342899""","=""8310789""","=""863674""","=""3055972520""",Personal fixed term loan,2021-04-20 00:00:00,5000.00,0.00,,0.00,5500.00,NGN,0,Open,2021-05-05 00:00:00,Performing
Damilola Suliat,"=""22224537197""",NO 1 KUNLE BELLO STREET JOYCE B ROAD IBADAN Ibadan SouthWe,"=""08057673299""","=""8383138""","=""5945269""","=""7657741""",Personal fixed term loan,2022-08-14 00:00:00,80000.00,0.00,,0.00,57160.00,NGN,0,Closed,2022-10-13 00:00:00,Performing
Damilola Suliat,"=""22224537197""",NO 1 KUNLE BELLO STREET JOYCE B ROAD IBADAN Ibadan SouthWe,"=""08057673299""","=""8383138""","=""5945269""","=""8671416""",Personal fixed term loan,2022-11-22 00:00:00,50000.00,0.00,,0.00,58665.00,NGN,0,Closed,2022-12-22 00:00:00,Performing
Damilola Suliat,"=""22224537197""",NO 1 KUNLE BELLO STREET JOYCE B ROAD IBADAN Ibadan SouthWe,"=""08057673299""","=""8383138""","=""5945269""","=""8750846""",Personal fixed term loan,2022-11-30 00:00:00,30000.00,0.00,,0.00,35220.00,NGN,0,Closed,2022-12-30 00:00:00,Performing
Damilola Suliat,"=""22224537197""",NO 1 KUNLE BELLO STREET JOYCE B ROAD IBADAN Ibadan SouthWe,"=""08057673299""","=""8383138""","=""5945269""","=""9154177""",Personal fixed term loan,2023-01-13 00:00:00,60000.00,0.00,,0.00,73800.00,NGN,0,Closed,2023-02-20 00:00:00,Performing
Edward Apeyan,"=""22283362806""",Eleyele,,"=""8387567""","=""922119""","=""106214177""",Personal fixed term loan,2021-04-26 00:00:00,60000.00,83267.00,,83267.00,78000.00,NGN,859,Open,2021-05-26 00:00:00,Lost
ABIMBOLA QUDUS ATOLANI,"=""22247570379""",3B BANK ROAD AGBOWA BSTOP IKORODU Ikorodu Lagos State,,"=""8427726""","=""4373157""","=""124226307""",Personal fixed term loan,2020-01-16 00:00:00,2500.00,0.00,,0.00,3250.00,NGN,0,Open,2020-02-17 00:00:00,Performing
Olaide Majekodunmi,"=""22170908366""",Ogba Ikeja Nigeria,,"=""8499573""","=""17550389""","=""3022643154""",Personal fixed term loan,2023-04-07 00:00:00,275000.00,444100.00,,0.00,53228.00,NGN,0,Open,2024-01-05 00:00:00,Performing
TRUST FELICIA AMANDA,"=""22422543130""",13 REXLAWSON WATERFRONT REXLAWSON BUS STOP PH Port Harcourt,"=""08107785347""","=""8549343""","=""5387287""","=""6471018""",Personal fixed term loan,2022-04-15 00:00:00,5000.00,0.00,,0.00,6500.00,NGN,0,Closed,2022-05-16 00:00:00,Performing
TRUST FELICIA AMANDA,"=""22422543130""",13 REXLAWSON WATERFRONT REXLAWSON BUS STOP PH Port Harcourt,"=""08107785347""","=""8549343""","=""5387287""","=""6807446""",Personal fixed term loan,2022-05-21 00:00:00,5000.00,0.00,,0.00,6000.00,NGN,0,Closed,2022-06-06 00:00:00,Performing
TRUST FELICIA AMANDA,"=""22422543130""",13 REXLAWSON WATERFRONT REXLAWSON BUS STOP PH Port Harcourt,"=""08107785347""","=""8549343""","=""5387287""","=""6989416""",Personal fixed term loan,2022-06-09 00:00:00,5000.00,0.00,,0.00,6000.00,NGN,0,Closed,2022-06-24 00:00:00,Performing
TRUST FELICIA AMANDA,"=""22422543130""",13 REXLAWSON WATERFRONT REXLAWSON BUS STOP PH Port Harcourt,"=""08107785347""","=""8549343""","=""5387287""","=""7105875""",Personal fixed term loan,2022-06-21 00:00:00,15000.00,0.00,,0.00,18000.00,NGN,0,Closed,2022-07-06 00:00:00,Performing
TRUST FELICIA AMANDA,"=""22422543130""",13 REXLAWSON WATERFRONT REXLAWSON BUS STOP PH Port Harcourt,"=""08107785347""","=""8549343""","=""5387287""","=""7867934""",Personal fixed term loan,2022-09-03 00:00:00,5000.00,0.00,,0.00,6000.00,NGN,0,Closed,2022-09-19 00:00:00,Performing
Abdallah Ashraff,,NO 47 OSOCHOKODOCHECKPOINTOKENE,,"=""8241566""","=""620336""","=""10025177""",Personal fixed term loan,2023-04-20 00:00:00,45000.00,0.00,,0.00,54000.00,NGN,0,Closed,2023-05-05 00:00:00,Performing
Abdallah Ashraff,,NO 47 OSOCHOKODOCHECKPOINTOKENE,,"=""8241566""","=""620336""","=""10244447""",Personal fixed term loan,2023-05-11 00:00:00,35000.00,0.00,,0.00,41895.00,NGN,0,Closed,2023-05-26 00:00:00,Performing
Abdallah Ashraff,,NO 47 OSOCHOKODOCHECKPOINTOKENE,,"=""8241566""","=""620336""","=""10285869""",Personal fixed term loan,2023-05-15 00:00:00,35000.00,0.00,,0.00,42525.00,NGN,0,Closed,2023-05-30 00:00:00,Performing
Abdallah Ashraff,,NO 47 OSOCHOKODOCHECKPOINTOKENE,,"=""8241566""","=""620336""","=""10347462""",Personal fixed term loan,2023-05-21 00:00:00,35000.00,0.00,,0.00,42525.00,NGN,0,Closed,2023-06-14 00:00:00,Performing
Abdallah Ashraff,,NO 47 OSOCHOKODOCHECKPOINTOKENE,,"=""8241566""","=""620336""","=""10560244""",Personal fixed term loan,2023-06-10 00:00:00,20000.00,0.00,,0.00,24300.00,NGN,0,Closed,2023-06-25 00:00:00,Performing
Abdallah Ashraff,,NO 47 OSOCHOKODOCHECKPOINTOKENE,,"=""8241566""","=""620336""","=""9607986""",Personal fixed term loan,2023-03-08 00:00:00,5000.00,0.00,,0.00,6000.00,NGN,0,Closed,2023-03-23 00:00:00,Performing
Abdallah Ashraff,,NO 47 OSOCHOKODOCHECKPOINTOKENE,,"=""8241566""","=""620336""","=""9636088""",Personal fixed term loan,2023-03-11 00:00:00,5000.00,0.00,,0.00,6000.00,NGN,0,Closed,2023-03-27 00:00:00,Performing
Abdallah Ashraff,,NO 47 OSOCHOKODOCHECKPOINTOKENE,,"=""8241566""","=""620336""","=""9648305""",Personal fixed term loan,2023-03-13 00:00:00,5000.00,0.00,,0.00,5780.00,NGN,0,Closed,2023-03-28 00:00:00,Performing
Abdallah Ashraff,,NO 47 OSOCHOKODOCHECKPOINTOKENE,,"=""8241566""","=""620336""","=""9779375""",Personal fixed term loan,2023-03-27 00:00:00,10000.00,0.00,,0.00,12000.00,NGN,0,Closed,2023-04-11 00:00:00,Performing
Abdallah Ashraff,,NO 47 OSOCHOKODOCHECKPOINTOKENE,,"=""8241566""","=""620336""","=""9840719""",Personal fixed term loan,2023-04-02 00:00:00,60000.00,0.00,,0.00,70620.00,NGN,0,Closed,2023-04-17 00:00:00,Performing
Duro Oloniyo,,OFF UNIVERSITY ROAD JALALA GRA ILORIN Ilorin South Kwara S,,"=""8262607""","=""551948""","=""29331692""",Personal fixed term loan,2021-01-19 00:00:00,80000.00,0.00,,0.00,39350.00,NGN,0,Closed,2021-04-19 00:00:00,Performing
Duro Oloniyo,,OFF UNIVERSITY ROAD JALALA GRA ILORIN Ilorin South Kwara S,,"=""8262607""","=""551948""","=""4491374""",Personal fixed term loan,2021-08-26 00:00:00,200000.00,0.00,,0.00,29330.00,NGN,0,Closed,2022-08-22 00:00:00,Performing
MSHELIA BITRUS,"=""22222043513""",,"=""08068926377""","=""8306578""","=""691307""","=""6720633""",Personal fixed term loan,2022-05-12 00:00:00,10000.00,0.00,,0.00,12700.00,NGN,0,Closed,2022-06-13 00:00:00,Performing
AKINWANDE RIANAT,"=""22187772024""",1 JEGEDE STREET AKIOGUN IPAJA,,"=""8327772""","=""38087455""","=""10609052""",Personal fixed term loan,2023-06-16 00:00:00,20000.00,25800.00,,0.00,25800.00,NGN,0,Open,2023-07-16 00:00:00,Performing
FATIMA ABDULAHI,,SBAGARI LOW COST GUSAU ZAMFARA ST,"=""23408064983381""","=""8446798""","=""1747079""","=""1016023032""",Personal fixed term loan,2019-09-01 00:00:00,2500.00,0.00,,0.00,3250.00,NGN,0,Open,2019-10-02 00:00:00,Performing
Lateef Bakare,"=""22210427721""",No26 Adeleye street Iyana Ipaja,"=""2347082367010""","=""8449185""","=""641578""","=""6780618""",Personal fixed term loan,2022-05-18 00:00:00,5000.00,0.00,,0.00,5750.00,NGN,0,Closed,2022-06-02 00:00:00,Performing
FRANKIN UGOCHUKWU UMUNNAKWE,"=""22204335852""",Nigeria,"=""07034638961""","=""8455771""","=""567843""","=""8914571""",Personal fixed term loan,2022-12-17 00:00:00,5000.00,0.00,,0.00,6500.00,NGN,0,Closed,2023-01-16 00:00:00,Performing
LOVETH LOVETH,"=""22229699898""",122 MBA STREET AJEGUNLE AjeromiIfelodun Lagos State,,"=""8560974""","=""1983744""","=""245542708""",Personal fixed term loan,2019-11-22 00:00:00,7500.00,0.00,,0.00,9370.00,NGN,0,Closed,2019-12-23 00:00:00,Performing
HENRY ONWUDIWE,"=""22274277902""",AKENPAI SCH RD Yenagoa Bayelsa State,"=""23408059453141""","=""8293227""","=""8108821""","=""2008725206""",Personal fixed term loan,2020-11-10 00:00:00,40000.00,0.00,,0.00,47200.00,NGN,0,Open,2020-11-25 00:00:00,Performing
IREM CHIDI OPTIMIST,"=""22210373783""","NO 9 UMUALOMA STREET,NKALIKI",,"=""8308984""","=""6606602""","=""5975257""",Personal fixed term loan,2022-02-21 00:00:00,50000.00,0.00,,0.00,58500.00,NGN,0,Closed,2022-03-23 00:00:00,Performing
OPADOKUN BABATUNDE OLUSEGUN,"=""22313661637""",1ARAROMI QUARTERSSANGOOTAOTA,"=""07055409580""","=""8371707""","=""12029496""","=""2019045296""",Personal fixed term loan,2021-03-20 00:00:00,5000.00,0.00,,0.00,5500.00,NGN,0,Open,2021-04-06 00:00:00,Performing
ALAO SUSAN TITILAYO,"=""22343991364""",Not Available,,"=""8417635""","=""301718""","=""156779970""",Personal fixed term loan,2022-04-14 00:00:00,30000.00,0.00,,0.00,13560.00,NGN,0,Closed,2022-07-13 00:00:00,Performing
aalamu afeez,"=""22282798934""",Ifako Ijaiye Lagos Nigeria,,"=""8418486""","=""4856992""","=""2368721801""",Personal fixed term loan,2021-01-24 00:00:00,10000.00,0.00,,0.00,13000.00,NGN,0,Closed,2021-02-23 00:00:00,Performing
OLADELE KAYODE EMMA,"=""22498033650""",38 SADE STREET ARAROMI ILEPO BADAGRY Badagry,"=""07089319928""","=""8517658""","=""6912228""","=""8102723""",Personal fixed term loan,2022-09-27 00:00:00,5000.00,0.00,,0.00,5750.00,NGN,0,Closed,2022-10-12 00:00:00,Performing
OLADELE KAYODE EMMA,"=""22498033650""",38 SADE STREET ARAROMI ILEPO BADAGRY Badagry,"=""07089319928""","=""8517658""","=""6912228""","=""8364716""",Personal fixed term loan,2022-10-22 00:00:00,7500.00,0.00,,0.00,9375.00,NGN,0,Closed,2022-11-07 00:00:00,Performing
OLADELE KAYODE EMMA,"=""22498033650""",38 SADE STREET ARAROMI ILEPO BADAGRY Badagry,"=""07089319928""","=""8517658""","=""6912228""","=""8441854""",Personal fixed term loan,2022-10-30 00:00:00,12500.00,0.00,,0.00,15000.00,NGN,0,Closed,2022-11-14 00:00:00,Performing
OLADELE KAYODE EMMA,"=""22498033650""",38 SADE STREET ARAROMI ILEPO BADAGRY Badagry,"=""07089319928""","=""8517658""","=""6912228""","=""8765795""",Personal fixed term loan,2022-12-02 00:00:00,15000.00,0.00,,0.00,18750.00,NGN,0,Closed,2022-12-19 00:00:00,Performing
OLADELE KAYODE EMMA,"=""22498033650""",38 SADE STREET ARAROMI ILEPO BADAGRY Badagry,"=""07089319928""","=""8517658""","=""6912228""","=""9052010""",Personal fixed term loan,2023-01-01 00:00:00,15000.00,0.00,,0.00,18000.00,NGN,0,Closed,2023-01-16 00:00:00,Performing
HAFIZU RABILU AHMAD,,02351 MUNAZZAMA RD ASKURA KURA KANO STATE,,"=""8526848""","=""10145633""","=""9797908""",Personal fixed term loan,2023-03-29 00:00:00,5000.00,0.00,,0.00,6000.00,NGN,0,Closed,2023-04-13 00:00:00,Performing
Deborah Oromidayo,"=""22180801734""",BLOCK 32 FLAT 4 JAKANDE  ESTATE LEKKI,,"=""8537527""","=""1540738""","=""10460808""",Personal fixed term loan,2023-06-01 00:00:00,70000.00,151099.00,,48659.00,51220.00,NGN,3,Open,2023-08-30 00:00:00,Watchlist
Deborah Oromidayo,"=""22180801734""",BLOCK 32 FLAT 4 JAKANDE  ESTATE LEKKI,,"=""8537527""","=""1540738""","=""121837195""",Personal fixed term loan,2021-01-12 00:00:00,15000.00,0.00,,0.00,19500.00,NGN,0,Open,2021-02-11 00:00:00,Performing
UMAR MUHAMMED LAWAN,"=""22212896637""",Cadastal Zone B06 Mabushi Abuja Nigeria,,"=""8537727""","=""1975452""","=""20230112""",Personal fixed term loan,2020-12-02 00:00:00,5000.00,0.00,,0.00,6000.00,NGN,0,Open,2020-12-17 00:00:00,Performing
SHAOLA OLUMIDE A,"=""22201491397""",NO 4 SADIKU STREET PAPA AJAO  MUSHIN LAGOS Mushin Lagos St,"=""07031178558""","=""8571623""","=""5468111""","=""1716704""",Personal fixed term loan,2020-03-01 00:00:00,20000.00,0.00,,0.00,23000.00,NGN,0,Closed,2020-03-16 00:00:00,Performing
SHAOLA OLUMIDE A,"=""22201491397""",NO 4 SADIKU STREET PAPA AJAO  MUSHIN LAGOS Mushin Lagos St,"=""07031178558""","=""8571623""","=""5468111""","=""1829473""",Personal fixed term loan,2020-03-16 00:00:00,35000.00,0.00,,0.00,40250.00,NGN,0,Closed,2020-03-31 00:00:00,Performing
O Riliwan,"=""22225759556""",15AYEGBAMI STREETALARO POLY ROADSANGO IBADAN Ibadan North,,"=""8270459""","=""841184""","=""30872504""",Personal fixed term loan,2021-10-23 00:00:00,50000.00,0.00,,0.00,50000.00,NGN,0,Open,2021-11-08 00:00:00,Performing
Ekong Dorcas,,NO 351 BASSEY EDIM STREET Calabar Municipal Cross River St,"=""08094999452""","=""8282509""","=""832996""","=""64489615""",Personal fixed term loan,2021-02-11 00:00:00,10000.00,0.00,,0.00,11000.00,NGN,0,Open,2021-03-15 00:00:00,Performing
ABDULLAHI SHAFIU DANALJANNAH,"=""22474128691""",162 TARAUNI LAYIN MASALL ACIN JUMMAAA Tarauni Kano State,,"=""8380509""","=""10414139""","=""335340254""",Personal fixed term loan,2020-12-19 00:00:00,20000.00,17250.00,,17250.00,25600.00,NGN,987,Open,2021-01-18 00:00:00,Lost
ADIO OMOTAYO,"=""22151292936""",2 FADIPE STREET Shomolu Lagos State,,"=""8386368""","=""3709764""","=""3709764""",Personal fixed term loan,2021-11-30 00:00:00,10000.00,0.00,,0.00,12740.00,NGN,0,Open,2022-01-14 00:00:00,Performing
ADELEKE KEHINDE ROMOKE,"=""22332558341""",ACADEMY OLOMI ROAD IBADAN Oluyole Oyo Sta,"=""08034037321""","=""8398275""","=""6934064""","=""9038150""",Personal fixed term loan,2022-12-31 00:00:00,17500.00,0.00,,0.00,21437.50,NGN,0,Closed,2023-01-30 00:00:00,Performing
SANI AHMED,"=""22247004720""",84 JAMMA ABUBAKAR SARAWA KIYAWA,"=""08061616811""","=""8398879""","=""10077079""","=""5332114369""",Personal fixed term loan,2020-12-08 00:00:00,80000.00,36892.00,,36892.00,99200.00,NGN,998,Open,2021-01-07 00:00:00,Lost
OMOTOSHO MICHAEL,"=""22149776853""",13B IBAKA STREET AKUNGBA AKOKO Akure South Ondo State,"=""08069078614""","=""8433589""","=""5918020""","=""2745641""",Personal fixed term loan,2020-11-15 00:00:00,15000.00,0.00,,0.00,18000.00,NGN,0,Closed,2020-12-15 00:00:00,Performing
OMOTOSHO MICHAEL,"=""22149776853""",13B IBAKA STREET AKUNGBA AKOKO Akure South Ondo State,"=""08069078614""","=""8433589""","=""5918020""","=""5610928""",Personal fixed term loan,2022-01-11 00:00:00,30000.00,0.00,,0.00,19500.00,NGN,0,Closed,2022-03-14 00:00:00,Performing
JOHNKELE BEATRICE OGBORU,"=""22214926978""",JOHNKELE COMPOUND MAP COMMUNITY ALESA ELEME PORT HARCOURT RI,,"=""8445864""","=""20276357""","=""11790706""",Personal fixed term loan,2023-10-13 00:00:00,400000.00,0.00,,0.00,118320.00,NGN,0,Closed,2024-03-11 00:00:00,Performing
SARAFA KOLAWOLE,"=""22309859901""",ADETUNJI HOUSEBESIDE TRANSFORMER EBUIBIYEMI CLOSEEDE,"=""2348035317553""","=""8507525""","=""567191""","=""10337959""",Personal fixed term loan,2023-05-20 00:00:00,5000.00,0.00,,0.00,6000.00,NGN,0,Closed,2023-06-04 00:00:00,Performing
BAMIDELE OLUWAFERANMI MARY,"=""22356585415""",Akata Ganmo Ilorin,"=""07068126665""","=""8525223""","=""6304549""","=""4430851""",Personal fixed term loan,2021-08-17 00:00:00,10000.00,0.00,,0.00,13000.00,NGN,0,Closed,2021-09-16 00:00:00,Performing
ADEWUMI OLUWOLE,"=""22172130033""",1CELESTIAL ROAD ARAROMI BUS STOP,"=""08033681915""","=""8537673""","=""507568""","=""3050722012""",Personal fixed term loan,2020-02-17 00:00:00,25000.00,545.00,,545.00,30000.00,NGN,1293,Open,2020-03-18 00:00:00,Lost
GORIP ROTSHAK RENE,"=""22251464859""",14 15 Prince Alaba Road Oniru,"=""08037935720""","=""8558197""","=""1905269""","=""26041208""",Personal fixed term loan,2021-09-12 00:00:00,300000.00,0.00,,0.00,192290.00,NGN,0,Open,2021-12-11 00:00:00,Performing
GORIP ROTSHAK RENE,"=""22251464859""",14 15 Prince Alaba Road Oniru,"=""08037935720""","=""8558197""","=""1905269""","=""5916758""",Personal fixed term loan,2022-02-14 00:00:00,45000.00,0.00,,0.00,28550.00,NGN,0,Closed,2022-04-19 00:00:00,Performing
BATURE AMINA,"=""22228290560""",area7 house 142,"=""2348062211881""","=""8581304""","=""6186894""","=""3566600""",Personal fixed term loan,2021-04-16 00:00:00,50000.00,0.00,,0.00,25000.00,NGN,0,Closed,2021-07-15 00:00:00,Performing
ONIYIDE DAVID OLUFEMI,"=""22187221942""",OPP FCE OSEILE SHOPPING COMPLEX ABEOKUTA,"=""08062602291""","=""8277305""","=""36380144""","=""9837125""",Personal fixed term loan,2023-04-02 00:00:00,5000.00,0.00,,0.00,5760.00,NGN,0,Closed,2023-04-17 00:00:00,Performing
OYEBADE AGNES OMOLABAKE,"=""22218302828""",NO 21 OREMETA BUS STOP JANKATA IB,"=""08034958282""","=""8331457""","=""5563852""","=""6066344""",Personal fixed term loan,2022-03-03 00:00:00,7500.00,0.00,,0.00,9750.00,NGN,0,Open,2022-04-04 00:00:00,Performing
OYEBADE AGNES OMOLABAKE,"=""22218302828""",NO 21 OREMETA BUS STOP JANKATA IB,"=""08034958282""","=""8331457""","=""5563852""","=""6691958""",Personal fixed term loan,2022-05-09 00:00:00,20000.00,0.00,,0.00,26000.00,NGN,0,Closed,2022-06-08 00:00:00,Performing
OYEBADE AGNES OMOLABAKE,"=""22218302828""",NO 21 OREMETA BUS STOP JANKATA IB,"=""08034958282""","=""8331457""","=""5563852""","=""6916641""",Personal fixed term loan,2022-06-02 00:00:00,25000.00,0.00,,0.00,32375.00,NGN,0,Closed,2022-07-04 00:00:00,Performing
OYEBADE AGNES OMOLABAKE,"=""22218302828""",NO 21 OREMETA BUS STOP JANKATA IB,"=""08034958282""","=""8331457""","=""5563852""","=""7374335""",Personal fixed term loan,2022-07-17 00:00:00,5000.00,0.00,,0.00,6390.00,NGN,0,Closed,2022-08-16 00:00:00,Performing
OYEBADE AGNES OMOLABAKE,"=""22218302828""",NO 21 OREMETA BUS STOP JANKATA IB,"=""08034958282""","=""8331457""","=""5563852""","=""7537279""",Personal fixed term loan,2022-08-02 00:00:00,50000.00,0.00,,0.00,17260.00,NGN,0,Closed,2022-12-30 00:00:00,Performing
OYEBADE AGNES OMOLABAKE,"=""22218302828""",NO 21 OREMETA BUS STOP JANKATA IB,"=""08034958282""","=""8331457""","=""5563852""","=""9019184""",Personal fixed term loan,2022-12-29 00:00:00,30000.00,0.00,,0.00,39000.00,NGN,0,Closed,2023-01-30 00:00:00,Performing
OYEBADE AGNES OMOLABAKE,"=""22218302828""",NO 21 OREMETA BUS STOP JANKATA IB,"=""08034958282""","=""8331457""","=""5563852""","=""9311859""",Personal fixed term loan,2023-01-31 00:00:00,50000.00,0.00,,0.00,28659.00,NGN,0,Closed,2023-07-03 00:00:00,Performing
MOLOMO IKEOLUWA MARY,,14 AJIJOLA STREET AIRPORT ROAD ALAKIA Ibadan NorthEast Oyo,"=""09096841853""","=""8412810""","=""4763303""","=""1236557263""",Personal fixed term loan,2020-10-05 00:00:00,25000.00,36250.00,,36250.00,32500.00,NGN,1062,Open,2020-11-04 00:00:00,Lost
Adebamiji Seun,"=""22480962566""",23 BROWN STREET OSHODI  Oshodi Isolo  Lagos State,,"=""8426264""","=""6789617""","=""2110911768""",Personal fixed term loan,2020-04-06 00:00:00,10000.00,0.00,,0.00,13000.00,NGN,0,Closed,2020-05-06 00:00:00,Performing
David Kunle,"=""22467897069""",PrimaryAddressLine1,,"=""8456530""","=""699262""","=""1933797""",Personal fixed term loan,2020-04-12 00:00:00,5000.00,0.00,,0.00,5750.00,NGN,0,Closed,2020-04-27 00:00:00,Performing
David Kunle,"=""22467897069""",PrimaryAddressLine1,,"=""8456530""","=""699262""","=""6553130493""",Personal fixed term loan,2020-04-12 00:00:00,5000.00,0.00,,0.00,5750.00,NGN,0,Closed,2020-04-27 00:00:00,Performing
Ibrahim Akorede,,Block 5,"=""08136775908""","=""8487131""","=""2056319""","=""719430176""",Personal fixed term loan,2020-03-19 00:00:00,5000.00,3370.00,,3370.00,6100.00,NGN,355,Open,2020-04-20 00:00:00,Lost
PETER EZE,"=""22447127568""",Nigeria,"=""09069047296""","=""8567370""","=""12329620""","=""0094626987""",Personal fixed term loan,2021-10-21 00:00:00,15000.00,0.00,,0.00,5620.00,NGN,0,Closed,2022-08-16 00:00:00,Performing
OLUWAREMILEKUN OLOYEDE OLUWAKEMI,"=""22001082247""",PLOT 4ALPHA AND OMEGA STREETIBEREKOBADAGRY Badagry Lagos S,,"=""8603466""","=""6829554""","=""6255485""",Personal fixed term loan,2022-03-23 00:00:00,30000.00,0.00,,0.00,22490.00,NGN,0,Closed,2022-05-23 00:00:00,Performing
OLUWAREMILEKUN OLOYEDE OLUWAKEMI,"=""22001082247""",PLOT 4ALPHA AND OMEGA STREETIBEREKOBADAGRY Badagry Lagos S,,"=""8603466""","=""6829554""","=""6961595""",Personal fixed term loan,2022-06-06 00:00:00,60000.00,0.00,,0.00,76920.00,NGN,0,Closed,2022-07-06 00:00:00,Performing
OKANU NKEM FAVOUR,,72 LAMBO LASUWON LASPOTECHIKORODU,"=""23408033372116""","=""8287577""","=""28439246""","=""23505933""",Personal fixed term loan,2022-03-26 00:00:00,350000.00,0.00,,0.00,198917.00,NGN,0,Closed,2022-09-22 00:00:00,Performing
IJEJE ALEX EBUTERE,"=""22212078815""",NO 2 ORAKA LANE EFFURUN,"=""08066369386""","=""8298207""","=""28014249""","=""3125292927""",Personal fixed term loan,2022-08-19 00:00:00,250000.00,0.00,,0.00,171375.00,NGN,0,Closed,2022-10-18 00:00:00,Performing
LINDA NWAOBIA OGBONNAYA,"=""22413920933""",PrimaryAddressLine1,"=""08064180015""","=""8316306""","=""16035667""","=""9909815""",Personal fixed term loan,2023-04-09 00:00:00,15000.00,18900.00,,0.00,18900.00,NGN,0,Open,2023-05-09 00:00:00,Performing
Chukwuma Samuel,"=""22310697273""",Nigeria,,"=""8338298""","=""550028""","=""5869051""",Personal fixed term loan,2022-02-09 00:00:00,100000.00,0.00,,0.00,29160.00,NGN,0,Closed,2022-08-23 00:00:00,Performing
Akomolafe Femi,,82 DIV NIG ARMY ENUGU  ENUGU Enugu North Enugu State,"=""2348169492333""","=""8460283""","=""685125""","=""116526295""",Personal fixed term loan,2020-11-23 00:00:00,50000.00,0.00,,0.00,22660.00,NGN,0,Open,2021-02-22 00:00:00,Performing
Ibisi Edward,"=""22354004109""",14A ADESHINA ELEMIDE STR OFF,,"=""8470594""","=""787237""","=""6496950""",Personal fixed term loan,2022-04-18 00:00:00,5000.00,0.00,,0.00,6200.00,NGN,0,Closed,2022-05-05 00:00:00,Performing
ADENIYI YETUNDE OLAITAN,"=""22232872264""",no 16 alpha street abateacher omi adio,"=""08132860439""","=""8501446""","=""7286459""","=""6365546""",Personal fixed term loan,2022-04-04 00:00:00,10000.00,0.00,,0.00,12000.00,NGN,0,Closed,2022-05-05 00:00:00,Performing
ONWUDINJO CHIKWUDI KINGSLEY,"=""22213167958""",1 AJE IGBE STREET OLOMORE HOUSING ESTATE ABEOKUTA Abeokut,"=""08035401624""","=""8515250""","=""4684117""","=""150934706""",Personal fixed term loan,2020-01-04 00:00:00,2500.00,0.00,,0.00,2870.00,NGN,0,Open,2020-01-20 00:00:00,Performing
Osite Muktar,"=""22309981763""",22 Oladimeji Street Aguda Surulere Lagos Surulere Lagos St,,"=""8528405""","=""6621469""","=""6173605""",Personal fixed term loan,2022-03-15 00:00:00,50000.00,0.00,,0.00,65000.00,NGN,0,Closed,2022-04-14 00:00:00,Performing
Osite Muktar,"=""22309981763""",22 Oladimeji Street Aguda Surulere Lagos Surulere Lagos St,,"=""8528405""","=""6621469""","=""6640673""",Personal fixed term loan,2022-05-03 00:00:00,10000.00,0.00,,0.00,13000.00,NGN,0,Closed,2022-05-18 00:00:00,Performing
Osite Muktar,"=""22309981763""",22 Oladimeji Street Aguda Surulere Lagos Surulere Lagos St,,"=""8528405""","=""6621469""","=""6658733""",Personal fixed term loan,2022-05-05 00:00:00,10000.00,0.00,,0.00,12000.00,NGN,0,Closed,2022-05-20 00:00:00,Performing
Osite Muktar,"=""22309981763""",22 Oladimeji Street Aguda Surulere Lagos Surulere Lagos St,,"=""8528405""","=""6621469""","=""6730569""",Personal fixed term loan,2022-05-13 00:00:00,10000.00,0.00,,0.00,12000.00,NGN,0,Closed,2022-05-30 00:00:00,Performing
onyemowo Ann,"=""22363488408""",NO 13 OLD ASSEMBLY QUATERS HIGH LEVEL MAKURDI,"=""08162050813""","=""8529254""","=""558119""","=""431034237""",Personal fixed term loan,2020-11-21 00:00:00,25000.00,35500.00,,35500.00,31750.00,NGN,1015,Open,2020-12-21 00:00:00,Lost
CLEMENT ENE WARIKIENTE,,69B NIKTON ROAD KPANSIA YENAGOA Yenagoa Bayelsa State,"=""08037436546""","=""8594751""","=""2485729""","=""2002117409""",Personal fixed term loan,2021-01-10 00:00:00,20000.00,0.00,,0.00,26000.00,NGN,0,Open,2021-02-09 00:00:00,Performing
IKEMEKE AMOS UYOATA,"=""22355740356""",Nigeria,,"=""8695746""","=""5731002""","=""6489778""",Personal fixed term loan,2022-04-17 00:00:00,10000.00,0.00,,0.00,13000.00,NGN,0,Closed,2022-05-17 00:00:00,Performing
IKEMEKE AMOS UYOATA,"=""22355740356""",Nigeria,,"=""8695746""","=""5731002""","=""6555653""",Personal fixed term loan,2022-04-24 00:00:00,10000.00,0.00,,0.00,13000.00,NGN,0,Closed,2022-06-30 00:00:00,Performing
OLORUNSHOLA TOBA,,KOGI STATE JUDICIARY,"=""08059390474""","=""8344895""","=""589508""","=""9196261""",Personal fixed term loan,2023-01-18 00:00:00,35000.00,0.00,,0.00,44100.00,NGN,0,Closed,2023-03-04 00:00:00,Performing
OLORUNSHOLA TOBA,,KOGI STATE JUDICIARY,"=""08059390474""","=""8344895""","=""589508""","=""9536382""",Personal fixed term loan,2023-02-28 00:00:00,35000.00,0.00,,0.00,18982.00,NGN,0,Closed,2023-06-01 00:00:00,Performing
BARAKAT BOLAJI ATUNSE,,KWARA STATE LOCAL GOVERNMENT STAFF PENSION BOARD ILORIN PL,"=""08034309714""","=""8356613""","=""11082666""","=""570352182""",Personal fixed term loan,2021-01-29 00:00:00,25000.00,0.00,,0.00,17240.00,NGN,0,Open,2021-03-30 00:00:00,Performing
Opeyemi Kamolideen,"=""22180727470""",S5103 5 IFELODUN ADEWUSI STREET MASHIM AREA Oluyole Oyo St,"=""08052011375""","=""8415680""","=""636351""","=""1442944""",Personal fixed term loan,2020-01-22 00:00:00,2500.00,0.00,,0.00,2870.00,NGN,0,Closed,2020-02-06 00:00:00,Performing
COLMAN PHIL MUPTI,"=""22222751034""",13 IZIEGBE STR OSASCO ESTATE EKENWA BENIN CITY Egor Edo St,"=""07033338254""","=""8521647""","=""7058525""","=""2913824""",Personal fixed term loan,2020-12-14 00:00:00,5000.00,0.00,,0.00,6500.00,NGN,0,Closed,2021-01-13 00:00:00,Performing
COLMAN PHIL MUPTI,"=""22222751034""",13 IZIEGBE STR OSASCO ESTATE EKENWA BENIN CITY Egor Edo St,"=""07033338254""","=""8521647""","=""7058525""","=""33510050""",Personal fixed term loan,2020-12-14 00:00:00,5000.00,0.00,,0.00,6500.00,NGN,0,Closed,2021-01-13 00:00:00,Performing
YAHAYA KABIR,,37 Arobaba street idimu Lagos State,"=""08034587317""","=""8552592""","=""1801459""","=""2035418737""",Personal fixed term loan,2019-09-08 00:00:00,5000.00,0.00,,0.00,6500.00,NGN,0,Open,2019-10-08 00:00:00,Performing
MUSTAPHA MODU JI,"=""22263107544""",tukuntawa Kumbotso Kano State,,"=""8585598""","=""9961081""","=""2082415819""",Personal fixed term loan,2020-12-02 00:00:00,15000.00,0.00,,0.00,19500.00,NGN,0,Open,2021-01-01 00:00:00,Performing
ALOWONLE MOTUNRAYO OLUWATOYIN,,IRE AKARI ESTATE 111 ROAD 6,"=""07063893920""","=""8587177""","=""56457732""","=""16727399""",Personal fixed term loan,2025-05-11 00:00:00,400000.00,530800.00,,530800.00,265400.00,NGN,,Open,2025-07-10 00:00:00,Performing
HARITH RUFAI ABUBAKAR,"=""22298971701""",NO 3 HASSAN GWARZO STREETGANDUN ALBASA Kano Municipal Kano,"=""234803350384""","=""8654229""","=""10285071""","=""7145437019""",Personal fixed term loan,2020-12-17 00:00:00,5000.00,0.00,,0.00,6000.00,NGN,0,Closed,2021-01-04 00:00:00,Performing
IKE LUCY,"=""22391239672""",GOVERNMENT LAND GONIN GORA KADUNA STATE,"=""08167343613""","=""8711117""","=""731525""","=""156558492""",Personal fixed term loan,2021-04-28 00:00:00,5000.00,0.00,,0.00,6500.00,NGN,0,Open,2021-06-18 00:00:00,Performing
IKE LUCY,"=""22391239672""",GOVERNMENT LAND GONIN GORA KADUNA STATE,"=""08167343613""","=""8711117""","=""731525""","=""6669269""",Personal fixed term loan,2022-05-06 00:00:00,5000.00,0.00,,0.00,6500.00,NGN,0,Closed,2022-06-21 00:00:00,Performing
IKE LUCY,"=""22391239672""",GOVERNMENT LAND GONIN GORA KADUNA STATE,"=""08167343613""","=""8711117""","=""731525""","=""7852844""",,2022-09-02 00:00:00,5000.00,0.00,,0.00,6500.00,NGN,0,Closed,2022-10-03 00:00:00,Performing
IKE LUCY,"=""22391239672""",GOVERNMENT LAND GONIN GORA KADUNA STATE,"=""08167343613""","=""8711117""","=""731525""","=""8269296""",Personal fixed term loan,2022-10-13 00:00:00,7500.00,0.00,,0.00,9712.50,NGN,0,Closed,2022-11-14 00:00:00,Performing
IKE LUCY,"=""22391239672""",GOVERNMENT LAND GONIN GORA KADUNA STATE,"=""08167343613""","=""8711117""","=""731525""","=""9462057""",Personal fixed term loan,2023-02-18 00:00:00,1500.00,0.00,,0.00,1758.75,NGN,0,Closed,2023-03-20 00:00:00,Performing
IKE LUCY,"=""22391239672""",GOVERNMENT LAND GONIN GORA KADUNA STATE,"=""08167343613""","=""8711117""","=""731525""","=""9787026""",Personal fixed term loan,2023-03-28 00:00:00,10000.00,0.00,,0.00,4904.00,NGN,0,Closed,2023-07-28 00:00:00,Performing
Edmond Chukwuemeka,"=""22265477027""",511 OCHUMBA STREET,,"=""8283988""","=""11863882""","=""20774568""",Personal fixed term loan,2021-05-03 00:00:00,5000.00,0.00,,0.00,6000.00,NGN,0,Open,2021-06-02 00:00:00,Performing
AGWU SYLVESTER I,"=""22260197412""",NO 14LIADI DISU STRISHERI OSHUN,"=""07035416423""","=""8296713""","=""26106836""","=""5874108""",Personal fixed term loan,2022-02-09 00:00:00,50000.00,0.00,,0.00,58000.00,NGN,0,Closed,2022-05-16 00:00:00,Performing
Eniola Temidayo,"=""22427187162""",7 onaopepo street,,"=""8389662""","=""7927275""","=""8982148""",Personal fixed term loan,2022-12-24 00:00:00,2500.00,0.00,,0.00,2875.00,NGN,0,Closed,2023-01-09 00:00:00,Performing
Sidney Sebastine,"=""22304759297""",AFARA ORIE OGWU,"=""8063881504""","=""8418163""","=""563891""","=""10544837""",Personal fixed term loan,2023-06-09 00:00:00,27500.00,0.00,,0.00,35750.00,NGN,0,Closed,2023-07-09 00:00:00,Performing
Sidney Sebastine,"=""22304759297""",AFARA ORIE OGWU,"=""8063881504""","=""8418163""","=""563891""","=""7856595""",,2022-09-02 00:00:00,35000.00,0.00,,0.00,43750.00,NGN,0,Closed,2022-10-03 00:00:00,Performing
Sidney Sebastine,"=""22304759297""",AFARA ORIE OGWU,"=""8063881504""","=""8418163""","=""563891""","=""8224268""",Personal fixed term loan,2022-10-08 00:00:00,20000.00,0.00,,0.00,26000.00,NGN,0,Closed,2022-11-07 00:00:00,Performing
Sidney Sebastine,"=""22304759297""",AFARA ORIE OGWU,"=""8063881504""","=""8418163""","=""563891""","=""8642412""",Personal fixed term loan,2022-11-19 00:00:00,12500.00,0.00,,0.00,16250.00,NGN,0,Closed,2022-12-19 00:00:00,Performing
Sidney Sebastine,"=""22304759297""",AFARA ORIE OGWU,"=""8063881504""","=""8418163""","=""563891""","=""9099081""",Personal fixed term loan,2023-01-07 00:00:00,50000.00,0.00,,0.00,31997.00,NGN,0,Closed,2023-06-13 00:00:00,Performing
Omotola Bunmi,"=""22353695399""",Nigeria,,"=""8473179""","=""12591149""","=""2261187693""",Personal fixed term loan,2021-04-22 00:00:00,50000.00,0.00,,0.00,59000.00,NGN,0,Open,2021-05-07 00:00:00,Performing
Ayuwo Ugbanaowaji,"=""22170996714""",NO 2 OSARO STREET OFF EJII AVENUE ELEME PORTHARCOURT,,"=""8485415""","=""44263601""","=""10696408""",Personal fixed term loan,2023-06-25 00:00:00,30000.00,38400.00,,0.00,38400.00,NGN,0,Open,2023-07-25 00:00:00,Performing
MUKAILA TAOFEEK AYOMIDE,"=""22390939706""",26 7UP ROAD ALAGBA AREA ACADEMY Oluyole Oyo State,,"=""8504842""","=""6194037""","=""1766965""",Personal fixed term loan,2020-03-07 00:00:00,2500.00,0.00,,0.00,3250.00,NGN,0,Closed,2020-04-06 00:00:00,Performing
BLESSING ISAAC,,BLOCK A GODWIN COMPOUND BACK OF MOETE OFF ORHUWHORUN ROAD,,"=""8518414""","=""10444149""","=""98828239""",Personal fixed term loan,2020-12-30 00:00:00,5000.00,0.00,,0.00,6000.00,NGN,0,Open,2021-01-14 00:00:00,Performing
Solomon Obaloluwa,"=""22150032425""",9 JEGEDE STREET OFF AKINOGUN STREET IPAJA Alimosho Lagos S,"=""2347062869304""","=""8540831""","=""10586508""","=""141660229""",Personal fixed term loan,2022-04-24 00:00:00,350000.00,240359.00,,240359.00,90767.00,NGN,386,Open,2022-11-10 00:00:00,Lost
ADELEYE CHRISTOPHER FIYINFOLUWA,"=""22209575633""",ABEOKUTA EWY ST,"=""08098087633""","=""8557254""","=""12509364""","=""2052581355""",Personal fixed term loan,2021-04-15 00:00:00,40000.00,0.00,,0.00,16000.00,NGN,0,Open,2021-07-14 00:00:00,Performing
BELLO ONIZE SARAH,"=""22380998001""",Nigeria,"=""08132343983""","=""8592861""","=""42248456""","=""9871766""",Personal fixed term loan,2023-04-05 00:00:00,20000.00,25400.00,,0.00,25400.00,NGN,0,Open,2023-05-05 00:00:00,Performing
ESSIEN NAOMI ANIEFIOK,"=""22187665904""",NO 3 MINIWERIOLU STREET,"=""08036691591""","=""8698131""","=""602591""","=""6139442""",Personal fixed term loan,2022-03-11 00:00:00,20000.00,0.00,,0.00,26000.00,NGN,0,Closed,2022-04-11 00:00:00,Performing
Oladipo Lashilola Moses,"=""22157185223""",BLK 35 FLAT 6 TINUBU ESTATE ODONLA IKORODU  Ikorodu Lagos,,"=""8729083""","=""5805900""","=""10429054""",Personal fixed term loan,2023-05-29 00:00:00,10000.00,0.00,,0.00,19500.00,NGN,0,Closed,2023-06-28 00:00:00,Performing
Matthew Ifeanyi,"=""22195294976""",PrimaryAddressLine1,"=""07031009172""","=""8292987""","=""9731590""","=""3075161904""",Personal fixed term loan,2021-02-17 00:00:00,80000.00,109467.00,,109467.00,52000.00,NGN,927,Open,2021-04-19 00:00:00,Lost
Zainab Toyin,"=""22153512948""",19 EBUN OLOJEDE STREET  AmuwoOdofin Lagos State,,"=""8312564""","=""648045""","=""4745561""",Personal fixed term loan,2021-09-30 00:00:00,140000.00,0.00,,0.00,38983.00,NGN,0,Closed,2022-09-05 00:00:00,Performing
Zainab Toyin,"=""22153512948""",19 EBUN OLOJEDE STREET  AmuwoOdofin Lagos State,,"=""8312564""","=""648045""","=""7548721""",Personal fixed term loan,2022-08-03 00:00:00,175000.00,0.00,,0.00,223650.00,NGN,0,Closed,2022-09-02 00:00:00,Performing
ADELEKE OLUWAKEMI,"=""22341129839""",PrimaryAddressLine1,,"=""8424079""","=""6646444""","=""114012653""",Personal fixed term loan,2020-03-29 00:00:00,10000.00,11500.00,,11500.00,13000.00,NGN,1252,Open,2020-04-28 00:00:00,Lost
Sadiq Adetutu Nofisat,"=""22293526685""",Not Available,,"=""8441988""","=""16652399""","=""5831910""",Personal fixed term loan,2022-02-05 00:00:00,60000.00,0.00,,0.00,38450.00,NGN,0,Closed,2022-04-06 00:00:00,Performing
Lawal Anas,,Nadabo road bakori Katsina Nigeria,,"=""8476280""","=""1956462""","=""2126825903""",Personal fixed term loan,2019-09-21 00:00:00,10000.00,10667.00,,10667.00,11500.00,NGN,1456,Open,2019-10-07 00:00:00,Lost
Cornelius Okolo,"=""22354712060""",NO 6 O C EMEKA WBHE,"=""07037911427""","=""8512094""","=""550192""","=""10172309""",Personal fixed term loan,2023-05-04 00:00:00,12500.00,0.00,,0.00,15187.50,NGN,0,Closed,2023-05-19 00:00:00,Performing
Cornelius Okolo,"=""22354712060""",NO 6 O C EMEKA WBHE,"=""07037911427""","=""8512094""","=""550192""","=""10337012""",Personal fixed term loan,2023-05-20 00:00:00,5000.00,0.00,,0.00,6075.00,NGN,0,Closed,2023-06-04 00:00:00,Performing
Cornelius Okolo,"=""22354712060""",NO 6 O C EMEKA WBHE,"=""07037911427""","=""8512094""","=""550192""","=""10465941""",Personal fixed term loan,2023-06-01 00:00:00,5000.00,0.00,,0.00,6500.00,NGN,0,Closed,2023-07-01 00:00:00,Performing
Cornelius Okolo,"=""22354712060""",NO 6 O C EMEKA WBHE,"=""07037911427""","=""8512094""","=""550192""","=""10652515""",Personal fixed term loan,2023-06-20 00:00:00,10000.00,0.00,,0.00,12150.00,NGN,0,Closed,2023-07-05 00:00:00,Performing
Cornelius Okolo,"=""22354712060""",NO 6 O C EMEKA WBHE,"=""07037911427""","=""8512094""","=""550192""","=""9762243""",Personal fixed term loan,2023-03-25 00:00:00,7500.00,0.00,,0.00,8625.00,NGN,0,Closed,2023-04-11 00:00:00,Performing
Cornelius Okolo,"=""22354712060""",NO 6 O C EMEKA WBHE,"=""07037911427""","=""8512094""","=""550192""","=""9969084""",Personal fixed term loan,2023-04-14 00:00:00,2500.00,0.00,,0.00,3000.00,NGN,0,Closed,2023-04-29 00:00:00,Performing
James Junior,"=""22415321497""",NO 10OLOYEDE STREET DADA ESTATE,,"=""8516267""","=""18659460""","=""10610088""",Personal fixed term loan,2023-06-16 00:00:00,325000.00,0.00,,0.00,159142.00,NGN,0,Closed,2023-09-14 00:00:00,Performing
William Beatrice,"=""22286591102""",CBN QTERS OPPT ACCANTANT GEN OFFICE Municipal Area Council,,"=""8521454""","=""546422""","=""429316888""",Personal fixed term loan,2019-10-20 00:00:00,10000.00,4019.00,,4019.00,13000.00,NGN,1413,Open,2019-11-19 00:00:00,Lost
Funmilayo Suliyat,"=""22438954487""",NO 31 BALOGUN STREET OBANISUNWA AIRPORT ILORIN Ilorin West,,"=""8540681""","=""777057""","=""3116651261""",Personal fixed term loan,2020-11-02 00:00:00,10000.00,13842.00,,13842.00,13000.00,NGN,1034,Open,2020-12-02 00:00:00,Lost
OLUWATOYIN SIMBIAT FASASI,,30 BAMIDELE GOODLUCK ROAD OFF ORUNSOLU IGBOLOMU IKORODU Ik,"=""08125465259""","=""8605568""","=""4866772""","=""3023261475""",Personal fixed term loan,2020-03-16 00:00:00,5000.00,0.00,,0.00,6250.00,NGN,0,Closed,2020-04-15 00:00:00,Performing
AKAMAKA TOBECHI,"=""22402755861""",12 EBOM STREET ELELENWO PHCRivers State,,"=""8732273""","=""43880498""","=""10564075""",Personal fixed term loan,2023-06-11 00:00:00,7500.00,9675.00,,0.00,9675.00,NGN,0,Open,2023-07-11 00:00:00,Performing
JEREMIAH SAM OKON,"=""22420030315""",Sango ota,"=""09027435125""","=""8259549""","=""1948045""","=""87201849""",Personal fixed term loan,2020-01-19 00:00:00,1500.00,0.00,,0.00,1720.00,NGN,0,Open,2020-02-03 00:00:00,Performing
Ashiru Abdullahi,"=""22247132672""",Janbulo kano,,"=""8394687""","=""3626601""","=""130597129""",Personal fixed term loan,2020-01-07 00:00:00,1500.00,200.00,,200.00,1950.00,NGN,466,Open,2020-07-31 00:00:00,Lost
ADAMS YUNUSA,"=""22325424451""",Ikeja Nigeria,,"=""8413054""","=""7792392""","=""4019849""",Personal fixed term loan,2021-06-24 00:00:00,10000.00,0.00,,0.00,11600.00,NGN,0,Closed,2021-07-26 00:00:00,Performing
Nnamdi Nworie,,No 36 Elizuo Rivers State,"=""2348170112229""","=""8415109""","=""698005""","=""1562702""",Personal fixed term loan,2020-02-08 00:00:00,2500.00,0.00,,0.00,3050.00,NGN,0,Closed,2020-03-09 00:00:00,Performing
OBOGO LINUS OKAIBA,"=""22215733014""",PrimaryAddressLine1,"=""08033333428""","=""8426439""","=""26070940""","=""10048926""",Personal fixed term loan,2023-04-22 00:00:00,150000.00,228000.00,,0.00,76000.00,NGN,0,Open,2023-07-21 00:00:00,Performing
OBOGO LINUS OKAIBA,"=""22215733014""",PrimaryAddressLine1,"=""08033333428""","=""8426439""","=""26070940""","=""5864896""",Personal fixed term loan,2022-02-08 00:00:00,100000.00,0.00,,0.00,24990.00,NGN,0,Closed,2022-08-08 00:00:00,Performing
Uchechukwu Nwaogu,"=""22377237366""",umuejea nvosi isialangwa south,,"=""8429081""","=""1890511""","=""43712687""",Personal fixed term loan,2020-01-22 00:00:00,25000.00,0.00,,0.00,31250.00,NGN,0,Open,2020-02-21 00:00:00,Performing
Uchechukwu Nwaogu,"=""22377237366""",umuejea nvosi isialangwa south,,"=""8429081""","=""1890511""","=""528181325""",Personal fixed term loan,2019-12-23 00:00:00,15000.00,0.00,,0.00,18750.00,NGN,0,Open,2020-01-22 00:00:00,Performing
Uchechukwu Nwaogu,"=""22377237366""",umuejea nvosi isialangwa south,,"=""8429081""","=""1890511""","=""6029096332""",Personal fixed term loan,2019-11-30 00:00:00,7500.00,0.00,,0.00,9370.00,NGN,0,Open,2019-12-30 00:00:00,Performing
AHMED AMINU,,BAKIN KASUWA Kagarko Kaduna State,,"=""8476162""","=""1631546""","=""252988854""",Personal fixed term loan,2019-08-19 00:00:00,1500.00,1725.00,,1725.00,1950.00,NGN,1475,Open,2019-09-18 00:00:00,Lost
KOKUMO FUNMILAYO FLORENCE,"=""22237273598""",Not Available,"=""08038274464""","=""8479251""","=""12480580""","=""2033307279""",Personal fixed term loan,2022-04-06 00:00:00,300000.00,0.00,,0.00,63330.00,NGN,0,Closed,2023-01-02 00:00:00,Performing
Funmilayo Bukola,"=""22319445048""",ACCESS BANK PLC PLOT 1665 OYIN JOLAYEMI STREET V ISLAND,,"=""8538164""","=""1632425""","=""172763812""",Personal fixed term loan,2019-08-20 00:00:00,1500.00,1648.00,,1648.00,1950.00,NGN,1474,Open,2019-09-19 00:00:00,Lost
KOLAWOLE KEHINDE FEYISAYO,"=""22335404432""",Oja Aba Ilesa Nigeria,"=""08102005604""","=""8561326""","=""3906462""","=""2127697024""",Personal fixed term loan,2020-02-02 00:00:00,7500.00,0.00,,0.00,8620.00,NGN,0,Open,2020-02-17 00:00:00,Performing
MUSA UMAR,"=""22250799073""",NO 2 BESSE STREET MANDO KADUNA Kaduna North Kaduna State,,"=""8653531""","=""4219064""","=""122203353""",Personal fixed term loan,2020-12-15 00:00:00,10000.00,11936.00,,11936.00,13000.00,NGN,991,Open,2021-01-14 00:00:00,Lost
AWOFESO OLANREWAJU,"=""22256000126""",PLOT 2 AFRPRINT COODP ESTATE IJU OTTA ODUNS STATE,"=""2348068059354""","=""8662470""","=""35181080""","=""9852730""",Personal fixed term loan,2023-04-03 00:00:00,60000.00,0.00,,0.00,82810.00,NGN,0,Closed,2023-05-03 00:00:00,Performing
MOROWEI JUSTINA,"=""22210536089""",MOROWEI JUSTINAS COMPOUND HUMAN RIGHT ROAD AGUDAMA EPIE,"=""08125025511""","=""8736257""","=""6817989""","=""6321207""",Personal fixed term loan,2022-03-30 00:00:00,30000.00,0.00,,0.00,35400.00,NGN,0,Closed,2022-05-06 00:00:00,Performing
MOROWEI JUSTINA,"=""22210536089""",MOROWEI JUSTINAS COMPOUND HUMAN RIGHT ROAD AGUDAMA EPIE,"=""08125025511""","=""8736257""","=""6817989""","=""8019172""",Personal fixed term loan,2022-09-18 00:00:00,20000.00,0.00,,0.00,25220.00,NGN,0,Closed,2022-10-18 00:00:00,Performing
ABDURRAHMAN HARUNA UMAR,"=""22242346607""",Nigeria,,"=""8245147""","=""10177543""","=""179196963""",Personal fixed term loan,2020-12-13 00:00:00,10000.00,0.00,,0.00,13000.00,NGN,0,Open,2021-01-12 00:00:00,Performing
Damilare Lateef,"=""22171694220""",Nigeria,,"=""8286200""","=""557490""","=""116542""",Personal fixed term loan,2019-02-27 00:00:00,50000.00,0.00,,0.00,65000.00,NGN,0,Closed,2019-03-29 00:00:00,Performing
Enyinnaya Akwarandu,"=""22219689698""",Queen Esther Eneka,"=""2347030813333""","=""8292275""","=""7127232""","=""10103381""",Personal fixed term loan,2023-04-27 00:00:00,15000.00,0.00,,0.00,17955.00,NGN,0,Closed,2023-05-12 00:00:00,Performing
Enyinnaya Akwarandu,"=""22219689698""",Queen Esther Eneka,"=""2347030813333""","=""8292275""","=""7127232""","=""10708681""",Personal fixed term loan,2023-06-26 00:00:00,30000.00,0.00,,0.00,36450.00,NGN,0,Closed,2023-07-11 00:00:00,Performing
Enyinnaya Akwarandu,"=""22219689698""",Queen Esther Eneka,"=""2347030813333""","=""8292275""","=""7127232""","=""4743299""",Personal fixed term loan,2021-09-30 00:00:00,120000.00,0.00,,0.00,156000.00,NGN,0,Closed,2021-11-01 00:00:00,Performing
YAHAYA BILIKISU,"=""22457088550""",Not Available,,"=""8360808""","=""8039330""","=""231026867""",Personal fixed term loan,2020-10-31 00:00:00,15000.00,0.00,,0.00,19200.00,NGN,0,Open,2020-11-30 00:00:00,Performing
Babatunde Olawale,"=""22184831203""",15 UNITY CRESCENT ILEMERE IBESHE Ikorodu Lagos State,"=""08023882536""","=""8364373""","=""7496404""","=""130707816""",Personal fixed term loan,2020-05-31 00:00:00,5000.00,7250.00,,7250.00,6500.00,NGN,1189,Open,2020-06-30 00:00:00,Lost
OLAIYA ADEKUNLE OLAOLUWA,,4 OSHINLE STREET AKURE Akure South Ondo State,"=""23408035332448""","=""8411948""","=""1396527""","=""2026172996""",Personal fixed term loan,2019-07-18 00:00:00,5000.00,0.00,,0.00,6250.00,NGN,0,Closed,2019-08-19 00:00:00,Performing
FANIYAN ADEOLA MOTILAYO,,AWA IJEBU  Ijebu North Ogun State,"=""08171164116""","=""8611117""","=""5184125""","=""3020061258""",Personal fixed term loan,2020-06-23 00:00:00,5000.00,2000.00,,2000.00,6500.00,NGN,261,Open,2020-07-23 00:00:00,Lost
FANIYAN ADEOLA MOTILAYO,,AWA IJEBU  Ijebu North Ogun State,"=""08171164116""","=""8611117""","=""5184125""","=""4535335""",Personal fixed term loan,2021-09-01 00:00:00,10000.00,0.00,,0.00,13000.00,NGN,0,Closed,2021-10-04 00:00:00,Performing
FANIYAN ADEOLA MOTILAYO,,AWA IJEBU  Ijebu North Ogun State,"=""08171164116""","=""8611117""","=""5184125""","=""6181259""",Personal fixed term loan,2022-03-15 00:00:00,10000.00,0.00,,0.00,13000.00,NGN,0,Closed,2022-04-14 00:00:00,Performing
FANIYAN ADEOLA MOTILAYO,,AWA IJEBU  Ijebu North Ogun State,"=""08171164116""","=""8611117""","=""5184125""","=""6372209""",Personal fixed term loan,2022-04-04 00:00:00,10000.00,0.00,,0.00,13000.00,NGN,0,Closed,2022-05-05 00:00:00,Performing
FANIYAN ADEOLA MOTILAYO,,AWA IJEBU  Ijebu North Ogun State,"=""08171164116""","=""8611117""","=""5184125""","=""6663523""",Personal fixed term loan,2022-05-05 00:00:00,10000.00,0.00,,0.00,12000.00,NGN,0,Closed,2022-05-20 00:00:00,Performing
ADEYI KINGSLEY JAMES,"=""22265647394""",BLOCK A FLAT 3 ORITA POLICE BARRACKS ORITA  IBADAN Oluyole,"=""2347037400828""","=""8669384""","=""8674599""","=""162650168""",Personal fixed term loan,2020-10-18 00:00:00,30000.00,41551.00,,41551.00,39000.00,NGN,1049,Open,2020-11-17 00:00:00,Lost
IDIAVWORE JUDE,"=""22193429642""",4 Dr Isikekpei Emeke lane off RCCG ST okpanam Road Asaba d,"=""8038557551""","=""8699936""","=""11248347""","=""10728629""",Personal fixed term loan,2023-06-28 00:00:00,100000.00,125000.00,,0.00,125000.00,NGN,0,Open,2023-07-28 00:00:00,Performing
ABUBAKAR FAHAD,"=""22466190871""",NO2B BABA STR HAI MAL BELLO KADUNA IMAN INTE,,"=""8743311""","=""4484712""","=""263960937""",Personal fixed term loan,2019-12-25 00:00:00,15000.00,0.00,,0.00,19500.00,NGN,0,Closed,2020-01-24 00:00:00,Performing
KENECHKWU NGONADI EWULU,"=""22284156862""",New Haven Enugu Nigeria,,"=""8257611""","=""8180168""","=""88279724""",Personal fixed term loan,2020-09-10 00:00:00,80000.00,86710.00,,86710.00,51040.00,NGN,1085,Open,2020-11-09 00:00:00,Lost
Oluchukwu Odukwe,,PLOT 12 KENECHUKWU ODUKWE STREET AWOYAYA IBEJU  IbejuLekki,,"=""8299208""","=""753857""","=""2299311""",Personal fixed term loan,2020-08-13 00:00:00,5000.00,0.00,,0.00,6500.00,NGN,0,Closed,2020-09-14 00:00:00,Performing
TAIWO OSUNTOYINBO,,OGTV MEDIA VILLAGE ABEOKUTA Abeokuta North Ogun State,"=""08060857658""","=""8330211""","=""9843951""","=""1006365717""",Personal fixed term loan,2020-12-29 00:00:00,150000.00,0.00,,0.00,40390.00,NGN,0,Open,2021-06-28 00:00:00,Performing
FOWE ADESANMI EMMANUEL,"=""22183757883""",ST SILAS ANGLICA VICARAGE OGIJO REMO OGUN STATE,"=""08071790723""","=""8348578""","=""28833025""","=""2013908483""",,2022-04-09 00:00:00,225000.00,0.00,,0.00,59990.00,NGN,0,Closed,2022-10-06 00:00:00,Performing
AKANO RAPHEAL OLURANTI,,265 EKWEREMADU AVENUE ENUGU NORTH  Enugu North Enugu State,,"=""8416179""","=""1819144""","=""169856732""",Personal fixed term loan,2020-11-10 00:00:00,50000.00,48730.00,,48730.00,31990.00,NGN,1026,Open,2021-01-11 00:00:00,Lost
oghenekaro mervin,"=""22266284956""",Not Available,"=""07035525565""","=""8438656""","=""13687448""","=""3046835111""",Personal fixed term loan,2022-05-04 00:00:00,350000.00,393350.00,,393350.00,117338.00,NGN,448,Open,2022-09-08 00:00:00,Lost
Olaiya kayode,"=""22286509501""",NO 7 SALAMI STREET ALARERE LAYOUT IBADAN Egbeda Oyo State,"=""08033272225""","=""8462856""","=""3590542""","=""2024335984""",Personal fixed term loan,2019-11-22 00:00:00,5000.00,484.00,,484.00,6500.00,NGN,1379,Open,2019-12-23 00:00:00,Lost
Markus Emmanuel,"=""22156037507""",Nigeria,,"=""8511826""","=""746174""","=""6594187""",Personal fixed term loan,2022-04-28 00:00:00,30000.00,0.00,,0.00,30000.00,NGN,0,Closed,2022-05-13 00:00:00,Performing
Markus Emmanuel,"=""22156037507""",Nigeria,,"=""8511826""","=""746174""","=""7653496""",Personal fixed term loan,2022-08-13 00:00:00,5000.00,0.00,,0.00,6000.00,NGN,0,Closed,2022-08-29 00:00:00,Performing
ARIDEGBE BOSEDE ABIODUN,,Not Available,"=""08068964970""","=""8515570""","=""1391379""","=""29834489""",Personal fixed term loan,2019-07-02 00:00:00,20000.00,17205.00,,17205.00,26000.00,NGN,1523,Open,2019-08-01 00:00:00,Lost
ayodele victor,"=""22164092530""",Nigeria,,"=""8517523""","=""555972""","=""826103""",Personal fixed term loan,2019-10-14 00:00:00,10000.00,0.00,,0.00,13000.00,NGN,0,Closed,2019-11-13 00:00:00,Performing
ayodele victor,"=""22164092530""",Nigeria,,"=""8517523""","=""555972""","=""8895210""",Personal fixed term loan,2022-12-15 00:00:00,5000.00,0.00,,0.00,6250.00,NGN,0,Closed,2022-12-30 00:00:00,Performing
Abdullahi Dauda,"=""22196731748""",Fire Service Building 900107 Lugbe Federal Capital Territo,"=""08069796257""","=""8619003""","=""41815323""","=""9704393""",Personal fixed term loan,2023-03-19 00:00:00,100000.00,140000.00,,0.00,28000.00,NGN,0,Open,2023-08-21 00:00:00,Performing
OLAPOSI OLASOJI OPEYEMI,"=""22477806048""",1 IKOTI STR MOSHOLASHI B ST SHASHA Alimosho Lagos State,,"=""8764901""","=""5330691""","=""803783113""",Personal fixed term loan,2021-02-18 00:00:00,5000.00,0.00,,0.00,6500.00,NGN,0,Open,2021-03-22 00:00:00,Performing
AGBOOLA IDOWU ISAAC,,6 EDE ROAD IDI ORO  Ejigbo Osun State,,"=""8768794""","=""6914971""","=""6298881""",Personal fixed term loan,2022-03-28 00:00:00,15000.00,0.00,,0.00,19500.00,NGN,0,Closed,2022-04-27 00:00:00,Performing
ELUMS AMAKA VIVIAN,"=""22411378903""",22 SAAO STREET SAMATU UMORU LOKOJA HOUSE SMALL LONDON,,"=""8788314""","=""5906538""","=""6721987""",Personal fixed term loan,2022-05-12 00:00:00,5000.00,0.00,,0.00,6350.00,NGN,0,Closed,2022-06-13 00:00:00,Performing
ELUMS AMAKA VIVIAN,"=""22411378903""",22 SAAO STREET SAMATU UMORU LOKOJA HOUSE SMALL LONDON,,"=""8788314""","=""5906538""","=""7018139""",Personal fixed term loan,2022-06-12 00:00:00,10000.00,0.00,,0.00,12000.00,NGN,0,Closed,2022-07-11 00:00:00,Performing
UDOH SAMUEL UDOM,"=""22144304679""",14 RABIU ADIO CRESCENTAPAPALAGOS,"=""2347030779732""","=""8257793""","=""6824644""","=""7467148""",Personal fixed term loan,2022-07-27 00:00:00,5000.00,0.00,,0.00,6350.00,NGN,0,Closed,2022-08-26 00:00:00,Performing
UDOH SAMUEL UDOM,"=""22144304679""",14 RABIU ADIO CRESCENTAPAPALAGOS,"=""2347030779732""","=""8257793""","=""6824644""","=""7800462""",Personal fixed term loan,2022-08-28 00:00:00,20000.00,0.00,,0.00,26000.00,NGN,0,Closed,2022-09-27 00:00:00,Performing
UDOH SAMUEL UDOM,"=""22144304679""",14 RABIU ADIO CRESCENTAPAPALAGOS,"=""2347030779732""","=""8257793""","=""6824644""","=""8161545""",,2022-10-02 00:00:00,7500.00,0.00,,0.00,9000.00,NGN,0,Closed,2022-10-17 00:00:00,Performing
UDOH SAMUEL UDOM,"=""22144304679""",14 RABIU ADIO CRESCENTAPAPALAGOS,"=""2347030779732""","=""8257793""","=""6824644""","=""8824133""",Personal fixed term loan,2022-12-07 00:00:00,10000.00,0.00,,0.00,12000.00,NGN,0,Closed,2022-12-22 00:00:00,Performing
NWANKWO DAVIDSON OBIOMA CHIEMELA,"=""22194491921""",NO25 UNITY DRIVE ALCON CIRCULAR ROAD WOJI,"=""08060397964""","=""8260637""","=""42572729""","=""10029432""",Personal fixed term loan,2023-04-20 00:00:00,40000.00,0.00,,0.00,47200.00,NGN,0,Closed,2023-05-05 00:00:00,Performing
Yakubu Sani,,ZARAWUYAKU WARD BIU,"=""08066299806""","=""8312379""","=""5478564""","=""2084537780""",Personal fixed term loan,2020-02-05 00:00:00,10000.00,8350.00,,8350.00,13000.00,NGN,1305,Open,2020-03-06 00:00:00,Lost
OGUNGBANGBE TITILOPE,"=""22165989208""",Not Available,"=""23408035059758""","=""8343397""","=""15290665""","=""10118693""",Personal fixed term loan,2023-04-29 00:00:00,10000.00,5390.00,,0.00,11390.00,NGN,0,Open,2023-05-14 00:00:00,Performing
ABIA SUNNY OKON,"=""22154160944""",MOUNT DION LIGHT HOUSE FULL GOSPEL CHURCH AFAHA OFFIONG Ns,"=""08082654843""","=""8400436""","=""8012387""","=""5015100""",Personal fixed term loan,2021-11-01 00:00:00,30000.00,0.00,,0.00,38760.00,NGN,,Closed,2021-12-01 00:00:00,Performing
BATURE USMAN,"=""22263181649""",NO 5 KAIMA ROAD ILORIN,"=""08069583998""","=""8406350""","=""5916786""","=""3031665736""",Personal fixed term loan,2021-02-16 00:00:00,25000.00,0.00,,0.00,27500.00,NGN,0,Open,2021-03-18 00:00:00,Performing
EKRE AYEGBA JOHN,"=""22256217942""",PrimaryAddressLine1,,"=""8503186""","=""5712748""","=""5597619""",Personal fixed term loan,2022-01-10 00:00:00,150000.00,0.00,,0.00,77490.00,NGN,0,Closed,2022-04-11 00:00:00,Performing
EKRE AYEGBA JOHN,"=""22256217942""",PrimaryAddressLine1,,"=""8503186""","=""5712748""","=""6595259""",Personal fixed term loan,2022-04-28 00:00:00,100000.00,0.00,,0.00,25934.00,NGN,0,Closed,2022-10-25 00:00:00,Performing
EKRE AYEGBA JOHN,"=""22256217942""",PrimaryAddressLine1,,"=""8503186""","=""5712748""","=""8621048""",Personal fixed term loan,2022-11-17 00:00:00,200000.00,0.00,,0.00,79702.00,NGN,0,Closed,2023-07-15 00:00:00,Performing
ODUKOYA TEMITOPE ALICE,"=""22359916018""",14 OYEDEJI STREET MOWE,,"=""8675624""","=""6356422""","=""1821911""",Personal fixed term loan,2020-03-15 00:00:00,10000.00,0.00,,0.00,13000.00,NGN,0,Closed,2020-04-14 00:00:00,Performing
AREMU MOTUNRAYO ROFIAT,"=""22386442962""",Opposite AP filling station Igbogbo Ikorodu Lagos Ikorodu,,"=""8688911""","=""1785172""","=""5902603017""",Personal fixed term loan,2019-10-05 00:00:00,5000.00,0.00,,0.00,6250.00,NGN,0,Closed,2019-11-04 00:00:00,Performing
OYEKANMI MOBOLAJI FLORENCE A,"=""22237823841""",Nigeria,,"=""8694757""","=""21277859""","=""29095484""",Personal fixed term loan,2021-12-08 00:00:00,5000.00,0.00,,0.00,6100.00,NGN,0,Open,2022-01-07 00:00:00,Performing
EZEOHA CHUKWUEBUKA AUGUSTINE,"=""22375180394""",Near Emirs Palace Kaltungo,"=""09066582662""","=""8817980""","=""5491545""","=""6603847""",Personal fixed term loan,2022-04-29 00:00:00,7500.00,0.00,,0.00,9150.00,NGN,0,Closed,2022-05-30 00:00:00,Performing
Austin Chukwunonso,"=""22164466520""",Kakuri Kaduna Nigeria,,"=""8369077""","=""532651""","=""97832361""",Personal fixed term loan,2020-07-26 00:00:00,10000.00,14500.00,,14500.00,13000.00,NGN,1133,Open,2020-08-25 00:00:00,Lost
MOSEBOLATAN OLAJUMOKE M,"=""22444267771""",32 SURULERE STR JEGEDE B ST IBADAN null,,"=""8377637""","=""6396865""","=""7057088""",Personal fixed term loan,2022-06-16 00:00:00,5000.00,0.00,,0.00,5900.00,NGN,0,Closed,2022-07-01 00:00:00,Performing
MOSEBOLATAN OLAJUMOKE M,"=""22444267771""",32 SURULERE STR JEGEDE B ST IBADAN null,,"=""8377637""","=""6396865""","=""7563927""",Personal fixed term loan,2022-08-05 00:00:00,7500.00,0.00,,0.00,9000.00,NGN,0,Closed,2022-08-22 00:00:00,Performing
MOSEBOLATAN OLAJUMOKE M,"=""22444267771""",32 SURULERE STR JEGEDE B ST IBADAN null,,"=""8377637""","=""6396865""","=""7727300""",Personal fixed term loan,2022-08-20 00:00:00,5000.00,0.00,,0.00,6000.00,NGN,0,Closed,2022-09-05 00:00:00,Performing
MOSEBOLATAN OLAJUMOKE M,"=""22444267771""",32 SURULERE STR JEGEDE B ST IBADAN null,,"=""8377637""","=""6396865""","=""7896216""",Personal fixed term loan,2022-09-06 00:00:00,10000.00,0.00,,0.00,13000.00,NGN,0,Closed,2022-10-06 00:00:00,Performing
MOSEBOLATAN OLAJUMOKE M,"=""22444267771""",32 SURULERE STR JEGEDE B ST IBADAN null,,"=""8377637""","=""6396865""","=""7896427""",Personal fixed term loan,2022-09-06 00:00:00,7500.00,0.00,,0.00,9000.00,NGN,0,Closed,2022-09-21 00:00:00,Performing
MOSEBOLATAN OLAJUMOKE M,"=""22444267771""",32 SURULERE STR JEGEDE B ST IBADAN null,,"=""8377637""","=""6396865""","=""8047858""",,2022-09-21 00:00:00,15000.00,0.00,,0.00,19500.00,NGN,0,Closed,2022-10-21 00:00:00,Performing
MOSEBOLATAN OLAJUMOKE M,"=""22444267771""",32 SURULERE STR JEGEDE B ST IBADAN null,,"=""8377637""","=""6396865""","=""8353685""",Personal fixed term loan,2022-10-21 00:00:00,15000.00,0.00,,0.00,18000.00,NGN,0,Closed,2022-12-30 00:00:00,Performing
MOSEBOLATAN OLAJUMOKE M,"=""22444267771""",32 SURULERE STR JEGEDE B ST IBADAN null,,"=""8377637""","=""6396865""","=""9023197""",Personal fixed term loan,2022-12-29 00:00:00,35000.00,0.00,,0.00,44940.00,NGN,0,Closed,2023-02-14 00:00:00,Performing
MOSEBOLATAN OLAJUMOKE M,"=""22444267771""",32 SURULERE STR JEGEDE B ST IBADAN null,,"=""8377637""","=""6396865""","=""9439953""",Personal fixed term loan,2023-02-15 00:00:00,110000.00,0.00,,0.00,55417.00,NGN,0,Closed,2023-05-31 00:00:00,Performing
AKINKUNMI TAIWO ADEBAYO,"=""22280660734""",7 IBIKUNLE STREET MILE 12 LAGOS,,"=""8491463""","=""6109533""","=""8725594""",Personal fixed term loan,2022-11-28 00:00:00,5000.00,0.00,,0.00,5750.00,NGN,0,Closed,2022-12-13 00:00:00,Performing
Ukpong James,"=""22235443009""",Abeokuta Nigeria,"=""08033062362""","=""8503631""","=""4438670""","=""3107968015""",Personal fixed term loan,2020-11-21 00:00:00,5000.00,0.00,,0.00,6500.00,NGN,0,Open,2020-12-21 00:00:00,Performing
Folakemi Olaniyi,,ILESANMI OPP OYINOLORUN TANKE ILORIN Ilorin South Kwara St,,"=""8519025""","=""1181927""","=""169246713""",Personal fixed term loan,2020-03-17 00:00:00,7500.00,0.00,,0.00,9150.00,NGN,0,Closed,2020-04-16 00:00:00,Performing
Showumi Sunday,"=""22407113080""",14 15 Prince Alaba Oniru Road Victoria Island,,"=""8594072""","=""2948903""","=""51071700""",Personal fixed term loan,2019-12-16 00:00:00,1500.00,0.00,,0.00,1870.00,NGN,0,Open,2020-01-15 00:00:00,Performing
OYEBANJI ADEWALE,,ZONE NO 63 DUTSE JI ABUJA  Bwari  FCT,"=""08078907708""","=""8618204""","=""8928420""","=""2130584313""",Personal fixed term loan,2020-10-04 00:00:00,15000.00,0.00,,0.00,19500.00,NGN,0,Open,2020-11-03 00:00:00,Performing
ITAEDET EMMANUEL E,"=""22001075521""",Alimosho,"=""08033446826""","=""8783599""","=""6537509""","=""49362504""",Personal fixed term loan,2020-12-02 00:00:00,20000.00,0.00,,0.00,26000.00,NGN,0,Open,2021-01-01 00:00:00,Performing
AFOLABI EUNICE OLABISI,,CO LASEMS LASUTHIKEJALAGOS,"=""08066475045""","=""8881256""","=""36737485""","=""10082722""",Personal fixed term loan,2023-04-25 00:00:00,10000.00,0.00,,0.00,11800.00,NGN,0,Closed,2023-05-10 00:00:00,Performing
Adesida Oluwatoyin,,NO 1 UNCLE OLUYEBA STREET OFF ALADELOLA IKOSI KETU  Kosofe,,"=""8254880""","=""878462""","=""76723927""",Personal fixed term loan,2020-12-01 00:00:00,25000.00,0.00,,0.00,32500.00,NGN,0,Open,2020-12-31 00:00:00,Performing
ABDULKADIR UMAR UMAR,"=""22362261536""",Behind inec office jalingo,"=""08100830531""","=""8273663""","=""4863277""","=""6029529308""",Personal fixed term loan,2020-01-11 00:00:00,1500.00,0.00,,0.00,1950.00,NGN,0,Open,2020-02-10 00:00:00,Performing
MARYAM MUKTAR BELLO,"=""22372992020""",KOFAR FADA DANBATTA,"=""2348137582499""","=""8282756""","=""10334317""","=""153247742""",Personal fixed term loan,2020-12-17 00:00:00,10000.00,3514.00,,3514.00,13000.00,NGN,987,Open,2021-01-18 00:00:00,Lost
UZOMA FAVOUR NMUTA,"=""22147347677""",2 SHERE SHEFAWU STREET,"=""08026045022""","=""8290511""","=""42617719""","=""10019846""",Personal fixed term loan,2023-04-19 00:00:00,17500.00,19625.00,,0.00,20125.00,NGN,0,Open,2023-05-04 00:00:00,Performing
ABAH PATRICIA MBASEN,"=""22370317975""",NO 28 CAPTAINDAWNS ROADADEKAA GBOKO,"=""08027083299""","=""8343188""","=""546113""","=""10133522""",Personal fixed term loan,2023-04-30 00:00:00,5000.00,0.00,,0.00,6500.00,NGN,0,Closed,2023-05-30 00:00:00,Performing
ABAH PATRICIA MBASEN,"=""22370317975""",NO 28 CAPTAINDAWNS ROADADEKAA GBOKO,"=""08027083299""","=""8343188""","=""546113""","=""10296943""",Personal fixed term loan,2023-05-16 00:00:00,17500.00,0.00,,0.00,21262.50,NGN,0,Closed,2023-05-31 00:00:00,Performing
UGWUMBA ESTHER OGECHI,"=""22152956718""",18 TITILAYO STREET OSHODI LAGOS LAGOS LAGOS,"=""08164029092""","=""8369877""","=""5177758""","=""9277975""",Personal fixed term loan,2023-01-27 00:00:00,10000.00,0.00,,0.00,12000.00,NGN,0,Closed,2023-02-13 00:00:00,Performing
UGWUMBA ESTHER OGECHI,"=""22152956718""",18 TITILAYO STREET OSHODI LAGOS LAGOS LAGOS,"=""08164029092""","=""8369877""","=""5177758""","=""9466819""",Personal fixed term loan,2023-02-19 00:00:00,20000.00,0.00,,0.00,25500.00,NGN,0,Closed,2023-03-21 00:00:00,Performing
AJANI SHEIK ASIMIYU,"=""22302050161""",NO 43 OWODE ACADEMY IBADAN,,"=""8379169""","=""35260047""","=""9839304""",Personal fixed term loan,2023-04-02 00:00:00,50000.00,0.00,,0.00,63000.00,NGN,0,Closed,2023-05-02 00:00:00,Performing
ABRAHAM PRECIOUS CHIOMA,,PrimaryAddressLine1,,"=""8455027""","=""1848520""","=""425619543""",Personal fixed term loan,2019-09-17 00:00:00,10000.00,9416.00,,9416.00,13000.00,NGN,1446,Open,2019-10-17 00:00:00,Lost
IMADEGBOR BRIGHT,"=""22299055765""",NO 50 PA ALAO STR OFF AINA IJU,,"=""8498344""","=""42128573""","=""10123577""",Personal fixed term loan,2023-04-29 00:00:00,40000.00,49800.00,,0.00,49800.00,NGN,0,Open,2023-05-29 00:00:00,Performing
RUKAYAT IBRAHIM,"=""22453965974""",NO 25 ADAM TANI ALAGBADO ILORIN KWARA STAT,"=""08065854896""","=""8600342""","=""9740426""","=""105756311""",Personal fixed term loan,2020-12-10 00:00:00,25000.00,0.00,,0.00,32500.00,NGN,0,Open,2021-01-11 00:00:00,Performing
ABUBAKAR SADIQ,,Nigeria,,"=""8749385""","=""1845325""","=""27021562""",Personal fixed term loan,2019-09-11 00:00:00,2500.00,2875.00,,2875.00,3250.00,NGN,1452,Open,2019-10-11 00:00:00,Lost
SAMSONDEEN ABIMBOLA AMINAT,"=""22242559694""",52SOTIMOYE STREETPAPA AJAO,"=""08137820380""","=""8888598""","=""533904""","=""6394157""",Personal fixed term loan,2022-04-07 00:00:00,20000.00,0.00,,0.00,25620.00,NGN,0,Closed,2022-04-22 00:00:00,Performing
SAMSONDEEN ABIMBOLA AMINAT,"=""22242559694""",52SOTIMOYE STREETPAPA AJAO,"=""08137820380""","=""8888598""","=""533904""","=""6720560""",Personal fixed term loan,2022-05-12 00:00:00,15000.00,0.00,,0.00,18000.00,NGN,0,Closed,2022-05-27 00:00:00,Performing
SAMSONDEEN ABIMBOLA AMINAT,"=""22242559694""",52SOTIMOYE STREETPAPA AJAO,"=""08137820380""","=""8888598""","=""533904""","=""6865732""",Personal fixed term loan,2022-05-27 00:00:00,20000.00,0.00,,0.00,24000.00,NGN,0,Closed,2022-06-13 00:00:00,Performing
ESSIEN NSISONG,"=""22245252039""",NIGERIAN ARMY COLLEGE OF NURSING YABA Shomolu Lagos State,"=""08092505754""","=""8265807""","=""3696049""","=""0139518099""",Personal fixed term loan,2022-06-12 00:00:00,1000000.00,0.00,,0.00,411000.00,NGN,0,Closed,2022-09-12 00:00:00,Performing
Stehpen Emmanuel,"=""22280836023""",HOUSE 10 OPPOSIT CAC KUBWA VILLAGE ABUJA Municipal Area C,,"=""8299368""","=""792793""","=""3162967""",Personal fixed term loan,2021-02-03 00:00:00,20000.00,0.00,,0.00,26000.00,NGN,0,Closed,2021-03-05 00:00:00,Performing
UMAR HAMZA UBANDOMA,,NO 72 FLAYOUT MINNA NIGER STATE,"=""07066550731""","=""8362258""","=""1859096""","=""212165651""",Personal fixed term loan,2019-09-12 00:00:00,10000.00,0.00,,0.00,13000.00,NGN,0,Closed,2019-10-14 00:00:00,Performing
ARIYIBI NIMOTALLAHI AINA,"=""22436180662""",POTA UNITY ESTATE MURITAZ STREET BADAGRY LAGOS Badagry La,,"=""8374993""","=""4476382""","=""160646406""",Personal fixed term loan,2020-04-01 00:00:00,2500.00,0.00,,0.00,2870.00,NGN,0,Open,2020-04-16 00:00:00,Performing
IHESINULO CHIKODLI PEACE J,"=""22229824744""",10 KARAMAJIGI CLOSE AIRPORT ROAD FCT,,"=""8404438""","=""40527809""","=""10645297""",Personal fixed term loan,2023-06-20 00:00:00,7500.00,9675.00,,0.00,9675.00,NGN,0,Open,2023-07-20 00:00:00,Performing
FADIPE FELIX SIYANBOLA,"=""22214968875""",HILLVIEW ESTATE GADUWA ABUJA  Municipal Area,"=""08038045783""","=""8479978""","=""3136469""","=""9939931""",Personal fixed term loan,2023-04-12 00:00:00,150000.00,0.00,,0.00,177450.00,NGN,0,Closed,2023-05-12 00:00:00,Performing
Muhammad Bukar,,OPP STADIUM ARMY BARRACKS ROAD BIU,"=""07066186401""","=""8507586""","=""46366""","=""2059789710""",Personal fixed term loan,2021-03-03 00:00:00,25000.00,33750.00,,33750.00,30000.00,NGN,928,Open,2021-03-18 00:00:00,Lost
Friday Atiemojie,"=""22330610841""",300104 Benin City Nigeria,,"=""8521107""","=""1549980""","=""10097932""",Personal fixed term loan,2023-04-27 00:00:00,5000.00,6700.00,,0.00,2234.00,NGN,0,Open,2023-07-26 00:00:00,Performing
Adebola Ademowore,"=""22203322088""",BLOCK 307 FLAT 5 ABESAN HOUSING ESTATE ABESAN,,"=""8538287""","=""634105""","=""247647614""",Personal fixed term loan,2021-05-04 00:00:00,15000.00,0.00,,0.00,18600.00,NGN,0,Open,2021-06-03 00:00:00,Performing
Adebola Ademowore,"=""22203322088""",BLOCK 307 FLAT 5 ABESAN HOUSING ESTATE ABESAN,,"=""8538287""","=""634105""","=""9697301""",Personal fixed term loan,2023-03-18 00:00:00,7500.00,0.00,,0.00,8557.50,NGN,0,Closed,2023-04-03 00:00:00,Performing
NNEAMAKA NNEAMAKA,"=""22476911039""",15 SHOKUNBI CLOSE ASABA,,"=""8665439""","=""12623843""","=""101757262""",Personal fixed term loan,2021-04-17 00:00:00,5000.00,0.00,,0.00,5500.00,NGN,0,Open,2021-05-17 00:00:00,Performing
FATOMIDE OLUSOLA EMILOJU,"=""22147719092""",Nigeria,"=""08105208021""","=""8669834""","=""1733744""","=""174674343""",Personal fixed term loan,2021-01-20 00:00:00,5000.00,0.00,,0.00,6000.00,NGN,0,Open,2021-02-04 00:00:00,Performing
OOLADIPO OLUWATOSIN,"=""22242243364""",HAJIYA MARYAMUS RESIDENCE SAMARU AREA Gusau Zamfara State,,"=""8683620""","=""5024245""","=""128693996""",Personal fixed term loan,2020-06-30 00:00:00,40000.00,55204.00,,55204.00,50000.00,NGN,1159,Open,2020-07-30 00:00:00,Lost
DOKUBO KEODIYE,"=""22177365984""",STANLEY WOBO COMPOUND HIS ROYAL HIGHESS STREET ST JOHNS,,"=""8689150""","=""25211765""","=""5840732""",Personal fixed term loan,2022-02-06 00:00:00,200000.00,0.00,,0.00,58330.00,NGN,0,Closed,2022-08-05 00:00:00,Performing
OLADIMEJI DAVID OLUSEYI,,4 JACOB ADEBARI STREET ABIOLA WAY ABEOKUTA Abeokuta South,,"=""8866737""","=""2758752""","=""1761761093""",Personal fixed term loan,2021-02-15 00:00:00,25000.00,0.00,,0.00,32000.00,NGN,0,Open,2021-03-17 00:00:00,Performing
OKPOGHORI MONDAY,"=""22290114087""",5 REX CLOSE AMUKPE,"=""07036343502""","=""8900330""","=""33622663""","=""2019808626""",Personal fixed term loan,2022-12-12 00:00:00,250000.00,0.00,,0.00,73334.00,NGN,0,Closed,2023-06-13 00:00:00,Performing
JAPHET IFEANYI JOHN,"=""22183532079""",NO 2 EMEKA UDOBI CRESCENT ASABADELTA STATE Oshimili South,"=""23408061525400""","=""8272858""","=""18259826""","=""9945818""",Personal fixed term loan,2023-04-12 00:00:00,250000.00,317250.00,,0.00,158625.00,NGN,0,Open,2023-06-11 00:00:00,Performing
Joy Isioma,"=""22261886227""",PH RUMUOKWRUSHI PIPELINE ObioAkpor Rivers State,,"=""8275816""","=""652759""","=""7093479""",Personal fixed term loan,2022-06-20 00:00:00,35000.00,0.00,,0.00,45500.00,NGN,0,Closed,2022-07-20 00:00:00,Performing
Tijani Shehu,"=""22261376449""",NO 13 RUMUCHAKARA CHOBA PORT HARCOURT Obio Akpor Rivers S,,"=""8298494""","=""8192527""","=""39234315""",Personal fixed term loan,2020-10-19 00:00:00,20000.00,0.00,,0.00,25000.00,NGN,0,Open,2020-11-18 00:00:00,Performing
M Chinelo,,1 logun asati close off kings avenue ojodu berger Ifo Ogun,"=""07031001288""","=""8315149""","=""704051""","=""564688""",Personal fixed term loan,2019-08-30 00:00:00,2500.00,0.00,,0.00,3120.00,NGN,0,Closed,2019-09-30 00:00:00,Performing
UGWE LUCKY BEST,,5 CHIWOTA STREETRUMUOLUMENI PHC ObioAkpor Rivers State,,"=""8363956""","=""1481525""","=""210395513""",Personal fixed term loan,2019-07-21 00:00:00,5000.00,5293.00,,5293.00,6500.00,NGN,1504,Open,2019-08-20 00:00:00,Lost
USMAN IBRAHIM,"=""22249290732""",SABUWAR ABUJA KANKIA,"=""08030556818""","=""8396480""","=""21626654""","=""169695108""",Personal fixed term loan,2022-03-27 00:00:00,400000.00,521074.00,,521074.00,103730.00,NGN,398,Open,2022-12-28 00:00:00,Lost
EST OF ONOFIOK,"=""22311419621""",2 Carwash junction shelter Afrique 520102 Uyo Nigeria,"=""08037412548""","=""8396773""","=""36377322""","=""3096103206""",Personal fixed term loan,2022-11-07 00:00:00,225000.00,192233.00,,131906.00,66563.00,NGN,57,Open,2023-10-05 00:00:00,Watchlist
OLUSEGUN BIDEMI ISAAC,"=""22444495044""",Ile epo lagos,"=""08103376193""","=""8398266""","=""12709646""","=""3596550""",Personal fixed term loan,2021-04-22 00:00:00,10000.00,11729.00,,11729.00,11000.00,NGN,1750,Open,2021-05-24 00:00:00,Lost
Ejike Alexander,"=""22221976148""",14 JOSEPH ODUNLAMI STR OGBA IfakoIjaiye Lagos State,"=""08027546620""","=""8475146""","=""641033""","=""2620085""",Personal fixed term loan,2020-10-19 00:00:00,10000.00,0.00,,0.00,13000.00,NGN,0,Closed,2020-11-18 00:00:00,Performing
OLAOGUN BOLANLE MISTURA,"=""22374643742""",2 AINA OLA SAMUEL STREET KUGBA ABEOKUTA,,"=""8500182""","=""7319786""","=""5946462""",Personal fixed term loan,2022-02-18 00:00:00,5000.00,0.00,,0.00,5000.00,NGN,0,Closed,2022-03-07 00:00:00,Performing
LAWAL SHARIFAT,"=""22380577653""",NO 4 SHAGARI CLOSE BADARAWA Kaduna North Kaduna State,"=""08181114388""","=""8814167""","=""10173757""","=""3103377174""",Personal fixed term loan,2020-12-14 00:00:00,25000.00,36250.00,,36250.00,32500.00,NGN,992,Open,2021-01-13 00:00:00,Lost
AHMAD MURTALA ABUBAKAR,"=""22307284202""",BLOCK 1 GAMBIA STREET MALALI LOW COST KADUNA,"=""08035999073""","=""8903786""","=""6242282""","=""6315906""",Personal fixed term loan,2022-03-30 00:00:00,60000.00,0.00,,0.00,70800.00,NGN,0,Closed,2022-04-29 00:00:00,Performing
AHMAD MURTALA ABUBAKAR,"=""22307284202""",BLOCK 1 GAMBIA STREET MALALI LOW COST KADUNA,"=""08035999073""","=""8903786""","=""6242282""","=""6609888""",Personal fixed term loan,2022-04-29 00:00:00,80000.00,0.00,,0.00,57520.00,NGN,0,Closed,2022-06-28 00:00:00,Performing
AHMAD MURTALA ABUBAKAR,"=""22307284202""",BLOCK 1 GAMBIA STREET MALALI LOW COST KADUNA,"=""08035999073""","=""8903786""","=""6242282""","=""7177541""",Personal fixed term loan,2022-06-28 00:00:00,25000.00,0.00,,0.00,32500.00,NGN,0,Closed,2022-07-28 00:00:00,Performing
AHMAD MURTALA ABUBAKAR,"=""22307284202""",BLOCK 1 GAMBIA STREET MALALI LOW COST KADUNA,"=""08035999073""","=""8903786""","=""6242282""","=""7438547""",Personal fixed term loan,2022-07-24 00:00:00,20000.00,0.00,,0.00,26000.00,NGN,0,Closed,2022-08-23 00:00:00,Performing
Bonny Chidi,"=""22145676302""",NO 1EMAKIRUN STREET SAABO OJODU,,"=""8270669""","=""571943""","=""7371678""",Personal fixed term loan,2022-07-17 00:00:00,7500.00,0.00,,0.00,8625.00,NGN,0,Closed,2022-08-01 00:00:00,Performing
Bonny Chidi,"=""22145676302""",NO 1EMAKIRUN STREET SAABO OJODU,,"=""8270669""","=""571943""","=""7465034""",Personal fixed term loan,2022-07-27 00:00:00,7500.00,0.00,,0.00,9000.00,NGN,0,Closed,2022-08-11 00:00:00,Performing
Bonny Chidi,"=""22145676302""",NO 1EMAKIRUN STREET SAABO OJODU,,"=""8270669""","=""571943""","=""7751948""",Personal fixed term loan,2022-08-23 00:00:00,10000.00,0.00,,0.00,12630.00,NGN,0,Closed,2022-09-22 00:00:00,Performing
Bonny Chidi,"=""22145676302""",NO 1EMAKIRUN STREET SAABO OJODU,,"=""8270669""","=""571943""","=""8017584""",Personal fixed term loan,2022-09-18 00:00:00,10000.00,0.00,,0.00,12310.00,NGN,0,Closed,2022-10-18 00:00:00,Performing
Bonny Chidi,"=""22145676302""",NO 1EMAKIRUN STREET SAABO OJODU,,"=""8270669""","=""571943""","=""9340493""",Personal fixed term loan,2023-02-03 00:00:00,40000.00,0.00,,0.00,18454.00,NGN,0,Closed,2023-05-05 00:00:00,Performing
Mustaha Afisi,"=""22311949638""",NO 4 GAA AKANBI ROAD ILORIN Ilorin South Kwara State,,"=""8354663""","=""6217892""","=""1856836""",Personal fixed term loan,2020-03-20 00:00:00,1500.00,0.00,,0.00,1950.00,NGN,0,Closed,2020-04-20 00:00:00,Performing
AJAYI JAMES OLUKUNLE,"=""22345300081""",EDE OPPOSITE EDE SOUTH LOCAL GOVERNMENT OKE IRESI EDE OSU,"=""08060689227""","=""8361994""","=""11644496""","=""35861347""",Personal fixed term loan,2021-03-07 00:00:00,5000.00,0.00,,0.00,6500.00,NGN,0,Closed,2021-04-06 00:00:00,Performing
OGLAFA KELVIN TARILA,,7 EREPA ROAD YENIZUEGENE YENAGOA Yenagoa,"=""23408064409241""","=""8368646""","=""9748574""","=""7553309""",Personal fixed term loan,2020-12-11 00:00:00,50000.00,0.00,,0.00,61000.00,NGN,0,Open,2021-01-11 00:00:00,Performing
Murtala Mustafa,,Zawiyya area,,"=""8380144""","=""1749509""","=""163838826""",Personal fixed term loan,2019-09-01 00:00:00,1500.00,1725.00,,1725.00,1950.00,NGN,1461,Open,2019-10-02 00:00:00,Lost
JIBRIN TASIU USMAN,,15 CHURCH STREET ODOGUNYAN  Ikorodu Lagos State,,"=""8392040""","=""1792173""","=""393909327""",Personal fixed term loan,2019-09-06 00:00:00,15000.00,17250.00,,17250.00,19500.00,NGN,1456,Open,2019-10-07 00:00:00,Lost
ILESANMI TAIWO OLUWOLE,,NPF AKURE,"=""08038597050""","=""8409981""","=""1807568""","=""49250040""",Personal fixed term loan,2019-09-08 00:00:00,2500.00,2875.00,,2875.00,3250.00,NGN,1455,Open,2019-10-08 00:00:00,Lost
DAJA SAMINU MUSA,"=""22337270042""",GYADI GYADI BABBAN LAYI KANO  Tarauni Kano State,"=""23408066930510""","=""8417903""","=""6523092""","=""3150931389""",Personal fixed term loan,2020-12-16 00:00:00,50000.00,59900.00,,59900.00,64000.00,NGN,990,Open,2021-01-15 00:00:00,Lost
ANIEZE BENSON,"=""22250810679""",39LADEGA STREET ALABA ORO AJEGUNLE LAGOS,,"=""8449957""","=""23215082""","=""10745596""",Personal fixed term loan,2023-06-30 00:00:00,200000.00,0.00,,0.00,102200.00,NGN,0,Closed,2023-09-28 00:00:00,Performing
EFFIOK EFFIOK TOMMY,"=""22146885778""",8 COAST UFELI STR IKATE AJAH Eti Osa Lagos State,,"=""8502744""","=""8537510""","=""6320178956""",Personal fixed term loan,2022-01-05 00:00:00,250000.00,0.00,,0.00,38540.00,NGN,0,Closed,2023-01-02 00:00:00,Performing
AHMAD ABDURRAMAN,,A1 24 DANGE ROAD MABERA,,"=""8541241""","=""1840706""","=""162553867""",Personal fixed term loan,2019-09-11 00:00:00,1500.00,1725.00,,1725.00,1950.00,NGN,1452,Open,2019-10-11 00:00:00,Lost
OBAYOMI OLUWADAMILOLA DEBORAH,,22 Christ Foundation Street Yewande Giwa Bus Stop,"=""2347065844808""","=""8957985""","=""6285298""","=""5936823""",Personal fixed term loan,2022-02-17 00:00:00,50000.00,0.00,,0.00,65000.00,NGN,0,Closed,2022-04-05 00:00:00,Performing
OBAYOMI OLUWADAMILOLA DEBORAH,,22 Christ Foundation Street Yewande Giwa Bus Stop,"=""2347065844808""","=""8957985""","=""6285298""","=""6382023""",Personal fixed term loan,2022-04-05 00:00:00,30000.00,0.00,,0.00,22490.00,NGN,0,Closed,2022-06-06 00:00:00,Performing
Micheal Adedayo,"=""22282105796""",NO 13  BOYEDE OGUNTOYINBO STREET  O SISI QUARTERS  OKE IJ,"=""07033193354""","=""8440114""","=""524241""","=""4615861""",Personal fixed term loan,2021-09-13 00:00:00,200000.00,0.00,,0.00,38220.00,NGN,0,Closed,2022-06-10 00:00:00,Performing
Micheal Adedayo,"=""22282105796""",NO 13  BOYEDE OGUNTOYINBO STREET  O SISI QUARTERS  OKE IJ,"=""07033193354""","=""8440114""","=""524241""","=""9141447""",Personal fixed term loan,2023-01-11 00:00:00,15000.00,0.00,,0.00,19500.00,NGN,0,Closed,2023-02-10 00:00:00,Performing
Micheal Adedayo,"=""22282105796""",NO 13  BOYEDE OGUNTOYINBO STREET  O SISI QUARTERS  OKE IJ,"=""07033193354""","=""8440114""","=""524241""","=""9588143""",Personal fixed term loan,2023-03-06 00:00:00,17500.00,0.00,,0.00,22750.00,NGN,0,Closed,2023-04-05 00:00:00,Performing
ALIYU ABUBAKAR TSANGAYA,"=""22442023559""",6a elerinko ogo oluwa street gasline ijoko road ogun state,,"=""8447402""","=""10180032""","=""3139373825""",Personal fixed term loan,2020-12-13 00:00:00,15000.00,17830.00,,17830.00,19500.00,NGN,993,Open,2021-01-12 00:00:00,Lost
OMIREMI IDOWU,"=""22277395346""",AFRO MEDIA,"=""08035377387""","=""8473731""","=""8280117""","=""2013881102""",Personal fixed term loan,2020-09-12 00:00:00,5000.00,0.00,,0.00,6000.00,NGN,0,Open,2020-09-28 00:00:00,Performing
ESAU TOMA STELLA,"=""22250868614""",GODSPOWER EBITEI COMPOUND BEHIND FIRST BANK YENEZUE GENE Y,"=""2348030571579""","=""8477182""","=""42704070""","=""10057787""",Personal fixed term loan,2023-04-23 00:00:00,10000.00,0.00,,0.00,12700.00,NGN,0,Closed,2023-05-23 00:00:00,Performing
Abidemi Omotayo,,10 ALAFIA ESTATE OWODE APATA IBADAN Ido Oyo State,,"=""8520645""","=""699898""","=""2129548168""",Personal fixed term loan,2019-09-03 00:00:00,5000.00,5750.00,,5750.00,6250.00,NGN,1460,Open,2019-10-03 00:00:00,Lost
ISMAIL HARUNA USMAN,"=""22297419433""",NO 7 OLD STATION ROAD ITORI Ewekoro Ogun State,,"=""8531684""","=""8410388""","=""157562559""",Personal fixed term loan,2020-12-09 00:00:00,5000.00,0.00,,0.00,6000.00,NGN,0,Open,2020-12-24 00:00:00,Performing
BABAGANA WAKIL,"=""22367555449""",BORNO EMIRATE COUNCIL SHEHUS PALACE,,"=""8550232""","=""10068743""","=""1435021130""",Personal fixed term loan,2020-12-08 00:00:00,20000.00,0.00,,0.00,24000.00,NGN,0,Open,2020-12-23 00:00:00,Performing
BELLO MUMINI ADEKOLA,"=""22322464609""",24 MAJEOBAJE STREET IGANDO B STOPALIMOSHO,,"=""8570145""","=""8959287""","=""2251841964""",Personal fixed term loan,2021-01-12 00:00:00,10000.00,0.00,,0.00,13000.00,NGN,0,Open,2021-02-11 00:00:00,Performing
SADIQ SPAWA HASSAN,,MORTAGE AREA GUSAUGUSAUMORTAGE AREA GUSAU Gusau Zamfara St,"=""07032474001""","=""8578505""","=""1721031""","=""3026885191""",Personal fixed term loan,2019-08-29 00:00:00,1500.00,1725.00,,1725.00,1950.00,NGN,1463,Open,2019-09-30 00:00:00,Lost
ADENIYI OMOTUNDE,,IJAPO EXT AKURE,,"=""8644767""","=""762889""","=""10465940""",Personal fixed term loan,2023-06-01 00:00:00,20000.00,0.00,,0.00,25500.00,NGN,0,Closed,2023-07-01 00:00:00,Performing
ADENIYI OMOTUNDE,,IJAPO EXT AKURE,,"=""8644767""","=""762889""","=""9850146""",Personal fixed term loan,2023-04-03 00:00:00,5000.00,0.00,,0.00,6000.00,NGN,0,Closed,2023-04-18 00:00:00,Performing
SANI RABIU ALIYU,"=""22480360203""",NO 04 BUNKURE ROAD KINHINAU KADUNA,"=""07031895922""","=""8676905""","=""8154469""","=""3162712813""",Personal fixed term loan,2020-10-31 00:00:00,5000.00,6750.00,,6750.00,6000.00,NGN,1050,Open,2020-11-16 00:00:00,Lost
ADEMESO DAMILARE TOSIN,"=""22238795220""",59 LOWCOST PHASE 2 AKW BSID POWER OF GOD AKW Akwanga Nasar,"=""08136776626""","=""8794511""","=""6254541""","=""1919919""",Personal fixed term loan,2020-04-02 00:00:00,15000.00,0.00,,0.00,17250.00,NGN,0,Closed,2020-04-17 00:00:00,Performing
NSAN CHRIS ETIM,,1FOLASHADE STREET ABULE EKO Ikorodu Lagos State,"=""08136781916""","=""8968691""","=""1259042""","=""3053016195""",Personal fixed term loan,2020-12-07 00:00:00,80000.00,80700.00,,80700.00,19990.00,NGN,879,Open,2021-08-05 00:00:00,Lost
Olakunle Lawal Nurudeen,"=""22350922571""",1 SAM EWANG ROAD OFF MOSHOOD ABIOLA WAY ABEOK,,"=""8262353""","=""1054224""","=""9822189""",Personal fixed term loan,2023-03-31 00:00:00,100000.00,131100.00,,0.00,43700.00,NGN,0,Open,2023-07-03 00:00:00,Performing
Paschaline Amalachukwu,"=""22185995944""",Nigeria,,"=""8282584""","=""533651""","=""149729072""",Personal fixed term loan,2021-04-27 00:00:00,10000.00,0.00,,0.00,13000.00,NGN,0,Open,2021-07-26 00:00:00,Performing
Onuoha Chiemela,"=""22146909571""",Oke Odo Lagos Nigeria,"=""08035086370""","=""8304776""","=""764412""","=""10105166""",Personal fixed term loan,2023-04-27 00:00:00,100000.00,135600.00,,0.00,67800.00,NGN,0,Open,2023-06-26 00:00:00,Performing
Onuoha Chiemela,"=""22146909571""",Oke Odo Lagos Nigeria,"=""08035086370""","=""8304776""","=""764412""","=""2385606""",Personal fixed term loan,2020-09-01 00:00:00,45000.00,0.00,,0.00,50850.00,NGN,0,Closed,2020-10-01 00:00:00,Performing
Onuoha Chiemela,"=""22146909571""",Oke Odo Lagos Nigeria,"=""08035086370""","=""8304776""","=""764412""","=""6574329""",Personal fixed term loan,2022-04-26 00:00:00,25000.00,0.00,,0.00,32500.00,NGN,0,Closed,2022-06-25 00:00:00,Performing
Onuoha Chiemela,"=""22146909571""",Oke Odo Lagos Nigeria,"=""08035086370""","=""8304776""","=""764412""","=""7501278""",Personal fixed term loan,2022-07-30 00:00:00,45000.00,0.00,,0.00,56835.00,NGN,0,Closed,2022-09-12 00:00:00,Performing
AMOO BOLAJI OMOLARA,,NO 48 ODK STREEET ALAKIA ISEBO AREA IBADAN Egbeda Oyo Sta,"=""23408034925285""","=""8342530""","=""1548283""","=""3037240232""",Personal fixed term loan,2020-12-14 00:00:00,40000.00,0.00,,0.00,49600.00,NGN,0,Open,2021-01-13 00:00:00,Performing
HASSANA OKUTEPHA ABDULLAHI,"=""22386301014""",TWADA Nasarawa Kano State,"=""08065552967""","=""8378380""","=""10142489""","=""2263903177""",Personal fixed term loan,2020-12-11 00:00:00,15000.00,12040.00,,12040.00,19500.00,NGN,994,Open,2021-01-11 00:00:00,Lost
Abdullahi Abubakar,,PrimaryAddressLine1,,"=""8496018""","=""312676""","=""2703713017""",Personal fixed term loan,2020-12-27 00:00:00,5000.00,0.00,,0.00,6000.00,NGN,0,Open,2021-01-11 00:00:00,Performing
AYODELE AKINYEMI,"=""22183495206""",NO 19 ERA STR OKETORO IYIN EKITI,,"=""8531800""","=""553628""","=""7395413""",Personal fixed term loan,2022-07-19 00:00:00,5000.00,0.00,,0.00,6350.00,NGN,0,Closed,2022-08-18 00:00:00,Performing
AYODELE AKINYEMI,"=""22183495206""",NO 19 ERA STR OKETORO IYIN EKITI,,"=""8531800""","=""553628""","=""7571996""",Personal fixed term loan,2022-08-06 00:00:00,25000.00,0.00,,0.00,32500.00,NGN,0,Closed,2022-09-05 00:00:00,Performing
OKORIE ENDURANCE CHUKWUDI,"=""22337460807""",ACCESS BANK PLC PLOT 1665 OYIN JOLAYEMI STREET V ISLAND,,"=""8547090""","=""8013505""","=""10647613""",Personal fixed term loan,2023-06-20 00:00:00,50000.00,63000.00,,0.00,63000.00,NGN,0,Open,2023-07-20 00:00:00,Performing
OKORIE ENDURANCE CHUKWUDI,"=""22337460807""",ACCESS BANK PLC PLOT 1665 OYIN JOLAYEMI STREET V ISLAND,,"=""8547090""","=""8013505""","=""8424595""",Personal fixed term loan,2022-10-28 00:00:00,17500.00,0.00,,0.00,22225.00,NGN,0,Closed,2022-11-28 00:00:00,Performing
OKORIE ENDURANCE CHUKWUDI,"=""22337460807""",ACCESS BANK PLC PLOT 1665 OYIN JOLAYEMI STREET V ISLAND,,"=""8547090""","=""8013505""","=""9035584""",Personal fixed term loan,2022-12-30 00:00:00,50000.00,0.00,,0.00,63000.00,NGN,0,Closed,2023-01-30 00:00:00,Performing
RACHEAL DAMILOLA OKUNADE,,NO 35 WITH GOD HOSTEL BEHIND ORI ARE MOSQUE AJIBOD,"=""07034500750""","=""8590746""","=""40958077""","=""9943401""",Personal fixed term loan,2023-04-12 00:00:00,20000.00,0.00,,0.00,23140.00,NGN,0,Closed,2023-04-27 00:00:00,Performing
ETTO OBONG MARGARET EMMANUEL,"=""22174439310""",PALM VILLE ESTATEBY REMLEK BUS STOP BADORE,"=""09066998439""","=""8971054""","=""6551997""","=""5738286""",Personal fixed term loan,2022-01-26 00:00:00,150000.00,0.00,,0.00,40312.00,NGN,0,Closed,2023-03-02 00:00:00,Performing
Okoh Gabriel,,BLOCK 3A KTL KADUNA TEX LTD QTRS AKWABA ROAD BARNAWA KADUN,"=""08109152650""","=""8348059""","=""435933""","=""3069154851""",Personal fixed term loan,2019-11-26 00:00:00,15000.00,0.00,,0.00,19500.00,NGN,0,Closed,2019-12-27 00:00:00,Performing
Okoh Gabriel,,BLOCK 3A KTL KADUNA TEX LTD QTRS AKWABA ROAD BARNAWA KADUN,"=""08109152650""","=""8348059""","=""435933""","=""544990174""",Personal fixed term loan,2020-01-17 00:00:00,30000.00,27048.00,,27048.00,37500.00,NGN,1323,Open,2020-02-17 00:00:00,Lost
SURAJO IBRAHIM,,RESID OF MALAM IBRAHIM MARERANA AREA BUNGUDU Bungudu Zamfa,,"=""8377305""","=""1762658""","=""251702815""",Personal fixed term loan,2019-10-28 00:00:00,1500.00,1725.00,,1725.00,1870.00,NGN,1405,Open,2019-11-27 00:00:00,Lost
IGE SAMUEL JESULAYOMI,"=""22392599818""",Oyo Rd Ibadan Nigeria,"=""08169871235""","=""8407440""","=""10232373""","=""179289960""",Personal fixed term loan,2021-01-16 00:00:00,5000.00,0.00,,0.00,6000.00,NGN,0,Open,2021-02-01 00:00:00,Performing
WURAOLA FUNMILAYO OLOWOKERE,"=""22449998830""",Adjacent Ifeolu Medican Center Iju Akure North ondo Sta,,"=""8427211""","=""6714936""","=""96385327""",Personal fixed term loan,2020-06-29 00:00:00,15000.00,23220.00,,23220.00,6990.00,NGN,1160,Open,2020-09-28 00:00:00,Lost
OLUWAMUYIWA OMOYENI OLADUNNI,,FLAT 14A OGD HOUSING ESTATE SANGO OOTA Ado Odo Ota Ogun S,,"=""8480019""","=""1480633""","=""364370936""",Personal fixed term loan,2019-07-20 00:00:00,5000.00,0.00,,0.00,6500.00,NGN,0,Open,2019-08-19 00:00:00,Performing
morufat Temitope,,6 MUKAILA OJELABI CLOSE OLADAPO BSTOP ISUTI RD IGANDO LAGO,"=""08025948868""","=""8496799""","=""1344479""","=""123597329""",Personal fixed term loan,2020-12-01 00:00:00,25000.00,0.00,,0.00,32500.00,NGN,0,Open,2020-12-31 00:00:00,Performing
Kingsley Temidayo,"=""22244711030""",34 CATHOLIC CHURCH ROAD CHIKA OFF AIRPORT ROAD A Abuja Mun,"=""8034548662""","=""8535724""","=""772656""","=""10171304""",Personal fixed term loan,2023-05-04 00:00:00,15000.00,0.00,,0.00,19500.00,NGN,0,Closed,2023-06-03 00:00:00,Performing
Kingsley Temidayo,"=""22244711030""",34 CATHOLIC CHURCH ROAD CHIKA OFF AIRPORT ROAD A Abuja Mun,"=""8034548662""","=""8535724""","=""772656""","=""10254254""",Personal fixed term loan,2023-05-12 00:00:00,15000.00,0.00,,0.00,18225.00,NGN,0,Closed,2023-05-27 00:00:00,Performing
Kingsley Temidayo,"=""22244711030""",34 CATHOLIC CHURCH ROAD CHIKA OFF AIRPORT ROAD A Abuja Mun,"=""8034548662""","=""8535724""","=""772656""","=""10635136""",Personal fixed term loan,2023-06-18 00:00:00,15000.00,0.00,,0.00,18225.00,NGN,0,Closed,2023-07-03 00:00:00,Performing
Kingsley Temidayo,"=""22244711030""",34 CATHOLIC CHURCH ROAD CHIKA OFF AIRPORT ROAD A Abuja Mun,"=""8034548662""","=""8535724""","=""772656""","=""6169336""",Personal fixed term loan,2022-03-14 00:00:00,7500.00,0.00,,0.00,9750.00,NGN,0,Closed,2022-04-13 00:00:00,Performing
AJALA ADEOLA SUNDAY,"=""22315577521""",LAWYER OLUWOLES HOUSE AVACOM,,"=""8557801""","=""2452965""","=""141589890""",Personal fixed term loan,2020-01-06 00:00:00,2500.00,0.00,,0.00,3120.00,NGN,0,Open,2020-02-05 00:00:00,Performing
ADEDIWIN THOMAS ADEOLU,"=""22168195880""",NO 18 BROWN ROAD AGUDA SURULERE,"=""08028025430""","=""8588553""","=""2179273""","=""5611686""",Personal fixed term loan,2022-01-11 00:00:00,50000.00,0.00,,0.00,62450.00,NGN,0,Open,2022-02-25 00:00:00,Performing
AKINLONU AYORINDE DAMILOLA,"=""22281290147""",PrimaryAddressLine1,"=""08067891791""","=""8882723""","=""41670214""","=""10649912""",Personal fixed term loan,2023-06-20 00:00:00,20000.00,24600.00,,0.00,24600.00,NGN,0,Open,2023-07-20 00:00:00,Performing
USMAN ASIYA BAKINKASUWA,,DUTSIN AMARE behind primary schoolKATSINA KERAU AREA KST,,"=""8969363""","=""1814289""","=""3053211660""",Personal fixed term loan,2019-09-09 00:00:00,10000.00,11500.00,,11500.00,13000.00,NGN,1454,Open,2019-10-09 00:00:00,Lost
MADUKA CHINWENDU,"=""22287960981""",TRINITY COLLEGE AFARA Umuahia South Abia State,"=""07055007833""","=""8274731""","=""1541924""","=""3020147620""",Personal fixed term loan,2019-08-28 00:00:00,1500.00,0.00,,0.00,1950.00,NGN,0,Closed,2019-09-27 00:00:00,Performing
ABE FOLASADE DORIS,"=""22242826444""",Plot2627Apeju StreetOba Ile,"=""08038184891""","=""8295809""","=""10684830""","=""3028407548""",Personal fixed term loan,2021-01-11 00:00:00,5000.00,0.00,,0.00,6500.00,NGN,0,Open,2021-02-10 00:00:00,Performing
OLOGOMETA IFEDAYO LAWRENCE,"=""22208456753""",340283 Akure Nigeria,"=""08033525852""","=""8336517""","=""5955376""","=""2020876508""",Personal fixed term loan,2022-10-24 00:00:00,400000.00,0.00,,0.00,65000.00,NGN,0,Closed,2023-10-19 00:00:00,Performing
OLOGOMETA IFEDAYO LAWRENCE,"=""22208456753""",340283 Akure Nigeria,"=""08033525852""","=""8336517""","=""5955376""","=""4926064""",Personal fixed term loan,2021-10-23 00:00:00,200000.00,0.00,,0.00,29330.00,NGN,0,Closed,2022-11-02 00:00:00,Performing
OLOGOMETA IFEDAYO LAWRENCE,"=""22208456753""",340283 Akure Nigeria,"=""08033525852""","=""8336517""","=""5955376""","=""8380274""",Personal fixed term loan,2022-10-24 00:00:00,400000.00,0.00,,0.00,65000.00,NGN,0,Closed,2023-10-19 00:00:00,Performing
ABUBAKAR NAFISAT MORENIKEJI,"=""22420625982""",Alapata Compound Ilorin Kwara State,,"=""8408785""","=""16014148""","=""235609994""",Personal fixed term loan,2022-01-08 00:00:00,300000.00,0.00,,0.00,220490.00,NGN,0,Open,2022-03-09 00:00:00,Performing
ABIMBOLA TAOFEEK,"=""22267006090""",FORMAR MIMIS COPN YENEZUEGENE BAYELSA,"=""23408059131917""","=""8495404""","=""41271569""","=""9902217""",Personal fixed term loan,2023-04-08 00:00:00,35000.00,25509.00,,25509.00,40250.00,NGN,11,Open,2023-04-23 00:00:00,Watchlist
MALIK ISTIFANUS,"=""22359239487""",NO 62 MAKAMA STREET MALALI KADUNA Kaduna North Kaduna Stat,,"=""8511933""","=""6194386""","=""1767064""",Personal fixed term loan,2020-03-07 00:00:00,2500.00,0.00,,0.00,2870.00,NGN,0,Closed,2020-03-23 00:00:00,Performing
MALIK ISTIFANUS,"=""22359239487""",NO 62 MAKAMA STREET MALALI KADUNA Kaduna North Kaduna Stat,,"=""8511933""","=""6194386""","=""198899278""",Personal fixed term loan,2020-03-07 00:00:00,2500.00,0.00,,0.00,2870.00,NGN,0,Closed,2020-03-23 00:00:00,Performing
UTTAH AWASHIMA MARIETTA,"=""22221821293""",NO 157 KEY STONE STREET G R A GBOKO,"=""08065275006""","=""8641671""","=""34832062""","=""3047402289""",Personal fixed term loan,2022-05-05 00:00:00,350000.00,0.00,,0.00,74667.00,NGN,0,Closed,2022-11-01 00:00:00,Performing
BANKOLE AMINAT ABIODUN,"=""22419354189""",18 Obafemi Ajayi St Idi Araba Lagos Nigeria,"=""08163352019""","=""8691190""","=""6216402""","=""5736689""",Personal fixed term loan,2022-01-26 00:00:00,10000.00,0.00,,0.00,12500.00,NGN,0,Closed,2022-02-10 00:00:00,Performing
AKANDE OLUWATOYIN TITILOPE,"=""22344847178""",16 ILEJE STR BEHIND THE POLICE STATION UMUNEDE Ika North,,"=""8708273""","=""2003748""","=""37009507""",Personal fixed term loan,2020-09-07 00:00:00,5000.00,0.00,,0.00,6000.00,NGN,0,Open,2020-09-22 00:00:00,Performing
Oyewusi Tope Adewole,"=""22277821320""",NO 6 ITEDO OLUWA STREET ILUDUN OSOGBO Osogbo Osun State,,"=""8912080""","=""2564958""","=""2033765334""",Personal fixed term loan,2021-03-25 00:00:00,15000.00,0.00,,0.00,16500.00,NGN,0,Open,2021-03-05 00:00:00,Performing
IKUESAN OLUWOLE OLALEKAN,"=""22203607444""",5 MAJOR THOMPSON STR SABO AREA Shagamu O,"=""08167803539""","=""8990427""","=""6781134""","=""5046040""",Personal fixed term loan,2021-11-04 00:00:00,5000.00,0.00,,0.00,5000.00,NGN,0,Closed,2021-11-19 00:00:00,Performing
OGUNDUBOYE OLATUNJI JAMES,"=""22173661440""",Waec area alekuwodo Osogbo Osun state,"=""234703109275""","=""9043154""","=""848143""","=""2272040123""",Personal fixed term loan,2020-08-25 00:00:00,5000.00,0.00,,0.00,6000.00,NGN,0,Open,2020-09-09 00:00:00,Performing
WISDOM ENYOGHASU,"=""22151379808""",7 alhaji adebola street olodi apapa Ajeromi,,"=""8294383""","=""703596""","=""9521530""",Personal fixed term loan,2023-02-26 00:00:00,17500.00,0.00,,0.00,26258.00,NGN,0,Closed,2023-03-13 00:00:00,Performing
WISDOM ENYOGHASU,"=""22151379808""",7 alhaji adebola street olodi apapa Ajeromi,,"=""8294383""","=""703596""","=""9590683""",Personal fixed term loan,2023-03-06 00:00:00,22500.00,0.00,,0.00,55433.00,NGN,0,Closed,2023-03-21 00:00:00,Performing
WISDOM ENYOGHASU,"=""22151379808""",7 alhaji adebola street olodi apapa Ajeromi,,"=""8294383""","=""703596""","=""9725822""",Personal fixed term loan,2023-03-21 00:00:00,22500.00,0.00,,0.00,35490.00,NGN,0,Closed,2023-04-05 00:00:00,Performing
WISDOM ENYOGHASU,"=""22151379808""",7 alhaji adebola street olodi apapa Ajeromi,,"=""8294383""","=""703596""","=""9910429""",Personal fixed term loan,2023-04-09 00:00:00,17500.00,0.00,,0.00,19967.50,NGN,0,Closed,2023-04-24 00:00:00,Performing
WISDOM ENYOGHASU,"=""22151379808""",7 alhaji adebola street olodi apapa Ajeromi,,"=""8294383""","=""703596""","=""9968974""",Personal fixed term loan,2023-04-14 00:00:00,45000.00,32440.00,,0.00,34210.00,NGN,0,Open,2023-05-29 00:00:00,Performing
RICHARD RICHARD,"=""22153499117""",KILOMETER 3 IGBO ETCHE ROAD,,"=""8363814""","=""74854""","=""39865697""",,2021-10-07 00:00:00,500000.00,0.00,,0.00,76071.00,NGN,0,Closed,2023-03-06 00:00:00,Performing
ONIFADE BABATUNDE ROTIMI,"=""22172568397""",Lugbe Abuja Nigeria,"=""08151641655""","=""8453492""","=""4285743""","=""18102801""",Personal fixed term loan,2021-09-25 00:00:00,500000.00,0.00,,0.00,75302.00,NGN,0,Closed,2022-09-23 00:00:00,Performing
babatunde samson,"=""22346182576""",E15ROAD 12PHASE IIFEDERAL HOUSING AUTHORITY LUGBE,,"=""8482006""","=""575470""","=""7276686""",Personal fixed term loan,2022-07-07 00:00:00,5000.00,0.00,,0.00,5750.00,NGN,0,Closed,2022-07-22 00:00:00,Performing
SANI YAU,"=""22225734814""",INEC OFFICE KANO,"=""08065993486""","=""8493102""","=""10358893""","=""1011635366""",Personal fixed term loan,2020-12-18 00:00:00,10000.00,0.00,,0.00,12700.00,NGN,0,Open,2021-01-18 00:00:00,Performing
OLALEYE OLUWASEUN OLANREWAJU,"=""22148875858""",No 14 Abiodun atiba road kosobo,"=""08064250843""","=""8558873""","=""10055570""","=""121907063""",Personal fixed term loan,2020-12-07 00:00:00,10000.00,0.00,,0.00,13000.00,NGN,0,Open,2021-01-06 00:00:00,Performing
OSUJI BENEDICTH OGECHI,"=""22292996256""",75 ISUTI ROAD EGAN ALIMOSHO LAGOS,"=""08068822867""","=""8610651""","=""13084928""","=""26316302""",Personal fixed term loan,2021-06-03 00:00:00,225000.00,30000.00,,30000.00,149960.00,NGN,36,Open,2021-08-02 00:00:00,Sub standard
BAKARE ABIDEMI AMINAT,"=""22426484088""",105 Old Otta Road Moshalahi Alagbado Lagos,"=""2349077216296""","=""8676129""","=""6136390""","=""1783377""",Personal fixed term loan,2020-03-09 00:00:00,1500.00,0.00,,0.00,1950.00,NGN,0,Closed,2020-04-08 00:00:00,Performing
BAKARE ABIDEMI AMINAT,"=""22426484088""",105 Old Otta Road Moshalahi Alagbado Lagos,"=""2349077216296""","=""8676129""","=""6136390""","=""2094997169""",Personal fixed term loan,2020-03-09 00:00:00,1500.00,0.00,,0.00,1950.00,NGN,0,Closed,2020-04-08 00:00:00,Performing
OREKOYA ADESHOLA OLUWABUNMI,"=""22370916426""",Nigeria,,"=""8686132""","=""6356783""","=""127071625""",Personal fixed term loan,2020-08-03 00:00:00,20000.00,0.00,,0.00,26000.00,NGN,0,Closed,2020-09-02 00:00:00,Performing
OREKOYA ADESHOLA OLUWABUNMI,"=""22370916426""",Nigeria,,"=""8686132""","=""6356783""","=""2259319""",Personal fixed term loan,2020-08-03 00:00:00,20000.00,0.00,,0.00,26000.00,NGN,0,Closed,2020-09-02 00:00:00,Performing
EBIWARE DALVIN EBIBOLOUKEMI,,FLAT 21 EL SALAM ESTATE LUGBE ABUJA Municipal Area Counci,"=""2348096574120""","=""9055501""","=""11017363""","=""4213000753""",Personal fixed term loan,2021-01-29 00:00:00,10000.00,0.00,,0.00,13000.00,NGN,0,Open,2021-03-01 00:00:00,Performing
OLALEYE OLARENWAJU JOEL,"=""22230508046""",6 SIJUWADE STREET AKURE  Akure South Ondo State,"=""08035651648""","=""8286289""","=""6404747""","=""3315221011""",Personal fixed term loan,2020-05-19 00:00:00,5000.00,0.00,,0.00,5750.00,NGN,0,Closed,2020-06-03 00:00:00,Performing
ALLI SIKIRU AKINDELE,"=""22145470124""",Nigeria,"=""08039495315""","=""8311927""","=""8007062""","=""3716348""",Personal fixed term loan,2021-05-12 00:00:00,15000.00,0.00,,0.00,19500.00,NGN,0,Closed,2021-06-11 00:00:00,Performing
ALLI SIKIRU AKINDELE,"=""22145470124""",Nigeria,"=""08039495315""","=""8311927""","=""8007062""","=""76879743""",Personal fixed term loan,2021-01-30 00:00:00,5000.00,0.00,,0.00,6000.00,NGN,0,Open,2021-02-15 00:00:00,Performing
ALLI SIKIRU AKINDELE,"=""22145470124""",Nigeria,"=""08039495315""","=""8311927""","=""8007062""","=""8127161""",,2022-09-29 00:00:00,10000.00,0.00,,0.00,12000.00,NGN,0,Closed,2022-10-14 00:00:00,Performing
ALLI SIKIRU AKINDELE,"=""22145470124""",Nigeria,"=""08039495315""","=""8311927""","=""8007062""","=""8390577""",Personal fixed term loan,2022-10-25 00:00:00,7500.00,0.00,,0.00,9375.00,NGN,0,Closed,2022-11-09 00:00:00,Performing
Lawal Abba,"=""22260013226""",Use Offot Uyo Nigeria,"=""08038897559""","=""8365173""","=""8439710""","=""21349064""",Personal fixed term loan,2020-09-03 00:00:00,5000.00,0.00,,0.00,5750.00,NGN,0,Open,2020-09-18 00:00:00,Performing
Ibraheem Badmus,"=""22394499936""",Not Available,,"=""8371908""","=""653942""","=""7126281""",,2022-06-23 00:00:00,7500.00,0.00,,0.00,9525.00,NGN,0,Closed,2022-07-25 00:00:00,Performing
Gabriel Abraham,"=""22371476572""",10 Olaifa Street Buckner Estate Isolo,,"=""8378775""","=""1536438""","=""2190248516""",Personal fixed term loan,2020-05-31 00:00:00,2500.00,0.00,,0.00,3050.00,NGN,0,Closed,2020-06-30 00:00:00,Performing
Chinonso Daniel,"=""22168609413""",CALVARY COLLEGE OF THEOLOGY RUKPOKWU29 AIRPRT RD RSTATE Ob,"=""08065466253""","=""8406604""","=""633262""","=""40062720""",Personal fixed term loan,2020-10-20 00:00:00,25000.00,36250.00,,36250.00,32500.00,NGN,1047,Open,2020-11-19 00:00:00,Lost
NURA FAISAL,"=""22453592956""",NO 566 ZANGO KANO STATE KOFARMATA KANO Kano Municipal Kano,,"=""8439007""","=""4186010""","=""257122583""",Personal fixed term loan,2020-03-02 00:00:00,2500.00,0.00,,0.00,3120.00,NGN,0,Closed,2020-04-01 00:00:00,Performing
INUWA GAMBO,"=""22467190911""",PrimaryAddressLine1,,"=""8441130""","=""10239376""","=""784163355""",Personal fixed term loan,2020-12-15 00:00:00,50000.00,50888.00,,50888.00,64000.00,NGN,991,Open,2021-01-14 00:00:00,Lost
ADENIJI IBRAHIM OLAWALE,"=""22162626588""",30 OLORUNTOYIN STREET,"=""08025034846""","=""8519278""","=""558761""","=""7666291""",Personal fixed term loan,2022-08-15 00:00:00,35000.00,0.00,,0.00,44100.00,NGN,0,Closed,2022-09-14 00:00:00,Performing
ADENIJI IBRAHIM OLAWALE,"=""22162626588""",30 OLORUNTOYIN STREET,"=""08025034846""","=""8519278""","=""558761""","=""8072862""",,2022-09-23 00:00:00,25000.00,0.00,,0.00,32500.00,NGN,0,Closed,2022-10-24 00:00:00,Performing
OGUNLEYE MUIDEEN ISHOLA,"=""22187255165""",3 OFF OROYINYIN STREET TANKE BUBUILORINKwara State,"=""09020950901""","=""8767694""","=""22187255165""","=""FMSME00346""",,2022-03-22 00:00:00,1500000.00,,,,550813.00,NGN,0,Closed,2022-06-20 00:00:00,Performing
AYAUWO FESTUS J,,Agip  Rd,"=""08068877186""","=""8855615""","=""1851180""","=""71140071""",Personal fixed term loan,2020-08-13 00:00:00,20000.00,0.00,,0.00,25400.00,NGN,0,Closed,2020-09-14 00:00:00,Performing
Taiwo Okunola,"=""22476890491""",NO 2 AJAPE STREET ILE EPO Alimosho Lagos State,,"=""8906206""","=""6711493""","=""6711493""",Personal fixed term loan,2022-01-22 00:00:00,15000.00,,,0.00,7740.00,NGN,0,Open,2022-04-22 00:00:00,Performing
OLADIPUPO OLATUNJI EMMANUEL,"=""22152315894""",27 IGI OLUGBIN STREET BARIGA LAGOS,"=""08022719888""","=""9070875""","=""6870908""","=""2110537092""",Personal fixed term loan,2021-10-30 00:00:00,20000.00,0.00,,0.00,11990.00,NGN,0,Open,2021-12-29 00:00:00,Performing
Ebiyemi Blankson,"=""22241671041""",EKEHUAN ROAD BY UNIVERSITY OF BENIN CAMPUS BENIN CITY Ore,,"=""8261648""","=""649103""","=""6172830963""",Personal fixed term loan,2019-12-09 00:00:00,2500.00,0.00,,0.00,3250.00,NGN,0,Open,2020-01-08 00:00:00,Performing
Daniel Jeremiah,"=""22220384379""",GOSHENLAND STREET BESIDE GOSHEN CHURCH MABA TOWN Obafemi O,,"=""8372787""","=""1824426""","=""3093227176""",Personal fixed term loan,2020-03-08 00:00:00,2500.00,0.00,,0.00,3050.00,NGN,0,Open,2020-04-07 00:00:00,Performing
Bankole Ayomide,"=""22395326114""",13 oke ode street igbogila,"=""07063279397""","=""8374759""","=""5710598""","=""1599961""",Personal fixed term loan,2020-02-14 00:00:00,15000.00,0.00,,0.00,19500.00,NGN,0,Closed,2020-03-16 00:00:00,Performing
Ekpo Martha,,ROAD 54 FLAT 62 VGC AJAH Eti Osa Lagos State,,"=""8475868""","=""532411""","=""233940""",Personal fixed term loan,2019-05-20 00:00:00,2500.00,0.00,,0.00,2870.00,NGN,,Closed,2019-06-04 00:00:00,Performing
Ekpo Martha,,ROAD 54 FLAT 62 VGC AJAH Eti Osa Lagos State,,"=""8475868""","=""532411""","=""27801238""",Personal fixed term loan,2019-05-20 00:00:00,2500.00,0.00,,0.00,2870.00,NGN,0,Closed,2019-06-04 00:00:00,Performing
Baura Sanusi,,28 BYE PASS ROAD GIDADARI GUSAU AREA OPP EGALA QUARTERS Gu,,"=""8480112""","=""1830604""","=""212352738""",Personal fixed term loan,2019-09-10 00:00:00,15000.00,17250.00,,17250.00,19500.00,NGN,1453,Open,2019-10-10 00:00:00,Lost
Roseline Folagbade,"=""22319755165""",NO 1 OREMEJI STREET AGBOJU  AmuwoOdofin Lagos State,,"=""8481133""","=""6244833""","=""1784561""",Personal fixed term loan,2020-03-10 00:00:00,10000.00,0.00,,0.00,13000.00,NGN,0,Closed,2020-04-09 00:00:00,Performing
Roseline Folagbade,"=""22319755165""",NO 1 OREMEJI STREET AGBOJU  AmuwoOdofin Lagos State,,"=""8481133""","=""6244833""","=""3070885366""",Personal fixed term loan,2020-03-10 00:00:00,10000.00,0.00,,0.00,13000.00,NGN,0,Closed,2020-04-09 00:00:00,Performing
Titilayo Lydia,,ENGLAND EMBASSY KWARA POLY ARA VILLAGE ILORIN Ikorodu Lago,,"=""8494802""","=""922973""","=""2110498683""",Personal fixed term loan,2020-03-03 00:00:00,2500.00,0.00,,0.00,3120.00,NGN,0,Closed,2020-04-02 00:00:00,Performing
JOHNSON UTIEYIN ISAIAH,"=""22178253349""",17 ISAIAH ROAD UBEJI WARRI Warri South Delt,"=""23408025880170""","=""8576475""","=""7480465""","=""2030397769""",Personal fixed term loan,2022-08-22 00:00:00,400000.00,0.00,,0.00,167067.00,NGN,0,Closed,2022-11-21 00:00:00,Performing
OGUNSANMI SERIFAT ELIZABETH,,Iloti Ijebu Ode Express Road  Ijebu Ode Ogun State,"=""07067894876""","=""8643009""","=""8043473""","=""3054798884""",Personal fixed term loan,2020-12-06 00:00:00,20000.00,19314.00,,19314.00,26000.00,NGN,1000,Open,2021-01-05 00:00:00,Lost
PROPHET OLALEYE TUNDE,,16OLOYEDE STREET DADA ESTATE OSOGBO Osogbo Osun State,,"=""8671889""","=""1180172""","=""35960192""",Personal fixed term loan,2019-05-01 00:00:00,2500.00,0.00,,0.00,2870.00,NGN,0,Open,2019-05-16 00:00:00,Performing
AFOLABI SARAFA OLUWADARE,"=""22169642985""",SW81263IMALEFALAFIAOKEADO Oluyole OYO State,"=""08099370906""","=""8883116""","=""4695436""","=""30357304""",Personal fixed term loan,2020-02-25 00:00:00,25000.00,0.00,,0.00,31250.00,NGN,0,Open,2020-03-26 00:00:00,Performing
BANGO GALION PELAMI,"=""22241625105""",P81 TAMBARI HOUSING ESTATE BAUCHI Bauchi Bauchi State,"=""2348034656379""","=""9067056""","=""11519797""","=""117224053""",Personal fixed term loan,2021-02-22 00:00:00,50000.00,0.00,,0.00,28750.00,NGN,0,Closed,2021-04-23 00:00:00,Performing
ONYEBIBILE FORTUNE C,"=""22356305462""",PLOT 456 ZONE 5 AREA L WORLD BANK HOUSING ESTATE NEW OWER,"=""08066323861""","=""9072621""","=""10151640""","=""43627348""",Personal fixed term loan,2020-12-20 00:00:00,5000.00,0.00,,0.00,6000.00,NGN,0,Open,2021-01-04 00:00:00,Performing
Derick Agbabuokhai,"=""22251331407""",8 OKPOKWIRI QUARTERS AUCHI,,"=""8294783""","=""42671004""","=""10047109""",Personal fixed term loan,2023-04-22 00:00:00,20000.00,25000.00,,0.00,25000.00,NGN,0,Open,2023-05-22 00:00:00,Performing
Ibrahim Abdullahi,"=""22462191797""",UNGUWAR JIBRIN TWD Tudun Wada Kano State,,"=""8476649""","=""685401""","=""2965246""",Personal fixed term loan,2020-12-20 00:00:00,10000.00,0.00,,0.00,7190.00,NGN,0,Closed,2021-02-18 00:00:00,Performing
Onyeka Eugene,"=""22183367655""",EYEFIA JOHN FRANKS COMPOUND,"=""08135388983""","=""8484712""","=""710540""","=""7348875""",Personal fixed term loan,2022-07-15 00:00:00,5000.00,0.00,,0.00,5750.00,NGN,0,Closed,2022-08-01 00:00:00,Performing
Onyeka Eugene,"=""22183367655""",EYEFIA JOHN FRANKS COMPOUND,"=""08135388983""","=""8484712""","=""710540""","=""7508474""",Personal fixed term loan,2022-07-31 00:00:00,35000.00,0.00,,0.00,44555.00,NGN,0,Closed,2022-08-30 00:00:00,Performing
Onyeka Eugene,"=""22183367655""",EYEFIA JOHN FRANKS COMPOUND,"=""08135388983""","=""8484712""","=""710540""","=""7803768""",Personal fixed term loan,2022-08-28 00:00:00,100000.00,0.00,,0.00,51467.00,NGN,0,Closed,2022-11-28 00:00:00,Performing
Oluwakemi Elizabeth,"=""22267473591""",3 WOLE OGUNDIMU STREET AMOLASO,"=""2348167647808""","=""8513383""","=""783984""","=""4857196""",Personal fixed term loan,2021-10-14 00:00:00,70000.00,0.00,,0.00,16330.00,NGN,0,Closed,2022-07-11 00:00:00,Performing
Oluwakemi Elizabeth,"=""22267473591""",3 WOLE OGUNDIMU STREET AMOLASO,"=""2348167647808""","=""8513383""","=""783984""","=""6650023""",Personal fixed term loan,2022-05-04 00:00:00,90000.00,0.00,,0.00,45660.00,NGN,0,Closed,2022-08-02 00:00:00,Performing
Oluwakemi Elizabeth,"=""22267473591""",3 WOLE OGUNDIMU STREET AMOLASO,"=""2348167647808""","=""8513383""","=""783984""","=""7717734""",Personal fixed term loan,2022-08-20 00:00:00,120000.00,0.00,,0.00,41064.00,NGN,0,Closed,2023-01-31 00:00:00,Performing
Oluwakemi Elizabeth,"=""22267473591""",3 WOLE OGUNDIMU STREET AMOLASO,"=""2348167647808""","=""8513383""","=""783984""","=""9380541""",Personal fixed term loan,2023-02-08 00:00:00,60000.00,0.00,,0.00,29200.00,NGN,0,Closed,2023-10-29 00:00:00,Performing
AJAYI OLUWATOYIN RONKE,,S6B956B BALARO STREET ACADEMY AREA IBADAN  Ibadan SouthEas,,"=""8557176""","=""1808348""","=""74176723""",Personal fixed term loan,2019-09-08 00:00:00,2500.00,2875.00,,2875.00,3250.00,NGN,1455,Open,2019-10-08 00:00:00,Lost
LATEEF OLAIDE AHMED,"=""22279286912""",Iju 101232 Lagos Nigeria,,"=""8558112""","=""3457641""","=""3023988672""",Personal fixed term loan,2020-03-10 00:00:00,10000.00,0.00,,0.00,11500.00,NGN,0,Closed,2020-03-25 00:00:00,Performing
OYALADE BABTUNDE MONSURU,"=""22164279386""",PLOT 2 OLASUPO L OUT CHS OLOSAN ODO ONA ELEWE IB Oluyole O,"=""08023044844""","=""8611051""","=""8011133""","=""5019452""",Personal fixed term loan,2021-11-02 00:00:00,80000.00,0.00,,0.00,21458.00,NGN,0,Closed,2022-08-29 00:00:00,Performing
AYO OKUNSEINDE OLUFEMI,"=""22344117044""",73 ENU OWA STREET IDUMOTA,,"=""8626257""","=""1482140""","=""18207315""",Personal fixed term loan,2019-10-13 00:00:00,2500.00,0.00,,0.00,3120.00,NGN,0,Open,2019-11-12 00:00:00,Performing
OKEKE MAUREEN AYUBE,"=""22251291673""",House 246921roadoff 69 roadadkan estategwarinpaAbuja,"=""08121770476""","=""8736668""","=""1918261""","=""680187""",Personal fixed term loan,2019-09-19 00:00:00,10000.00,0.00,,0.00,11500.00,NGN,0,Closed,2019-10-04 00:00:00,Performing
NKANU SUNDAY JOHN,,MAILINGADD1,"=""08166992770""","=""8966793""","=""34946675""","=""10075989""",Personal fixed term loan,2023-04-25 00:00:00,40000.00,50600.00,,0.00,50600.00,NGN,0,Open,2023-05-25 00:00:00,Performing
ADEBAJO KEHINDE SURAJ,"=""22243387559""",PrimaryAddressLine1,"=""08022489786""","=""9105739""","=""24189058""","=""10047369""",Personal fixed term loan,2023-04-22 00:00:00,100000.00,0.00,,0.00,50667.00,NGN,0,Closed,2023-07-21 00:00:00,Performing
OLADIMEJI DAYO,"=""22329257000""",42 Otorho Roag Ogharefe Oghara,"=""2348034271336""","=""8754251""","=""7386507""","=""10403590""",Personal fixed term loan,2023-05-26 00:00:00,40000.00,0.00,,0.00,47880.00,NGN,0,Closed,2023-06-10 00:00:00,Performing
OLADIMEJI DAYO,"=""22329257000""",42 Otorho Roag Ogharefe Oghara,"=""2348034271336""","=""8754251""","=""7386507""","=""5687051""",Personal fixed term loan,2022-01-21 00:00:00,150000.00,0.00,,0.00,106940.00,NGN,0,Closed,2022-05-18 00:00:00,Performing
OLADIMEJI DAYO,"=""22329257000""",42 Otorho Roag Ogharefe Oghara,"=""2348034271336""","=""8754251""","=""7386507""","=""6745273""",Personal fixed term loan,2022-05-14 00:00:00,200000.00,0.00,,0.00,103467.00,NGN,0,Closed,2022-10-15 00:00:00,Performing
OLADIMEJI DAYO,"=""22329257000""",42 Otorho Roag Ogharefe Oghara,"=""2348034271336""","=""8754251""","=""7386507""","=""8457183""",Personal fixed term loan,2022-11-01 00:00:00,10000.00,0.00,,0.00,12000.00,NGN,0,Closed,2022-11-16 00:00:00,Performing
OLADIMEJI DAYO,"=""22329257000""",42 Otorho Roag Ogharefe Oghara,"=""2348034271336""","=""8754251""","=""7386507""","=""8627188""",Personal fixed term loan,2022-11-18 00:00:00,10000.00,0.00,,0.00,12000.00,NGN,0,Closed,2022-12-05 00:00:00,Performing
OLADIMEJI DAYO,"=""22329257000""",42 Otorho Roag Ogharefe Oghara,"=""2348034271336""","=""8754251""","=""7386507""","=""8776200""",Personal fixed term loan,2022-12-03 00:00:00,10000.00,0.00,,0.00,12000.00,NGN,0,Closed,2022-12-19 00:00:00,Performing
OLADIMEJI DAYO,"=""22329257000""",42 Otorho Roag Ogharefe Oghara,"=""2348034271336""","=""8754251""","=""7386507""","=""8942036""",Personal fixed term loan,2022-12-20 00:00:00,10000.00,0.00,,0.00,12000.00,NGN,0,Closed,2023-01-04 00:00:00,Performing
OLADIMEJI DAYO,"=""22329257000""",42 Otorho Roag Ogharefe Oghara,"=""2348034271336""","=""8754251""","=""7386507""","=""9087691""",Personal fixed term loan,2023-01-05 00:00:00,10000.00,0.00,,0.00,12000.00,NGN,0,Closed,2023-01-20 00:00:00,Performing
OLADIMEJI DAYO,"=""22329257000""",42 Otorho Roag Ogharefe Oghara,"=""2348034271336""","=""8754251""","=""7386507""","=""9214512""",Personal fixed term loan,2023-01-20 00:00:00,10000.00,0.00,,0.00,12000.00,NGN,0,Closed,2023-02-06 00:00:00,Performing
OLADIMEJI DAYO,"=""22329257000""",42 Otorho Roag Ogharefe Oghara,"=""2348034271336""","=""8754251""","=""7386507""","=""9357220""",Personal fixed term loan,2023-02-06 00:00:00,50000.00,0.00,,0.00,60000.00,NGN,0,Closed,2023-02-21 00:00:00,Performing
OLADIMEJI DAYO,"=""22329257000""",42 Otorho Roag Ogharefe Oghara,"=""2348034271336""","=""8754251""","=""7386507""","=""9660464""",Personal fixed term loan,2023-03-14 00:00:00,50000.00,0.00,,0.00,60000.00,NGN,0,Closed,2023-03-29 00:00:00,Performing
OLADIMEJI DAYO,"=""22329257000""",42 Otorho Roag Ogharefe Oghara,"=""2348034271336""","=""8754251""","=""7386507""","=""9789504""",Personal fixed term loan,2023-03-28 00:00:00,50000.00,0.00,,0.00,60000.00,NGN,0,Closed,2023-05-23 00:00:00,Performing
OHADUGHA PRINCE CHUKWUEMEKA,"=""22231867870""",8MUSUNMOLA ARIYO STREETEGBED A BSTOPALIMOSHO,"=""07068016900""","=""8970168""","=""25932769""","=""5894087""",Personal fixed term loan,2022-02-11 00:00:00,30000.00,0.00,,0.00,37470.00,NGN,0,Open,2022-03-14 00:00:00,Performing
UGOLOR HANNAH,"=""22194192866""",GOMENE CONTRUCTION NIG LTD,,"=""8995979""","=""33642449""","=""47271866""",,2022-04-19 00:00:00,300000.00,0.00,,0.00,87190.00,NGN,0,Closed,2022-10-26 00:00:00,Performing
EMMANUEL EMMANUEL,"=""22271152202""",14 15 Prince Alaba Oniru Road Victoria Island,,"=""9116043""","=""6995962""","=""6689720""",Personal fixed term loan,2022-05-08 00:00:00,5000.00,0.00,,0.00,6000.00,NGN,0,Closed,2022-05-23 00:00:00,Performing
IWEGBU BOLUTIFE IFECHUKWUDE,"=""22173485187""",31 AZIKIWE STREET ORON,,"=""9132080""","=""3548034""","=""54518598""",Personal fixed term loan,2019-12-11 00:00:00,10000.00,0.00,,0.00,11500.00,NGN,0,Closed,2019-12-27 00:00:00,Performing
Olubunmi Oluwakemi,"=""22153340792""",14 15 Prince Alaba Oniru Road Victoria Island,,"=""8259421""","=""6318285""","=""7088767""",Personal fixed term loan,2022-06-19 00:00:00,30000.00,0.00,,0.00,34500.00,NGN,0,Closed,2022-07-04 00:00:00,Performing
Jackson Japhet,"=""22366538225""",20 OKIKI STREET,"=""2348165429560""","=""8278941""","=""1218391""","=""2085862452""",Personal fixed term loan,2022-03-28 00:00:00,250000.00,342520.00,,342520.00,119080.00,NGN,523,Open,2022-06-27 00:00:00,Lost
AGBENEM DAVID EGBA,"=""22227753756""",PrimaryAddressLine1,"=""23408056335986""","=""8304345""","=""7794796""","=""9171607""",Personal fixed term loan,2023-01-15 00:00:00,5000.00,0.00,,0.00,6500.00,NGN,0,Closed,2023-02-14 00:00:00,Performing
UCHECHUKWU UBANI UBANI,"=""22189121183""",22 SHOKUNBI STREET ILAYE BARIGA  Shomolu Lagos State,,"=""8470542""","=""806432""","=""8564729""",Personal fixed term loan,2022-11-11 00:00:00,27500.00,0.00,,0.00,34375.00,NGN,0,Closed,2022-11-28 00:00:00,Performing
UCHECHUKWU UBANI UBANI,"=""22189121183""",22 SHOKUNBI STREET ILAYE BARIGA  Shomolu Lagos State,,"=""8470542""","=""806432""","=""8710796""",Personal fixed term loan,2022-11-26 00:00:00,27500.00,0.00,,0.00,35255.00,NGN,0,Closed,2022-12-28 00:00:00,Performing
UCHECHUKWU UBANI UBANI,"=""22189121183""",22 SHOKUNBI STREET ILAYE BARIGA  Shomolu Lagos State,,"=""8470542""","=""806432""","=""9538213""",Personal fixed term loan,2023-02-28 00:00:00,20000.00,0.00,,0.00,26000.00,NGN,,Closed,2023-03-30 00:00:00,Performing
ABUBAKAR MUHAMMED ABIDEEN,"=""22303124300""",KATSINA,"=""08039126768""","=""8476783""","=""10277351""","=""463113722""",Personal fixed term loan,2020-12-16 00:00:00,10000.00,0.00,,0.00,13000.00,NGN,0,Open,2021-01-15 00:00:00,Performing
Blessing Omoregie,,5 KOPH STREET BADAGRY LAGOS Badagry Lagos State,,"=""8498550""","=""731203""","=""1022695458""",Personal fixed term loan,2021-05-16 00:00:00,200000.00,0.00,,0.00,55990.00,NGN,0,Open,2021-10-13 00:00:00,Performing
BAYODE SAMSON BOSEDE,,4 MORUFU ADEWALE STREET OLOWO BSTOP IGBO OLOMU Ikorodu Lag,"=""08036472668""","=""8514730""","=""2736457""","=""10080106""",Personal fixed term loan,2023-04-25 00:00:00,550000.00,0.00,,0.00,86778.00,NGN,0,Closed,2024-01-20 00:00:00,Performing
RAHMAN TUNDE,"=""22331191729""",10 OLOKE OTUN STREET TIPPER GARAGE Ifo Ogun State,,"=""8555472""","=""7448200""","=""7882326""",Personal fixed term loan,2022-09-05 00:00:00,10000.00,0.00,,0.00,12000.00,NGN,0,Closed,2022-09-20 00:00:00,Performing
YUSUF BLESSING DANIEL,,8 SHODIPO STREET ODOFA BSTOP Badagry Lagos State,,"=""8771132""","=""10781391""","=""233434543""",Personal fixed term loan,2021-02-25 00:00:00,5000.00,0.00,,0.00,6500.00,NGN,0,Open,2021-03-29 00:00:00,Performing
OBASOHAN DIMITRIS,"=""22248262404""",Ede Nigeria,,"=""9108758""","=""8035582""","=""695363101""",Personal fixed term loan,2020-11-14 00:00:00,5000.00,0.00,,0.00,6500.00,NGN,0,Open,2020-12-14 00:00:00,Performing
ABUBAKAR UMMUSALMA,"=""22192129763""",PrimaryAddressLine1,,"=""9112757""","=""10344085""","=""124827388""",Personal fixed term loan,2020-12-18 00:00:00,80000.00,20436.00,,20436.00,99200.00,NGN,987,Open,2021-01-18 00:00:00,Lost
ANIMASHAUN ADEOLA AMUDA,"=""22215628925""",AREA 2 SECTION 2 BLOCK 2 FLAT 12 IHIALA STR GARKI ABUJA M,,"=""9134026""","=""6840325""","=""23713555""",Personal fixed term loan,2020-04-09 00:00:00,10000.00,0.00,,0.00,13000.00,NGN,0,Open,2020-05-11 00:00:00,Performing
OLAGUNJU OLADAYO OLAMILEKAN,"=""22179311084""",17 Adeleke adegboyega street bariga Lagos,"=""07089030767""","=""9134528""","=""6115274""","=""6841465""",Personal fixed term loan,2022-05-25 00:00:00,10000.00,0.00,,0.00,11500.00,NGN,0,Closed,2022-06-09 00:00:00,Performing
OLAGUNJU OLADAYO OLAMILEKAN,"=""22179311084""",17 Adeleke adegboyega street bariga Lagos,"=""07089030767""","=""9134528""","=""6115274""","=""6937958""",Personal fixed term loan,2022-06-04 00:00:00,10000.00,0.00,,0.00,12000.00,NGN,0,Closed,2022-06-20 00:00:00,Performing
adewunmi oladele,"=""22218809118""",NYSC SECRETARIAT2 RED CROSS RODA GRA  BENIN,"=""08034596573""","=""8245735""","=""25312864""","=""16111739""",Personal fixed term loan,2022-02-28 00:00:00,250000.00,0.00,,0.00,162500.00,NGN,0,Closed,2022-04-29 00:00:00,Performing
HAMMAN MARK MUSA,"=""22298965207""",MOHAMMED GONI STREET CIRCILAR ROAD MAIDUGURI Maiduguri B,,"=""8251251""","=""17124901""","=""0737535703""",Personal fixed term loan,2022-04-12 00:00:00,70000.00,0.00,,0.00,11370.00,NGN,0,Closed,2023-04-11 00:00:00,Performing
MUSA SULAIMAN JAH,"=""22220996282""",32 KOSOKO COURT,"=""08034617505""","=""8260025""","=""10289510""","=""3098153133""",Personal fixed term loan,2020-12-16 00:00:00,200000.00,256950.00,,256950.00,83990.00,NGN,990,Open,2021-03-16 00:00:00,Lost
Cecilia Omolara,"=""22284881218""",32 Alaafia Street Agbede Meeting Agric Ikorodu,,"=""8288205""","=""35044912""","=""9747417""",Personal fixed term loan,2023-03-24 00:00:00,50000.00,87100.00,,0.00,9678.00,NGN,0,Open,2023-12-27 00:00:00,Performing
Echa Philip,"=""22222843881""",Ikoyi 106104 Lagos Nigeria,"=""08167457860""","=""8442293""","=""11533003""","=""4805962""",Personal fixed term loan,2021-10-07 00:00:00,15000.00,0.00,,0.00,25560.00,NGN,0,Closed,2021-11-08 00:00:00,Performing
John Akinyemi,"=""22149136891""",HCV5 RX Lagos Nigeria,,"=""8538958""","=""860029""","=""116626399""",Personal fixed term loan,2021-04-27 00:00:00,5000.00,0.00,,0.00,5500.00,NGN,0,Open,2021-05-12 00:00:00,Performing
HOSU SESI DORCAS,,no 1 pastor anthony hosu street pota badagry Badagry Lagos,"=""08130856260""","=""8581942""","=""10206403""","=""87458863""",Personal fixed term loan,2020-12-14 00:00:00,20000.00,0.00,,0.00,9330.00,NGN,0,Open,2021-03-15 00:00:00,Performing
ILESANMISANNI YEMISI ENIOLA,"=""22146035861""",820212 Katsina Nigeria,,"=""8794725""","=""1914098""","=""27364029""",Personal fixed term loan,2020-01-03 00:00:00,1500.00,0.00,,0.00,1830.00,NGN,0,Open,2020-02-03 00:00:00,Performing
OLUWAFEMI DURODOLA,"=""22435831161""",Agidingbi Ojodu Nigeria,"=""08186246115""","=""8992834""","=""10876988""","=""10501291""",Personal fixed term loan,2023-06-05 00:00:00,225000.00,0.00,,0.00,114000.00,NGN,0,Closed,2023-09-03 00:00:00,Performing
JIMOH SADIQ AKANBI,"=""22187554521""",23 Road W Close Block 5 Flat 14 Festac Town,"=""07051002724""","=""8995892""","=""37448684""","=""9840038""",Personal fixed term loan,2023-04-02 00:00:00,5000.00,0.00,,0.00,5885.00,NGN,0,Closed,2023-04-17 00:00:00,Performing
OGBOMO GRACE ESE OSA,"=""22217024057""",3B OKUNDAYE STREET OFF UPPER LAWANI BENIN C,,"=""9021263""","=""705218""","=""9642419""",Personal fixed term loan,2023-03-12 00:00:00,120000.00,157320.00,,0.00,52440.00,NGN,0,Open,2023-06-13 00:00:00,Performing
Lawal Adekunle,"=""22325397458""",37  NOK STREET BEFORE JAVA GUEST INN BY JAVINO,,"=""9036218""","=""21006957""","=""3097025765""",Personal fixed term loan,2021-12-03 00:00:00,60000.00,39265.00,,39265.00,70800.00,NGN,549,Open,2022-04-01 00:00:00,Lost
OYEWUNMI SAMUEL,"=""22308560408""",S5403 AKATAPA STREET ODINJO AREA IBADAN Ibadan NorthWest O,,"=""9143278""","=""5896040""","=""147947995""",Personal fixed term loan,2020-02-23 00:00:00,1500.00,1525.00,,1525.00,1500.00,NGN,1302,Open,2020-03-09 00:00:00,Lost
Okeyemi Samuel AKINLADE,"=""22316592853""",No 11 Otaja streetisutti road Egan Igando,"=""08175021589""","=""9151701""","=""555483""","=""10096700""",Personal fixed term loan,2023-04-27 00:00:00,30000.00,0.00,,0.00,35910.00,NGN,0,Closed,2023-05-12 00:00:00,Performing
Okeyemi Samuel AKINLADE,"=""22316592853""",No 11 Otaja streetisutti road Egan Igando,"=""08175021589""","=""9151701""","=""555483""","=""10185126""",Personal fixed term loan,2023-05-05 00:00:00,30000.00,0.00,,0.00,36450.00,NGN,0,Closed,2023-05-20 00:00:00,Performing
Okeyemi Samuel AKINLADE,"=""22316592853""",No 11 Otaja streetisutti road Egan Igando,"=""08175021589""","=""9151701""","=""555483""","=""10345756""",Personal fixed term loan,2023-05-21 00:00:00,30000.00,0.00,,0.00,39000.00,NGN,0,Closed,2023-06-20 00:00:00,Performing
Abiodun Abraham,"=""22143831682""",TANKE OKEODO BESIDE AP FILLING STATION UNILORIN GATE ILORI,,"=""8256743""","=""209128""","=""3052100010""",Personal fixed term loan,2022-09-13 00:00:00,350000.00,449764.00,,306176.00,73889.00,NGN,111,Open,2023-11-13 00:00:00,Watchlist
Daisy Otibhor,"=""22149866459""",7 UFUOMA ROAD SAPELE Sapele Delta Delta State,,"=""8510069""","=""2007491""","=""2068094821""",Personal fixed term loan,2020-02-23 00:00:00,7500.00,0.00,,0.00,8620.00,NGN,0,Closed,2020-03-09 00:00:00,Performing
NAFIU ABDULAZEEZ,,BOSSO NEW YORK AFTER AID PRAYER GROUND MINNA NIGER STATE C,"=""2348063416081""","=""8513162""","=""2099251""","=""156678121""",Personal fixed term loan,2019-09-27 00:00:00,10000.00,11500.00,,11500.00,13000.00,NGN,1435,Open,2019-10-28 00:00:00,Lost
Opeyemi Yakub,"=""22331980873""",BOSSO AREA MINNA,"=""08132012832""","=""8527534""","=""520034""","=""10070922""",Personal fixed term loan,2023-04-24 00:00:00,2500.00,0.00,,0.00,12750.00,NGN,0,Closed,2023-05-09 00:00:00,Performing
Opeyemi Yakub,"=""22331980873""",BOSSO AREA MINNA,"=""08132012832""","=""8527534""","=""520034""","=""10301303""",Personal fixed term loan,2023-05-16 00:00:00,17500.00,0.00,,0.00,22312.50,NGN,0,Closed,2023-06-15 00:00:00,Performing
Opeyemi Yakub,"=""22331980873""",BOSSO AREA MINNA,"=""08132012832""","=""8527534""","=""520034""","=""10711148""",Personal fixed term loan,2023-06-26 00:00:00,40000.00,0.00,,0.00,52000.00,NGN,0,Closed,2023-07-26 00:00:00,Performing
Opeyemi Yakub,"=""22331980873""",BOSSO AREA MINNA,"=""08132012832""","=""8527534""","=""520034""","=""9780889""",Personal fixed term loan,2023-03-27 00:00:00,5000.00,0.00,,0.00,5985.00,NGN,0,Closed,2023-04-11 00:00:00,Performing
SABIU ISMAIL OLAITAN,,12 OLUSHOLA STREET ILUPEJU ABULE EKO IJEDE  Epe Lagos State,,"=""8555342""","=""1866883""","=""158946882""",Personal fixed term loan,2019-11-20 00:00:00,7500.00,0.00,,0.00,9370.00,NGN,0,Closed,2019-12-20 00:00:00,Performing
OGEDENGBE AYOMOSES,"=""22347210238""",4 AJOKE OSHO STREET ABULE EGBA LAGOS Agege Lagos St,"=""08026221202""","=""8738999""","=""1474840""","=""11247204""",Personal fixed term loan,2020-01-16 00:00:00,20000.00,0.00,,0.00,25000.00,NGN,0,Closed,2020-02-17 00:00:00,Performing
OGEDENGBE AYOMOSES,"=""22347210238""",4 AJOKE OSHO STREET ABULE EGBA LAGOS Agege Lagos St,"=""08026221202""","=""8738999""","=""1474840""","=""5592489""",Personal fixed term loan,2022-01-09 00:00:00,40000.00,0.00,,0.00,49480.00,NGN,0,Open,2022-02-08 00:00:00,Performing
ENWEZOR IFEKANDU EMMANUEL,"=""22287957147""",Nigeria,"=""08164284788""","=""8820972""","=""11534137""","=""8539250""",Personal fixed term loan,2022-11-09 00:00:00,10000.00,0.00,,0.00,12730.00,NGN,0,Closed,2022-12-09 00:00:00,Performing
ENWEZOR IFEKANDU EMMANUEL,"=""22287957147""",Nigeria,"=""08164284788""","=""8820972""","=""11534137""","=""8851188""",Personal fixed term loan,2022-12-10 00:00:00,50000.00,0.00,,0.00,63650.00,NGN,0,Closed,2023-03-07 00:00:00,Performing
AKUBUE OKECHUKWU AMARACHUKWU,"=""22118437010""",OLD OJ ROAD AmuwoOdofin Lagos State,"=""08033610412""","=""8836999""","=""9214923""","=""86448601""",Personal fixed term loan,2020-10-19 00:00:00,5000.00,3287.00,,3287.00,6000.00,NGN,1063,Open,2020-11-03 00:00:00,Lost
ARAOYE ADEOLA,"=""22309501101""",4KOLADE STREETAGBAJEOFF IJOKODO AREAIBADAN  Ibadan North,"=""08035841822""","=""9069137""","=""4523993""","=""3137794721""",Personal fixed term loan,2020-11-30 00:00:00,10000.00,0.00,,0.00,12000.00,NGN,0,Closed,2020-12-30 00:00:00,Performing
BENJAMIN GODWIN,"=""22208193382""",BAR BEACH TOWERS BUILDING VI Eti Osa Lagos State,"=""07037980208""","=""9153165""","=""8051239""","=""20280739""",Personal fixed term loan,2021-02-01 00:00:00,15000.00,0.00,,0.00,19500.00,NGN,0,Open,2021-03-03 00:00:00,Performing
BENJAMIN GODWIN,"=""22208193382""",BAR BEACH TOWERS BUILDING VI Eti Osa Lagos State,"=""07037980208""","=""9153165""","=""8051239""","=""5823956""",Personal fixed term loan,2022-02-04 00:00:00,7500.00,0.00,,0.00,9750.00,NGN,0,Closed,2022-03-07 00:00:00,Performing
NYIZOMA ISAIAH AUGUSTINE,"=""22312945279""",BLK 16 FLT 9 4 DEMONSTRATION BATALLION JAJI MILITARY CANTO,,"=""8251923""","=""5185017""","=""2120540156""",Personal fixed term loan,2020-03-22 00:00:00,25000.00,0.00,,0.00,28750.00,NGN,0,Closed,2020-04-06 00:00:00,Performing
NYIZOMA ISAIAH AUGUSTINE,"=""22312945279""",BLK 16 FLT 9 4 DEMONSTRATION BATALLION JAJI MILITARY CANTO,,"=""8251923""","=""5185017""","=""8659255""",Personal fixed term loan,2022-11-21 00:00:00,40000.00,0.00,,0.00,45760.00,NGN,0,Closed,2022-12-06 00:00:00,Performing
USMANSAM CLARA OLUWASEUN,"=""22251022226""",NO 20 AJEBAMIDELE CLOSE ISIKAN AKURE Akure South Ondo Stat,"=""08065036637""","=""8368636""","=""9014331""","=""2018649477""",Personal fixed term loan,2020-10-08 00:00:00,10000.00,0.00,,0.00,13000.00,NGN,0,Closed,2020-11-09 00:00:00,Performing
Victoria William,"=""22385193034""",BEHIND LEGACY SCHOOL MADALLA,,"=""8386577""","=""712280""","=""10526746""",Personal fixed term loan,2023-06-07 00:00:00,5000.00,0.00,,0.00,6500.00,NGN,0,Closed,2023-07-07 00:00:00,Performing
SHAMSUDDEEN SALEH,"=""22431553902""",NO K16 KUILA HOUSESING ESTATE  Tarauni Kano State,"=""07060603550""","=""8423838""","=""9550679""","=""2214323209""",Personal fixed term loan,2020-11-12 00:00:00,80000.00,111200.00,,111200.00,99200.00,NGN,1022,Open,2020-12-14 00:00:00,Lost
AJAYI OLUFEMI OLUTOYIN,"=""22347980885""",9 BOLARINWA STREET ABARAYE IKOTUN,"=""08028303645""","=""8586393""","=""1515354""","=""4021310659""",Personal fixed term loan,2022-01-29 00:00:00,300000.00,0.00,,0.00,64000.00,NGN,0,Closed,2022-08-30 00:00:00,Performing
Ayo Kashim Yakubu,"=""22148827648""",PrimaryAddressLine1,"=""08038930652""","=""9004580""","=""6011341""","=""6221594""",Personal fixed term loan,2022-03-20 00:00:00,5000.00,0.00,,0.00,6500.00,NGN,0,Closed,2022-04-19 00:00:00,Performing
Ayo Kashim Yakubu,"=""22148827648""",PrimaryAddressLine1,"=""08038930652""","=""9004580""","=""6011341""","=""8403201""",Personal fixed term loan,2022-10-26 00:00:00,25000.00,0.00,,0.00,30625.00,NGN,0,Closed,2022-11-25 00:00:00,Performing
Adenowo Olusegun,"=""22244096962""",No14ade egba estatehilltop gbokoniyi ojereabeokuta,"=""2348037235097""","=""9014254""","=""36450456""","=""9628781""",Personal fixed term loan,2023-03-11 00:00:00,700000.00,1061200.00,,0.00,88434.00,NGN,0,Open,2024-03-05 00:00:00,Performing
UBANI CHIDIEBERE,"=""22246304225""",Kano Nigeria,"=""08062940670""","=""9029037""","=""8498631""","=""28855687""",Personal fixed term loan,2020-10-10 00:00:00,5000.00,0.00,,0.00,6000.00,NGN,0,Open,2020-10-26 00:00:00,Performing
ADEKUNLE OLASANMI JOSEPH,,4 JUBRIL OLABISI IDIMU EJIGBO Alimosho Lagos State,,"=""9167649""","=""6413434""","=""277593468""",Personal fixed term loan,2020-03-18 00:00:00,2500.00,0.00,,0.00,2870.00,NGN,0,Closed,2020-04-02 00:00:00,Performing
ADEKUNLE OLASANMI JOSEPH,,4 JUBRIL OLABISI IDIMU EJIGBO Alimosho Lagos State,,"=""9167649""","=""6413434""","=""5717427""",Personal fixed term loan,2022-01-24 00:00:00,200000.00,0.00,,0.00,68000.00,NGN,0,Closed,2022-08-11 00:00:00,Performing
ADEKUNLE OLASANMI JOSEPH,,4 JUBRIL OLABISI IDIMU EJIGBO Alimosho Lagos State,,"=""9167649""","=""6413434""","=""6413434""",Personal fixed term loan,2022-01-24 00:00:00,200000.00,,,0.00,68000.00,NGN,0,Open,2022-06-23 00:00:00,Performing
ADEKUNLE OLASANMI JOSEPH,,4 JUBRIL OLABISI IDIMU EJIGBO Alimosho Lagos State,,"=""9167649""","=""6413434""","=""7709156""",Personal fixed term loan,2022-08-19 00:00:00,60000.00,0.00,,0.00,76920.00,NGN,0,Closed,2022-09-19 00:00:00,Performing
ADEKUNLE OLASANMI JOSEPH,,4 JUBRIL OLABISI IDIMU EJIGBO Alimosho Lagos State,,"=""9167649""","=""6413434""","=""7983483""",Personal fixed term loan,2022-09-15 00:00:00,110000.00,0.00,,0.00,58667.00,NGN,0,Closed,2022-12-28 00:00:00,Performing
ADEKUNLE OLASANMI JOSEPH,,4 JUBRIL OLABISI IDIMU EJIGBO Alimosho Lagos State,,"=""9167649""","=""6413434""","=""9188220""",Personal fixed term loan,2023-01-17 00:00:00,200000.00,0.00,,0.00,241000.00,NGN,0,Closed,2023-02-16 00:00:00,Performing
FIDEL FIDEL,"=""22170966469""",4 BETH ROOT STREET 33 ONITSHA Oyi Anambra,,"=""8602956""","=""7036403""","=""5399587""",Personal fixed term loan,2021-12-16 00:00:00,30000.00,0.00,,0.00,8750.00,NGN,0,Closed,2022-06-14 00:00:00,Performing
FIDEL FIDEL,"=""22170966469""",4 BETH ROOT STREET 33 ONITSHA Oyi Anambra,,"=""8602956""","=""7036403""","=""6999523""",Personal fixed term loan,2022-06-10 00:00:00,40000.00,0.00,,0.00,13808.00,NGN,0,Closed,2022-11-07 00:00:00,Performing
FIDEL FIDEL,"=""22170966469""",4 BETH ROOT STREET 33 ONITSHA Oyi Anambra,,"=""8602956""","=""7036403""","=""8519352""",Personal fixed term loan,2022-11-07 00:00:00,80000.00,0.00,,0.00,102560.00,NGN,0,Closed,2022-12-07 00:00:00,Performing
FIDEL FIDEL,"=""22170966469""",4 BETH ROOT STREET 33 ONITSHA Oyi Anambra,,"=""8602956""","=""7036403""","=""8843427""",Personal fixed term loan,2022-12-09 00:00:00,80000.00,0.00,,0.00,102560.00,NGN,0,Closed,2023-01-09 00:00:00,Performing
OSENI OMOWUNMI TITILOPE,,BEHIND CENTRAL MOSQUEERUWAOYO Ibadan North Oyo State,"=""08112228636""","=""8603156""","=""16395530""","=""5846830""",Personal fixed term loan,2022-02-06 00:00:00,70000.00,0.00,,0.00,18500.00,NGN,0,Closed,2022-08-05 00:00:00,Performing
JOHN TAMUNOMIEBAKA,,Not Available,,"=""8692938""","=""5967499""","=""10643040""",Personal fixed term loan,2023-06-19 00:00:00,27500.00,0.00,,0.00,35750.00,NGN,0,Closed,2023-07-19 00:00:00,Performing
JOHN TAMUNOMIEBAKA,,Not Available,,"=""8692938""","=""5967499""","=""6061784""",Personal fixed term loan,2022-03-03 00:00:00,200000.00,0.00,,0.00,254800.00,NGN,0,Closed,2022-04-04 00:00:00,Performing
JOHN TAMUNOMIEBAKA,,Not Available,,"=""8692938""","=""5967499""","=""6404176""",Personal fixed term loan,2022-04-08 00:00:00,20000.00,0.00,,0.00,25620.00,NGN,0,Closed,2022-04-25 00:00:00,Performing
JOHN TAMUNOMIEBAKA,,Not Available,,"=""8692938""","=""5967499""","=""6491281""",Personal fixed term loan,2022-04-17 00:00:00,20000.00,0.00,,0.00,25020.00,NGN,0,Closed,2022-05-02 00:00:00,Performing
JOHN TAMUNOMIEBAKA,,Not Available,,"=""8692938""","=""5967499""","=""6648960""",Personal fixed term loan,2022-05-04 00:00:00,25000.00,0.00,,0.00,32500.00,NGN,0,Closed,2022-06-03 00:00:00,Performing
Paul Oshiogwe Ikhimeage,"=""22207816949""",6 ISONG UDOITO STREET OFF UQUA ROAD,,"=""8720197""","=""5038906""","=""3122481784""",Personal fixed term loan,2020-01-18 00:00:00,1500.00,0.00,,0.00,1950.00,NGN,0,Open,2020-02-17 00:00:00,Performing
Ayodele Oyewole Dayo,,202 AWOLOWO RD OPP BIGGS JABI Municipal Area Council F,"=""08099740067""","=""8728834""","=""216756""","=""58104332""",Personal fixed term loan,2019-09-06 00:00:00,5000.00,0.00,,0.00,6500.00,NGN,0,Open,2019-10-07 00:00:00,Performing
EMMANUEL CHEKWUBECHUKWU MICHAEL,"=""22239180140""",80 BONNY STREE  Umuahia North Abia State,"=""07064797334""","=""8794584""","=""8479575""","=""3043659037""",Personal fixed term loan,2020-09-05 00:00:00,5000.00,0.00,,0.00,6000.00,NGN,0,Open,2020-09-21 00:00:00,Performing
EME OVOKE KINGSLEY,"=""22261663282""",NO 4 EKUREMU WARRI DELTA STATE,,"=""9038433""","=""40793279""","=""10496438""",Personal fixed term loan,2023-06-04 00:00:00,40000.00,49200.00,,0.00,49200.00,NGN,0,Open,2023-07-04 00:00:00,Performing
ANIFOWOSE ADEFOLARIN DADA,,Ladigbolu area,"=""2348056020503""","=""9083440""","=""381141""","=""125912960""",Personal fixed term loan,2018-11-25 00:00:00,10000.00,11500.00,,11500.00,12900.00,NGN,1743,Open,2018-12-24 00:00:00,Lost
MUSLIUDEEN YUSUF ISHOLA,"=""22407304176""",2 SHATIN STREET MOROGBO Badagry Lagos State,,"=""9130787""","=""9237041""","=""124452870""",Personal fixed term loan,2020-12-09 00:00:00,80000.00,0.00,,0.00,36260.00,NGN,0,Closed,2021-03-09 00:00:00,Performing
OLUWADARE OLUWATOBI A,"=""22295331704""",No 3 Taiwo street Adegbayi Egbeda local government Ibadan,"=""08163016474""","=""9168706""","=""22295331704""","=""FMSME01960""",,2022-09-15 00:00:00,1000000.00,,,,393333.33,NGN,0,Closed,2022-12-14 00:00:00,Performing
MUSTAPHA HADIZA,,PrimaryAddressLine1,,"=""8370998""","=""2807191""","=""246166750""",Personal fixed term loan,2019-10-24 00:00:00,2500.00,2819.00,,2819.00,3250.00,NGN,1407,Open,2019-11-25 00:00:00,Lost
Adamu Abdullahi,"=""22321974295""",NO 30 USMAN JIKAN TORO AVENUE LEGISLATIVE QTRS UNGWAN DOSA,,"=""8429557""","=""5892851""","=""4300923""",Personal fixed term loan,2021-07-31 00:00:00,35000.00,0.00,,0.00,14980.00,NGN,0,Closed,2021-10-29 00:00:00,Performing
MARK SOLOMON,"=""22177671395""",KUCHAIKO KUJE AREA COUNCIL FCT ABUJA,"=""23408038484852""","=""8439367""","=""27469314""","=""3070502535""",Personal fixed term loan,2022-04-20 00:00:00,50000.00,0.00,,0.00,13550.00,NGN,0,Closed,2022-10-17 00:00:00,Performing
Stephen Olayinka,"=""22366665192""",ODOPO LAYOUT CENTRAL MOSQUE IJOKA AKURE Akure South Ondo S,,"=""8510945""","=""5634489""","=""1775271""",Personal fixed term loan,2020-03-08 00:00:00,5000.00,0.00,,0.00,5750.00,NGN,0,Closed,2020-03-23 00:00:00,Performing
OKO THANKGOD,,11 GAB ESTATE ROAD T JUNCTION GWARINPA ABUJA  Bwari FCT,,"=""8513889""","=""1765006""","=""454316808""",Personal fixed term loan,2019-09-03 00:00:00,1500.00,1725.00,,1725.00,1950.00,NGN,1460,Open,2019-10-03 00:00:00,Lost
ADACHE CLIFFORD PATRICK,"=""22227842005""",ZONE 7 LUGBE AIRPORT ROAD ABUJA,"=""08060015892""","=""8532023""","=""7886869""","=""6243774""",Personal fixed term loan,2022-03-22 00:00:00,40000.00,0.00,,0.00,29990.00,NGN,0,Closed,2022-06-18 00:00:00,Performing
ADACHE CLIFFORD PATRICK,"=""22227842005""",ZONE 7 LUGBE AIRPORT ROAD ABUJA,"=""08060015892""","=""8532023""","=""7886869""","=""9162869""",Personal fixed term loan,2023-01-14 00:00:00,7500.00,0.00,,0.00,9000.00,NGN,0,Closed,2023-02-14 00:00:00,Performing
CHINYERE CONFIDENCE NIDIA,,NO 14 OVORO UKWU STREET BY MOUNT ZION RD OFF UKWU APU UMULE,"=""08161789959""","=""8598871""","=""4654708""","=""3050709412""",Personal fixed term loan,2020-01-11 00:00:00,5000.00,5718.00,,5718.00,6500.00,NGN,1330,Open,2020-02-10 00:00:00,Lost
FADEYI BABAJIDE SIKIRULLAHI,"=""22484510811""",No10 balogun street gate area,"=""07039452172""","=""8644813""","=""4737562""","=""422547979""",Personal fixed term loan,2020-09-01 00:00:00,5000.00,0.00,,0.00,6500.00,NGN,0,Open,2020-10-01 00:00:00,Performing
OGUNSEYE SAMUEL IBUKUNOLUWA,,10 BADRU STREET OLORUNSOGO AREA ABEOKUTA,"=""08130783563""","=""8663397""","=""1582945""","=""178099005""",Personal fixed term loan,2019-08-10 00:00:00,1500.00,785.00,,785.00,1950.00,NGN,1484,Open,2019-09-09 00:00:00,Lost
YUSUF JAMILA,,NO 18 RAHAMA  ROAD UNGUWAR DOSA Kaduna North Kaduna State,"=""08032053262""","=""8675215""","=""2857729""","=""17896435""",Personal fixed term loan,2019-10-27 00:00:00,15000.00,4552.00,,4552.00,19500.00,NGN,1406,Open,2019-11-26 00:00:00,Lost
EBAH JOHNSON TIMOTHY,"=""22195057135""",HILL VIEW  AVE,"=""08062894978""","=""8957620""","=""5448037""","=""100543790""",Personal fixed term loan,2020-03-14 00:00:00,2500.00,0.00,,0.00,3120.00,NGN,0,Closed,2020-04-14 00:00:00,Performing
EBAH JOHNSON TIMOTHY,"=""22195057135""",HILL VIEW  AVE,"=""08062894978""","=""8957620""","=""5448037""","=""1819914""",Personal fixed term loan,2020-03-14 00:00:00,2500.00,0.00,,0.00,3120.00,NGN,0,Closed,2020-04-14 00:00:00,Performing
EBAH JOHNSON TIMOTHY,"=""22195057135""",HILL VIEW  AVE,"=""08062894978""","=""8957620""","=""5448037""","=""2043932562""",Personal fixed term loan,2020-08-07 00:00:00,7500.00,0.00,,0.00,9750.00,NGN,0,Closed,2020-09-07 00:00:00,Performing
EBAH JOHNSON TIMOTHY,"=""22195057135""",HILL VIEW  AVE,"=""08062894978""","=""8957620""","=""5448037""","=""2277399""",Personal fixed term loan,2020-08-07 00:00:00,7500.00,0.00,,0.00,9750.00,NGN,0,Closed,2020-09-07 00:00:00,Performing
EMMANUEL EMMANUEL,"=""22479215367""",5 harmony crescent tanke ilorin,,"=""9192446""","=""4957259""","=""102371001""",Personal fixed term loan,2020-03-25 00:00:00,15000.00,0.00,,0.00,17250.00,NGN,0,Closed,2020-04-09 00:00:00,Performing
IDRISA MUSA,"=""22308564981""",GHUMA SABON KASUWA,"=""08037514321""","=""8285675""","=""37370220""","=""9615391""",Personal fixed term loan,2023-03-09 00:00:00,60000.00,74700.00,,0.00,37350.00,NGN,0,Open,2023-05-11 00:00:00,Performing
NATHAN EBAL PRINCESS,"=""22329545048""",BLOCK 1 FLAT 4 EKEKI HOUSING ESTATE,"=""07068095657""","=""8291500""","=""17520828""","=""5541930""",Personal fixed term loan,2022-01-03 00:00:00,60000.00,0.00,,0.00,9250.00,NGN,0,Closed,2022-12-29 00:00:00,Performing
Akinyemi Busolami,"=""22304468900""",FLAT 7 OKOH CLOSE OFF OKOH DRIVE OBELE LAWAN,"=""2348062962973""","=""8320378""","=""526763""","=""10241671""",Personal fixed term loan,2023-05-10 00:00:00,5000.00,0.00,,0.00,6500.00,NGN,0,Closed,2023-06-09 00:00:00,Performing
Akinyemi Busolami,"=""22304468900""",FLAT 7 OKOH CLOSE OFF OKOH DRIVE OBELE LAWAN,"=""2348062962973""","=""8320378""","=""526763""","=""10519223""",Personal fixed term loan,2023-06-06 00:00:00,40000.00,0.00,,0.00,52000.00,NGN,0,Closed,2023-07-06 00:00:00,Performing
OKOCHA ONYEKACHI,"=""22348824568""",WALI OGBONDA NTA LINK ROAD Port Harcourt Rivers Sta,,"=""8384556""","=""6263030""","=""5893622""",Personal fixed term loan,2022-02-11 00:00:00,1500.00,0.00,,0.00,1840.00,NGN,0,Open,2022-03-14 00:00:00,Performing
OKOCHA ONYEKACHI,"=""22348824568""",WALI OGBONDA NTA LINK ROAD Port Harcourt Rivers Sta,,"=""8384556""","=""6263030""","=""5914237""",Personal fixed term loan,2022-02-14 00:00:00,15000.00,0.00,,0.00,18420.00,NGN,0,Open,2022-03-16 00:00:00,Performing
OKOCHA ONYEKACHI,"=""22348824568""",WALI OGBONDA NTA LINK ROAD Port Harcourt Rivers Sta,,"=""8384556""","=""6263030""","=""6173895""",Personal fixed term loan,2022-03-15 00:00:00,10000.00,0.00,,0.00,12370.00,NGN,0,Open,2022-04-14 00:00:00,Performing
Temitope Busari,,PrimaryAddressLine1,,"=""8526905""","=""491032""","=""822300843""",Personal fixed term loan,2020-03-19 00:00:00,7500.00,6532.00,,6532.00,8620.00,NGN,1277,Open,2020-04-03 00:00:00,Lost
ADETAYO MICHAEL OLUWAFEMI,"=""22432623464""",40 OLORUNTOBI ESTATE NEW FELELE OLOOLA SOKA SANGO,,"=""8673805""","=""2381908""","=""10582785""",Personal fixed term loan,2023-06-13 00:00:00,7500.00,9675.00,,0.00,9675.00,NGN,0,Open,2023-07-13 00:00:00,Performing
VICTOR-IGUN OLAYINKA OLUBOLA,"=""22179811788""",BAYBRIDGE ROAD Yenagoa Bayelsa State,"=""2349031509566""","=""8674375""","=""4413213""","=""2081212390""",Personal fixed term loan,2019-12-22 00:00:00,2500.00,0.00,,0.00,2870.00,NGN,0,Open,2020-01-06 00:00:00,Performing
UNYIME PHILIP EKI LINDA,"=""22149073903""",17 IDAHOSA AVE OFF OWINA STR ULEBU QRTS BENIN,"=""08037471043""","=""8763017""","=""42364450""","=""10067764""",Personal fixed term loan,2023-04-24 00:00:00,40000.00,45640.00,,0.00,45640.00,NGN,0,Open,2023-05-09 00:00:00,Performing
UNYIME PHILIP EKI LINDA,"=""22149073903""",17 IDAHOSA AVE OFF OWINA STR ULEBU QRTS BENIN,"=""08037471043""","=""8763017""","=""42364450""","=""9919698""",Personal fixed term loan,2023-04-10 00:00:00,50000.00,0.00,,0.00,59000.00,NGN,0,Closed,2023-05-10 00:00:00,Performing
OKWUENU DOROTHY NGOZI,"=""22287517736""",PLOT C5 RIVERSIDE COMMUNITY OFF NEPA SITE KARU ABUJA,"=""08058389901""","=""8909117""","=""44300668""","=""10736629""",Personal fixed term loan,2023-06-29 00:00:00,20000.00,23600.00,,0.00,23600.00,NGN,0,Open,2023-07-14 00:00:00,Performing
MATHIAS PAUL BAMIDELE,,2 AWOSANYA STREET OJOKORO VILLAGE AGRIC BUS STOP IKORODU,,"=""9135648""","=""2183053""","=""6318447015""",Personal fixed term loan,2020-12-16 00:00:00,80000.00,0.00,,0.00,53600.00,NGN,0,Closed,2021-02-15 00:00:00,Performing
AYOOLA NOAH OOLUWATOSIN,,PrimaryAddressLine1,,"=""9165921""","=""1596364""","=""231289062""",Personal fixed term loan,2019-08-28 00:00:00,1500.00,1725.00,,1725.00,1950.00,NGN,1466,Open,2019-09-27 00:00:00,Lost
AKINLOYE SAMSON BANKOLE,"=""22258717428""",AKINLOYE ESTATE OKITIPUPA Okitipupa Ondo State,"=""08033438008""","=""9198250""","=""10737240""","=""2015015204""",Personal fixed term loan,2022-01-12 00:00:00,600000.00,0.00,,0.00,106590.00,NGN,0,Closed,2022-10-10 00:00:00,Performing
SALAMI AKEEM OLUSOLA,,22 OKE PADRE STREET AKURE Akure South Ondo State,"=""23408061550148""","=""8243476""","=""7985177""","=""3057085295""",Personal fixed term loan,2020-11-02 00:00:00,20000.00,0.00,,0.00,13400.00,NGN,0,Open,2021-01-01 00:00:00,Performing
Ukeme Joseph,"=""22172105819""",NO 2HOSPITAL ROADEKPAN Uvwie Delta State,"=""2347065269768""","=""8247420""","=""7423005""","=""2076131""",Personal fixed term loan,2020-06-16 00:00:00,5000.00,0.00,,0.00,5750.00,NGN,0,Closed,2020-07-01 00:00:00,Performing
Ukeme Joseph,"=""22172105819""",NO 2HOSPITAL ROADEKPAN Uvwie Delta State,"=""2347065269768""","=""8247420""","=""7423005""","=""2491094765""",Personal fixed term loan,2020-06-16 00:00:00,5000.00,0.00,,0.00,5750.00,NGN,0,Closed,2020-07-01 00:00:00,Performing
BELLO TOYIBAT ABIODUN,"=""22387921275""",BELLOS HSEISOKAN AREAOPP A WUMORO PRY SCH Oyo Oyo St,,"=""8370181""","=""9699503""","=""210273220""",Personal fixed term loan,2020-11-23 00:00:00,5000.00,0.00,,0.00,6000.00,NGN,0,Open,2020-12-08 00:00:00,Performing
Oyedokun Babatunde,,NO 10 AKINBORO STREET MILE 12 Kosofe Lagos State,"=""08170641800""","=""8400333""","=""979532""","=""2212405064""",Personal fixed term loan,2020-03-03 00:00:00,7500.00,8625.00,,8625.00,9150.00,NGN,1278,Open,2020-04-02 00:00:00,Lost
Samuel Eridiong,"=""22296353732""",4TH AVENUE 401 ROAD A CLOSE BLOCK 1 FLAT 6 FESTAC AmuwoOdo,,"=""8468167""","=""1040036""","=""5917196""",Personal fixed term loan,2022-02-14 00:00:00,20000.00,0.00,,0.00,24980.00,NGN,0,Open,2022-03-16 00:00:00,Performing
Abidemi Awodunmila,"=""22142948905""",3RDAIICO ESTATE,"=""08173163379""","=""8513816""","=""7048503""","=""1944498""",Personal fixed term loan,2020-04-15 00:00:00,7500.00,0.00,,0.00,9750.00,NGN,0,Closed,2020-05-15 00:00:00,Performing
Abidemi Awodunmila,"=""22142948905""",3RDAIICO ESTATE,"=""08173163379""","=""8513816""","=""7048503""","=""3107531350""",Personal fixed term loan,2020-04-15 00:00:00,7500.00,0.00,,0.00,9750.00,NGN,0,Closed,2020-05-15 00:00:00,Performing
SHAKIRU GANIYU,"=""22165399322""",Nigeria,,"=""8514495""","=""63641""","=""7269426""",Personal fixed term loan,2022-07-06 00:00:00,7500.00,0.00,,0.00,8625.00,NGN,0,Closed,2022-07-21 00:00:00,Performing
Effiong Anthony,"=""22277695017""",HSE 3713 DURUMI 3 Gudu District Abuja,"=""08161654627""","=""8526034""","=""6474674""","=""2111078158""",Personal fixed term loan,2020-05-28 00:00:00,2500.00,2805.00,,2805.00,3120.00,NGN,1190,Open,2020-06-29 00:00:00,Lost
NWANNE IKECHUKWU GODSPOWER,"=""22287072080""",ND Eme Close Elijiji Rumueme 500272 Port Harcourt Nigeria,"=""07037238496""","=""8782831""","=""6258829""","=""7873043""",Personal fixed term loan,2022-09-04 00:00:00,20000.00,0.00,,0.00,25800.00,NGN,0,Closed,2022-10-04 00:00:00,Performing
JANE LAZARUS,"=""22300270046""",PrimaryAddressLine1,,"=""8816337""","=""8016490""","=""9137432""",Personal fixed term loan,2023-01-11 00:00:00,15000.00,0.00,,0.00,18975.00,NGN,0,Closed,2023-02-10 00:00:00,Performing
NWACHUKWU PRUDENCE CHISOM,"=""22365779674""",54 araromi street epe Epe Lagos State,,"=""9174496""","=""8118609""","=""122028088""",Personal fixed term loan,2020-08-24 00:00:00,15000.00,0.00,,0.00,18750.00,NGN,0,Open,2020-09-23 00:00:00,Performing
KER JESSICA TERDOO,"=""22244163433""",NO 18 FAWARI STREET ITAS GADAU BAUCHI STATE Itas Gadau Ba,,"=""9196295""","=""141243""","=""3021364221""",Personal fixed term loan,2020-09-12 00:00:00,20000.00,0.00,,0.00,12760.00,NGN,0,Open,2020-11-11 00:00:00,Performing
DARAMOLA OLUWABUNMI O,"=""22384559679""",2 SERIKI ARO STREET OFF AWOLOWO WAY IKEJA LAGOS,,"=""9224564""","=""35281201""","=""9957540""",Personal fixed term loan,2023-04-13 00:00:00,5000.00,0.00,,0.00,6325.00,NGN,0,Closed,2023-05-13 00:00:00,Performing
Ikpe Maryann,"=""22246250643""",2 Adison Estate  Alakaya,,"=""9251172""","=""519764""","=""10211106""",Personal fixed term loan,2023-05-08 00:00:00,80000.00,0.00,,0.00,97200.00,NGN,0,Closed,2023-05-23 00:00:00,Performing
BADEJI ADEJUMOKE BLESSING,"=""22382524343""",13KONIFEWO STR IDI OPARUN ISHAUALLU TOWN IJA,,"=""8363088""","=""19985669""","=""9886689""",Personal fixed term loan,2023-04-06 00:00:00,7500.00,0.00,,0.00,12050.00,NGN,0,Closed,2023-05-08 00:00:00,Performing
Kingsley Chinonso,"=""22294994052""",5 Sir iyodo street Bwari FCT,"=""8166646261""","=""8391668""","=""15557055""","=""171039358""",Personal fixed term loan,2022-11-15 00:00:00,225000.00,0.00,,0.00,115800.00,NGN,0,Closed,2023-03-30 00:00:00,Performing
Daniel Tamaradenyefa,"=""22431173065""",ROAD 103 BLOCK K FLAT 4 EKEKI YENAGOA Yenagoa Bayelsa Stat,"=""08105913862""","=""8530773""","=""6004098""","=""165644971""",Personal fixed term loan,2020-03-20 00:00:00,1500.00,0.00,,0.00,1720.00,NGN,0,Closed,2020-04-06 00:00:00,Performing
ORIMOLOYE ABOSEDE RACHAEL,"=""22213302946""",1 OLD SIJUWADE ROAD AKURE Akure South Ondo State,,"=""8721179""","=""5874529""","=""114322161""",Personal fixed term loan,2023-03-18 00:00:00,850000.00,303435.00,,0.00,103063.00,NGN,0,Open,2024-03-15 00:00:00,Performing
ORIMOLOYE ABOSEDE RACHAEL,"=""22213302946""",1 OLD SIJUWADE ROAD AKURE Akure South Ondo State,,"=""8721179""","=""5874529""","=""9697103""",Personal fixed term loan,2023-03-18 00:00:00,850000.00,0.00,,0.00,103063.00,NGN,0,Closed,2024-03-15 00:00:00,Performing
AGBO RITAMONIC OYILONYE,"=""22187325891""",OGBOLE ALIS HOUSE BESIDE SUCCESS FAMILY CHURCH,,"=""9078105""","=""39030152""","=""10482230""",Personal fixed term loan,2023-06-03 00:00:00,30000.00,30720.00,,0.00,15360.00,NGN,0,Open,2023-09-01 00:00:00,Performing
BOMAN JOHN,"=""22188447538""",CATHOLIC CHURCH MALLAGUM KUARA Kaura Kaduna State,"=""08167246460""","=""9127448""","=""4371073""","=""2189245171""",Personal fixed term loan,2020-01-19 00:00:00,2500.00,0.00,,0.00,3120.00,NGN,0,Closed,2020-02-18 00:00:00,Performing
FALAIYE TITILAYO OMOWUNMI,"=""22265565265""",17 BANKOLE SHONIBARE STR  OJODU LAGOS STATE,,"=""9162794""","=""6315529""","=""1810793""",Personal fixed term loan,2020-03-13 00:00:00,10000.00,0.00,,0.00,13000.00,NGN,0,Closed,2020-04-14 00:00:00,Performing
FALAIYE TITILAYO OMOWUNMI,"=""22265565265""",17 BANKOLE SHONIBARE STR  OJODU LAGOS STATE,,"=""9162794""","=""6315529""","=""6416958""",Personal fixed term loan,2022-04-09 00:00:00,20000.00,0.00,,0.00,26000.00,NGN,0,Closed,2022-05-28 00:00:00,Performing
FALAIYE TITILAYO OMOWUNMI,"=""22265565265""",17 BANKOLE SHONIBARE STR  OJODU LAGOS STATE,,"=""9162794""","=""6315529""","=""6913879""",Personal fixed term loan,2022-06-01 00:00:00,110000.00,0.00,,0.00,131560.00,NGN,0,Closed,2022-06-16 00:00:00,Performing
FALAIYE TITILAYO OMOWUNMI,"=""22265565265""",17 BANKOLE SHONIBARE STR  OJODU LAGOS STATE,,"=""9162794""","=""6315529""","=""7582022""",Personal fixed term loan,2022-08-07 00:00:00,50000.00,0.00,,0.00,59800.00,NGN,0,Closed,2022-08-22 00:00:00,Performing
FALAIYE TITILAYO OMOWUNMI,"=""22265565265""",17 BANKOLE SHONIBARE STR  OJODU LAGOS STATE,,"=""9162794""","=""6315529""","=""7897440""",,2022-09-06 00:00:00,70000.00,0.00,,0.00,83930.00,NGN,0,Closed,2022-09-21 00:00:00,Performing
FALAIYE TITILAYO OMOWUNMI,"=""22265565265""",17 BANKOLE SHONIBARE STR  OJODU LAGOS STATE,,"=""9162794""","=""6315529""","=""9486081""",Personal fixed term loan,2023-02-21 00:00:00,60000.00,0.00,,0.00,71820.00,NGN,0,Closed,2023-03-08 00:00:00,Performing
DIN CHARLES DANKAT,"=""22338605621""",930105 Jos Nigeria,"=""08032593161""","=""9223848""","=""4476451""","=""109720916""",Personal fixed term loan,2020-10-02 00:00:00,25000.00,0.00,,0.00,30000.00,NGN,0,Open,2020-11-02 00:00:00,Performing
AKINTUNDE AKINOLA BABATUNDE,,A5 19 FHE ELEGA,"=""08038312513""","=""9245497""","=""1905305""","=""11676164""",Personal fixed term loan,2023-10-03 00:00:00,700000.00,0.00,,0.00,110134.00,NGN,0,Closed,2024-09-27 00:00:00,Performing
Edet Father Anthony,,7  TAIWO SHITTA OGBA BUS STOP,"=""08022969141""","=""9280579""","=""1701473""","=""2049355341""",Personal fixed term loan,2019-08-27 00:00:00,1500.00,1725.00,,1725.00,1950.00,NGN,1467,Open,2019-09-26 00:00:00,Lost
Blessing Ajogwu,"=""22184171756""",7 OLAAYINDE STREET IKEJA,"=""08161626940""","=""8254266""","=""42308051""","=""9897045""",Personal fixed term loan,2023-04-07 00:00:00,35000.00,43750.00,,0.00,43750.00,NGN,0,Open,2023-05-29 00:00:00,Performing
MUHAMMED MUHAMMED YAHAYA,"=""22347864954""",HAUSARI ZANGO WARD ZANGO STREET MAIDUGURI BORNO STATE,,"=""8372279""","=""645388""","=""5179834""",Personal fixed term loan,2021-11-20 00:00:00,5000.00,0.00,,0.00,5800.00,NGN,0,Closed,2021-12-20 00:00:00,Performing
SSAN SHERIFF DANJUMA,,ILE ALASO NEPA AREA OGBOMOSO Ogbomosho North Oyo State,"=""08144863575""","=""8375930""","=""1754529""","=""73466335""",Personal fixed term loan,2019-09-17 00:00:00,2500.00,0.00,,0.00,3120.00,NGN,0,Open,2019-10-17 00:00:00,Performing
Matthew A,"=""22249014576""",48 UMOREN STREET UYO AKS,"=""08066275497""","=""8473530""","=""7906697""","=""3952437""",Personal fixed term loan,2021-06-15 00:00:00,60000.00,0.00,,0.00,11460.00,NGN,0,Closed,2022-03-14 00:00:00,Performing
Eleh Eunice,"=""22317363506""",40 KEJI OLAJIDE STREET MAJEK EPE EXPRESS WAY Eti Osa Lagos,"=""08163148924""","=""8496194""","=""689612""","=""6258058""",Personal fixed term loan,2022-03-23 00:00:00,2500.00,0.00,,0.00,3250.00,NGN,0,Closed,2022-04-22 00:00:00,Performing
OLUFEMI MICHEAL AKINGBADE,"=""22232376690""",BLOCK 79 ROMEO BATTERY EKENWAN BARRACK Oredo Edo State,,"=""8500231""","=""4366721""","=""127334249""",Personal fixed term loan,2020-02-13 00:00:00,7500.00,0.00,,0.00,9370.00,NGN,0,Closed,2020-03-16 00:00:00,Performing
Godwin David,"=""22277114321""",FUT MINNA GIDAN KWANO CAMPUS,,"=""8512072""","=""42766416""","=""10084841""",Personal fixed term loan,2023-04-26 00:00:00,15000.00,0.00,,0.00,17700.00,NGN,0,Closed,2023-05-11 00:00:00,Performing
Ovie Jude,"=""22195545232""",PrimaryAddressLine1,,"=""8517588""","=""8013343""","=""24809862""",Personal fixed term loan,2020-07-31 00:00:00,5000.00,7250.00,,7250.00,6500.00,NGN,1127,Open,2020-08-31 00:00:00,Lost
BABAWALE AFEEZ ABIOLA,"=""22483874169""",07 araromi phase2 adamo ikorodu,,"=""8543224""","=""5786115""","=""3627629""",Personal fixed term loan,2021-04-27 00:00:00,10000.00,7465.00,,7465.00,11000.00,NGN,1885,Open,2021-05-27 00:00:00,Lost
AKHATOR OSE EBENEZER,"=""22230335789""",PrimaryAddressLine1,"=""07014868470""","=""8563144""","=""8441593""","=""169405989""",Personal fixed term loan,2022-01-14 00:00:00,750000.00,0.00,,0.00,115620.00,NGN,0,Closed,2023-01-09 00:00:00,Performing
AKHATOR OSE EBENEZER,"=""22230335789""",PrimaryAddressLine1,"=""07014868470""","=""8563144""","=""8441593""","=""169405996""",Personal fixed term loan,2021-05-27 00:00:00,200000.00,0.00,,0.00,52000.00,NGN,0,Open,2021-11-23 00:00:00,Performing
SALEH HUSSANI IDRIS,"=""22381870069""",AV 7 GAMAGIRA ROAD U SANUSI KADUNA Kaduna South Kaduna Sta,"=""08030834434""","=""8823383""","=""3040838""","=""21841331""",Personal fixed term loan,2019-11-02 00:00:00,10000.00,0.00,,0.00,13000.00,NGN,0,Closed,2019-12-02 00:00:00,Performing
ONWUKA NNANNA OJO,"=""22283009668""",16 COURT ROAD ELU OHAFIA,"=""07060774222""","=""8951744""","=""33655861""","=""9601343""",Personal fixed term loan,2023-03-08 00:00:00,140000.00,214200.00,,0.00,17850.00,NGN,0,Open,2024-03-13 00:00:00,Performing
Akpan Sunday James,"=""22149823153""",NO 10 V2 D I C ROAD KAKURI KADUNA SOUTH,"=""08029529252""","=""9002114""","=""14158162""","=""2067617999""",Personal fixed term loan,2022-08-08 00:00:00,200000.00,0.00,,0.00,101867.00,NGN,0,Closed,2022-11-07 00:00:00,Performing
Rauf Olawale,"=""22343749732""",4b igaresi compound okeola owode,"=""08066313475""","=""9287728""","=""605674""","=""6385058""",Personal fixed term loan,2022-04-06 00:00:00,150000.00,0.00,,0.00,79975.00,NGN,0,Closed,2023-02-27 00:00:00,Performing
Rauf Olawale,"=""22343749732""",4b igaresi compound okeola owode,"=""08066313475""","=""9287728""","=""605674""","=""9581928""",Personal fixed term loan,2023-03-05 00:00:00,20000.00,0.00,,0.00,38250.00,NGN,0,Closed,2023-04-11 00:00:00,Performing
ALABI FRANCIS OLUWOLE,"=""22456936979""",15 TEMIDIRE STR AGBAJE POWER LINE BS AGBAJE,,"=""8368682""","=""6745938""","=""7448729""",Personal fixed term loan,2022-07-25 00:00:00,5000.00,0.00,,0.00,6350.00,NGN,0,Closed,2022-08-24 00:00:00,Performing
ALABI FRANCIS OLUWOLE,"=""22456936979""",15 TEMIDIRE STR AGBAJE POWER LINE BS AGBAJE,,"=""8368682""","=""6745938""","=""7785992""",Personal fixed term loan,2022-08-26 00:00:00,5000.00,0.00,,0.00,6500.00,NGN,0,Closed,2022-09-26 00:00:00,Performing
ALABI FRANCIS OLUWOLE,"=""22456936979""",15 TEMIDIRE STR AGBAJE POWER LINE BS AGBAJE,,"=""8368682""","=""6745938""","=""8223461""",Personal fixed term loan,2022-10-08 00:00:00,10000.00,0.00,,0.00,12000.00,NGN,0,Closed,2022-10-24 00:00:00,Performing
NDUKWE BLESSING UGOCHI,"=""22302445695""",DIVINE FAVOUR HOSTEL TEMPORARY SITE UNIZIK Anambra East An,,"=""8492856""","=""10816972""","=""231215601""",Personal fixed term loan,2021-01-13 00:00:00,10000.00,0.00,,0.00,13000.00,NGN,0,Open,2021-02-12 00:00:00,Performing
ELIJAH ELIJAH,"=""22460103648""",71 QUEENS STREET ALAGOMEJI YABA  Lagos State,,"=""8541790""","=""11301419""","=""97334999""",Personal fixed term loan,2021-04-21 00:00:00,5000.00,0.00,,0.00,5800.00,NGN,0,Open,2021-05-21 00:00:00,Performing
AKANFE ABRAHAM ADESANYA,"=""22317247604""",,,"=""8608287""","=""2112519""","=""972954""",Personal fixed term loan,2019-11-08 00:00:00,5000.00,0.00,,0.00,5750.00,NGN,0,Closed,2019-11-25 00:00:00,Performing
OLORUNTIMILEHIN OLUSEYI SUNDAY,,PLOT 100B LUGBE NEW SITE FHA LUGBE ABUJA Municipal Area C,"=""08036161881""","=""8644906""","=""128381""","=""23075017""",Personal fixed term loan,2018-11-16 00:00:00,22500.00,0.00,,0.00,28800.00,NGN,0,Open,2018-12-14 00:00:00,Performing
IDOWU ISAIAH BABATUNDE,"=""22187594604""",NPF PORT HARCOURT,"=""2348037065146""","=""8674586""","=""6576651""","=""6466016""",Personal fixed term loan,2022-04-14 00:00:00,2500.00,0.00,,0.00,3250.00,NGN,0,Closed,2022-05-16 00:00:00,Performing
IDOWU ISAIAH BABATUNDE,"=""22187594604""",NPF PORT HARCOURT,"=""2348037065146""","=""8674586""","=""6576651""","=""7825571""",Personal fixed term loan,2022-08-30 00:00:00,10000.00,0.00,,0.00,12000.00,NGN,0,Closed,2023-03-18 00:00:00,Performing
WEGWU BLESSING IJEOMA,"=""22278826504""",LIBRARY DEPT UNIPORT,"=""08063667105""","=""8874487""","=""15335612""","=""1005554457""",Personal fixed term loan,2021-09-06 00:00:00,250000.00,0.00,,0.00,66080.00,NGN,0,Closed,2022-03-07 00:00:00,Performing
USMAN MARYAM,,5TH SHAGARI QUARTERS ZOO ROAD KANO Fagge Kano State,,"=""8939380""","=""10421117""","=""3031030003""",Personal fixed term loan,2020-12-20 00:00:00,50000.00,44494.00,,44494.00,22660.00,NGN,956,Open,2021-03-22 00:00:00,Lost
ATTAHIRU ABDULAZIZ,,ARKILLA LAYOUT Wamako Sokoto State,"=""08061341671""","=""8947317""","=""1815968""","=""69874371""",Personal fixed term loan,2019-09-09 00:00:00,10000.00,11500.00,,11500.00,13000.00,NGN,1454,Open,2019-10-09 00:00:00,Lost
DAMILARE DAMILARE,"=""22441891061""",PrimaryAddressLine1,,"=""8992543""","=""7100755""","=""2088658""",Personal fixed term loan,2020-06-20 00:00:00,7500.00,0.00,,0.00,9370.00,NGN,0,Closed,2020-07-20 00:00:00,Performing
MUSTAPHA ISMAIL ABOLORE,,10B AGBEDE ROAD IGBOGBO BUS STOP IKORODU Ikorodu Lagos Sta,"=""08022975240""","=""9035427""","=""117634""","=""83588890""",Personal fixed term loan,2020-09-30 00:00:00,20000.00,0.00,,0.00,26000.00,NGN,0,Open,2020-10-30 00:00:00,Performing
Godwin Maria Oluwafemi,"=""22470052994""",6  Omorode str Itakin,,"=""9302406""","=""2888070""","=""5063084014""",Personal fixed term loan,2019-12-26 00:00:00,15000.00,17250.00,,17250.00,18750.00,NGN,1344,Open,2020-01-27 00:00:00,Lost
LASISI OLALEKAN IBRAHIM,"=""22334977786""",18 ifelodun str okerube ikotun,,"=""9304063""","=""42099607""","=""10054763""",Personal fixed term loan,2023-04-23 00:00:00,40000.00,50800.00,,0.00,50800.00,NGN,0,Open,2023-05-23 00:00:00,Performing
Rafiu Jamiu,,Maikunkele junior quarter behind air force barrack minna N,,"=""8246669""","=""1242881""","=""264050""",Personal fixed term loan,2019-06-03 00:00:00,5000.00,0.00,,0.00,6500.00,NGN,0,Closed,2019-07-03 00:00:00,Performing
OPEYEMI ABIOLA AYOBAMIGBE,,10 C VEPEE STREET OLOKO OFFA SARAOBSANJO OTAOGUN STATE,,"=""8369612""","=""15623842""","=""104409861""",Personal fixed term loan,2023-03-30 00:00:00,375000.00,634931.00,,0.00,57721.00,NGN,0,Open,2024-04-23 00:00:00,Performing
Amina Dahiru,"=""22499996985""",mai nagge sani Dala Kano State,,"=""8417912""","=""10272022""","=""785119892""",Personal fixed term loan,2020-12-17 00:00:00,5000.00,0.00,,0.00,6000.00,NGN,0,Open,2021-01-04 00:00:00,Performing
ABDULRAHAMAN SEZUO SIYAKA,"=""22349495754""",4 IDI CHEGEDE OGAMINANA INORERE JUNCTION Adavi Kogi State,"=""08039430791""","=""8452008""","=""10019201""","=""2033987091""",Personal fixed term loan,2020-12-05 00:00:00,10000.00,0.00,,0.00,13000.00,NGN,0,Open,2021-01-04 00:00:00,Performing
AKINWARE OYINKANSOLA V,"=""22375386501""",3 AKINWARE CLOSE OLAMBE AKUTE  Ifo Ogun State,"=""08147665823""","=""8457881""","=""7647242""","=""10003875""",Personal fixed term loan,2023-04-18 00:00:00,15000.00,0.00,,0.00,17700.00,NGN,0,Closed,2023-05-03 00:00:00,Performing
AKINWARE OYINKANSOLA V,"=""22375386501""",3 AKINWARE CLOSE OLAMBE AKUTE  Ifo Ogun State,"=""08147665823""","=""8457881""","=""7647242""","=""10117405""",Personal fixed term loan,2023-04-29 00:00:00,20000.00,0.00,,0.00,26000.00,NGN,0,Closed,2023-05-29 00:00:00,Performing
DEBORAH DEBORAH,"=""22370024220""",Not Available,,"=""8519149""","=""13117020""","=""7640260""",Personal fixed term loan,2022-08-12 00:00:00,5000.00,0.00,,0.00,6000.00,NGN,0,Closed,2022-08-29 00:00:00,Performing
ISRAEL OLUYIMIDE ABU,"=""22457044839""",PrimaryAddressLine1,"=""09036579660""","=""8593721""","=""7286449""","=""71433258""",Personal fixed term loan,2020-06-20 00:00:00,2500.00,0.00,,0.00,3250.00,NGN,0,Closed,2020-07-20 00:00:00,Performing
AGBASIONWE IFEOMA MONICA,"=""22354331096""",5 IFITE OKPUNO AWKA,"=""07062223057""","=""8650050""","=""16951647""","=""9936207""",Personal fixed term loan,2023-04-12 00:00:00,35000.00,43750.00,,0.00,43750.00,NGN,0,Open,2023-05-12 00:00:00,Performing
OSSAI CHUKWUNARU MICHEAL,"=""22337775767""",10 OLUWATOYIN KAYODE STR ALONG ADESAN ROADMOWE Obafemi Owo,,"=""8716791""","=""7662255""","=""3088438""",Personal fixed term loan,2021-01-20 00:00:00,30000.00,0.00,,0.00,37590.00,NGN,0,Closed,2021-04-18 00:00:00,Performing
AMUSAN DAMILOLA GREAT,,8 Adebisi Suleiman St Osogbo Nigeria,"=""08169853726""","=""8978782""","=""1304675""","=""59772638""",Personal fixed term loan,2019-08-15 00:00:00,4000.00,4600.00,,4600.00,5000.00,NGN,1477,Open,2019-09-16 00:00:00,Lost
ISHOLA IYABODE OLAJUMOKE,"=""22150250232""",14 15 Prince Alaba Oniru Road Victoria Island,"=""08034238204""","=""8982926""","=""8976031""","=""8976031""",Personal fixed term loan,2021-10-20 00:00:00,150000.00,171960.00,,0.00,28660.00,NGN,0,Open,2022-07-18 00:00:00,Performing
NWANKWEGU UDODIMMA,"=""22320568750""",IGNATUS NWANKWEGUS COMPOUND ABOFFIA VILLAGE,,"=""9170633""","=""8980022""","=""2109688495""",Personal fixed term loan,2020-11-25 00:00:00,25000.00,0.00,,0.00,32500.00,NGN,0,Closed,2020-12-25 00:00:00,Performing
OKONKWO GODFREY EKELE,"=""22172260880""",ORJI MECHANIC VILLAGE ORJI OWERRI Owerri North Imo State,"=""08035885264""","=""9211924""","=""9167083""","=""3102927936""",Personal fixed term loan,2020-10-16 00:00:00,10000.00,0.00,,0.00,13000.00,NGN,0,Open,2020-11-16 00:00:00,Performing
OKAFOR PASTOR NKECHI IFEOMA,"=""22202242840""",PrimaryAddressLine1,"=""08164990939""","=""9315338""","=""5209990""","=""8602184""",Personal fixed term loan,2022-11-15 00:00:00,45000.00,0.00,,0.00,51750.00,NGN,0,Closed,2022-11-30 00:00:00,Performing
OKAFOR PASTOR NKECHI IFEOMA,"=""22202242840""",PrimaryAddressLine1,"=""08164990939""","=""9315338""","=""5209990""","=""8808159""",Personal fixed term loan,2022-12-06 00:00:00,100000.00,0.00,,0.00,53334.00,NGN,,Closed,2023-03-06 00:00:00,Performing
HAPPINESS HAPPINESS,"=""22356499473""",9 joel Oguntade Street Aguda Surulere Lagos Surulere Lagos,,"=""8710252""","=""7467256""","=""7310126""",Personal fixed term loan,2022-07-11 00:00:00,15000.00,0.00,,0.00,10575.00,NGN,0,Closed,2022-09-27 00:00:00,Performing
ADEBAYO ADEBAYO,"=""22370586827""",79 ARMY ESTATE KURUDU BUS STOP KUDURU AMAC,,"=""8809973""","=""8031881""","=""6949812""",Personal fixed term loan,2022-06-05 00:00:00,35000.00,0.00,,0.00,44870.00,NGN,0,Closed,2022-07-05 00:00:00,Performing
ADEBAYO ADEBAYO,"=""22370586827""",79 ARMY ESTATE KURUDU BUS STOP KUDURU AMAC,,"=""8809973""","=""8031881""","=""8226117""",,2022-10-08 00:00:00,5000.00,0.00,,0.00,5925.00,NGN,0,Closed,2022-10-24 00:00:00,Performing
ADEBAYO ADEBAYO,"=""22370586827""",79 ARMY ESTATE KURUDU BUS STOP KUDURU AMAC,,"=""8809973""","=""8031881""","=""8384458""",Personal fixed term loan,2022-10-25 00:00:00,7500.00,0.00,,0.00,8872.50,NGN,0,Closed,2022-11-24 00:00:00,Performing
ADEBAYO ADEBAYO,"=""22370586827""",79 ARMY ESTATE KURUDU BUS STOP KUDURU AMAC,,"=""8809973""","=""8031881""","=""8650196""",Personal fixed term loan,2022-11-20 00:00:00,20000.00,0.00,,0.00,23060.00,NGN,0,Closed,2022-12-05 00:00:00,Performing
ADEBAYO ADEBAYO,"=""22370586827""",79 ARMY ESTATE KURUDU BUS STOP KUDURU AMAC,,"=""8809973""","=""8031881""","=""8809939""",Personal fixed term loan,2022-12-06 00:00:00,20000.00,0.00,,0.00,22860.00,NGN,0,Closed,2022-12-21 00:00:00,Performing
ADEBAYO ADEBAYO,"=""22370586827""",79 ARMY ESTATE KURUDU BUS STOP KUDURU AMAC,,"=""8809973""","=""8031881""","=""9270842""",Personal fixed term loan,2023-01-27 00:00:00,5000.00,0.00,,0.00,5705.00,NGN,0,Closed,2023-02-13 00:00:00,Performing
ADEBAYO ADEBAYO,"=""22370586827""",79 ARMY ESTATE KURUDU BUS STOP KUDURU AMAC,,"=""8809973""","=""8031881""","=""9372671""",Personal fixed term loan,2023-02-07 00:00:00,20000.00,0.00,,0.00,23660.00,NGN,0,Closed,2023-03-09 00:00:00,Performing
TAPERE TOSIN AYOMIDE,"=""22184587164""",Nigeria,"=""07062621172""","=""8992090""","=""11831795""","=""2251161541""",Personal fixed term loan,2021-03-18 00:00:00,5000.00,0.00,,0.00,5900.00,NGN,0,Open,2021-04-06 00:00:00,Performing
NWANKPA VINCENT,"=""22313655230""",NO 17 B OLUUGBON STREET EPE,"=""08098335371""","=""9016526""","=""20197764""","=""14875499""",Personal fixed term loan,2022-01-09 00:00:00,600000.00,0.00,,0.00,92500.00,NGN,0,Closed,2023-01-04 00:00:00,Performing
NWANKPA VINCENT,"=""22313655230""",NO 17 B OLUUGBON STREET EPE,"=""08098335371""","=""9016526""","=""20197764""","=""5590069""",Personal fixed term loan,2022-01-09 00:00:00,600000.00,0.00,,0.00,92500.00,NGN,0,Closed,2023-01-04 00:00:00,Performing
OLADEJI ESTHER NENE,"=""22443912779""",15 OLAOLUWA STR DOPEMU AGEGE Agege Lagos State,,"=""9180625""","=""2781168""","=""175390718""",Personal fixed term loan,2019-12-05 00:00:00,5000.00,5750.00,,5750.00,5750.00,NGN,1382,Open,2019-12-20 00:00:00,Lost
Taimiyu Idayat Oluwatosin,"=""22304347469""",124  powerline rd jakara ijaiye b/s,,"=""9184369""","=""6660856""","=""1906086""",Personal fixed term loan,2020-03-29 00:00:00,2500.00,0.00,,0.00,3250.00,NGN,0,Closed,2020-04-28 00:00:00,Performing
Taimiyu Idayat Oluwatosin,"=""22304347469""",124  powerline rd jakara ijaiye b/s,,"=""9184369""","=""6660856""","=""198819801""",Personal fixed term loan,2020-03-29 00:00:00,2500.00,0.00,,0.00,3250.00,NGN,0,Closed,2020-04-28 00:00:00,Performing
Taimiyu Idayat Oluwatosin,"=""22304347469""",124  powerline rd jakara ijaiye b/s,,"=""9184369""","=""6660856""","=""9423877""",Personal fixed term loan,2023-02-13 00:00:00,15000.00,0.00,,0.00,17700.00,NGN,0,Closed,2023-02-28 00:00:00,Performing
Rabiu Abubakar Muh'd,"=""22477006068""",PrimaryAddressLine1,,"=""9328297""","=""10426144""","=""106924832""",Personal fixed term loan,2020-12-20 00:00:00,25000.00,33250.00,,33250.00,29500.00,NGN,1001,Open,2021-01-04 00:00:00,Lost
SAMSONDEEN ABIMBOLA AMINAT,"=""22242559694""",52SOTIMOYE STREETPAPA AJAO,"=""08137820380""","=""8888598""","=""533904""","=""7044124""",Personal fixed term loan,2022-06-15 00:00:00,15000.00,0.00,,0.00,18000.00,NGN,0,Closed,2022-06-30 00:00:00,Performing
SAMSONDEEN ABIMBOLA AMINAT,"=""22242559694""",52SOTIMOYE STREETPAPA AJAO,"=""08137820380""","=""8888598""","=""533904""","=""7187070""",Personal fixed term loan,2022-06-29 00:00:00,15000.00,0.00,,0.00,18000.00,NGN,0,Closed,2022-07-14 00:00:00,Performing
SAMSONDEEN ABIMBOLA AMINAT,"=""22242559694""",52SOTIMOYE STREETPAPA AJAO,"=""08137820380""","=""8888598""","=""533904""","=""7348217""",Personal fixed term loan,2022-07-15 00:00:00,15000.00,0.00,,0.00,18000.00,NGN,0,Closed,2022-08-01 00:00:00,Performing
SAMSONDEEN ABIMBOLA AMINAT,"=""22242559694""",52SOTIMOYE STREETPAPA AJAO,"=""08137820380""","=""8888598""","=""533904""","=""7539041""",Personal fixed term loan,2022-08-03 00:00:00,15000.00,0.00,,0.00,18000.00,NGN,0,Closed,2022-08-18 00:00:00,Performing
SAMSONDEEN ABIMBOLA AMINAT,"=""22242559694""",52SOTIMOYE STREETPAPA AJAO,"=""08137820380""","=""8888598""","=""533904""","=""7717503""",Personal fixed term loan,2022-08-20 00:00:00,15000.00,0.00,,0.00,18000.00,NGN,0,Closed,2022-09-05 00:00:00,Performing
BARUWA OLADIMEJI RASAQ,"=""22495467331""",44 KAFARU STREET AJAKA MAKUN Shagamu Ogun State,,"=""8991746""","=""4657132""","=""1130996264""",Personal fixed term loan,2020-01-05 00:00:00,1500.00,0.00,,0.00,1950.00,NGN,0,Open,2020-02-04 00:00:00,Performing
EDUN KENNETH GABRIEL,"=""22334587545""",Ogunu 332104 Warri Nigeria,"=""08028368207""","=""9117107""","=""527535""","=""10614434""",Personal fixed term loan,2023-06-16 00:00:00,30000.00,0.00,,0.00,36450.00,NGN,0,Closed,2023-07-22 00:00:00,Performing
EDUN KENNETH GABRIEL,"=""22334587545""",Ogunu 332104 Warri Nigeria,"=""08028368207""","=""9117107""","=""527535""","=""7784999""",Personal fixed term loan,2022-08-26 00:00:00,5000.00,0.00,,0.00,5750.00,NGN,0,Closed,2022-09-12 00:00:00,Performing
EDUN KENNETH GABRIEL,"=""22334587545""",Ogunu 332104 Warri Nigeria,"=""08028368207""","=""9117107""","=""527535""","=""7903920""",Personal fixed term loan,2022-09-07 00:00:00,5000.00,0.00,,0.00,5785.00,NGN,0,Closed,2022-09-22 00:00:00,Performing
EDUN KENNETH GABRIEL,"=""22334587545""",Ogunu 332104 Warri Nigeria,"=""08028368207""","=""9117107""","=""527535""","=""8203715""",Personal fixed term loan,2022-10-06 00:00:00,15000.00,0.00,,0.00,19500.00,NGN,0,Closed,2022-11-07 00:00:00,Performing
EDUN KENNETH GABRIEL,"=""22334587545""",Ogunu 332104 Warri Nigeria,"=""08028368207""","=""9117107""","=""527535""","=""8578628""",Personal fixed term loan,2022-11-13 00:00:00,25000.00,0.00,,0.00,30000.00,NGN,0,Closed,2022-11-28 00:00:00,Performing
EDUN KENNETH GABRIEL,"=""22334587545""",Ogunu 332104 Warri Nigeria,"=""08028368207""","=""9117107""","=""527535""","=""8697061""",Personal fixed term loan,2022-11-25 00:00:00,25000.00,0.00,,0.00,29900.00,NGN,0,Closed,2022-12-12 00:00:00,Performing
EDUN KENNETH GABRIEL,"=""22334587545""",Ogunu 332104 Warri Nigeria,"=""08028368207""","=""9117107""","=""527535""","=""8769720""",Personal fixed term loan,2022-12-02 00:00:00,90000.00,0.00,,0.00,115380.00,NGN,0,Closed,2023-02-07 00:00:00,Performing
EDUN KENNETH GABRIEL,"=""22334587545""",Ogunu 332104 Warri Nigeria,"=""08028368207""","=""9117107""","=""527535""","=""9439073""",Personal fixed term loan,2023-02-15 00:00:00,60000.00,0.00,,0.00,41130.00,NGN,0,Closed,2023-05-06 00:00:00,Performing
MAITAMA HAUWA BAFFA,"=""22351864663""",MADAKI STREET OLD MAITAMA BACK OF CATHOLIC CHURCH KUBWA Bw,,"=""9225390""","=""10333038""","=""20251137""",Personal fixed term loan,2020-12-17 00:00:00,50000.00,54828.00,,54828.00,64000.00,NGN,987,Open,2021-01-18 00:00:00,Lost
IKEOGU CHARLES CHUKWUDI,"=""22165830333""",4 Edumbarh close corridor Layout Enugu ENUGU NORTH ENUGU,"=""2348063242486""","=""9327351""","=""22782030""","=""9888997""",Personal fixed term loan,2023-04-07 00:00:00,20000.00,20700.00,,0.00,6900.00,NGN,0,Open,2023-08-07 00:00:00,Performing
Okeyemi Samuel AKINLADE,"=""22316592853""",No 11 Otaja streetisutti road Egan Igando,"=""08175021589""","=""9151701""","=""555483""","=""2063995174""",Personal fixed term loan,2020-11-04 00:00:00,50000.00,0.00,,0.00,64000.00,NGN,0,Closed,2020-12-04 00:00:00,Performing
Okeyemi Samuel AKINLADE,"=""22316592853""",No 11 Otaja streetisutti road Egan Igando,"=""08175021589""","=""9151701""","=""555483""","=""2694624""",Personal fixed term loan,2020-11-04 00:00:00,50000.00,0.00,,0.00,64000.00,NGN,0,Closed,2020-12-04 00:00:00,Performing
Okeyemi Samuel AKINLADE,"=""22316592853""",No 11 Otaja streetisutti road Egan Igando,"=""08175021589""","=""9151701""","=""555483""","=""8542311""",Personal fixed term loan,2022-11-09 00:00:00,5000.00,0.00,,0.00,6000.00,NGN,0,Closed,2022-11-24 00:00:00,Performing
Okeyemi Samuel AKINLADE,"=""22316592853""",No 11 Otaja streetisutti road Egan Igando,"=""08175021589""","=""9151701""","=""555483""","=""9079515""",Personal fixed term loan,2023-01-05 00:00:00,5000.00,0.00,,0.00,6000.00,NGN,0,Closed,2023-01-20 00:00:00,Performing
Okeyemi Samuel AKINLADE,"=""22316592853""",No 11 Otaja streetisutti road Egan Igando,"=""08175021589""","=""9151701""","=""555483""","=""9126152""",Personal fixed term loan,2023-01-10 00:00:00,5000.00,0.00,,0.00,6000.00,NGN,0,Closed,2023-01-25 00:00:00,Performing
Okeyemi Samuel AKINLADE,"=""22316592853""",No 11 Otaja streetisutti road Egan Igando,"=""08175021589""","=""9151701""","=""555483""","=""9253769""",Personal fixed term loan,2023-01-25 00:00:00,22500.00,0.00,,0.00,27000.00,NGN,0,Closed,2023-02-09 00:00:00,Performing
Okeyemi Samuel AKINLADE,"=""22316592853""",No 11 Otaja streetisutti road Egan Igando,"=""08175021589""","=""9151701""","=""555483""","=""9344155""",Personal fixed term loan,2023-02-04 00:00:00,22500.00,0.00,,0.00,27000.00,NGN,0,Closed,2023-02-20 00:00:00,Performing
Okeyemi Samuel AKINLADE,"=""22316592853""",No 11 Otaja streetisutti road Egan Igando,"=""08175021589""","=""9151701""","=""555483""","=""9477827""",Personal fixed term loan,2023-02-20 00:00:00,22500.00,0.00,,0.00,27000.00,NGN,0,Closed,2023-03-07 00:00:00,Performing
Okeyemi Samuel AKINLADE,"=""22316592853""",No 11 Otaja streetisutti road Egan Igando,"=""08175021589""","=""9151701""","=""555483""","=""9610331""",Personal fixed term loan,2023-03-09 00:00:00,15000.00,0.00,,0.00,18000.00,NGN,0,Closed,2023-03-24 00:00:00,Performing
Okeyemi Samuel AKINLADE,"=""22316592853""",No 11 Otaja streetisutti road Egan Igando,"=""08175021589""","=""9151701""","=""555483""","=""9666545""",Personal fixed term loan,2023-03-15 00:00:00,15000.00,0.00,,0.00,17955.00,NGN,0,Closed,2023-03-30 00:00:00,Performing
Okeyemi Samuel AKINLADE,"=""22316592853""",No 11 Otaja streetisutti road Egan Igando,"=""08175021589""","=""9151701""","=""555483""","=""9775544""",Personal fixed term loan,2023-03-27 00:00:00,15000.00,0.00,,0.00,18000.00,NGN,0,Closed,2023-04-11 00:00:00,Performing
Okeyemi Samuel AKINLADE,"=""22316592853""",No 11 Otaja streetisutti road Egan Igando,"=""08175021589""","=""9151701""","=""555483""","=""9930284""",Personal fixed term loan,2023-04-11 00:00:00,40000.00,0.00,,0.00,48000.00,NGN,0,Closed,2023-04-26 00:00:00,Performing
OGBOLU LAZARUS JAMES,"=""22211923037""",27 PRINCE AYO OMOPE AVENUE,"=""23481000889702""","=""9154410""","=""6200353""","=""1840184""",Personal fixed term loan,2020-03-18 00:00:00,5000.00,0.00,,0.00,6250.00,NGN,0,Closed,2020-04-17 00:00:00,Performing
IKE CHIMENIM UCHE,"=""22189580816""",3 AKWUKE ROAD AWK ENUGU,"=""08034705726""","=""9155431""","=""12548872""","=""2031107255""",Personal fixed term loan,2021-04-14 00:00:00,15000.00,0.00,,0.00,16500.00,NGN,0,Open,2021-05-17 00:00:00,Performing
AGADA PETER,"=""22195323858""",NO 34 IKWA NEW SITE ZUBA ABUJA,,"=""9331397""","=""42198695""","=""9853080""",Personal fixed term loan,2023-04-03 00:00:00,200000.00,275555.00,,0.00,34445.00,NGN,0,Open,2024-01-02 00:00:00,Performing
Omoshalewa Adewole,"=""22145804374""",Independence St Ikeja 101233 Ikeja Nigeria,,"=""8249284""","=""799651""","=""6278259""",Personal fixed term loan,2022-03-26 00:00:00,100000.00,0.00,,0.00,43260.00,NGN,0,Closed,2022-06-24 00:00:00,Performing
LIVINUS LIVINUS,"=""22185117551""",9 OLUWATOYIN STREET LADILAK BARIGA,,"=""8423026""","=""2613834""","=""10005490""",Personal fixed term loan,2023-04-18 00:00:00,10000.00,12500.00,,0.00,12500.00,NGN,0,Open,2023-05-18 00:00:00,Performing
Muhammad Mubarak,"=""22300959828""",EKITI,"=""07035487104""","=""8454437""","=""957811""","=""10067693""",Personal fixed term loan,2023-04-24 00:00:00,100000.00,117250.00,,0.00,117250.00,NGN,0,Open,2023-05-24 00:00:00,Performing
Muhammad Mubarak,"=""22300959828""",EKITI,"=""07035487104""","=""8454437""","=""957811""","=""136586172""",Personal fixed term loan,2021-01-13 00:00:00,10000.00,0.00,,0.00,13000.00,NGN,0,Open,2021-02-12 00:00:00,Performing
Opeyemi Lateef,"=""22161043753""",NO 1 ABA APATA AGBOWO IBADANIBADANOyo State,"=""07033543822""","=""8471492""","=""212810""","=""1449467412""",Personal fixed term loan,2022-02-25 00:00:00,300000.00,0.00,,0.00,194540.00,NGN,0,Closed,2023-02-27 00:00:00,Performing
BASHIR TANIMU,"=""22453974552""",owuzor nihi etche,"=""08101600785""","=""8510166""","=""5456504""","=""2200134""",Personal fixed term loan,2020-07-20 00:00:00,5000.00,0.00,,0.00,12000.00,NGN,,Closed,2020-08-04 00:00:00,Performing
BASHIR TANIMU,"=""22453974552""",owuzor nihi etche,"=""08101600785""","=""8510166""","=""5456504""","=""259264812""",Personal fixed term loan,2020-07-20 00:00:00,5000.00,6750.00,,6750.00,6000.00,NGN,1154,Open,2020-08-04 00:00:00,Lost
Oluwadara Susan,"=""22269827150""",SAMUEL COMPOUND UMUOKPALA AMANATO ISU,,"=""8536774""","=""817677""","=""984210""",Personal fixed term loan,2019-11-11 00:00:00,1500.00,0.00,,0.00,1870.00,NGN,0,Closed,2019-12-11 00:00:00,Performing
MONDAY NDUBUISI ICHOO,"=""22250449666""",NO 15 IJI NIKE UMUCHIGBO ABAKPA NIKE,"=""08031860019""","=""8546121""","=""1015875""","=""9719251""",Personal fixed term loan,2023-03-21 00:00:00,25000.00,31125.00,,0.00,15563.00,NGN,0,Open,2023-05-22 00:00:00,Performing
OGUNYALE ENIOLA JOHN,"=""22475233134""",3 SEBOTIMO STREET CHURCH BUS STOP IPAJA ALIMOSHO,,"=""8680423""","=""4940086""","=""351503242""",Personal fixed term loan,2020-01-16 00:00:00,10000.00,0.00,,0.00,11500.00,NGN,0,Open,2020-01-31 00:00:00,Performing
ATUNDE OLASENI HAMMED,"=""22352549057""",Ijapo estate akure ondo state,,"=""8711384""","=""5526121""","=""50186052""",Personal fixed term loan,2022-01-25 00:00:00,400000.00,0.00,,0.00,103330.00,NGN,0,Closed,2022-07-25 00:00:00,Performing
ADEYANJU REMILEKUN EUNICE,,PrimaryAddressLine1,,"=""8720099""","=""931282""","=""766137644""",Personal fixed term loan,2020-07-03 00:00:00,20000.00,28400.00,,28400.00,25400.00,NGN,1155,Open,2020-08-03 00:00:00,Lost
SHAMSUDEEN SHAMSUDEEN,"=""22508074352""",YAKUBU YUSUF RESD BEHIND POLICE STATION ANDAHA GOLDEN BOYS,,"=""9085901""","=""7772222""","=""6145752""",Personal fixed term loan,2022-03-11 00:00:00,7500.00,0.00,,0.00,9750.00,NGN,0,Closed,2022-03-28 00:00:00,Performing
DIALA KINGSLEY,"=""22245569836""",NO 9 OROIGWE ROAD ELIMGBU PORTHARCOURT Port,"=""8 035 503 147""","=""9330814""","=""555139""","=""6153757""",Personal fixed term loan,2022-03-12 00:00:00,50000.00,0.00,,0.00,32750.00,NGN,0,Closed,2022-05-11 00:00:00,Performing
DIALA KINGSLEY,"=""22245569836""",NO 9 OROIGWE ROAD ELIMGBU PORTHARCOURT Port,"=""8 035 503 147""","=""9330814""","=""555139""","=""6616225""",,2022-04-30 00:00:00,80000.00,0.00,,0.00,21680.00,NGN,0,Closed,2022-10-27 00:00:00,Performing
ABDULLAHI MUSA D,"=""22233448293""",KAZAURE LGC JIGAWA STATE DUTSE Kazaure Jigawa State,"=""08122022243""","=""9334958""","=""10275322""","=""1437245077""",Personal fixed term loan,2020-12-16 00:00:00,20000.00,0.00,,0.00,25600.00,NGN,0,Open,2021-01-15 00:00:00,Performing
TEMITOPE SERAH,"=""22331730997""",93 BRIGHT FASHION EWUSI STREET MAKUN Shagamu Ogun State,,"=""8262318""","=""5195912""","=""8333815""",Personal fixed term loan,2022-10-19 00:00:00,35000.00,0.00,,0.00,38937.50,NGN,0,Closed,2022-11-03 00:00:00,Performing
AKOMAH COLLINS OHEN,"=""22169282044""",NO8 ALIAGWN STREET AGBOR,"=""09039785107""","=""8279066""","=""5880285""","=""9246808""",Personal fixed term loan,2023-01-24 00:00:00,5000.00,0.00,,0.00,6000.00,NGN,0,Closed,2023-02-08 00:00:00,Performing
AKOMAH COLLINS OHEN,"=""22169282044""",NO8 ALIAGWN STREET AGBOR,"=""09039785107""","=""8279066""","=""5880285""","=""9484185""",Personal fixed term loan,2023-02-21 00:00:00,7500.00,0.00,,0.00,9000.00,NGN,0,Closed,2023-03-08 00:00:00,Performing
Gregory Anwuta,,33 babani street ajegunle,,"=""8289028""","=""1586924""","=""2118432317""",Personal fixed term loan,2019-09-26 00:00:00,5000.00,0.00,,0.00,6250.00,NGN,0,Closed,2019-10-28 00:00:00,Performing
Gregory Anwuta,,33 babani street ajegunle,,"=""8289028""","=""1586924""","=""717860""",Personal fixed term loan,2019-09-26 00:00:00,5000.00,0.00,,0.00,6250.00,NGN,0,Closed,2019-10-28 00:00:00,Performing
Michael Olayemi,"=""22377315828""",FLAT 2 GRA OKEYINBO EPE,,"=""8329438""","=""564818""","=""7955660""",,2022-09-12 00:00:00,5000.00,0.00,,0.00,6350.00,NGN,0,Closed,2022-10-12 00:00:00,Performing
Michael Olayemi,"=""22377315828""",FLAT 2 GRA OKEYINBO EPE,,"=""8329438""","=""564818""","=""8198438""",,2022-10-06 00:00:00,30000.00,0.00,,0.00,39000.00,NGN,0,Closed,2022-11-07 00:00:00,Performing
KAYODE AYOBAMI KAYODE,"=""22254477887""",NO 15 IGBEYINADUN STREET ERA OJO LAGOS Eti Osa Lagos State,"=""08023603859""","=""8379340""","=""8319539""","=""5330154239""",Personal fixed term loan,2020-12-27 00:00:00,20000.00,0.00,,0.00,13910.00,NGN,0,Open,2021-02-25 00:00:00,Performing
Rafiu Adelakun,"=""22360987810""",BABCOCK UNIVERSITY ILISAN,,"=""8532419""","=""747971""","=""5883339""",Personal fixed term loan,2022-02-10 00:00:00,2500.00,0.00,,0.00,3250.00,NGN,0,Closed,2022-03-14 00:00:00,Performing
KEBIRU ABUDU,"=""22310264545""",DAEWOO NIG LTD OGU BASE  YENAGOA Yenagoa Bayelsa State,,"=""8563871""","=""4416623""","=""2085218022""",Personal fixed term loan,2020-09-24 00:00:00,25000.00,0.00,,0.00,29750.00,NGN,0,Closed,2020-10-26 00:00:00,Performing
AJIBADE BABATUNDE EMMANUEL,"=""22480836496""",no 10 soetab str jankata apata Ibadan Ibadan SouthWest Oyo,,"=""8701290""","=""6395981""","=""6740899""",Personal fixed term loan,2022-05-14 00:00:00,5000.00,0.00,,0.00,5900.00,NGN,0,Closed,2022-05-30 00:00:00,Performing
ERUBASA TUMININU OMOLARA,"=""22185705626""",7 ABIODUN CLOSE OFF OJO ST AKOKA YABA,"=""23480265845822""","=""8718731""","=""26899443""","=""9921882""",Personal fixed term loan,2023-04-10 00:00:00,90000.00,88450.00,,0.00,108450.00,NGN,0,Open,2023-05-10 00:00:00,Performing
OLAOSEBIKAN DEBORAH OMOLOLA,,15 ANU OLUWAPO STR OGO OLUWAOSOGBOOSUN STATE,"=""08108985774""","=""9164726""","=""90979""","=""1237754021""",Personal fixed term loan,2020-03-21 00:00:00,2500.00,0.00,,0.00,3120.00,NGN,0,Closed,2020-04-20 00:00:00,Performing
OKE RASAQ HASSAN,"=""22257881717""",48 ANUOLUWAPO STREET  Alimosho Lagos State,,"=""9356877""","=""6743385""","=""1921183""",Personal fixed term loan,2020-04-03 00:00:00,2500.00,0.00,,0.00,2870.00,NGN,0,Closed,2020-04-20 00:00:00,Performing
OKE RASAQ HASSAN,"=""22257881717""",48 ANUOLUWAPO STREET  Alimosho Lagos State,,"=""9356877""","=""6743385""","=""2001147665""",Personal fixed term loan,2020-04-03 00:00:00,2500.00,0.00,,0.00,2870.00,NGN,0,Closed,2020-04-20 00:00:00,Performing
YUSUF KEHINDE,,BL 2 DUTSINMA STREET TUDUN WADA SABON GARI Kaduna South Ka,"=""08028403537""","=""9365035""","=""4381698""","=""3046787897""",Personal fixed term loan,2019-12-21 00:00:00,5000.00,5750.00,,5750.00,6500.00,NGN,1351,Open,2020-01-20 00:00:00,Lost
TRUST FELICIA AMANDA,"=""22422543130""",13 REXLAWSON WATERFRONT REXLAWSON BUS STOP PH Port Harcourt,"=""08107785347""","=""8549343""","=""5387287""","=""8103969""",Personal fixed term loan,2022-09-27 00:00:00,15000.00,0.00,,0.00,19500.00,NGN,0,Closed,2022-10-27 00:00:00,Performing
TRUST FELICIA AMANDA,"=""22422543130""",13 REXLAWSON WATERFRONT REXLAWSON BUS STOP PH Port Harcourt,"=""08107785347""","=""8549343""","=""5387287""","=""8553900""",Personal fixed term loan,2022-11-10 00:00:00,5000.00,0.00,,0.00,6500.00,NGN,0,Closed,2022-12-12 00:00:00,Performing
TRUST FELICIA AMANDA,"=""22422543130""",13 REXLAWSON WATERFRONT REXLAWSON BUS STOP PH Port Harcourt,"=""08107785347""","=""8549343""","=""5387287""","=""8809556""",Personal fixed term loan,2022-12-06 00:00:00,10000.00,0.00,,0.00,12950.00,NGN,0,Closed,2023-01-05 00:00:00,Performing
TRUST FELICIA AMANDA,"=""22422543130""",13 REXLAWSON WATERFRONT REXLAWSON BUS STOP PH Port Harcourt,"=""08107785347""","=""8549343""","=""5387287""","=""9165154""",Personal fixed term loan,2023-01-14 00:00:00,20000.00,0.00,,0.00,26000.00,NGN,0,Closed,2023-02-13 00:00:00,Performing
TRUST FELICIA AMANDA,"=""22422543130""",13 REXLAWSON WATERFRONT REXLAWSON BUS STOP PH Port Harcourt,"=""08107785347""","=""8549343""","=""5387287""","=""9389538""",Personal fixed term loan,2023-02-09 00:00:00,50000.00,0.00,,0.00,62500.00,NGN,0,Closed,2023-03-13 00:00:00,Performing
TRUST FELICIA AMANDA,"=""22422543130""",13 REXLAWSON WATERFRONT REXLAWSON BUS STOP PH Port Harcourt,"=""08107785347""","=""8549343""","=""5387287""","=""9859787""",Personal fixed term loan,2023-04-04 00:00:00,50000.00,0.00,,0.00,63000.00,NGN,0,Closed,2023-05-04 00:00:00,Performing
BASSEY VERONICA,,19 OJUOLOBO STREET BEACH BUS STOP VICTORIA ISLAND Eti Osa,"=""08122189946""","=""8695479""","=""11074438""","=""170025734""",Personal fixed term loan,2021-01-28 00:00:00,10000.00,0.00,,0.00,12000.00,NGN,0,Open,2021-02-12 00:00:00,Performing
AJAYI EMMANUEL OLATUNBOSUN,"=""22490062210""",23 UNITY STR ALONGE BS IKOTUN ALIMOSHO LAGOS,,"=""8739565""","=""5974792""","=""1742745""",Personal fixed term loan,2020-03-04 00:00:00,2500.00,0.00,,0.00,2870.00,NGN,0,Closed,2020-03-19 00:00:00,Performing
AJAYI EMMANUEL OLATUNBOSUN,"=""22490062210""",23 UNITY STR ALONGE BS IKOTUN ALIMOSHO LAGOS,,"=""8739565""","=""5974792""","=""1771654""",Personal fixed term loan,2020-03-08 00:00:00,5000.00,0.00,,0.00,6250.00,NGN,0,Closed,2020-04-07 00:00:00,Performing
AJAYI EMMANUEL OLATUNBOSUN,"=""22490062210""",23 UNITY STR ALONGE BS IKOTUN ALIMOSHO LAGOS,,"=""8739565""","=""5974792""","=""426901663""",Personal fixed term loan,2020-03-08 00:00:00,5000.00,0.00,,0.00,6250.00,NGN,0,Closed,2020-04-07 00:00:00,Performing
Oguntugo Christiana,"=""22375565210""",99 OLD OTA RD OLOTA CAPTAIN ABULE EGBA Alimosho Lagos Sta,,"=""9024396""","=""9606613""","=""3102254942""",Personal fixed term loan,2020-12-01 00:00:00,25000.00,0.00,,0.00,32500.00,NGN,0,Open,2020-12-31 00:00:00,Performing
ADEOLOHUN MUTIAYAT OLUWATOYIN,"=""22418247233""",PrimaryAddressLine1,,"=""9122430""","=""7613425""","=""5357656""",Personal fixed term loan,2021-12-10 00:00:00,15000.00,0.00,,0.00,7740.00,NGN,0,Closed,2022-03-31 00:00:00,Performing
Otuburu Oghenetega,"=""22495473738""",OLD EKETE Udu Delta State,,"=""9229139""","=""8805335""","=""97026812""",Personal fixed term loan,2020-09-25 00:00:00,5000.00,0.00,,0.00,6500.00,NGN,0,Open,2020-10-26 00:00:00,Performing
MUSA RABI,"=""22235339429""",Not Available,"=""08021280447""","=""9350071""","=""13890341""","=""2004081823""",Personal fixed term loan,2021-12-13 00:00:00,225000.00,0.00,,0.00,286650.00,NGN,0,Closed,2022-01-19 00:00:00,Performing
ENU MATTHEW OGOCHUKWU,"=""22218010190""",18 FATAI LAWALAVE AGO PALACE WAY OKOTA LAGOS OshodiIsolo L,"=""2348033220165""","=""9352262""","=""10905136""","=""5544272""",Personal fixed term loan,2022-01-03 00:00:00,200000.00,69309.00,,69309.00,98130.00,NGN,946,Open,2022-04-04 00:00:00,Lost
P Olusegun,,NO TEMIDIRE STR ALAKIA  Egbeda Oyo State,,"=""8275668""","=""746588""","=""2043208""",Personal fixed term loan,2020-06-06 00:00:00,5000.00,0.00,,0.00,5750.00,NGN,0,Closed,2020-06-22 00:00:00,Performing
P Olusegun,,NO TEMIDIRE STR ALAKIA  Egbeda Oyo State,,"=""8275668""","=""746588""","=""2046429742""",Personal fixed term loan,2020-06-06 00:00:00,5000.00,0.00,,0.00,5750.00,NGN,0,Closed,2020-06-22 00:00:00,Performing
J Ojukwu,"=""22199265587""",11 OKO CLOSE MGBUOBA OFF NTA ROAD Port Harcourt Rivers St,,"=""8354402""","=""10199742""","=""151461911""",Personal fixed term loan,2020-12-24 00:00:00,10000.00,0.00,,0.00,13000.00,NGN,0,Open,2021-01-25 00:00:00,Performing
ODIBE ONYINYE DANIEL,"=""22228150752""",21 BEN MBAMALU STR NEW GRA ENUGU,"=""23407038054528""","=""8357560""","=""42154405""","=""9833017""",Personal fixed term loan,2023-04-01 00:00:00,22500.00,0.00,,0.00,25875.00,NGN,0,Closed,2023-04-16 00:00:00,Performing
BRAVE BRAVE,"=""22346203596""",35 NTUEKE STREET AWADA OBOSI,,"=""8391570""","=""23897934""","=""115736433""",Personal fixed term loan,2022-12-23 00:00:00,250000.00,434000.00,,434000.00,66084.00,NGN,237,Open,2023-07-08 00:00:00,Lost
Asitonka Kingsley,"=""22366173677""",PHASE 3 BORIKIRI PH Port Harcourt Rivers State,"=""07032913224""","=""8416941""","=""3848935""","=""6171429575""",Personal fixed term loan,2020-01-15 00:00:00,7500.00,0.00,,0.00,9370.00,NGN,0,Closed,2020-02-14 00:00:00,Performing
Abinusawa Adedamola,,AMAZING GRACE HAVEN MINI OKPBIRI CLOSE RUMUODARA PH ObioAk,"=""07066753301""","=""8422353""","=""867670""","=""3086845570""",Personal fixed term loan,2019-07-29 00:00:00,2500.00,2680.00,,2680.00,3120.00,NGN,1496,Open,2019-08-28 00:00:00,Lost
Akanfe Semiu,"=""22170745523""",Aba ayindeapata Ibadan,,"=""8430024""","=""534715""","=""7543367""",Personal fixed term loan,2022-08-03 00:00:00,40000.00,0.00,,0.00,50920.00,NGN,0,Closed,2022-09-02 00:00:00,Performing
AYANDA OLAYINKA JOSHUA,"=""22347515564""",Ikorodu 104102 Isasi Nigeria,"=""07038139598""","=""8475365""","=""20289703""","=""9608414""",Personal fixed term loan,2023-03-08 00:00:00,40000.00,52680.00,,0.00,17560.00,NGN,0,Open,2023-06-13 00:00:00,Performing
OLANITORI AYODELE EUGENE,"=""22159485336""",110 SAPELE CLOSE PHCN HOUSING ESTATE EGBIN IKORODU,"=""08180436215""","=""8480746""","=""4360492""","=""2350134743""",Personal fixed term loan,2022-02-23 00:00:00,400000.00,0.00,,0.00,259390.00,NGN,0,Closed,2022-04-25 00:00:00,Performing
OLANITORI AYODELE EUGENE,"=""22159485336""",110 SAPELE CLOSE PHCN HOUSING ESTATE EGBIN IKORODU,"=""08180436215""","=""8480746""","=""4360492""","=""3120724915""",Personal fixed term loan,2020-02-22 00:00:00,15000.00,0.00,,0.00,15000.00,NGN,0,Closed,2020-03-23 00:00:00,Performing
ABDULAZEEZ SELIMAT OLAITAN,"=""22309016777""",10 Kunle ojo Ikorodu Lagos,,"=""8541664""","=""40353554""","=""9962375""",Personal fixed term loan,2023-04-14 00:00:00,25000.00,40900.00,,0.00,50600.00,NGN,0,Open,2023-05-14 00:00:00,Performing
UBOJIEKERE PRINCE AMADI,"=""22194362586""",No 31 Justice Mary Odili Street Stadium road,"=""08033167214""","=""8572615""","=""33674197""","=""1015573248""",Personal fixed term loan,2022-04-20 00:00:00,300000.00,0.00,,0.00,100490.00,NGN,0,Closed,2022-08-29 00:00:00,Performing
GBADAMOSI WASIU OLATUNDE,"=""22146176531""",3 EUINWA ROAD ODOGBOLU OGUN STATE,,"=""9185981""","=""21905690""","=""10045775""",Personal fixed term loan,2023-04-22 00:00:00,20000.00,0.00,,0.00,23660.00,NGN,0,Closed,2023-05-22 00:00:00,Performing
IBE JANE EBITIMI,,178 ABA ROAD  PHC,"=""07037347810""","=""9328823""","=""16247582""","=""620858019""",Personal fixed term loan,2021-09-27 00:00:00,300000.00,0.00,,0.00,111150.00,NGN,0,Open,2022-01-25 00:00:00,Performing
SUSWAM DOOSUUR JOY,"=""22425106343""",DOCTORS QTRS,"=""08106665671""","=""9375633""","=""6786805""","=""7310677""",Personal fixed term loan,2022-07-11 00:00:00,10000.00,0.00,,0.00,12000.00,NGN,0,Closed,2022-07-26 00:00:00,Performing
Oghenegweke Ann,"=""22299699718""",17 CALFOS DRIVE LAWANSON BS SURULERE Surulere Lagos State,,"=""8299618""","=""7376521""","=""5580262""",Personal fixed term loan,2022-01-07 00:00:00,50000.00,0.00,,0.00,21330.00,NGN,0,Open,2022-04-07 00:00:00,Performing
IFEDIORA VIVIAN OZIOMA,"=""22328620085""",4 Igwuruta road rumuokwurusi ObioAkpor R,,"=""8315429""","=""17712869""","=""9985006""",Personal fixed term loan,2023-04-16 00:00:00,10000.00,0.00,,0.00,11670.00,NGN,0,Closed,2023-05-16 00:00:00,Performing
OWOLABI OMOYEMIMICHAEL,"=""22146192245""",SABDULAZEEZ ADALEMO IYANA IYESI OTA OGUN STATE AdoOdoOta O,,"=""8413348""","=""7434538""","=""10607094""",Personal fixed term loan,2023-06-15 00:00:00,5000.00,0.00,,0.00,6000.00,NGN,0,Closed,2023-06-30 00:00:00,Performing
ITUMOH MICHEAL MONDAY,"=""22219161495""",512101 Igwuruta Rivers Nigeria,"=""08022991958""","=""8547379""","=""1241667""","=""1021686097""",Personal fixed term loan,2020-12-04 00:00:00,10000.00,0.00,,0.00,12000.00,NGN,0,Open,2020-12-21 00:00:00,Performing
AKANMU ABIODUN,"=""22248745532""",20 SHOFOLAHAN ST WURAOLA BS 20 SHOFOLAHAN,,"=""8569708""","=""7488627""","=""9333801""",Personal fixed term loan,2023-02-03 00:00:00,5000.00,0.00,,0.00,6000.00,NGN,0,Closed,2023-02-18 00:00:00,Performing
AKANMU ABIODUN,"=""22248745532""",20 SHOFOLAHAN ST WURAOLA BS 20 SHOFOLAHAN,,"=""8569708""","=""7488627""","=""9412487""",Personal fixed term loan,2023-02-12 00:00:00,5000.00,0.00,,0.00,5985.00,NGN,0,Closed,2023-02-27 00:00:00,Performing
HARUNA YOHANA BOI,"=""22327182636""",NPF ABUJA MAIN,"=""2348035798012""","=""8697541""","=""6287175""","=""6122313""",Personal fixed term loan,2022-03-09 00:00:00,70000.00,0.00,,0.00,31490.00,NGN,0,Closed,2022-06-07 00:00:00,Performing
EFFIONG EZEKIEL ANTHONY,"=""22330013114""",78 ADEWOLE AKOWONJO EGBEDA LAGOS,"=""08022210999""","=""8864715""","=""7132994""","=""6273096""",Personal fixed term loan,2022-03-25 00:00:00,7500.00,0.00,,0.00,7500.00,NGN,0,Closed,2022-04-11 00:00:00,Performing
EFFIONG EZEKIEL ANTHONY,"=""22330013114""",78 ADEWOLE AKOWONJO EGBEDA LAGOS,"=""08022210999""","=""8864715""","=""7132994""","=""6485929""",Personal fixed term loan,2022-04-16 00:00:00,15000.00,0.00,,0.00,18820.00,NGN,0,Closed,2022-05-02 00:00:00,Performing
EFFIONG EZEKIEL ANTHONY,"=""22330013114""",78 ADEWOLE AKOWONJO EGBEDA LAGOS,"=""08022210999""","=""8864715""","=""7132994""","=""6768580""",Personal fixed term loan,2022-05-17 00:00:00,10000.00,0.00,,0.00,12000.00,NGN,0,Closed,2022-06-01 00:00:00,Performing
EFFIONG EZEKIEL ANTHONY,"=""22330013114""",78 ADEWOLE AKOWONJO EGBEDA LAGOS,"=""08022210999""","=""8864715""","=""7132994""","=""6821849""",Personal fixed term loan,2022-05-23 00:00:00,10000.00,0.00,,0.00,12000.00,NGN,0,Closed,2022-06-07 00:00:00,Performing
EFFIONG EZEKIEL ANTHONY,"=""22330013114""",78 ADEWOLE AKOWONJO EGBEDA LAGOS,"=""08022210999""","=""8864715""","=""7132994""","=""7219918""",Personal fixed term loan,2022-07-02 00:00:00,10000.00,0.00,,0.00,12000.00,NGN,0,Closed,2022-07-18 00:00:00,Performing
EFFIONG EZEKIEL ANTHONY,"=""22330013114""",78 ADEWOLE AKOWONJO EGBEDA LAGOS,"=""08022210999""","=""8864715""","=""7132994""","=""8213496""",,2022-10-07 00:00:00,10000.00,0.00,,0.00,12000.00,NGN,0,Closed,2022-10-24 00:00:00,Performing
LINUS ISHAYA TUKUR,,NO 410 BADAWA Nasarawa Kano State,,"=""9078018""","=""1179504""","=""158136654""",Personal fixed term loan,2020-02-15 00:00:00,15000.00,0.00,,0.00,18300.00,NGN,0,Open,2020-03-16 00:00:00,Performing
JIMOH RASIDAT OLAYEMI,"=""22142307175""",35 WILLIAMS STREET IFAKO LAGOS,,"=""9405731""","=""1872634""","=""10714255""",Personal fixed term loan,2019-12-02 00:00:00,10000.00,0.00,,0.00,11500.00,NGN,0,Open,2019-12-17 00:00:00,Performing
ADEBAYO OYINKANSOLA MOSES,"=""22478059960""",Ojo 102112 Lagos Nigeria,"=""08141507413""","=""9462874""","=""13093603""","=""5831442""",Personal fixed term loan,2022-02-04 00:00:00,100000.00,0.00,,0.00,15410.00,NGN,0,Closed,2023-02-14 00:00:00,Performing
OLUWAREMILEKUN OLOYEDE OLUWAKEMI,"=""22001082247""",PLOT 4ALPHA AND OMEGA STREETIBEREKOBADAGRY Badagry Lagos S,,"=""8603466""","=""6829554""","=""7893240""",Personal fixed term loan,2022-09-06 00:00:00,100000.00,0.00,,0.00,66800.00,NGN,0,Closed,2022-11-07 00:00:00,Performing
OLUWAREMILEKUN OLOYEDE OLUWAKEMI,"=""22001082247""",PLOT 4ALPHA AND OMEGA STREETIBEREKOBADAGRY Badagry Lagos S,,"=""8603466""","=""6829554""","=""8618856""",Personal fixed term loan,2022-11-17 00:00:00,120000.00,0.00,,0.00,55720.00,NGN,0,Closed,2023-03-09 00:00:00,Performing
PRECIOUS PRECIOUS,"=""22292643833""",portharcourt ObioAkpor Rivers State,,"=""8700365""","=""771575""","=""7054573""",Personal fixed term loan,2022-06-16 00:00:00,100000.00,0.00,,0.00,70500.00,NGN,0,Closed,2022-08-15 00:00:00,Performing
AYENI BLESSING FERANMI,,F41 OGOTUN AFFA,"=""2348149087819""","=""8864249""","=""7990747""","=""2599847""",Personal fixed term loan,2020-10-15 00:00:00,15000.00,0.00,,0.00,19500.00,NGN,0,Closed,2020-11-16 00:00:00,Performing
AYENI BLESSING FERANMI,,F41 OGOTUN AFFA,"=""2348149087819""","=""8864249""","=""7990747""","=""3024486367""",Personal fixed term loan,2020-10-15 00:00:00,15000.00,0.00,,0.00,19500.00,NGN,0,Closed,2020-11-16 00:00:00,Performing
ADEKOLA RACHEAL OLUYEMI,,28 Ovom Street Ogbor Hill ABA,"=""08167286440""","=""8879439""","=""8069378""","=""8071990""",,2022-09-23 00:00:00,5000.00,0.00,,0.00,5750.00,NGN,0,Closed,2022-10-10 00:00:00,Performing
Ashenuga Blessing,"=""22167771629""",Not Available,"=""08035016549""","=""8895801""","=""12205736""","=""169410194""",Personal fixed term loan,2021-07-09 00:00:00,60000.00,0.00,,0.00,15850.00,NGN,0,Open,2022-03-29 00:00:00,Performing
ABDULLAHI ABUBAKAR,,DAMBA QUATERS GUSAU Gusau Zamfara State,"=""2348037619589""","=""9027912""","=""2027902""","=""74459884""",Personal fixed term loan,2019-09-25 00:00:00,10000.00,11500.00,,11500.00,13000.00,NGN,1438,Open,2019-10-25 00:00:00,Lost
EDWIN OYIKOWO,"=""22230464616""",QQ3 KWARARAFA QTRS MAKURDI,"=""08028376228""","=""9272333""","=""35852148""","=""426233485""",Personal fixed term loan,2022-08-31 00:00:00,250000.00,0.00,,0.00,87125.00,NGN,0,Closed,2022-12-29 00:00:00,Performing
ADEROUNMU KAZEEM OLAJIDE,"=""22147446097""",PrimaryAddressLine1,"=""08023939928""","=""9310087""","=""33801544""","=""10029925""",Personal fixed term loan,2023-04-20 00:00:00,60000.00,0.00,,0.00,68460.00,NGN,0,Closed,2023-05-05 00:00:00,Performing
AROWOLO YINKA JOEL,"=""22167241256""",44 OLADUNJOYE STREET IKOTUN LAGOS,"=""08060664892""","=""9454351""","=""7354807""","=""10005464""",Personal fixed term loan,2023-04-18 00:00:00,40000.00,0.00,,0.00,48000.00,NGN,0,Closed,2023-05-03 00:00:00,Performing
AROWOLO YINKA JOEL,"=""22167241256""",44 OLADUNJOYE STREET IKOTUN LAGOS,"=""08060664892""","=""9454351""","=""7354807""","=""8741260""",Personal fixed term loan,2022-11-29 00:00:00,5000.00,0.00,,0.00,6350.00,NGN,0,Closed,2022-12-29 00:00:00,Performing
AROWOLO YINKA JOEL,"=""22167241256""",44 OLADUNJOYE STREET IKOTUN LAGOS,"=""08060664892""","=""9454351""","=""7354807""","=""9058248""",Personal fixed term loan,2023-01-02 00:00:00,5000.00,0.00,,0.00,6500.00,NGN,0,Closed,2023-02-01 00:00:00,Performing
AROWOLO YINKA JOEL,"=""22167241256""",44 OLADUNJOYE STREET IKOTUN LAGOS,"=""08060664892""","=""9454351""","=""7354807""","=""9326550""",Personal fixed term loan,2023-02-02 00:00:00,22500.00,0.00,,0.00,29250.00,NGN,0,Closed,2023-03-11 00:00:00,Performing
AROWOLO YINKA JOEL,"=""22167241256""",44 OLADUNJOYE STREET IKOTUN LAGOS,"=""08060664892""","=""9454351""","=""7354807""","=""9634191""",Personal fixed term loan,2023-03-11 00:00:00,20000.00,0.00,,0.00,23940.00,NGN,0,Closed,2023-04-02 00:00:00,Performing
AFOLABI OPEYEMI MARY,"=""22150125875""",8A ODIGE STREET AKURE Akure South Ondo State,"=""2347065768589""","=""9608189""","=""10942775""","=""2523005303""",Personal fixed term loan,2021-01-25 00:00:00,15000.00,0.00,,0.00,19050.00,NGN,0,Closed,2021-02-24 00:00:00,Performing
OLAGUNJU OLADAYO OLAMILEKAN,"=""22179311084""",17 Adeleke adegboyega street bariga Lagos,"=""07089030767""","=""9134528""","=""6115274""","=""7476117""",Personal fixed term loan,2022-07-28 00:00:00,15000.00,0.00,,0.00,18000.00,NGN,0,Closed,2022-08-12 00:00:00,Performing
USMAN  FATIMA,"=""22405870419""",503 NAIBAWA UNGUWAR GABAS,,"=""9191582""","=""4743180""","=""226632927""",Personal fixed term loan,2020-06-30 00:00:00,10000.00,0.00,,0.00,13000.00,NGN,0,Open,2020-07-30 00:00:00,Performing
ABDULAZEEZ QUADRI OLAYINKA,"=""22183444608""",157 AJIA STREET IYANA VILLAGE IDI AYUNRE IBADAN Oluyole Oy,"=""07033022381""","=""9226380""","=""1675711""","=""3110689039""",Personal fixed term loan,2020-08-28 00:00:00,20000.00,0.00,,0.00,26000.00,NGN,0,Closed,2020-09-28 00:00:00,Performing
AKINWALE OLAIDE CHRISTIANAH,"=""22223597110""",HSE 10 ROAD 2 CLOSE ALABAMETA FELELE IBADAN,"=""08033560016""","=""8959404""","=""27160369""","=""45027570""",Personal fixed term loan,2022-02-21 00:00:00,300000.00,0.00,,0.00,103922.00,NGN,0,Closed,2022-06-22 00:00:00,Performing
ABDULAZIZ BINTA MUSA,"=""22424239914""",543 KABUGA JANBULO KANO STATE KANO STATE GWALE Gwale Kano,,"=""9109148""","=""10282811""","=""2189754781""",Personal fixed term loan,2020-12-18 00:00:00,20000.00,24000.00,,24000.00,25600.00,NGN,987,Open,2021-01-18 00:00:00,Lost
ABBAS HABIBA,"=""22440889609""",022 MUHALLI STREET RIJIYAN ZA BSTOP KARU KANO Ungogo Kano,,"=""9254641""","=""10176618""","=""248903607""",Personal fixed term loan,2020-12-13 00:00:00,200000.00,227067.00,,227067.00,44660.00,NGN,963,Open,2021-06-11 00:00:00,Lost
Oladipo Lashilola Moses,"=""22157185223""",BLK 35 FLAT 6 TINUBU ESTATE ODONLA IKORODU  Ikorodu Lagos,,"=""8729083""","=""5805900""","=""6645205""",Personal fixed term loan,2022-05-03 00:00:00,5000.00,0.00,,0.00,5750.00,NGN,0,Closed,2022-05-18 00:00:00,Performing
Oladipo Lashilola Moses,"=""22157185223""",BLK 35 FLAT 6 TINUBU ESTATE ODONLA IKORODU  Ikorodu Lagos,,"=""8729083""","=""5805900""","=""6674941""",Personal fixed term loan,2022-05-06 00:00:00,5000.00,0.00,,0.00,6000.00,NGN,0,Closed,2022-05-23 00:00:00,Performing
Oladipo Lashilola Moses,"=""22157185223""",BLK 35 FLAT 6 TINUBU ESTATE ODONLA IKORODU  Ikorodu Lagos,,"=""8729083""","=""5805900""","=""6820534""",Personal fixed term loan,2022-05-23 00:00:00,5000.00,0.00,,0.00,6000.00,NGN,0,Closed,2022-06-07 00:00:00,Performing
Oladipo Lashilola Moses,"=""22157185223""",BLK 35 FLAT 6 TINUBU ESTATE ODONLA IKORODU  Ikorodu Lagos,,"=""8729083""","=""5805900""","=""7044624""",Personal fixed term loan,2022-06-15 00:00:00,10000.00,0.00,,0.00,12000.00,NGN,0,Closed,2022-06-30 00:00:00,Performing
Oladipo Lashilola Moses,"=""22157185223""",BLK 35 FLAT 6 TINUBU ESTATE ODONLA IKORODU  Ikorodu Lagos,,"=""8729083""","=""5805900""","=""8671037""",Personal fixed term loan,2022-11-22 00:00:00,7500.00,0.00,,0.00,9000.00,NGN,0,Closed,2022-12-14 00:00:00,Performing
Oladipo Lashilola Moses,"=""22157185223""",BLK 35 FLAT 6 TINUBU ESTATE ODONLA IKORODU  Ikorodu Lagos,,"=""8729083""","=""5805900""","=""8978186""",Personal fixed term loan,2022-12-23 00:00:00,15000.00,0.00,,0.00,18000.00,NGN,0,Closed,2023-01-09 00:00:00,Performing
Oladipo Lashilola Moses,"=""22157185223""",BLK 35 FLAT 6 TINUBU ESTATE ODONLA IKORODU  Ikorodu Lagos,,"=""8729083""","=""5805900""","=""9287223""",Personal fixed term loan,2023-01-29 00:00:00,10000.00,0.00,,0.00,12000.00,NGN,0,Closed,2023-02-13 00:00:00,Performing
Oladipo Lashilola Moses,"=""22157185223""",BLK 35 FLAT 6 TINUBU ESTATE ODONLA IKORODU  Ikorodu Lagos,,"=""8729083""","=""5805900""","=""9464811""",Personal fixed term loan,2023-02-18 00:00:00,5000.00,0.00,,0.00,5985.00,NGN,0,Closed,2023-03-06 00:00:00,Performing
Oladipo Lashilola Moses,"=""22157185223""",BLK 35 FLAT 6 TINUBU ESTATE ODONLA IKORODU  Ikorodu Lagos,,"=""8729083""","=""5805900""","=""9596392""",Personal fixed term loan,2023-03-07 00:00:00,10000.00,0.00,,0.00,12000.00,NGN,0,Closed,2023-03-22 00:00:00,Performing
Oladipo Lashilola Moses,"=""22157185223""",BLK 35 FLAT 6 TINUBU ESTATE ODONLA IKORODU  Ikorodu Lagos,,"=""8729083""","=""5805900""","=""9723643""",Personal fixed term loan,2023-03-21 00:00:00,15000.00,0.00,,0.00,18000.00,NGN,0,Closed,2023-04-05 00:00:00,Performing
GANIU AZEEZ A,,15 ABUDU GBADAMOSI STREET ODONLA IKORODU Ik,,"=""8740036""","=""8206493""","=""156872259""",Personal fixed term loan,2020-09-05 00:00:00,5000.00,0.00,,0.00,6000.00,NGN,0,Closed,2020-09-21 00:00:00,Performing
DAYO SEUN,"=""22280743550""",PrimaryAddressLine1,,"=""8744180""","=""5389390""","=""8639241""",Personal fixed term loan,2022-11-19 00:00:00,12500.00,0.00,,0.00,14500.00,NGN,0,Closed,2022-12-19 00:00:00,Performing
DAYO SEUN,"=""22280743550""",PrimaryAddressLine1,,"=""8744180""","=""5389390""","=""9327884""",Personal fixed term loan,2023-02-02 00:00:00,30000.00,0.00,,0.00,35010.00,NGN,0,Closed,2023-03-06 00:00:00,Performing
DAYO SEUN,"=""22280743550""",PrimaryAddressLine1,,"=""8744180""","=""5389390""","=""9586357""",Personal fixed term loan,2023-03-06 00:00:00,40000.00,0.00,,0.00,47320.00,NGN,0,Closed,2023-04-05 00:00:00,Performing
MOHAMMED ANWAR LIMAN,"=""22269780138""",BH YUMACO MUSA ILU RD OFF SHENDAM RD,"=""07069354507""","=""9304116""","=""2771226""","=""526397883""",Personal fixed term loan,2019-10-24 00:00:00,15000.00,0.00,,0.00,19500.00,NGN,0,Closed,2019-11-25 00:00:00,Performing
YUSUF IBRAHIM,,OMUCHI FARM ROAD IGWURUTAPORTHARCOURT ASSEMBLIES OF GOD CH,,"=""8956035""","=""4267704""","=""3029072956""",Personal fixed term loan,2019-12-20 00:00:00,15000.00,17250.00,,17250.00,19500.00,NGN,1351,Open,2020-01-20 00:00:00,Lost
OGUNDEKO SIDIKAT OLAOMOPO,"=""22354859040""",24 agura road sabo sagamu,"=""2348075660515""","=""9122287""","=""7433521""","=""6719099""",Personal fixed term loan,2022-05-11 00:00:00,7500.00,0.00,,0.00,9000.00,NGN,0,Closed,2022-05-26 00:00:00,Performing
OGUNDEKO SIDIKAT OLAOMOPO,"=""22354859040""",24 agura road sabo sagamu,"=""2348075660515""","=""9122287""","=""7433521""","=""6836932""",Personal fixed term loan,2022-05-25 00:00:00,10000.00,0.00,,0.00,12000.00,NGN,0,Closed,2022-06-09 00:00:00,Performing
OGUNDEKO SIDIKAT OLAOMOPO,"=""22354859040""",24 agura road sabo sagamu,"=""2348075660515""","=""9122287""","=""7433521""","=""7066641""",Personal fixed term loan,2022-06-17 00:00:00,10000.00,0.00,,0.00,12000.00,NGN,0,Closed,2022-07-04 00:00:00,Performing
OGUNDEKO SIDIKAT OLAOMOPO,"=""22354859040""",24 agura road sabo sagamu,"=""2348075660515""","=""9122287""","=""7433521""","=""7336774""",Personal fixed term loan,2022-07-14 00:00:00,10000.00,0.00,,0.00,12000.00,NGN,0,Closed,2022-07-29 00:00:00,Performing
OGUNDEKO SIDIKAT OLAOMOPO,"=""22354859040""",24 agura road sabo sagamu,"=""2348075660515""","=""9122287""","=""7433521""","=""7497968""",Personal fixed term loan,2022-07-30 00:00:00,10000.00,0.00,,0.00,12000.00,NGN,0,Closed,2022-08-15 00:00:00,Performing
OGUNDEKO SIDIKAT OLAOMOPO,"=""22354859040""",24 agura road sabo sagamu,"=""2348075660515""","=""9122287""","=""7433521""","=""7696552""",Personal fixed term loan,2022-08-18 00:00:00,10000.00,0.00,,0.00,12000.00,NGN,0,Closed,2022-09-02 00:00:00,Performing
OGUNDEKO SIDIKAT OLAOMOPO,"=""22354859040""",24 agura road sabo sagamu,"=""2348075660515""","=""9122287""","=""7433521""","=""7887756""",Personal fixed term loan,2022-09-05 00:00:00,10000.00,0.00,,0.00,12000.00,NGN,0,Closed,2022-09-20 00:00:00,Performing
ADUNNI TAIWO KUBURAT,"=""22278373378""",,"=""07066013675""","=""9357132""","=""101695""","=""5914413""",Personal fixed term loan,2022-02-14 00:00:00,110000.00,0.00,,0.00,140140.00,NGN,0,Open,2022-03-16 00:00:00,Performing
BRANDY IMIE,"=""22335911903""",SECONDARY SCHOOL COMPOUND OGBOLOMA TOWN GBARAIN CLAN Yena,"=""23481350227512""","=""9443100""","=""3260072""","=""3042056926""",Personal fixed term loan,2020-12-03 00:00:00,20000.00,0.00,,0.00,24800.00,NGN,0,Open,2021-01-04 00:00:00,Performing
OBI FEYISAYO AFUSAT,"=""22286397078""",38miyaki street oworonshoki,"=""2347013406028""","=""8389922""","=""34909389""","=""9908666""",Personal fixed term loan,2023-04-09 00:00:00,50000.00,150699.00,,0.00,50233.00,NGN,0,Open,2023-07-08 00:00:00,Performing
OBANAKA DANIEL,"=""22202935742""",UDOGWU STREET OFF DICK TIGER ROADTRAN EGBU O,"=""08136009291""","=""8438739""","=""38502945""","=""9874279""",Personal fixed term loan,2023-04-05 00:00:00,20000.00,0.00,,0.00,24100.00,NGN,0,Closed,2023-05-05 00:00:00,Performing
AKINWALE MAYOWA ESTHER,"=""22335642931""",E4551 AREMO ROAD GBELEKALE IWO ROAD,,"=""8555863""","=""7527675""","=""10739891""",Personal fixed term loan,2023-06-29 00:00:00,25000.00,0.00,,0.00,30375.00,NGN,0,Closed,2023-07-14 00:00:00,Performing
AKINWALE MAYOWA ESTHER,"=""22335642931""",E4551 AREMO ROAD GBELEKALE IWO ROAD,,"=""8555863""","=""7527675""","=""8305187""",Personal fixed term loan,2022-10-16 00:00:00,17500.00,0.00,,0.00,20125.00,NGN,0,Closed,2022-10-31 00:00:00,Performing
AKINWALE MAYOWA ESTHER,"=""22335642931""",E4551 AREMO ROAD GBELEKALE IWO ROAD,,"=""8555863""","=""7527675""","=""8644047""",Personal fixed term loan,2022-11-19 00:00:00,15000.00,0.00,,0.00,18000.00,NGN,0,Closed,2022-12-05 00:00:00,Performing
AKINWALE MAYOWA ESTHER,"=""22335642931""",E4551 AREMO ROAD GBELEKALE IWO ROAD,,"=""8555863""","=""7527675""","=""9140535""",Personal fixed term loan,2023-01-11 00:00:00,20000.00,0.00,,0.00,25940.00,NGN,0,Closed,2023-02-10 00:00:00,Performing
MAMUZO KENNETH OTHUKE,"=""22314510237""",7 CHINADU CLOSEABULE ADALOKO ROAD,"=""08068619815""","=""8726195""","=""7680120""","=""6250981""",Personal fixed term loan,2022-03-23 00:00:00,15000.00,0.00,,0.00,19500.00,NGN,0,Closed,2022-04-22 00:00:00,Performing
IDRIS ALIYU MUHAMMAD,"=""22406320339""",375 HOTORO BEHIND POLICE STATION LAYIN KABIRU BAFFA,,"=""8773425""","=""6510335""","=""1865440""",Personal fixed term loan,2020-03-22 00:00:00,2500.00,0.00,,0.00,2870.00,NGN,0,Closed,2020-04-06 00:00:00,Performing
OLATUNJI RASHEEDAT RONKE,"=""22177725650""",Alimosho Lagos Nigeria,"=""08064002933""","=""8975462""","=""10594313""","=""3023088434""",Personal fixed term loan,2020-12-29 00:00:00,15000.00,0.00,,0.00,19500.00,NGN,0,Open,2021-01-28 00:00:00,Performing
ONI OLANIYI ADISA,,1 EWULOMI STR OREMEJI EKORO JUNCTION ABULEEGBA Alimosho La,,"=""9121845""","=""1750580""","=""19146963""",Personal fixed term loan,2019-09-02 00:00:00,1500.00,1725.00,,1725.00,1950.00,NGN,1461,Open,2019-10-02 00:00:00,Lost
AKEEM ADEBAYO ATANDA,,8 olubunmi christopher street abule egba IfakoIjaiye Lagos,"=""08120698073""","=""9138310""","=""4716944""","=""127911462""",Personal fixed term loan,2020-02-13 00:00:00,30000.00,29648.00,,29648.00,37500.00,NGN,1295,Open,2020-03-16 00:00:00,Lost
FRANCIS TUNDE,"=""22302336638""",4 FRANCIS OREMEJI STR COMPUTER VILL,"=""08023038915""","=""9449192""","=""8172229""","=""1760538919""",Personal fixed term loan,2020-09-18 00:00:00,7500.00,0.00,,0.00,9750.00,NGN,0,Open,2020-10-19 00:00:00,Performing
PETERS FAVOUR OKOLO,"=""22405611984""",03 EDWORD COMPOUND STREET ROADPORT HARCOURTPORT HARCOURTRV,"=""08054076358""","=""8285205""","=""43311426""","=""10617156""",Personal fixed term loan,2023-06-16 00:00:00,2500.00,3025.00,,0.00,3025.00,NGN,0,Open,2023-07-16 00:00:00,Performing
WILLIAMS ABIODUN,"=""22372011417""",5 ADEOSUN STREET IGANDO ALIMOSHO LAGOS STATE IGAN,"=""08105541455""","=""8333303""","=""6302968""","=""1841192""",Personal fixed term loan,2020-03-18 00:00:00,10000.00,0.00,,0.00,13000.00,NGN,0,Closed,2020-04-17 00:00:00,Performing
WILLIAMS ABIODUN,"=""22372011417""",5 ADEOSUN STREET IGANDO ALIMOSHO LAGOS STATE IGAN,"=""08105541455""","=""8333303""","=""6302968""","=""561194999""",Personal fixed term loan,2020-03-18 00:00:00,10000.00,0.00,,0.00,13000.00,NGN,0,Closed,2020-04-17 00:00:00,Performing
ETARIGHOBE NATHANIEL,"=""22249235166""",SPDC OGUNU P O BOX 230 WARRI,"=""08073151939""","=""8361111""","=""10074096""","=""10037942""",Personal fixed term loan,2023-04-21 00:00:00,200000.00,258800.00,,0.00,64700.00,NGN,0,Open,2023-08-19 00:00:00,Performing
ETARIGHOBE NATHANIEL,"=""22249235166""",SPDC OGUNU P O BOX 230 WARRI,"=""08073151939""","=""8361111""","=""10074096""","=""2011019864""",Personal fixed term loan,2021-03-07 00:00:00,30000.00,0.00,,0.00,34800.00,NGN,0,Open,2021-03-22 00:00:00,Performing
OBIECHINA JENNIFER AFOMA,"=""22449150481""",Nigeria,,"=""8441116""","=""24643475""","=""2196635295""",Personal fixed term loan,2022-05-11 00:00:00,200000.00,0.00,,0.00,133600.00,NGN,0,Closed,2022-07-12 00:00:00,Performing
Cornelius Blessing,"=""22266606185""",1 MOBOLORUNDURO STREET IJESAMODU ILE MEJE ADO Ilejemeje Ek,,"=""8530677""","=""1002324""","=""5312434""",Personal fixed term loan,2021-12-05 00:00:00,80000.00,76611.00,,76611.00,35140.00,NGN,944,Open,2022-05-06 00:00:00,Lost
BALA MURTALA SALIHU,"=""22313169083""",1 Birnin Kebbi Cres Garki Abuja Nigeria,,"=""8555762""","=""15390411""","=""171260077""",Personal fixed term loan,2022-04-16 00:00:00,100000.00,0.00,,0.00,63050.00,NGN,0,Closed,2022-06-15 00:00:00,Performing
Sunday Oluwajuwon Toyin,"=""22420380214""",2 KAJOLA STREET IKERE EKITI Ikere Ekiti State,,"=""8585493""","=""6399183""","=""1402768758""",Personal fixed term loan,2021-03-31 00:00:00,5000.00,6250.00,,6250.00,5500.00,NGN,900,Open,2021-04-15 00:00:00,Lost
YEKINI KAREEM SUNDAY,"=""22401605790""",NO 22 ADEBOYEJO STREET EPUTU TOWN IBEJU LEKKI IbejuLekki L,"=""08169437199""","=""8688960""","=""5589155""","=""10291299""",Personal fixed term loan,2023-05-15 00:00:00,7500.00,0.00,,0.00,9018.75,NGN,0,Closed,2023-06-14 00:00:00,Performing
YASHIM SALAMA,,BO 26 4TH AVENUE CLOSE FEDERAL HOUSING ESTATE GONIN GORA C,,"=""8777519""","=""1294526""","=""111138390""",Personal fixed term loan,2020-03-09 00:00:00,10000.00,0.00,,0.00,12200.00,NGN,0,Open,2020-04-08 00:00:00,Performing
ODEH PETER OKWE,"=""22236404944""",16 daniel shinyi street ankpa qtrs makurdi,"=""08139101002""","=""8843448""","=""22236404944""","=""A1429709""",,2022-10-21 00:00:00,620000.00,,,,243866.67,NGN,0,Closed,2023-01-19 00:00:00,Performing
NZE CHRISTABELER CRYSTAL,"=""22398771393""",1 CHUZI IBOKO DRIVE EHIMIRI Umuahia North Abia State,"=""08123285808""","=""9046957""","=""5028819""","=""82245541""",Personal fixed term loan,2020-11-13 00:00:00,100000.00,0.00,,0.00,24000.00,NGN,0,Closed,2021-05-12 00:00:00,Performing
ORUEKPETI JUSTINA EMUOBONUDIE,"=""22180349373""",1 ORUEKPETI STREET DSC EXP WAY,"=""07053720070""","=""9219865""","=""25828991""","=""3047880022""",Personal fixed term loan,2022-06-05 00:00:00,350000.00,0.00,,0.00,120820.00,NGN,0,Closed,2022-11-02 00:00:00,Performing
NWACHUKWU NNAMDI HENRY MARIO,"=""22240830177""",23 CHIGOZIE STREET RUMUOLUMENI,"=""08035396736""","=""9085504""","=""28734405""","=""2001380763""",Personal fixed term loan,2022-11-01 00:00:00,140000.00,0.00,,0.00,93520.00,NGN,0,Closed,2023-01-16 00:00:00,Performing
MUHAMMAD ABBAS AHMAD,,14K MAITUMBI STREET LABOUR PARTY OFFICE MINNA Bosso Niger,,"=""9090320""","=""1812905""","=""235531800""",Personal fixed term loan,2019-09-09 00:00:00,2500.00,2875.00,,2875.00,3250.00,NGN,1454,Open,2019-10-09 00:00:00,Lost
SAMUEL SAMUEL,"=""22388039795""",PrimaryAddressLine1,,"=""9102401""","=""11092579""","=""77817911""",Personal fixed term loan,2023-03-26 00:00:00,300000.00,0.00,,0.00,152000.00,NGN,0,Closed,2023-06-24 00:00:00,Performing
ADEBAYO SELIMOT ADEJOKE,"=""22334892997""",5 Osamoje St Ikola Rd,"=""08129493079""","=""9106731""","=""20031252""","=""123824081""",Personal fixed term loan,2021-11-09 00:00:00,30000.00,0.00,,0.00,38760.00,NGN,0,Closed,2021-12-09 00:00:00,Performing
ELUMS AMAKA VIVIAN,"=""22411378903""",22 SAAO STREET SAMATU UMORU LOKOJA HOUSE SMALL LONDON,,"=""8788314""","=""5906538""","=""7309338""",Personal fixed term loan,2022-07-11 00:00:00,15000.00,0.00,,0.00,18000.00,NGN,0,Closed,2022-08-02 00:00:00,Performing
ELUMS AMAKA VIVIAN,"=""22411378903""",22 SAAO STREET SAMATU UMORU LOKOJA HOUSE SMALL LONDON,,"=""8788314""","=""5906538""","=""7525362""",Personal fixed term loan,2022-08-01 00:00:00,15000.00,0.00,,0.00,18000.00,NGN,0,Closed,2022-08-23 00:00:00,Performing
OLOLADE OLUWAFUNMILAYO ADETOHUN,"=""22001121922""",5 apple street Apeka Estate Ikorodu,,"=""8954404""","=""6307543""","=""1807470""",Personal fixed term loan,2020-03-12 00:00:00,2500.00,0.00,,0.00,2870.00,NGN,0,Closed,2020-03-27 00:00:00,Performing
OLOLADE OLUWAFUNMILAYO ADETOHUN,"=""22001121922""",5 apple street Apeka Estate Ikorodu,,"=""8954404""","=""6307543""","=""229614588""",Personal fixed term loan,2020-03-12 00:00:00,2500.00,0.00,,0.00,2870.00,NGN,0,Closed,2020-03-27 00:00:00,Performing
KHALID FAIZA IDRIS,,c3 DOKAJE CLOSE TRIKANIA RESD CHIKUN LOGVT Chikun Kaduna,,"=""9095473""","=""1748652""","=""177482925""",Personal fixed term loan,2019-09-01 00:00:00,1500.00,0.00,,0.00,1950.00,NGN,0,Open,2019-10-02 00:00:00,Performing
KALU ROSELYN EXCEL,,57 ALAMA OSSAI STREET KWALE Ndokwa West Delta State,,"=""9107960""","=""1939585""","=""137124793""",Personal fixed term loan,2019-09-20 00:00:00,10000.00,0.00,,0.00,13000.00,NGN,0,Open,2019-10-21 00:00:00,Performing
Azeez Babangida,"=""22288334228""",NO 39 PALACE WAY JALINGO Jalingo Taraba State,,"=""8351418""","=""821532""","=""164808097""",Personal fixed term loan,2019-02-08 00:00:00,1500.00,0.00,,0.00,1950.00,NGN,0,Closed,2019-03-11 00:00:00,Performing
LUKMAN ADETOYESE AFOLABI,"=""22309497262""",PrimaryAddressLine1,"=""07087865378""","=""8452209""","=""38210338""","=""9884383""",Personal fixed term loan,2023-04-06 00:00:00,100000.00,119700.00,,0.00,119700.00,NGN,0,Open,2023-05-06 00:00:00,Performing
FYNEFACE MIRIAN,"=""22265545272""",No 9 ovunda Lane wimpy Port Harcourt,"=""23481361626472""","=""8478149""","=""10940398""","=""27268190""",Personal fixed term loan,2021-01-21 00:00:00,5000.00,0.00,,0.00,6000.00,NGN,0,Open,2021-02-05 00:00:00,Performing
AKINWARE SAHEED AKINKUNMI,"=""22241421042""",27 EROOMO OFFA GARAGE ILORIN ILORIN KWARA STATE,,"=""8714899""","=""2459541""","=""168795472""",Personal fixed term loan,2020-03-04 00:00:00,1500.00,1945.00,,1945.00,1720.00,NGN,1292,Open,2020-03-19 00:00:00,Lost
DAUDA ASMAU,"=""22260600963""",8 TAHIR STREET GYADI GYADI ZA RIA ROAD Tarauni Kano State,"=""09053715602""","=""8832653""","=""10312160""","=""170596780""",Personal fixed term loan,2020-12-17 00:00:00,60000.00,62483.00,,62483.00,27990.00,NGN,959,Open,2021-03-17 00:00:00,Lost
UBADINAKA UBADINAKA,"=""22435521374""",3 ASAMA STREET OFF WOLEBOY SABO AJANGBADI,,"=""8956508""","=""1931158""","=""91468793""",Personal fixed term loan,2020-02-22 00:00:00,5000.00,6850.00,,6850.00,6100.00,NGN,1288,Open,2020-03-23 00:00:00,Lost
NKOM MERCY,,F 65 SURULERE STREET ARIGIDI AKOKO Akoko North West Ondo,"=""08069672906""","=""9398822""","=""8144284""","=""6236748825""",Personal fixed term loan,2020-10-24 00:00:00,20000.00,0.00,,0.00,25000.00,NGN,0,Open,2020-11-23 00:00:00,Performing
AYANRU JIM,"=""22163826567""",27  38019 Tuenno TN  Italy,"=""07037821250""","=""9465172""","=""6922962""","=""6648212""",Personal fixed term loan,2022-05-04 00:00:00,90000.00,0.00,,0.00,108540.00,NGN,0,Closed,2022-06-03 00:00:00,Performing
MUHAMMAD ABUBAKAR IBRAHIM,"=""22433726122""",NO 33 POLO WARD MAIDUGURI BESIDE HIGH COURTMAIDUGURIBOR Je,"=""07067900410""","=""8278412""","=""1655544""","=""64711600""",Personal fixed term loan,2019-08-22 00:00:00,1500.00,1725.00,,1725.00,1950.00,NGN,1470,Open,2019-09-23 00:00:00,Lost
YELONG FINIANA,"=""22168304925""",16 CONGO SHENDAM LGC,"=""23408065469800""","=""8355083""","=""25722438""","=""5893077""",Personal fixed term loan,2022-02-11 00:00:00,200000.00,0.00,,0.00,30830.00,NGN,0,Closed,2023-02-06 00:00:00,Performing
ASHIR MSE JOY,,PrimaryAddressLine1,,"=""8414911""","=""2366284""","=""452905389""",Personal fixed term loan,2019-10-08 00:00:00,10000.00,11500.00,,11500.00,13000.00,NGN,1425,Open,2019-11-07 00:00:00,Lost
Nicholas Ivalave,"=""22433420277""",OPP ECWA BCHURCH OROZA NEW KARSHI Karu Nasarawa State,"=""2347063330547""","=""8424548""","=""695628""","=""3467025""",Personal fixed term loan,2021-03-30 00:00:00,5000.00,0.00,,0.00,6500.00,NGN,0,Closed,2021-04-29 00:00:00,Performing
PHILEMON INALEGWU,"=""22213882893""",SAMARU ZARIA Sabon Gari Kaduna State,"=""07064582300""","=""8449509""","=""20919784""","=""5600070""",Personal fixed term loan,2022-01-10 00:00:00,45000.00,0.00,,0.00,13120.00,NGN,0,Closed,2022-07-27 00:00:00,Performing
JAMESON MARIAM SATURDAY,"=""22199948981""",Enerhe Warri Nigeria,"=""08039319740""","=""8613400""","=""9194567""","=""539737551""",Personal fixed term loan,2020-11-11 00:00:00,10000.00,0.00,,0.00,12000.00,NGN,0,Closed,2020-12-11 00:00:00,Performing
SALISU SADIQ SANI,"=""22400734079""",3 MARKET STREET OLOGBO,,"=""8644845""","=""10334595""","=""225705033""",Personal fixed term loan,2020-12-17 00:00:00,80000.00,66621.00,,66621.00,19200.00,NGN,929,Open,2021-06-15 00:00:00,Lost
ADENIRAN OLUMIDE,,43b Awolowo Avenue old bodija ibadan Ibadan North East Oy,"=""08032563936""","=""8879187""","=""7490934""","=""2291932014""",Personal fixed term loan,2021-01-29 00:00:00,50000.00,0.00,,0.00,65000.00,NGN,0,Open,2021-03-01 00:00:00,Performing
ADAMS EZEKIEL SIMPA,"=""22168570382""",SHETUKO KUJE BEHIND KUJE PRISON  Kuje FCT,,"=""9091167""","=""5964458""","=""4333972""",Personal fixed term loan,2021-08-04 00:00:00,80000.00,0.00,,0.00,15280.00,NGN,0,Closed,2022-05-16 00:00:00,Performing
ADAMS EZEKIEL SIMPA,"=""22168570382""",SHETUKO KUJE BEHIND KUJE PRISON  Kuje FCT,,"=""9091167""","=""5964458""","=""6617167""",Personal fixed term loan,2022-04-30 00:00:00,60000.00,0.00,,0.00,15560.00,NGN,0,Closed,2023-02-02 00:00:00,Performing
ADAMS EZEKIEL SIMPA,"=""22168570382""",SHETUKO KUJE BEHIND KUJE PRISON  Kuje FCT,,"=""9091167""","=""5964458""","=""9269610""",Personal fixed term loan,2023-01-26 00:00:00,2500.00,0.00,,0.00,2892.50,NGN,0,Closed,2023-02-10 00:00:00,Performing
ONOJA OCHOLI SUNDAY,"=""22296811966""",FLAT 2 WORKERS VILLAGER LOKOJA,"=""08032888716""","=""9320097""","=""1275704""","=""45332431""",Personal fixed term loan,2019-12-06 00:00:00,10000.00,0.00,,0.00,13000.00,NGN,0,Open,2020-01-06 00:00:00,Performing
ABDUL JAFARU ADAMS,,102 SCHOOL ROAD RROMI KADUNA Chikun Kaduna State,"=""08036542808""","=""9398478""","=""1697540""","=""176066614""",Personal fixed term loan,2019-08-27 00:00:00,1500.00,1725.00,,1725.00,1950.00,NGN,1467,Open,2019-09-26 00:00:00,Lost
EGHENURE FRANK OYIBO,"=""22149854467""",2bADEGBOYEGA CLOSE,"=""08123220535""","=""9349500""","=""36827778""","=""10686133""",Personal fixed term loan,2023-06-23 00:00:00,35000.00,54425.00,,0.00,18142.00,NGN,0,Open,2023-09-21 00:00:00,Performing
Emmanuel Omolade Oluwafemi,"=""22314937335""",17 IGBOETI STREET AKURE Akure South Ondo,"=""08137319454""","=""9355314""","=""4630683""","=""2086401995""",Personal fixed term loan,2020-03-13 00:00:00,10000.00,0.00,,0.00,13000.00,NGN,0,Closed,2020-04-14 00:00:00,Performing
ADEKUNLE OLASANMI JOSEPH,,4 JUBRIL OLABISI IDIMU EJIGBO Alimosho Lagos State,,"=""9167649""","=""6413434""","=""9406418""",Personal fixed term loan,2023-02-11 00:00:00,275000.00,0.00,,0.00,112132.00,NGN,0,Closed,2024-01-03 00:00:00,Performing
ESTHER MODUPE ASAKULA,"=""22173199565""",121 FLAT 2 ABESAN,,"=""9278739""","=""1371799""","=""3022805730""",Personal fixed term loan,2019-09-27 00:00:00,7500.00,0.00,,0.00,9150.00,NGN,0,Closed,2019-10-28 00:00:00,Performing
DANLADI MUHAMMED AWWAL,"=""22241605468""",Naval Medical Centre Borikiri Port Harcourt Rivers State,"=""08060098304""","=""9312942""","=""10601999""","=""3062620487""",Personal fixed term loan,2021-01-01 00:00:00,40000.00,0.00,,0.00,50800.00,NGN,0,Open,2021-02-01 00:00:00,Performing
OMONYERO ISAAC,"=""22220597638""",PrimaryAddressLine1,"=""08037557489""","=""9309527""","=""15709462""","=""2020319777""",Personal fixed term loan,2022-09-05 00:00:00,250000.00,0.00,,0.00,52778.00,NGN,0,Closed,2023-06-02 00:00:00,Performing
Oluropo Mohammed Aishat,"=""22311250125""",Canton MS 39046 USA,"=""08033770683""","=""9370427""","=""1883779""","=""3012611626""",Personal fixed term loan,2020-01-05 00:00:00,20000.00,0.00,,0.00,25000.00,NGN,0,Open,2020-02-04 00:00:00,Performing
Makinde Olademeji,,5TH HOUSE AFTER FATUNLA HOSPITAL FATUNLA ARISOYIN STR OKE AR,"=""07068697661""","=""9360362""","=""2207359""","=""74549756""",Personal fixed term loan,2019-02-10 00:00:00,15000.00,0.00,,0.00,19500.00,NGN,0,Open,2019-01-11 00:00:00,Performing
FATAI NKECHI JULIET,"=""22374830669""",Ikorodu 104102 Ijede Nigeria,,"=""9464180""","=""9926695""","=""210979742""",Personal fixed term loan,2021-02-22 00:00:00,10000.00,0.00,,0.00,12800.00,NGN,0,Open,2021-03-24 00:00:00,Performing
USMAN IBRAHIM,"=""22345856760""",NO 3 LAYIN MARAYU GIWA,"=""08023872717""","=""9469217""","=""10955426""","=""261259213""",Personal fixed term loan,2021-01-21 00:00:00,5000.00,0.00,,0.00,6000.00,NGN,0,Open,2021-02-05 00:00:00,Performing
RAJI MODINA OLABISI,,15 IFELODUN STREET IPAJA Alimosho Lagos State,"=""07036137634""","=""9504183""","=""7409424""","=""60787503""",Personal fixed term loan,2020-07-21 00:00:00,5000.00,0.00,,0.00,6000.00,NGN,0,Open,2020-05-08 00:00:00,Performing
OGBONNA CHARITY O,"=""22366148534""",25 MBAISE ROAD OWERRI  OWERRI Owerri Munici,,"=""9612145""","=""8460165""","=""1000925399""",Personal fixed term loan,2020-09-06 00:00:00,5000.00,0.00,,0.00,6000.00,NGN,0,Closed,2020-09-21 00:00:00,Performing
Eze Comfort,,39 OMOWUNMI STREET MUSHIN Mushin Lagos State,,"=""8282735""","=""1935147""","=""2111299447""",Personal fixed term loan,2019-09-21 00:00:00,2500.00,0.00,,0.00,2870.00,NGN,0,Open,2019-10-07 00:00:00,Performing
ADESHINA OLUWASEGUN TIMOTHY,,13 ABAYOMI STREET OWULADE IRAWO IKORODU LAGOS Kosofe Lagos,,"=""8372554""","=""1632800""","=""160107785""",Personal fixed term loan,2019-08-20 00:00:00,1500.00,1725.00,,1725.00,1950.00,NGN,1474,Open,2019-09-19 00:00:00,Lost
Victoria Ajayi,"=""22385003409""",4 Kosobo Oyo East Oyo,"=""2348109102682""","=""8487138""","=""6390560""","=""2087951912""",Personal fixed term loan,2020-06-02 00:00:00,7500.00,0.00,,0.00,9370.00,NGN,0,Open,2020-07-02 00:00:00,Performing
OKPEH COMFORT OJOH,"=""22239564997""",UGBOKOLO STREET,"=""07030314833""","=""8487661""","=""1933945""","=""1006798591""",Personal fixed term loan,2020-07-24 00:00:00,30000.00,0.00,,0.00,37500.00,NGN,0,Open,2020-08-24 00:00:00,Performing
Hafizu Yakubu Isah,"=""22305464305""",TUKUNTAWA QUATERS  Kano Municipal Kano State,,"=""8539612""","=""10247704""","=""5192020860""",Personal fixed term loan,2020-12-16 00:00:00,25000.00,0.00,,0.00,32500.00,NGN,0,Closed,2021-01-15 00:00:00,Performing
OYEDIRAN EMMANUEL ADEMUYIWA,"=""22326274660""",Arowolo compound Agurodo Ejigbo,"=""07065708763""","=""8663618""","=""6372853""","=""1130294812""",Personal fixed term loan,2020-11-11 00:00:00,40000.00,0.00,,0.00,25590.00,NGN,0,Open,2021-01-11 00:00:00,Performing
ABDULLAHI RAMBAZU ADAMU,"=""22210408739""",NO 12 JAIN YAMMA ALONG SHARADA Gwale Kano State,,"=""8789691""","=""10431177""","=""37244483""",Personal fixed term loan,2020-12-20 00:00:00,50000.00,0.00,,0.00,22660.00,NGN,0,Open,2021-03-22 00:00:00,Performing
ADEKUNLE BOLANLE A,"=""22189682145""",10 OPEYEMI STRAGBADOLAGOS,"=""08164846666""","=""8861485""","=""5463799""","=""472113014""",Personal fixed term loan,2023-03-10 00:00:00,225000.00,0.00,,0.00,56250.00,NGN,0,Closed,2023-09-13 00:00:00,Performing
ADEKUNLE BOLANLE A,"=""22189682145""",10 OPEYEMI STRAGBADOLAGOS,"=""08164846666""","=""8861485""","=""5463799""","=""9626980""",Personal fixed term loan,2023-03-10 00:00:00,225000.00,0.00,,0.00,56250.00,NGN,0,Closed,2023-09-13 00:00:00,Performing
OGAH SAMUEL,"=""22451605782""",Akure Nigeria,"=""08069764304""","=""8946896""","=""6470306""","=""88613221""",Personal fixed term loan,2021-02-24 00:00:00,5000.00,0.00,,0.00,5500.00,NGN,0,Open,2021-03-26 00:00:00,Performing
ADETAYO MORENIKEJI ABOSEDE,"=""22382642373""",02 IFESOWAPO ILAWE ROAD IFON OSUN Orolu Osun State,"=""07060541752""","=""9373800""","=""1378581""","=""2104660469""",Personal fixed term loan,2019-06-28 00:00:00,5000.00,0.00,,0.00,6500.00,NGN,0,Open,2019-07-29 00:00:00,Performing
SUSWAM DOOSUUR JOY,"=""22425106343""",DOCTORS QTRS,"=""08106665671""","=""9375633""","=""6786805""","=""7455153""",Personal fixed term loan,2022-07-26 00:00:00,40000.00,0.00,,0.00,52000.00,NGN,0,Closed,2022-08-25 00:00:00,Performing
SUSWAM DOOSUUR JOY,"=""22425106343""",DOCTORS QTRS,"=""08106665671""","=""9375633""","=""6786805""","=""7866327""",,2022-09-03 00:00:00,15000.00,0.00,,0.00,18000.00,NGN,0,Closed,2022-09-19 00:00:00,Performing
OJO OLUWATEMILORUN LOIS,"=""22430662379""",Yenagoa Nigeria,,"=""9473484""","=""8082423""","=""240764381""",Personal fixed term loan,2020-08-10 00:00:00,5000.00,0.00,,0.00,6000.00,NGN,0,Open,2020-08-25 00:00:00,Performing
IKEAKOR ARINZECHUKWU T,"=""22173907740""",OKOLOMA AFAM,"=""08033415853""","=""9347139""","=""42815587""","=""10107654""",Personal fixed term loan,2023-04-28 00:00:00,22500.00,28575.00,,0.00,28575.00,NGN,0,Open,2023-05-28 00:00:00,Performing
Onu Precious Alex,"=""22315140048""",Ogbogoro timber market RumuokwachiOgbogoro road,"=""2348032612668""","=""9286416""","=""19895029""","=""737667378""",Personal fixed term loan,2022-11-22 00:00:00,300000.00,0.00,,0.00,63334.00,NGN,0,Closed,2023-08-21 00:00:00,Performing
BABARINDE ABASS AKINADE,"=""22162333859""",BESIDE OLOYA TRANSFORMER AWOTANIJOKODO,"=""08056149454""","=""9389180""","=""4727224""","=""2014920763""",Personal fixed term loan,2020-01-07 00:00:00,2500.00,0.00,,0.00,3250.00,NGN,0,Open,2020-02-06 00:00:00,Performing
OTTUN OLUWATOSIN SULEMON,"=""22380392359""",7 OTTUN CLOSE MOSHALASHI BSTOP Alimosho Lagos State,"=""08125889202""","=""9455526""","=""6207386""","=""1771372""",Personal fixed term loan,2020-03-08 00:00:00,2500.00,0.00,,0.00,2870.00,NGN,0,Closed,2020-03-23 00:00:00,Performing
OTTUN OLUWATOSIN SULEMON,"=""22380392359""",7 OTTUN CLOSE MOSHALASHI BSTOP Alimosho Lagos State,"=""08125889202""","=""9455526""","=""6207386""","=""2126544499""",Personal fixed term loan,2020-03-08 00:00:00,2500.00,0.00,,0.00,2870.00,NGN,0,Closed,2020-03-23 00:00:00,Performing
UZOMA JUDE IHEANOCHO,"=""22162613692""",38B AISHA NAGOGO LANE OFF NITECO ROAD MINNA N,"=""08085150078""","=""8804846""","=""8235032""","=""2021892879""",Personal fixed term loan,2020-11-17 00:00:00,100000.00,0.00,,0.00,44660.00,NGN,0,Open,2021-02-15 00:00:00,Performing
JOHN CHIOMA S,,NO 4 CHURCH STREET ISHERI OJODU BERGER LAGOS STATE Kosofe,"=""08184237987""","=""8860998""","=""4079871""","=""3024482156""",Personal fixed term loan,2020-10-20 00:00:00,30000.00,0.00,,0.00,36600.00,NGN,0,Open,2020-11-19 00:00:00,Performing
ADENEKAN KEHINDE OLADEHINDE,"=""22300676901""",NO 2 OKE AYO ODO ONA APATA,"=""08135125732""","=""8884411""","=""5274128""","=""8708798""",Personal fixed term loan,2022-11-26 00:00:00,5000.00,0.00,,0.00,5750.00,NGN,0,Closed,2022-12-12 00:00:00,Performing
ADENEKAN KEHINDE OLADEHINDE,"=""22300676901""",NO 2 OKE AYO ODO ONA APATA,"=""08135125732""","=""8884411""","=""5274128""","=""8868510""",Personal fixed term loan,2022-12-12 00:00:00,15000.00,0.00,,0.00,19500.00,NGN,0,Closed,2023-01-11 00:00:00,Performing
ADENEKAN KEHINDE OLADEHINDE,"=""22300676901""",NO 2 OKE AYO ODO ONA APATA,"=""08135125732""","=""8884411""","=""5274128""","=""9096396""",Personal fixed term loan,2023-01-06 00:00:00,20000.00,0.00,,0.00,26000.00,NGN,0,Closed,2023-02-06 00:00:00,Performing
ADENEKAN KEHINDE OLADEHINDE,"=""22300676901""",NO 2 OKE AYO ODO ONA APATA,"=""08135125732""","=""8884411""","=""5274128""","=""9253735""",Personal fixed term loan,2023-01-25 00:00:00,30000.00,0.00,,0.00,39000.00,NGN,0,Closed,2023-02-24 00:00:00,Performing
ADENEKAN KEHINDE OLADEHINDE,"=""22300676901""",NO 2 OKE AYO ODO ONA APATA,"=""08135125732""","=""8884411""","=""5274128""","=""9428234""",Personal fixed term loan,2023-02-14 00:00:00,20000.00,0.00,,0.00,25200.00,NGN,0,Closed,2023-03-16 00:00:00,Performing
ADENEKAN KEHINDE OLADEHINDE,"=""22300676901""",NO 2 OKE AYO ODO ONA APATA,"=""08135125732""","=""8884411""","=""5274128""","=""9528828""",Personal fixed term loan,2023-02-27 00:00:00,25000.00,0.00,,0.00,32500.00,NGN,0,Closed,2023-03-29 00:00:00,Performing
ADENEKAN KEHINDE OLADEHINDE,"=""22300676901""",NO 2 OKE AYO ODO ONA APATA,"=""08135125732""","=""8884411""","=""5274128""","=""9729670""",Personal fixed term loan,2023-03-22 00:00:00,50000.00,0.00,,0.00,26217.00,NGN,0,Closed,2023-06-21 00:00:00,Performing
Shola Adekoya,"=""22503140542""",32  bonojo str,,"=""9069187""","=""1877288""","=""5826820015""",Personal fixed term loan,2019-11-10 00:00:00,15000.00,17085.00,,17085.00,18300.00,NGN,1392,Open,2019-12-10 00:00:00,Lost
EZEAGU CHIBUZO JUSTINA,"=""22254895821""",PrimaryAddressLine1,"=""08068992292""","=""9410102""","=""4239121""","=""4270964012""",Personal fixed term loan,2020-02-29 00:00:00,15000.00,0.00,,0.00,18750.00,NGN,0,Closed,2020-03-30 00:00:00,Performing
Olamide Samuel,"=""22245238644""",6 shogunwa Street eyita Ikoorodu  Ikorodu Lagos State,,"=""8248580""","=""3192525""","=""6236282376""",Personal fixed term loan,2019-11-30 00:00:00,7500.00,0.00,,0.00,8620.00,NGN,0,Closed,2019-12-16 00:00:00,Performing
DOROTHY TUBOAGIOBU,,HOUSE 2A CLOSE HOME FOUNDATION ESTATE ISHERI Alimosho Lago,"=""23408023157135""","=""8256868""","=""1298442""","=""158849945""",Personal fixed term loan,2019-07-10 00:00:00,5000.00,5750.00,,5750.00,6250.00,NGN,1515,Open,2019-08-09 00:00:00,Lost
T Ayobusuyi,,Not Available,,"=""8340064""","=""683238""","=""10451476""",Personal fixed term loan,2023-05-31 00:00:00,40000.00,0.00,,0.00,52000.00,NGN,0,Closed,2023-06-30 00:00:00,Performing
T Ayobusuyi,,Not Available,,"=""8340064""","=""683238""","=""9480939""",Personal fixed term loan,2023-02-20 00:00:00,5000.00,0.00,,0.00,6500.00,NGN,0,Closed,2023-03-22 00:00:00,Performing
T Ayobusuyi,,Not Available,,"=""8340064""","=""683238""","=""9595213""",Personal fixed term loan,2023-03-07 00:00:00,35000.00,0.00,,0.00,45500.00,NGN,0,Closed,2023-04-06 00:00:00,Performing
T Ayobusuyi,,Not Available,,"=""8340064""","=""683238""","=""9878350""",Personal fixed term loan,2023-04-06 00:00:00,17500.00,0.00,,0.00,22750.00,NGN,0,Closed,2023-05-08 00:00:00,Performing
Oguntoyibo Monsurat,"=""22399255889""",Nigeria,"=""08032689755""","=""8451417""","=""9497578""","=""3025266467""",Personal fixed term loan,2020-11-10 00:00:00,5000.00,4100.00,,4100.00,6000.00,NGN,136,Open,2020-11-25 00:00:00,Lost
Obila Ikemsinachi,"=""22245112043""",Enugu Nigeria,"=""08036841868""","=""8466593""","=""834632""","=""3024845244""",Personal fixed term loan,2022-02-24 00:00:00,500000.00,0.00,,0.00,228500.00,NGN,0,Closed,2022-05-25 00:00:00,Performing
ATAHINE FAITH,"=""22156830182""",194 UGBERIKOKO ROAD,"=""08030616093""","=""8503926""","=""5715609""","=""5715609""",Personal fixed term loan,2021-08-23 00:00:00,90000.00,0.00,,0.00,39720.00,NGN,0,Open,2021-11-22 00:00:00,Performing
OLUWATOYIN OLUWATOYIN,"=""22433825542""",5 ODUGUWA STREET BARIGA,,"=""8569974""","=""4988854""","=""91112113""",Personal fixed term loan,2020-11-08 00:00:00,10000.00,10660.00,,10660.00,13000.00,NGN,1028,Open,2020-12-08 00:00:00,Lost
Ibrahim Ganiu Damilola,"=""22388646328""",3 ALARU ALIU STR,"=""08060371272""","=""8670918""","=""6238501""","=""3024294955""",Personal fixed term loan,2020-03-13 00:00:00,2500.00,0.00,,0.00,3250.00,NGN,0,Open,2020-04-14 00:00:00,Performing
OLADIRAN BOSE,"=""22439054689""",Oda Nigeria,"=""08063805207""","=""8925064""","=""17535321""","=""4782044330""",Personal fixed term loan,2021-11-01 00:00:00,5000.00,0.00,,0.00,5000.00,NGN,0,Open,2021-11-16 00:00:00,Performing
BAMIGBOYE FAVOUR OLUWADARA,"=""22419280789""",NO  25 IYIOLA STREET DADA ESTATE OSOGBO,"=""08157363705""","=""9113883""","=""38437850""","=""10095234""",Personal fixed term loan,2023-04-27 00:00:00,10000.00,11800.00,,0.00,11800.00,NGN,0,Open,2023-05-12 00:00:00,Performing
ZAHARADDIN  IBRAHIM,"=""22336484631""",SUBEB,"=""07037542699""","=""9156932""","=""4774279""","=""20334372""",,2020-01-07 00:00:00,10000.00,0.00,,0.00,13000.00,NGN,0,Closed,2020-02-06 00:00:00,Performing
MADU NKECHI PRISCILLIA,"=""22307224330""",Music Department Music Department University of Nigeria Un,,"=""9501697""","=""43761264""","=""10617383""",Personal fixed term loan,2023-06-16 00:00:00,15000.00,17700.00,,0.00,17700.00,NGN,0,Open,2023-07-08 00:00:00,Performing
OGUNBIYI SHOLA OLABISI,"=""22270492330""",OLORUNSOGO STREET,"=""07031014146""","=""8557809""","=""17125588""","=""5537821""",Personal fixed term loan,2022-01-02 00:00:00,50000.00,0.00,,0.00,34420.00,NGN,0,Closed,2022-03-03 00:00:00,Performing
Matthew Grace,,NO 5 CHOLU STREET PH ObioAkpor Rivers State,,"=""8598622""","=""2566917""","=""2093331139""",Personal fixed term loan,2019-10-16 00:00:00,15000.00,17250.00,,17250.00,19500.00,NGN,1417,Open,2019-11-15 00:00:00,Lost
AKINLADE EUNICE OLUWAKEMI,"=""22310630809""",4 IN 5 RD FHE LUGBE ABUJA  Gwagwalada FCT,"=""08162460739""","=""8629337""","=""6489221""","=""1860294""",Personal fixed term loan,2020-03-21 00:00:00,5000.00,0.00,,0.00,5750.00,NGN,0,Closed,2020-04-06 00:00:00,Performing
AKINLADE EUNICE OLUWAKEMI,"=""22310630809""",4 IN 5 RD FHE LUGBE ABUJA  Gwagwalada FCT,"=""08162460739""","=""8629337""","=""6489221""","=""1860390""",Personal fixed term loan,2020-03-21 00:00:00,5000.00,0.00,,0.00,5750.00,NGN,0,Closed,2020-04-06 00:00:00,Performing
AKINLADE EUNICE OLUWAKEMI,"=""22310630809""",4 IN 5 RD FHE LUGBE ABUJA  Gwagwalada FCT,"=""08162460739""","=""8629337""","=""6489221""","=""2120225769""",Personal fixed term loan,2020-03-21 00:00:00,5000.00,0.00,,0.00,5750.00,NGN,0,Closed,2020-04-06 00:00:00,Performing
OZOMARO JULIUS UTHO,"=""22168648702""",17 ALADESANMI AVENUE ONIKANGA AYOBO  Alimosho Lagos State,,"=""8709775""","=""6023906""","=""129067923""",Personal fixed term loan,2020-02-28 00:00:00,2500.00,0.00,,0.00,2870.00,NGN,0,Closed,2020-03-16 00:00:00,Performing
OZOMARO JULIUS UTHO,"=""22168648702""",17 ALADESANMI AVENUE ONIKANGA AYOBO  Alimosho Lagos State,,"=""8709775""","=""6023906""","=""1701320""",Personal fixed term loan,2020-02-28 00:00:00,2500.00,0.00,,0.00,2870.00,NGN,0,Closed,2020-03-16 00:00:00,Performing
AVANNOMAYO OSASENAGA ISRAEL,"=""22364558122""",5 KOLAPO SOGBETUN STR OKE IRA NLA AJAH LAGOS,"=""9053588783""","=""9079270""","=""42174696""","=""9843765""",Personal fixed term loan,2023-04-02 00:00:00,22500.00,0.00,,0.00,25875.00,NGN,0,Closed,2023-04-17 00:00:00,Performing
GIFT GIFT,"=""22305599924""",29 EREKO STREET FADEYI,,"=""9153056""","=""6192950""","=""66824009""",Personal fixed term loan,2020-03-09 00:00:00,10000.00,13000.00,,13000.00,11500.00,NGN,1287,Open,2020-03-24 00:00:00,Lost
USAKA ATEROUGH STEPHANIE,"=""22337285228""",WINNERS CHAPEL USIEFRUN AFTER UDU MOFOR URHUWORHU Ughelli,,"=""9254835""","=""8103229""","=""154407235""",Personal fixed term loan,2020-08-11 00:00:00,10000.00,0.00,,0.00,13000.00,NGN,0,Open,2020-09-10 00:00:00,Performing
YUSIF SAIDU,,RSQ 138 ABUJA ROAD RIGASA BSTOP IGABI LGA  Kaduna South Ka,"=""08104659881""","=""9392912""","=""4217049""","=""223042406""",Personal fixed term loan,2019-12-15 00:00:00,1500.00,936.00,,936.00,1720.00,NGN,1372,Open,2019-12-30 00:00:00,Lost
IDRIS HASIYA,"=""22248737858""",BAGARA QRTS KAZAURE,"=""8060548716""","=""9469356""","=""10079574""","=""1767427650""",Personal fixed term loan,2020-12-08 00:00:00,80000.00,0.00,,0.00,36260.00,NGN,0,Open,2021-03-08 00:00:00,Performing
Florence Tayo,"=""22271150983""",furuka along tina junction,,"=""9514362""","=""7742670""","=""7138402""",Personal fixed term loan,2022-06-24 00:00:00,45000.00,0.00,,0.00,56025.00,NGN,0,Closed,2022-07-25 00:00:00,Performing
Florence Tayo,"=""22271150983""",furuka along tina junction,,"=""9514362""","=""7742670""","=""7449337""",Personal fixed term loan,2022-07-25 00:00:00,5000.00,0.00,,0.00,6410.00,NGN,0,Closed,2022-08-24 00:00:00,Performing
Florence Tayo,"=""22271150983""",furuka along tina junction,,"=""9514362""","=""7742670""","=""7449873""",Personal fixed term loan,2022-07-25 00:00:00,50000.00,0.00,,0.00,62950.00,NGN,0,Closed,2022-09-08 00:00:00,Performing
OYEDOKUN OLUSHOLA OLUMIDE,"=""22145212629""",71b Ibrahim Taiwo Road Ilorin Kwara State,"=""08032022359""","=""8532421""","=""6319879""","=""2700438""",Personal fixed term loan,2020-11-05 00:00:00,50000.00,0.00,,0.00,61000.00,NGN,0,Closed,2020-12-07 00:00:00,Performing
MBA AMBLESSED CHUKWUEMEKA,"=""22234993943""",ZONE 3FINIMA TOWNBONNY ISLAND Bonny Rivers State,"=""08164332141""","=""8537488""","=""6500362""","=""41059279""",Personal fixed term loan,2020-09-09 00:00:00,60000.00,0.00,,0.00,67200.00,NGN,0,Closed,2020-10-09 00:00:00,Performing
ANYANWU HENRY IHEANYI,"=""22240392402""",1 CHIEF ANYANWUOCHA ROAD,,"=""8657615""","=""682846""","=""84279""",Personal fixed term loan,2019-01-13 00:00:00,2500.00,0.00,,0.00,2875.00,NGN,0,Closed,2019-01-28 00:00:00,Performing
POPOOLA ISIAKA OLAMILEKAN,,NO 36 AGANNA STREET OSOGBO Osogbo Osun State,"=""23408032249398""","=""8757573""","=""10057504""","=""25383484""",Personal fixed term loan,2021-01-18 00:00:00,70000.00,0.00,,0.00,82880.00,NGN,0,Open,2021-02-02 00:00:00,Performing
Izosa Queen,"=""22423105418""",NO 40 KEN STREET OFF BENIN LAGOS EXPRESS WAY BENIN CITY O,,"=""8894199""","=""10866618""","=""4403062648""",Personal fixed term loan,2021-01-25 00:00:00,5000.00,0.00,,0.00,6500.00,NGN,0,Open,2021-02-24 00:00:00,Performing
Olasoji Yetunde Khdijat,"=""22334363169""",9 OMITOTO LINE 3 ILE IFE Ife East Osun State,,"=""8970421""","=""3646078""","=""37436219""",Personal fixed term loan,2020-03-14 00:00:00,20000.00,0.00,,0.00,23000.00,NGN,0,Closed,2020-03-30 00:00:00,Performing
AKPEDE BENJAMIN OMOVIGHO,"=""22287383726""",Idimu Lagos Nigeria,"=""07030139318""","=""9034597""","=""39790844""","=""34925356""",Personal fixed term loan,2023-04-05 00:00:00,275000.00,492800.00,,0.00,54756.00,NGN,0,Open,2024-01-03 00:00:00,Performing
JONES ERE ABIGAIL E,"=""22295322045""",14 15 Prince Alaba Oniru Road Victoria Island,"=""08063133333""","=""9064314""","=""7926296""","=""1233119826""",Personal fixed term loan,2020-09-07 00:00:00,30000.00,0.00,,0.00,37500.00,NGN,0,Closed,2020-10-07 00:00:00,Performing
JONES ERE ABIGAIL E,"=""22295322045""",14 15 Prince Alaba Oniru Road Victoria Island,"=""08063133333""","=""9064314""","=""7926296""","=""2410379""",Personal fixed term loan,2020-09-07 00:00:00,30000.00,0.00,,0.00,37500.00,NGN,0,Closed,2020-10-07 00:00:00,Performing
JONES ERE ABIGAIL E,"=""22295322045""",14 15 Prince Alaba Oniru Road Victoria Island,"=""08063133333""","=""9064314""","=""7926296""","=""8267836""",,2022-10-12 00:00:00,45000.00,0.00,,0.00,54000.00,NGN,0,Closed,2022-10-27 00:00:00,Performing
JONES ERE ABIGAIL E,"=""22295322045""",14 15 Prince Alaba Oniru Road Victoria Island,"=""08063133333""","=""9064314""","=""7926296""","=""8516889""",Personal fixed term loan,2022-11-07 00:00:00,200000.00,0.00,,0.00,104800.00,NGN,0,Closed,2023-02-06 00:00:00,Performing
SHANKA DORCAS,"=""22176682754""",911 SUITES 4 Lagos Mainland Lagos State,"=""07030628807""","=""9174967""","=""9749278""","=""51397932""",Personal fixed term loan,2020-12-16 00:00:00,20000.00,0.00,,0.00,12400.00,NGN,0,Open,2021-02-15 00:00:00,Performing
EZEOFOR JOSEPH OGONNA,,1 Bolade street iba,"=""08033197067""","=""9503549""","=""209407""","=""1012154596""",Personal fixed term loan,2021-05-01 00:00:00,5000.00,0.00,,0.00,5800.00,NGN,0,Open,2021-05-17 00:00:00,Performing
Nyot Mfon,"=""22201078730""",Jaji Nigeria,"=""08026860408""","=""8447741""","=""5402751""","=""131993364""",Personal fixed term loan,2021-02-24 00:00:00,200000.00,0.00,,0.00,100000.00,NGN,0,Closed,2021-07-24 00:00:00,Performing
ADEGBOYEGA OLUWATOSIN OLUWATIMILEYIN,"=""22323413743""",8 UNITY AREA OFF COCA COLA,,"=""8479994""","=""12757565""","=""2116188740""",Personal fixed term loan,2021-04-21 00:00:00,5000.00,0.00,,0.00,5500.00,NGN,0,Open,2021-05-21 00:00:00,Performing
Olayemi Janet,"=""22180894682""",5 OLUKOSO STREET OWODE IYANA ILOGBO ADO ODO AdoOdoOta Ogun,,"=""8500971""","=""2245780""","=""162112633""",Personal fixed term loan,2020-12-06 00:00:00,20000.00,23437.00,,23437.00,23600.00,NGN,1015,Open,2020-12-21 00:00:00,Lost
HASSAN OLAIDE SILIFAT,"=""22423650044""",Ikorodu Nigeria,,"=""8505365""","=""6037699""","=""4820582""",Personal fixed term loan,2021-10-09 00:00:00,40000.00,0.00,,0.00,10570.00,NGN,0,Closed,2022-04-07 00:00:00,Performing
Chris I,,15 DAVID STREET IJEGUN,"=""07038225751""","=""8519806""","=""6048304""","=""2967516""",Personal fixed term loan,2020-12-21 00:00:00,40000.00,0.00,,0.00,17860.00,NGN,0,Closed,2021-03-22 00:00:00,Performing
DOSUNMU FATAI YOMI,"=""22334001029""",3 SEGUN AKINOLA STRAWORIABULEEGBA Alimosho Lagos State,"=""23408033108518""","=""8756503""","=""2412277""","=""1006826889""",Personal fixed term loan,2019-10-10 00:00:00,2500.00,0.00,,0.00,2870.00,NGN,0,Closed,2019-10-25 00:00:00,Performing
ibrahim jamilu,"=""22228266567""",Nigeria,"=""08033142002""","=""8825574""","=""3261369""","=""2070050558""",Personal fixed term loan,2021-01-28 00:00:00,60000.00,25800.00,,0.00,26400.00,NGN,0,Open,2021-04-28 00:00:00,Performing
OGBU LARRY CHIMGOZIRIM,,79C AIRPORT RD RUMUODOAYA,"=""08030585027""","=""9114601""","=""12912380""","=""2159983827""",Personal fixed term loan,2021-04-26 00:00:00,5000.00,0.00,,0.00,6000.00,NGN,0,Open,2021-06-10 00:00:00,Performing
LORRAINNE LORRAINNE,"=""22416227471""",66 IYARA ROAD WARRI,,"=""9188388""","=""4854811""","=""86133662""",Personal fixed term loan,2020-10-05 00:00:00,5000.00,0.00,,0.00,6000.00,NGN,0,Open,2020-10-20 00:00:00,Performing
Sabah Ibrahim,"=""22242952802""",no5 abdullahi sabah street old kutuunku compensation layou,"=""07060901548""","=""9357166""","=""18012731""","=""3498588011""",Personal fixed term loan,2021-10-31 00:00:00,30000.00,0.00,,0.00,34800.00,NGN,0,Open,2021-11-30 00:00:00,Performing
ETTO OBONG MARGARET EMMANUEL,"=""22174439310""",PALM VILLE ESTATEBY REMLEK BUS STOP BADORE,"=""09066998439""","=""8971054""","=""6551997""","=""9777162""",Personal fixed term loan,2023-03-27 00:00:00,40000.00,0.00,,0.00,26040.00,NGN,0,Closed,2023-05-26 00:00:00,Performing
ARIYO OLUWAFUNMILAYO KUDIRAT,,1 DELE OLUPONA CLOSE,,"=""9024402""","=""44388230""","=""16684090""",Personal fixed term loan,2025-05-06 00:00:00,600000.00,1416420.00,,1416420.00,157380.00,NGN,,Open,2026-01-31 00:00:00,Performing
MOHD LADI KABIR,"=""22259673086""",KAZAURE LGC JIGAWA STATE,"=""08138575242""","=""9342620""","=""6676957""","=""1004443196""",Personal fixed term loan,2020-03-30 00:00:00,2500.00,0.00,,0.00,3250.00,NGN,0,Open,2020-04-29 00:00:00,Performing
OLADIMEJI GBENGA EMMANUEL,"=""22178196729""",25 Akan Adeniran Road Off Olaniyi Road Abule Egba La,"=""07030665237""","=""9460351""","=""4432791""","=""2124303164""",Personal fixed term loan,2022-04-02 00:00:00,250000.00,0.00,,0.00,64830.00,NGN,0,Closed,2022-11-05 00:00:00,Performing
IBITOYE JULIANA OMOTUNDE,"=""22151297575""",1 ANU OLUWAPO STREET HERITAGE ESTATE IJU AKUTE,,"=""9469393""","=""42875948""","=""15784008""",Personal fixed term loan,2023-04-30 00:00:00,400000.00,520000.00,,0.00,57778.00,NGN,0,Open,2024-01-25 00:00:00,Performing
AWUJOOLA JOHN AYOMIDE,"=""22371400986""",NO 18POLY QUARTERS APETEIBADAN OYO STATE,"=""9034303519""","=""9453284""","=""42358056""","=""9945487""",Personal fixed term loan,2023-04-12 00:00:00,5000.00,0.00,,0.00,5850.00,NGN,0,Closed,2023-04-27 00:00:00,Performing
ADEDOYIN AYORINDE NATHANIEL,"=""22164239054""",NO 14 PEACE AVENUE FUTA SOUTH GATEAKUREOndo State,"=""07069497149""","=""9478718""","=""9295093""","=""2081565034""",Personal fixed term loan,2021-02-17 00:00:00,45000.00,8055.00,,8055.00,30150.00,NGN,862,Open,2021-05-23 00:00:00,Lost
NOFIU TAIWO,"=""22300053515""",41 MOSALASI STREET SHOMOLU Shomolu Lagos State,,"=""8373674""","=""4124749""","=""16223726""",Personal fixed term loan,2020-01-03 00:00:00,2500.00,0.00,,0.00,3120.00,NGN,0,Closed,2020-02-03 00:00:00,Performing
Michael Oluwatosin,"=""22380346811""",independence road Lagos,"=""08135730678""","=""8387339""","=""8327075""","=""175270883""",Personal fixed term loan,2020-10-15 00:00:00,40000.00,0.00,,0.00,48000.00,NGN,0,Open,2020-11-16 00:00:00,Performing
Michael Oluwatosin,"=""22380346811""",independence road Lagos,"=""08135730678""","=""8387339""","=""8327075""","=""2087452457""",Personal fixed term loan,2021-01-23 00:00:00,20000.00,0.00,,0.00,26000.00,NGN,0,Open,2021-02-22 00:00:00,Performing
LUKMAN O ADEMOLA,"=""22159804384""",GOVERNMENT COLLEGE RD,"=""08073414312""","=""8454996""","=""10466880""","=""30912093""",Personal fixed term loan,2021-01-04 00:00:00,5000.00,0.00,,0.00,6000.00,NGN,0,Open,2021-01-19 00:00:00,Performing
LUKMAN O ADEMOLA,"=""22159804384""",GOVERNMENT COLLEGE RD,"=""08073414312""","=""8454996""","=""10466880""","=""93281439""",Personal fixed term loan,2021-01-15 00:00:00,5000.00,0.00,,0.00,6260.00,NGN,0,Open,2021-02-15 00:00:00,Performing
Chidera Joseph,"=""22223952632""",Nigeria,,"=""8481897""","=""1503822""","=""2113510715""",Personal fixed term loan,2021-03-20 00:00:00,5000.00,,,0.00,,NGN,0,Open,,Lost
Ojutalayo Fortune,"=""22271790110""",Nigeria,,"=""8484646""","=""693583""","=""4115370""",Personal fixed term loan,2021-07-06 00:00:00,100000.00,0.00,,0.00,41330.00,NGN,,Closed,2021-10-04 00:00:00,Performing
Ojutalayo Fortune,"=""22271790110""",Nigeria,,"=""8484646""","=""693583""","=""7682028""",Personal fixed term loan,2022-08-16 00:00:00,35000.00,0.00,,0.00,40845.00,NGN,0,Closed,2022-09-15 00:00:00,Performing
Ojutalayo Fortune,"=""22271790110""",Nigeria,,"=""8484646""","=""693583""","=""8032269""",Personal fixed term loan,2022-09-19 00:00:00,30000.00,0.00,,0.00,35010.00,NGN,0,Closed,2022-10-19 00:00:00,Performing
Ojutalayo Fortune,"=""22271790110""",Nigeria,,"=""8484646""","=""693583""","=""8630019""",Personal fixed term loan,2022-11-18 00:00:00,70000.00,0.00,,0.00,41860.00,NGN,,Closed,2023-01-17 00:00:00,Performing
OMOLADUN VICTORIA OLUWATOYIN,"=""22169964065""",NO 22 ARAROMI STREET APATA IBADAN Ido Oyo S,"=""07030470628""","=""8739903""","=""5712971""","=""5767925""",Personal fixed term loan,2022-01-29 00:00:00,7500.00,0.00,,0.00,9750.00,NGN,0,Open,2022-02-28 00:00:00,Performing
AUWAL ANWAR,"=""22454513161""",1 GIDA GOMA STREET,"=""08132929097""","=""9100993""","=""6028800""","=""1703589""",Personal fixed term loan,2020-02-28 00:00:00,1500.00,0.00,,0.00,1950.00,NGN,0,Closed,2020-03-30 00:00:00,Performing
OYELERE OLUDELE SAMSON,"=""22167319320""",PrimaryAddressLine1,"=""08035623850""","=""9253209""","=""38312749""","=""2011415105""",Personal fixed term loan,2022-10-07 00:00:00,300000.00,0.00,,0.00,69000.00,NGN,0,Closed,2023-04-05 00:00:00,Performing
UKER ORHUNGUR SIMON,"=""22237740562""",UJI ANGER HOUSE  Buruku  Benue State,"=""07080391868""","=""9325452""","=""6855290""","=""2021464526""",Personal fixed term loan,2020-04-10 00:00:00,15000.00,19450.00,,19450.00,19500.00,NGN,1239,Open,2020-05-11 00:00:00,Lost
OLAJIDE BOLAJI DAPO,"=""22374465940""",4 Gogar Street checkpoint,"=""2348062741932""","=""9424545""","=""5192014""","=""4185098""",Personal fixed term loan,2021-07-15 00:00:00,25000.00,0.00,,0.00,10660.00,NGN,0,Closed,2021-10-13 00:00:00,Performing
OGUNJUWON HAZZANAT OMOLEWA,"=""22367407876""",7 ADUGBO IJEBU STREET LEKKI,"=""09030784475""","=""9450762""","=""41870242""","=""9879183""",Personal fixed term loan,2023-04-06 00:00:00,5000.00,0.00,,0.00,5900.00,NGN,0,Closed,2023-04-21 00:00:00,Performing
IYITOMI DAMILOLA JOY,"=""22388479915""",AJAYIOJO SAMSOM H FEMI OWOLABI STR,"=""08134760323""","=""9373700""","=""6155772""","=""6163896""",Personal fixed term loan,2022-03-14 00:00:00,5000.00,0.00,,0.00,5000.00,NGN,0,Closed,2022-03-29 00:00:00,Performing
IYITOMI DAMILOLA JOY,"=""22388479915""",AJAYIOJO SAMSOM H FEMI OWOLABI STR,"=""08134760323""","=""9373700""","=""6155772""","=""7017115""",Personal fixed term loan,2022-06-12 00:00:00,5000.00,0.00,,0.00,6500.00,NGN,0,Closed,2022-07-12 00:00:00,Performing
DADI MARIAM MUHD,"=""22288642097""",18 FED HOUSING ESTATE BAJABURE Grie Adamawa State,"=""07034581756""","=""9516949""","=""6418370""","=""8405947""",Personal fixed term loan,2022-10-27 00:00:00,200000.00,0.00,,0.00,50440.00,NGN,0,Closed,2023-03-27 00:00:00,Performing
MARORO EVI,"=""22188062052""",6 AKPATABI STREET OKUMAGBA AVENUE Warri South Delta State,"=""08051292834""","=""9335555""","=""8060034""","=""1001436845""",Personal fixed term loan,2021-01-13 00:00:00,15000.00,0.00,,0.00,19500.00,NGN,0,Open,2021-02-12 00:00:00,Performing
ABDULWAHAB MUSLIMAT,,NO 1 OMOLOSO OGANLA AREA OLODO IBADAN Egbeda Oyo State,"=""08123248810""","=""9399731""","=""1273592""","=""264693803""",Personal fixed term loan,2019-07-29 00:00:00,11000.00,0.00,,0.00,13420.00,NGN,0,Open,2019-08-28 00:00:00,Performing
ABBAS ZUWAIRA,"=""22167140083""",Akure Nigeria,"=""07069253194""","=""9450003""","=""9194520""","=""3049629323""",Personal fixed term loan,2020-11-30 00:00:00,80000.00,0.00,,0.00,36260.00,NGN,0,Open,2021-03-01 00:00:00,Performing
SULEIMAN ISAH AHMED,"=""22331020788""",4 YEMCO ROAD POKA EPE Epe Lagos State,,"=""9484113""","=""8172863""","=""158400241""",Personal fixed term loan,2020-08-19 00:00:00,5000.00,0.00,,0.00,6500.00,NGN,0,Open,2020-09-18 00:00:00,Performing
Emmanuel Iloma,"=""22232783083""",behind alheri clinic gwako2 gwagwalad FCT Abuja,"=""07033125608""","=""9548440""","=""5370944""","=""1914370""",Personal fixed term loan,2020-03-31 00:00:00,15000.00,0.00,,0.00,18750.00,NGN,0,Closed,2020-04-30 00:00:00,Performing
Emmanuel Iloma,"=""22232783083""",behind alheri clinic gwako2 gwagwalad FCT Abuja,"=""07033125608""","=""9548440""","=""5370944""","=""2441177155""",Personal fixed term loan,2020-03-31 00:00:00,15000.00,0.00,,0.00,18750.00,NGN,0,Closed,2020-04-30 00:00:00,Performing
OLUWOLE DANIEL,"=""22394292320""",2W59J6 Uzebba Nigeria,"=""08104312096""","=""9579741""","=""6339322""","=""10485838""",Personal fixed term loan,2023-06-03 00:00:00,45000.00,0.00,,0.00,53865.00,NGN,0,Closed,2023-06-18 00:00:00,Performing
OLUWOLE DANIEL,"=""22394292320""",2W59J6 Uzebba Nigeria,"=""08104312096""","=""9579741""","=""6339322""","=""6295957""",Personal fixed term loan,2022-03-28 00:00:00,50000.00,0.00,,0.00,62750.00,NGN,0,Open,2022-04-27 00:00:00,Performing
OLUWOLE DANIEL,"=""22394292320""",2W59J6 Uzebba Nigeria,"=""08104312096""","=""9579741""","=""6339322""","=""6416047""",Personal fixed term loan,2022-04-09 00:00:00,50000.00,0.00,,0.00,59500.00,NGN,0,Closed,2022-04-25 00:00:00,Performing
OLUWOLE DANIEL,"=""22394292320""",2W59J6 Uzebba Nigeria,"=""08104312096""","=""9579741""","=""6339322""","=""6734337""",Personal fixed term loan,2022-05-13 00:00:00,50000.00,0.00,,0.00,58250.00,NGN,0,Closed,2022-05-30 00:00:00,Performing
OLUWOLE DANIEL,"=""22394292320""",2W59J6 Uzebba Nigeria,"=""08104312096""","=""9579741""","=""6339322""","=""7042122""",Personal fixed term loan,2022-06-14 00:00:00,60000.00,0.00,,0.00,76920.00,NGN,0,Closed,2022-07-14 00:00:00,Performing
AKINTUNDE MAYOWA OMOGBOLAHAN,"=""22288456155""",8 HIGH COURT ROAD SAGAMU,,"=""8543577""","=""26059076""","=""50015383""",Personal fixed term loan,2023-02-06 00:00:00,225000.00,0.00,,0.00,147375.00,NGN,0,Closed,2023-04-07 00:00:00,Performing
AKINTUNDE MAYOWA OMOGBOLAHAN,"=""22288456155""",8 HIGH COURT ROAD SAGAMU,,"=""8543577""","=""26059076""","=""9940196""",Personal fixed term loan,2023-04-12 00:00:00,50000.00,59150.00,,0.00,59150.00,NGN,0,Open,2023-05-12 00:00:00,Performing
SAMUEL OMOBONI OLUWASEYI,"=""22491885779""",no 6 oluyide street shobande avenue oremeji mokola ibadan,,"=""8547172""","=""4521608""","=""427966045""",Personal fixed term loan,2020-12-15 00:00:00,5000.00,0.00,,0.00,6000.00,NGN,0,Open,2020-12-30 00:00:00,Performing
ABDULKADIR SHERIFAT OHUNENE,"=""22359100819""",no 43agege barike,,"=""9076641""","=""4714121""","=""198966475""",Personal fixed term loan,2020-01-05 00:00:00,2500.00,0.00,,0.00,3250.00,NGN,0,Closed,2020-02-04 00:00:00,Performing
AJANI PRECIOUS EMMANUEL,"=""22369694614""",4 SURAJU ODUNUGA STREET ELEJA SAGAMU Shagamu Ogun State,"=""08108194287""","=""9371849""","=""4878118""","=""3027356807""",Personal fixed term loan,2020-12-13 00:00:00,10000.00,0.00,,0.00,13000.00,NGN,0,Open,2021-01-12 00:00:00,Performing
Brigue Kelvin Ejiri,"=""22217701196""",FUBE RD,"=""08053093642""","=""9414112""","=""22623078""","=""5896334""",Personal fixed term loan,2022-02-12 00:00:00,200000.00,64452.00,,64452.00,103330.00,NGN,900,Open,2022-05-20 00:00:00,Lost
OLAYINKA HAZEEM ARISEKOLA,"=""22150473808""",Nigeria,"=""08035145958""","=""9335197""","=""12974675""","=""15389087""",Personal fixed term loan,2021-04-28 00:00:00,40000.00,0.00,,0.00,23990.00,NGN,0,Open,2021-06-28 00:00:00,Performing
PETER BUKOLA,,NO 55 OKE IJEBUN AKURE,,"=""9470352""","=""7203191""","=""9049285""",Personal fixed term loan,2023-01-01 00:00:00,10000.00,0.00,,0.00,12800.00,NGN,0,Closed,2023-01-31 00:00:00,Performing
Dorcas Temitope,"=""22192188456""",26 SHITTU STREET ODA ROAD AKURE,"=""08105860372""","=""8469212""","=""40697447""","=""10499094""",Personal fixed term loan,2023-06-05 00:00:00,15000.00,18975.00,,0.00,18975.00,NGN,0,Open,2023-07-05 00:00:00,Performing
Folashikemi Adenuga,,5 EBENEZER STREET ARIGBAWONWO MOWE Obafemi Owode Ogun Stat,,"=""8477829""","=""729585""","=""175337313""",Personal fixed term loan,2021-02-03 00:00:00,40000.00,0.00,,0.00,52000.00,NGN,0,Open,2021-03-05 00:00:00,Performing
EMMANUEL DEBORAH OLUWASOLA,"=""22467522509""",8 ISE OLUOLUWA STREET AKINJAGUNLA,,"=""8492526""","=""7937711""","=""268364592""",Personal fixed term loan,2020-07-24 00:00:00,5000.00,0.00,,0.00,6500.00,NGN,0,Open,2020-08-24 00:00:00,Performing
SULAIMAN ISA BADAMASI,"=""22392848318""",5 FOUNDATION ROAD MARHABA CINEMA FARM CENTRE TARAUNI null,,"=""8494555""","=""10439103""","=""220400326""",Personal fixed term loan,2020-12-20 00:00:00,5000.00,0.00,,0.00,6000.00,NGN,0,Open,2021-01-04 00:00:00,Performing
ADELEKE BARAKAT ABIODUN,"=""22480308342""",11 ISOKAN STREET BIOKU AMULOKO IDIROKO BUSTOP Ona Ara Oyo,,"=""8527129""","=""11942866""","=""10690632""",Personal fixed term loan,2023-06-24 00:00:00,5000.00,0.00,,0.00,6500.00,NGN,0,Closed,2023-07-24 00:00:00,Performing
KAMORUDEEN WASIU AJAO,"=""22365016836""",ADIJATS HOUSE TWELVE TWELVE STREET SABO,,"=""8642863""","=""661938""","=""6138906""",Personal fixed term loan,2022-03-11 00:00:00,7500.00,0.00,,0.00,9750.00,NGN,0,Closed,2022-04-11 00:00:00,Performing
KAMORUDEEN WASIU AJAO,"=""22365016836""",ADIJATS HOUSE TWELVE TWELVE STREET SABO,,"=""8642863""","=""661938""","=""6352383""",Personal fixed term loan,2022-04-02 00:00:00,10000.00,0.00,,0.00,13000.00,NGN,0,Closed,2022-05-02 00:00:00,Performing
AJAKAIYE LAWRENCE TEMILOLU,"=""22163807203""",NO 2628 10TH AVENUE FEDERAL HOUSING ESTATE,"=""08032282061""","=""8665141""","=""37150346""","=""224845628""",Personal fixed term loan,2022-09-27 00:00:00,350000.00,0.00,,0.00,123025.00,NGN,0,Closed,2023-06-13 00:00:00,Performing
ADEBANJI EMMANUEL OLUWASEGUN,"=""22177786303""",Not Available,"=""2348072808498""","=""8754696""","=""15774038""","=""2211601584""",Personal fixed term loan,2022-07-18 00:00:00,225000.00,0.00,,0.00,76995.00,NGN,0,Closed,2022-12-15 00:00:00,Performing
JOHN JOHN,"=""22492828966""",172 EHI ROAD ABA Aba South Abia State,,"=""8793107""","=""7570968""","=""7563208""",Personal fixed term loan,2022-08-05 00:00:00,10000.00,0.00,,0.00,12000.00,NGN,0,Closed,2022-08-22 00:00:00,Performing
JOHN JOHN,"=""22492828966""",172 EHI ROAD ABA Aba South Abia State,,"=""8793107""","=""7570968""","=""7718691""",Personal fixed term loan,2022-08-20 00:00:00,15000.00,0.00,,0.00,18000.00,NGN,0,Closed,2022-09-05 00:00:00,Performing
OSENI OLADAPO SIKIRU,"=""22150405401""",32 abudu street off ogudu ojota lagos,,"=""9506245""","=""44150241""","=""10668244""",Personal fixed term loan,2023-06-22 00:00:00,30000.00,37500.00,,0.00,37500.00,NGN,0,Open,2023-07-22 00:00:00,Performing
ADETOYE ABDUL AFEEZ DAMILARE,"=""22413866112""",NO 9BABALOLA CLOSE ADATAN ABEOKUTA OGUN STATE,"=""07062700136""","=""9586483""","=""6648089""","=""9296405""",Personal fixed term loan,2023-01-30 00:00:00,5000.00,0.00,,0.00,6350.00,NGN,0,Closed,2023-03-01 00:00:00,Performing
Oladepo Michael,"=""22144029718""",Nigeria,,"=""8293896""","=""653426""","=""7993307""",,2022-09-15 00:00:00,5000.00,0.00,,0.00,6450.00,NGN,0,Closed,2022-10-17 00:00:00,Performing
Igogori Truth,"=""22156468084""",59 adeola str medina estate gbagada  IfakoIjaiye Lagos Sta,"=""08034401524""","=""8494362""","=""6554606""","=""1001472418""",Personal fixed term loan,2020-04-10 00:00:00,7500.00,0.00,,0.00,9750.00,NGN,0,Closed,2020-05-11 00:00:00,Performing
Igogori Truth,"=""22156468084""",59 adeola str medina estate gbagada  IfakoIjaiye Lagos Sta,"=""08034401524""","=""8494362""","=""6554606""","=""1930989""",Personal fixed term loan,2020-04-10 00:00:00,7500.00,0.00,,0.00,9750.00,NGN,0,Closed,2020-05-11 00:00:00,Performing
ELUJULO ABRAHAM IYANUOLUWA,,fce camp amunga village obanliku Obanliku Cross River Sta,,"=""8752781""","=""1176675""","=""3190006231""",Personal fixed term loan,2019-05-05 00:00:00,2500.00,0.00,,0.00,3250.00,NGN,0,Open,2019-06-04 00:00:00,Performing
ELUJULO ABRAHAM IYANUOLUWA,,fce camp amunga village obanliku Obanliku Cross River Sta,,"=""8752781""","=""1176675""","=""506052375""",Personal fixed term loan,2020-02-22 00:00:00,60000.00,0.00,,0.00,27590.00,NGN,0,Open,2020-05-22 00:00:00,Performing
ABIFARIN ADEMOLA GBEMILEKE,"=""22312265991""",12 Apata Ibadan Ibadan South West Oyo,,"=""8773180""","=""7811372""","=""6358622""",Personal fixed term loan,2022-04-03 00:00:00,5000.00,0.00,,0.00,5800.00,NGN,0,Closed,2022-04-19 00:00:00,Performing
ABIFARIN ADEMOLA GBEMILEKE,"=""22312265991""",12 Apata Ibadan Ibadan South West Oyo,,"=""8773180""","=""7811372""","=""6407822""",Personal fixed term loan,2022-04-08 00:00:00,5000.00,0.00,,0.00,6370.00,NGN,0,Closed,2022-05-09 00:00:00,Performing
PETER BLESSING,,MALLAM FEMI COMPOUNDS BEFORE TRANSFORMER SHAGARI STREET OF,"=""09079335366""","=""8966351""","=""9599933""","=""3051858300""",Personal fixed term loan,2021-01-13 00:00:00,20000.00,0.00,,0.00,26000.00,NGN,0,Open,2021-02-12 00:00:00,Performing
FALADE KAYODE GABRIEL,"=""22272693764""",FLAT 107 FEDERAL HOUSING ESTATE Calabar South Cross River,"=""2348038167133""","=""8997317""","=""9671385""","=""2081798795""",Personal fixed term loan,2023-04-18 00:00:00,350000.00,632800.00,,0.00,70312.00,NGN,0,Open,2024-01-13 00:00:00,Performing
STEPHEN OLABISI ADEFUNKE,"=""22216730025""",PLOT 587 BUDGET QUARTERS OPP STELLA MARIS DUR,"=""2348032788913""","=""9079727""","=""41162874""","=""10009175""",Personal fixed term loan,2023-04-18 00:00:00,5000.00,6780.00,,0.00,3390.00,NGN,0,Open,2023-06-17 00:00:00,Performing
EKEMODE OLUFUNMILAYO EUNICE,"=""22302244674""",8 ALABA OBE STR IJU AJUWON,"=""08038495933""","=""9513790""","=""19406246""","=""128044220""",Personal fixed term loan,2022-08-31 00:00:00,500000.00,62352.00,,62352.00,140667.00,NGN,53,Open,2023-06-08 00:00:00,Sub standard
OMADA MATHEW,,Beside living faith Church phase 4 Nyanya Abuja,"=""08109991320""","=""9559418""","=""12601805""","=""216490616""",Personal fixed term loan,2021-04-16 00:00:00,30000.00,0.00,,0.00,15000.00,NGN,0,Open,2021-07-15 00:00:00,Performing
IBRAHEEM JAHAMARS DIJE,"=""22297857473""",HOUSE 37  69B ROAD OFF 6TH AVENUE  GWARIMPA,"=""08100058584""","=""9610354""","=""14710043""","=""1001057284""",Personal fixed term loan,2022-02-08 00:00:00,500000.00,0.00,,0.00,98498.00,NGN,0,Closed,2023-02-27 00:00:00,Performing
IBRAHEEM JAHAMARS DIJE,"=""22297857473""",HOUSE 37  69B ROAD OFF 6TH AVENUE  GWARIMPA,"=""08100058584""","=""9610354""","=""14710043""","=""5861638""",Personal fixed term loan,2022-02-08 00:00:00,500000.00,0.00,,0.00,98498.00,NGN,0,Closed,2023-02-27 00:00:00,Performing
BAYOWA ERIC OLUFOLAJIMI,"=""22165138918""",6 8 GBAJUMO ST SURULERE ONDO Ondo West Ondo State,,"=""9115167""","=""6226940""","=""5877194""",Personal fixed term loan,2022-02-10 00:00:00,150000.00,0.00,,0.00,187350.00,NGN,0,Open,2022-03-14 00:00:00,Performing
JOSEPHINE JOSEPHINE,"=""22399710272""",10 AKINSUNMMI STREET AGBADO,,"=""9183317""","=""788217""","=""7992902""",Personal fixed term loan,2022-09-15 00:00:00,5000.00,0.00,,0.00,5650.00,NGN,0,Closed,2022-09-30 00:00:00,Performing
JOSEPHINE JOSEPHINE,"=""22399710272""",10 AKINSUNMMI STREET AGBADO,,"=""9183317""","=""788217""","=""8150790""",Personal fixed term loan,2022-10-01 00:00:00,15000.00,0.00,,0.00,19500.00,NGN,0,Closed,2022-10-31 00:00:00,Performing
AGBONTAEN RAYMOND NOSA,"=""22355436329""",DEPT OF CROP SCIENCE UNIBEN,,"=""9254479""","=""8657549""","=""9961438""",Personal fixed term loan,2023-04-14 00:00:00,20000.00,66550.00,,0.00,33275.00,NGN,0,Open,2023-06-13 00:00:00,Performing
DUNMOYE MICHAEL EINSTEIN,"=""22243106929""",KM2 NEW IKIRUN ROAD OSOGBO,"=""08166773967""","=""9370940""","=""2022487""","=""212960162""",Personal fixed term loan,2019-10-08 00:00:00,1500.00,0.00,,0.00,1720.00,NGN,0,Open,2019-10-23 00:00:00,Performing
BENJAMIN GOODNESS CHIKAODILI,"=""22444784083""",NO 2 IYARERE STR OFF ODOGBOLU SANYA BUSTOP SURULERE LAGOS,"=""23409093460272""","=""9377419""","=""2117707""","=""2111095913""",Personal fixed term loan,2021-01-26 00:00:00,30000.00,0.00,,0.00,38400.00,NGN,0,Open,2021-02-25 00:00:00,Performing
BAKO ERIETWO LOVETH,"=""22303086138""",GANAJA VILLAGE ROUNDABOUT Lokoja Kogi State,,"=""9508375""","=""8399443""","=""221474557""",Personal fixed term loan,2020-11-22 00:00:00,25000.00,0.00,,0.00,30500.00,NGN,0,Open,2020-12-22 00:00:00,Performing
Abiola Sekinat,"=""22250520875""",MOSHOOD ABIOLA POLYTECHNIC OJERE ABK Abeokuta North Ogun S,"=""2348102579895""","=""8433971""","=""6234630""","=""125689976""",Personal fixed term loan,2020-12-11 00:00:00,25000.00,0.00,,0.00,11330.00,NGN,0,Open,2021-03-11 00:00:00,Performing
Abiola Sekinat,"=""22250520875""",MOSHOOD ABIOLA POLYTECHNIC OJERE ABK Abeokuta North Ogun S,"=""2348102579895""","=""8433971""","=""6234630""","=""9908335""",Personal fixed term loan,2023-04-08 00:00:00,100000.00,260520.00,,0.00,130260.00,NGN,0,Open,2023-06-07 00:00:00,Performing
ISIORHO SARAH COLUMBUS,"=""22339512418""",DEPT OF BIOMEDICAL TECHNOLOGY UNIPORT CHOBA,,"=""8537051""","=""22122484""","=""0038362900""",Personal fixed term loan,2021-12-20 00:00:00,60000.00,0.00,,0.00,70800.00,NGN,0,Closed,2022-01-19 00:00:00,Performing
MARCUS ELOZANA ONYEJIKE,,TINA JUNCTION JOS Jos North Plateau State,,"=""8539106""","=""1090847""","=""97651506""",Personal fixed term loan,2020-10-05 00:00:00,25000.00,0.00,,0.00,29000.00,NGN,0,Closed,2020-10-20 00:00:00,Performing
MAJARO ADEBUKOLA,"=""22344071010""",20A Azeez olowu street Agunfoye Ikorodu,,"=""8552160""","=""12710400""","=""154735774""",Personal fixed term loan,2021-04-20 00:00:00,5000.00,0.00,,0.00,5500.00,NGN,0,Open,2021-05-20 00:00:00,Performing
FEYISHOLA AKINSOWON TITILAYO,"=""22320669318""",21 AKEEM ODUNMON STR IKOLA,,"=""8759327""","=""534809""","=""57446068""",Personal fixed term loan,2019-07-17 00:00:00,25000.00,28750.00,,28750.00,31250.00,NGN,1508,Open,2019-08-16 00:00:00,Lost
MOSHOOD ROTIMI TAIWO,"=""22184974014""",2 MABINUORI SMK LG NIGERIA,"=""08023743621""","=""8765076""","=""2288913""","=""158466692""",Personal fixed term loan,2020-01-01 00:00:00,25000.00,0.00,,0.00,31250.00,NGN,0,Open,2020-01-31 00:00:00,Performing
AREMO TOPE DAMILOLA,"=""22155568459""",NO 23 GANGES VILLAGE CLOSE MINISTERS HILL MAITAMA,"=""08132150021""","=""8789075""","=""20240063""","=""5555023""",Personal fixed term loan,2022-01-04 00:00:00,20000.00,0.00,,0.00,19967.00,NGN,0,Open,2022-03-14 00:00:00,Performing
AFOLABI TOLULOPE ABAYOMI,,PrimaryAddressLine1,,"=""9207874""","=""1745659""","=""5377022012""",Personal fixed term loan,2019-09-01 00:00:00,1500.00,575.00,,575.00,1950.00,NGN,1461,Open,2019-10-02 00:00:00,Lost
OLUWATUYI OLATUNJI JOSEPH,"=""22231940049""",15ALADIRO STREEOKE ARO OKE ARO,"=""08033786646""","=""9215111""","=""16450064""","=""34154903""",Personal fixed term loan,2022-02-12 00:00:00,300000.00,0.00,,0.00,95990.00,NGN,0,Closed,2022-06-13 00:00:00,Performing
OKEDARA AZEEZ OLAYINKA,"=""22444354219""",1 FAJEBES COMPOUND,"=""08138293214""","=""9411916""","=""7119555""","=""9048347""",Personal fixed term loan,2023-01-01 00:00:00,5000.00,0.00,,0.00,6000.00,NGN,0,Closed,2023-01-16 00:00:00,Performing
UDOMBAT UBON JOSEPH,"=""22232988516""",46 UDO INYANG STR UYO,"=""08065584909""","=""9507780""","=""6118790""","=""7309564""",Personal fixed term loan,2022-07-11 00:00:00,35000.00,0.00,,0.00,43400.00,NGN,0,Closed,2022-08-10 00:00:00,Performing
MICHAEL SARAH WURAOLA,"=""22280327741""",10 anulowapo street,"=""08033535225""","=""9353538""","=""16288996""","=""171115366""",Personal fixed term loan,2022-01-22 00:00:00,250000.00,0.00,,0.00,99810.00,NGN,0,Closed,2022-05-30 00:00:00,Performing
ABDULMALIK USMAN NAKORJI,"=""22239161527""",a 42 ahmadu bello way lapai Lapai Niger State,,"=""9441464""","=""1604360""","=""2059393988""",Personal fixed term loan,2019-08-15 00:00:00,10000.00,11500.00,,11500.00,13000.00,NGN,1477,Open,2019-09-16 00:00:00,Lost
AJETUNMOBI AKINOLA ROBERT,"=""22257950633""",88AGO ITUNU STREET AKINSETE ONDO,"=""07033154305""","=""9454364""","=""42227882""","=""9862930""",Personal fixed term loan,2023-04-04 00:00:00,40000.00,0.00,,0.00,49800.00,NGN,0,Closed,2023-05-04 00:00:00,Performing
YUSUF FATAI,"=""22166523171""",18 PELEWURA STREET IJOKO ABULE LEMODE OGUN STATE Ifo Ogun,,"=""9575364""","=""6619518""","=""16708399""",Personal fixed term loan,2020-06-16 00:00:00,7500.00,0.00,,0.00,9370.00,NGN,0,Open,2020-07-16 00:00:00,Performing
AHMAD MURTALA ABUBAKAR,"=""22307284202""",BLOCK 1 GAMBIA STREET MALALI LOW COST KADUNA,"=""08035999073""","=""8903786""","=""6242282""","=""9693895""",Personal fixed term loan,2023-03-18 00:00:00,60000.00,0.00,,0.00,25428.00,NGN,0,Closed,2024-01-12 00:00:00,Performing
ANYIGOR MATHIAS,"=""22342062087""",NO 54 EZZIOKWO ROAD ABAKALIKI EBONYI STATE Abakaliki Ebony,"=""07064418169""","=""9070485""","=""7991738""","=""6441041""",Personal fixed term loan,2022-04-12 00:00:00,10000.00,0.00,,0.00,13000.00,NGN,0,Closed,2022-05-12 00:00:00,Performing
EBERE CHRISTAIN EBERE,"=""22176370994""",U15 MANI STR KAKURI KAKURI BUSTOP,"=""07032154221""","=""9432370""","=""22176370994""","=""FMSME00862""",,2022-05-18 00:00:00,3000000.00,2760212.00,,2760212.00,591052.00,NGN,909,Open,2022-11-14 00:00:00,Lost
AZEEZ RIDWAN,"=""22502706767""",27 IGUNNU  STREET LAGOS ISLAND,"=""08084332039""","=""8293406""","=""35897076""","=""10131416""",Personal fixed term loan,2023-04-30 00:00:00,35000.00,0.00,,0.00,0.00,NGN,0,Closed,2023-05-30 00:00:00,Performing
OGUNLOWO SEUN,,NPF ILORIN,"=""07035233240""","=""8320135""","=""1965562""","=""2101010283""",Personal fixed term loan,2020-03-04 00:00:00,15000.00,0.00,,0.00,18300.00,NGN,0,Closed,2020-04-03 00:00:00,Performing
Jumoke Toyin,"=""22234287026""",AFPOLABI PREMISES OLOKO RD BLOCKAKURE,,"=""8371016""","=""694424""","=""10660568""",Personal fixed term loan,2023-06-21 00:00:00,5000.00,0.00,,0.00,5985.00,NGN,0,Closed,2023-07-06 00:00:00,Performing
MADINYELI MAXWELL IKEMEFUNA,"=""22232106284""",33 EMILY AKINOLA STREET  Shomolu Lagos State,"=""08033004075""","=""8379969""","=""8847153""","=""5853500""",Personal fixed term loan,2022-02-07 00:00:00,35000.00,0.00,,0.00,43290.00,NGN,0,Closed,2022-04-09 00:00:00,Performing
OSENI BOLAJI MONSURAT,"=""22305325310""",1DEKOTEDO STREETFAGBEWESA,,"=""8400196""","=""535387""","=""5837445""",Personal fixed term loan,2022-02-05 00:00:00,7500.00,0.00,,0.00,9480.00,NGN,0,Closed,2022-02-21 00:00:00,Performing
FOWOSIRE RAMOTAL ADENIKE,"=""22508029161""",2 KOLAWOLE DEBORAH ADEOYEOFF PALACE ISHERIOG IF3,,"=""8470481""","=""9273934""","=""108577362""",Personal fixed term loan,2021-09-07 00:00:00,300000.00,0.00,,0.00,77540.00,NGN,0,Closed,2022-03-07 00:00:00,Performing
ZUBAIRU JIYA ABUBAKAR,,8COCACOLA RDILORIN  ILORIN Ilorin East Kwara State,"=""08033586952""","=""8470858""","=""8030138""","=""1000513066""",Personal fixed term loan,2020-09-16 00:00:00,35000.00,0.00,,0.00,43750.00,NGN,0,Open,2020-10-16 00:00:00,Performing
ZUBAIRU JIYA ABUBAKAR,,8COCACOLA RDILORIN  ILORIN Ilorin East Kwara State,"=""08033586952""","=""8470858""","=""8030138""","=""6416427""",Personal fixed term loan,2022-04-09 00:00:00,60000.00,0.00,,0.00,27130.00,NGN,0,Closed,2022-07-23 00:00:00,Performing
ZUBAIRU JIYA ABUBAKAR,,8COCACOLA RDILORIN  ILORIN Ilorin East Kwara State,"=""08033586952""","=""8470858""","=""8030138""","=""9875489""",Personal fixed term loan,2023-04-05 00:00:00,100000.00,101025.00,,0.00,33675.00,NGN,0,Open,2023-08-04 00:00:00,Performing
OJENEYE MICHAEL KUNLE,"=""22149815932""",Oke Odo Lagos Nigeria,,"=""8775090""","=""4807211""","=""2069403909""",Personal fixed term loan,2020-03-16 00:00:00,2500.00,0.00,,0.00,2870.00,NGN,0,Open,2020-03-31 00:00:00,Performing
AMARACHI SARAH OHIZU,"=""22357268849""",14 15 Prince Alaba Oniru Road Victoria Island,"=""08066686401""","=""8820618""","=""35356200""","=""10118765""",Personal fixed term loan,2023-04-29 00:00:00,15000.00,17355.00,,0.00,17355.00,NGN,0,Open,2023-05-14 00:00:00,Performing
ESTHER ESTHER,"=""22504732735""",DENA PALACE SAMARU ZARIA Kaduna State,,"=""9028552""","=""2292151""","=""807346985""",Personal fixed term loan,2020-11-15 00:00:00,30000.00,0.00,,0.00,13000.00,NGN,0,Open,2021-02-15 00:00:00,Performing
IFADA ANTHONIA ANIKE,,5 ADENIKE MOYOSORE GBAGADA PHASE 11 Kosofe Lagos State,"=""08032128082""","=""9609380""","=""4537509""","=""11261457""",Personal fixed term loan,2020-03-26 00:00:00,90000.00,0.00,,0.00,109800.00,NGN,0,Closed,2020-04-27 00:00:00,Performing
Seun Idowu kayode,,Plot 10 road 2 progress estate baruwa lagos,,"=""8265726""","=""13074276""","=""36176424""",Personal fixed term loan,2021-05-01 00:00:00,40000.00,0.00,,0.00,16530.00,NGN,0,Open,2021-07-30 00:00:00,Performing
Emmanuel Monday,,68alarogbo qutrsakotogbo Irele Ondo State,"=""08062221733""","=""8354052""","=""363297""","=""2073252975""",Personal fixed term loan,2021-02-28 00:00:00,5000.00,0.00,,0.00,6500.00,NGN,0,Open,2021-03-30 00:00:00,Performing
OMOLEBI IKUEJUROJO JOY,"=""22234052989""",37 IGBO APAWA STREET PAPA EPE,"=""2348188215286""","=""8402784""","=""23419421""","=""9876688""",Personal fixed term loan,2023-04-05 00:00:00,90000.00,134950.00,,0.00,22575.00,NGN,0,Open,2023-10-02 00:00:00,Performing
YUSUF BABATUNDE TUNJI,,15 FER ENGINEER TOPA BADAGRY,,"=""8453856""","=""12671690""","=""39750470""",Personal fixed term loan,2021-12-09 00:00:00,100000.00,0.00,,0.00,33490.00,NGN,0,Closed,2022-04-08 00:00:00,Performing
MATTHEW JOSEPH,"=""22280442859""",Owerri street 930103 Bukuru Plateau Nigeria,"=""08036374998""","=""8509361""","=""8971905""","=""10034471""",Personal fixed term loan,2023-04-20 00:00:00,10000.00,12300.00,,0.00,6150.00,NGN,0,Open,2023-06-19 00:00:00,Performing
ABUDULAI TAJUDEEN OMONIYI,"=""22246082161""",PrimaryAddressLine1,,"=""8659823""","=""6104788""","=""4701357""",Personal fixed term loan,2021-09-25 00:00:00,5000.00,0.00,,0.00,5800.00,NGN,0,Closed,2021-10-11 00:00:00,Performing
Daniel Goodness Umogu,"=""22390373988""",No5 beside WEMA bank,"=""2348186285928""","=""8728625""","=""59915""","=""9022731""",Personal fixed term loan,2022-12-29 00:00:00,2500.00,0.00,,0.00,2950.00,NGN,0,Closed,2023-01-13 00:00:00,Performing
OKONKWO VICTORIA ONWA,"=""22165045678""",NO 6 HOPEFOUNDATION WAY OLDMBE OGUN STATE Ifo Ogun State,"=""08027876000""","=""8867609""","=""17837437""","=""1505850123""",Personal fixed term loan,2021-12-08 00:00:00,600000.00,558029.00,,558029.00,92500.00,NGN,423,Open,2023-01-04 00:00:00,Lost
ODUKWU EGWEGBETE IKASHI,,VALLEYVIEW GARDEN ESTATE ATALI PORT HARCOURT  ObioAkpor Ri,"=""08062792459""","=""8876534""","=""1356596""","=""1226130302""",Personal fixed term loan,2021-03-17 00:00:00,15000.00,0.00,,0.00,19500.00,NGN,0,Open,2021-05-30 00:00:00,Performing
Usman Hassana,"=""22375776771""",22B BABATUNDE LADEGA STREET OMOLE PHASE 1 Ikeja Lagos Stat,,"=""8887729""","=""10356336""","=""7105876014""",Personal fixed term loan,2020-12-18 00:00:00,50000.00,60000.00,,60000.00,64000.00,NGN,987,Open,2021-01-18 00:00:00,Lost
OLUSANYA ADEKUNLE,"=""22221905955""",4 ROTIMI OLAIDE ST OFF TUNJI AKINDELE ST BY PIPELINE BS Al,"=""2348083004999""","=""9095565""","=""8647773""","=""18794501""",Personal fixed term loan,2020-10-08 00:00:00,15000.00,21750.00,,21750.00,19500.00,NGN,1057,Open,2020-11-09 00:00:00,Lost
ITODO ENE ENE,"=""22276010510""",OPP JISE HOTEL MUHAMMAD SANI AVENUE GWAGWALADA Gwagwalada,,"=""9180315""","=""16494359""","=""5040461""",Personal fixed term loan,2021-11-04 00:00:00,200000.00,97581.00,,97581.00,29330.00,NGN,797,Open,2022-10-31 00:00:00,Lost
DANJA ABBA,"=""22358072597""",810232 Zaria Nigeria,"=""07030799522""","=""9470226""","=""4006382""","=""165713990""",Personal fixed term loan,2020-03-15 00:00:00,10000.00,0.00,,0.00,13000.00,NGN,0,Open,2020-04-14 00:00:00,Performing
OBAYOMI OLUWADAMILOLA DEBORAH,,22 Christ Foundation Street Yewande Giwa Bus Stop,"=""2347065844808""","=""8957985""","=""6285298""","=""6963314""",Personal fixed term loan,2022-06-07 00:00:00,20000.00,0.00,,0.00,26000.00,NGN,0,Closed,2022-07-07 00:00:00,Performing
OBAYOMI OLUWADAMILOLA DEBORAH,,22 Christ Foundation Street Yewande Giwa Bus Stop,"=""2347065844808""","=""8957985""","=""6285298""","=""7198662""",Personal fixed term loan,2022-06-30 00:00:00,15000.00,0.00,,0.00,18000.00,NGN,0,Closed,2022-07-15 00:00:00,Performing
OBAYOMI OLUWADAMILOLA DEBORAH,,22 Christ Foundation Street Yewande Giwa Bus Stop,"=""2347065844808""","=""8957985""","=""6285298""","=""7227072""",Personal fixed term loan,2022-07-03 00:00:00,20000.00,0.00,,0.00,26000.00,NGN,0,Closed,2022-08-02 00:00:00,Performing
OBAYOMI OLUWADAMILOLA DEBORAH,,22 Christ Foundation Street Yewande Giwa Bus Stop,"=""2347065844808""","=""8957985""","=""6285298""","=""7526954""",Personal fixed term loan,2022-08-02 00:00:00,15000.00,0.00,,0.00,18000.00,NGN,0,Closed,2022-08-17 00:00:00,Performing
OBAYOMI OLUWADAMILOLA DEBORAH,,22 Christ Foundation Street Yewande Giwa Bus Stop,"=""2347065844808""","=""8957985""","=""6285298""","=""7746922""",Personal fixed term loan,2022-08-22 00:00:00,7500.00,0.00,,0.00,9000.00,NGN,0,Closed,2022-09-06 00:00:00,Performing
OBAYOMI OLUWADAMILOLA DEBORAH,,22 Christ Foundation Street Yewande Giwa Bus Stop,"=""2347065844808""","=""8957985""","=""6285298""","=""7828168""",Personal fixed term loan,2022-08-31 00:00:00,15000.00,0.00,,0.00,18000.00,NGN,0,Closed,2022-09-15 00:00:00,Performing
OBAYOMI OLUWADAMILOLA DEBORAH,,22 Christ Foundation Street Yewande Giwa Bus Stop,"=""2347065844808""","=""8957985""","=""6285298""","=""8439809""",Personal fixed term loan,2022-10-30 00:00:00,15000.00,0.00,,0.00,19095.00,NGN,0,Closed,2022-11-29 00:00:00,Performing
ORIAREWO ANTHONIA,"=""22310671475""",BLESSING ROAD EKPOMA Esan West Edo State,"=""08050279561""","=""9016152""","=""1742635""","=""6236564021""",Personal fixed term loan,2021-02-01 00:00:00,80000.00,0.00,,0.00,54390.00,NGN,0,Open,2021-04-06 00:00:00,Performing
UMAR ZUWAIRA,,MABERA AREA SOKOTO Sokoto South Sokoto State,"=""23408030857291""","=""9065379""","=""1837096""","=""1016591647""",Personal fixed term loan,2019-09-10 00:00:00,1500.00,1725.00,,1725.00,1950.00,NGN,1453,Open,2019-10-10 00:00:00,Lost
SAAD HALIMA BALA,"=""22424529763""",OPP CORNERSTONE SCHOOL AGBALUK,,"=""9085735""","=""10197785""","=""129087927""",Personal fixed term loan,2020-12-18 00:00:00,5000.00,0.00,,0.00,6000.00,NGN,0,Open,2021-01-04 00:00:00,Performing
UDEBUANA ARTHUR CHIKEZIE,"=""22168508978""",6581 UZOR ST AJEGUNLE APAPA,,"=""9117089""","=""14662515""","=""179396158""",Personal fixed term loan,2023-02-19 00:00:00,500000.00,711629.00,,234133.00,79584.00,NGN,84,Open,2024-03-09 00:00:00,Watchlist
EDWARD JOHN ORIAMEH,"=""22156759465""",P30 Fada Ayu Road Kakuri Kaduna,"=""08033909422""","=""9128828""","=""22156759465""","=""FMSME02042""",,2022-09-22 00:00:00,1000000.00,,,,393333.33,NGN,0,Closed,2022-12-21 00:00:00,Performing
ADEBAKIN HASSAN KEHINDE,"=""22171554276""",NO 10 CIRCULAR RDRUMUODOMAYA,"=""08033095610""","=""9158335""","=""18474707""","=""5277751""",,2021-12-01 00:00:00,40000.00,0.00,,0.00,49960.00,NGN,0,Closed,2022-01-28 00:00:00,Performing
OBAYOMI TEMIDAYO JOHN,"=""22150938233""",4 ADUNNI STREET OFF MOWOWALE STREET BARIGA,"=""2348028591110""","=""9243976""","=""20918165""","=""5273518""",Personal fixed term loan,2021-12-01 00:00:00,200000.00,0.00,,0.00,45990.00,NGN,0,Closed,2022-05-30 00:00:00,Performing
Akwute Abel,"=""22297769442""",16 16 BWARI ABUJA,,"=""9519291""","=""10161566""","=""2003177859""",Personal fixed term loan,2020-12-12 00:00:00,5000.00,5670.00,,5670.00,6000.00,NGN,253,Open,2020-12-28 00:00:00,Lost
UDOKPAN ENO MICHEAL,"=""22190926120""",17 AMBO STREET CALABAR,"=""08027131221""","=""9533974""","=""42088059""","=""9829012""",Personal fixed term loan,2023-04-01 00:00:00,22500.00,0.00,,0.00,25875.00,NGN,0,Closed,2023-04-17 00:00:00,Performing
SAMUEL DAKORITE CHINONSO,,Nigeria,"=""23408064430099""","=""8269586""","=""5392410""","=""10743778""",Personal fixed term loan,2023-06-30 00:00:00,7500.00,9675.00,,0.00,9675.00,NGN,0,Open,2023-07-30 00:00:00,Performing
Iretiayo David,"=""22374267919""",brazil lodge behind redeem christian church of GOD ANYIGBA,,"=""8355940""","=""1036147""","=""3101578180""",Personal fixed term loan,2021-10-26 00:00:00,5000.00,0.00,,0.00,6000.00,NGN,0,Open,2021-11-25 00:00:00,Performing
Kalu Kalu,"=""22175286306""",39 ERIARIA STREET OFF SAPELE ROAD BENIN CITY Oredo Edo Sta,,"=""8360470""","=""4964463""","=""2175578036""",Personal fixed term loan,2020-01-27 00:00:00,2500.00,0.00,,0.00,3250.00,NGN,0,Open,2020-02-26 00:00:00,Performing
MUHAMMED MUSA,"=""22183331731""",NO 3 OLUGOMA STREET OLUBOOJO,,"=""8454140""","=""FMSME01074""","=""FMSME01074""",,2022-06-08 00:00:00,3000000.00,0.00,,0.00,1101626.00,,,Closed,2022-09-06 00:00:00,Sub standard
MUHAMMED MUSA,"=""22183331731""",NO 3 OLUGOMA STREET OLUBOOJO,,"=""8454140""","=""FMSME01919""","=""FMSME01919""",,2022-09-12 00:00:00,3000000.00,0.00,,0.00,1099900.00,,,Closed,2022-12-11 00:00:00,Sub standard
Ikechukwu Uzoegbu,,NEW GRA OPPOSITE LARIMA HOTEL Bauchi Bauchi State,"=""08030715789""","=""8459656""","=""545504""","=""1968278""",Personal fixed term loan,2020-04-23 00:00:00,2500.00,0.00,,0.00,3050.00,NGN,0,Closed,2020-05-26 00:00:00,Performing
Ikechukwu Uzoegbu,,NEW GRA OPPOSITE LARIMA HOTEL Bauchi Bauchi State,"=""08030715789""","=""8459656""","=""545504""","=""2034302051""",Personal fixed term loan,2020-12-07 00:00:00,30000.00,0.00,,0.00,13600.00,NGN,0,Open,2021-03-08 00:00:00,Performing
Ekogiawe Matthew,"=""22244483223""",25 MUSTAPHA STREET IJU ISHAGA Ifako Ijaiye Lagos State,"=""08066919097""","=""8522695""","=""8818992""","=""508372015""",Personal fixed term loan,2020-12-26 00:00:00,5000.00,0.00,,0.00,5920.00,NGN,0,Open,2021-01-11 00:00:00,Performing
EYEKE MARY BLESSING,"=""22162979914""",PrimaryAddressLine1,,"=""8750019""","=""5300818""","=""6141799""",Personal fixed term loan,2022-03-11 00:00:00,7500.00,0.00,,0.00,9750.00,NGN,0,Closed,2022-04-11 00:00:00,Performing
EYEKE MARY BLESSING,"=""22162979914""",PrimaryAddressLine1,,"=""8750019""","=""5300818""","=""7562108""",Personal fixed term loan,2022-08-05 00:00:00,5000.00,0.00,,0.00,6500.00,NGN,0,Closed,2022-09-05 00:00:00,Performing
Blessing ALBERT OSAYUKI,"=""22233897570""",7 Shoeminu Str. Off corole Estate,,"=""8816267""","=""9236484""","=""2076657492""",Personal fixed term loan,2020-12-07 00:00:00,20000.00,27510.00,,27510.00,26000.00,NGN,94,Open,2021-01-06 00:00:00,Lost
GBADAMOSI AZEEZ OMOTOLANI,,8 ORELOFE AVENUE IGANDO,"=""07062482729""","=""8857916""","=""1830144""","=""1297435""",Personal fixed term loan,2019-12-30 00:00:00,1500.00,0.00,,0.00,1720.00,NGN,0,Closed,2020-01-14 00:00:00,Performing
NNAMANI KINGSLEY AMAECHI,,4 Mission Avanue AguAbor,"=""08036866292""","=""8951321""","=""43193847""","=""10751313""",Personal fixed term loan,2023-06-30 00:00:00,30000.00,35400.00,,0.00,35400.00,NGN,0,Open,2023-07-15 00:00:00,Performing
Alabi vICTORIA oluwayemisi,"=""22226327419""",NO 16 OLOWOEYO STREET KARA SAGAMU Shagamu Ogun State,,"=""9049958""","=""5956955""","=""10329414""",Personal fixed term loan,2023-05-19 00:00:00,5000.00,0.00,,0.00,6500.00,NGN,0,Closed,2023-06-18 00:00:00,Performing
UZOECHI CHUKWUEMEKA CHINEDU,"=""22229860014""",40 41 ROAD A1 CLOSE 404 FESTAC Amuwo Odofin Lagos State,"=""08030933993""","=""9478733""","=""8600717""","=""46503650""",Personal fixed term loan,2021-11-17 00:00:00,350000.00,0.00,,0.00,155630.00,NGN,0,Open,2022-02-22 00:00:00,Performing
ABDULAZEEZ SULAIMON BABATUNDE,,38 SHOWUNMI STREET ALAFIA BS MUSHIN LAGOS,,"=""8567599""","=""1724517""","=""178732799""",Personal fixed term loan,2019-08-30 00:00:00,1500.00,1625.00,,1625.00,1950.00,NGN,1463,Open,2019-09-30 00:00:00,Lost
DANLAMI GODSWILL COLLINS,"=""22229935392""",N0 21 Ayomo street Ayepe Kajola Ibadan,"=""08107464802""","=""8615829""","=""4681707""","=""2068142351""",Personal fixed term loan,2020-01-15 00:00:00,2500.00,0.00,,0.00,2870.00,NGN,0,Open,2020-01-30 00:00:00,Performing
DANLAMI GODSWILL COLLINS,"=""22229935392""",N0 21 Ayomo street Ayepe Kajola Ibadan,"=""08107464802""","=""8615829""","=""4681707""","=""778738808""",Personal fixed term loan,2020-03-01 00:00:00,10000.00,0.00,,0.00,12500.00,NGN,0,Closed,2020-03-31 00:00:00,Performing
ABDULLAHI ABDULAZEEZ ABDULLAHI,"=""22357648485""",HOUSE NO 2  BESIDE GADAN NILE SABON UNGUWA KATSINA,,"=""8831396""","=""3644332""","=""2102409927""",Personal fixed term loan,2019-11-24 00:00:00,10000.00,11500.00,,11500.00,13000.00,NGN,1378,Open,2019-12-24 00:00:00,Lost
ADEPOJU ABIODUN SUNDAY,"=""22154463401""",8 HIGH COURT ROAD MAKUN SAGMU Shagamu Ogun State,,"=""8903392""","=""7426592""","=""29265300""",Personal fixed term loan,2020-12-14 00:00:00,10000.00,0.00,,0.00,12000.00,NGN,0,Closed,2020-12-29 00:00:00,Performing
OGBOBINE OMAWUMI SHIELA,"=""22169454782""",35 REGINA OMOLARA STREET,,"=""9136121""","=""24402715""","=""0037260281""",Personal fixed term loan,2022-01-09 00:00:00,300000.00,0.00,,0.00,64000.00,NGN,0,Closed,2022-07-29 00:00:00,Performing
SAMUEL CARRIE ERO,"=""22279043337""",14 Churchill Borokiri,,"=""9318196""","=""1492652""","=""6018078001""",Personal fixed term loan,2021-01-26 00:00:00,25000.00,0.00,,0.00,32500.00,NGN,0,Open,2021-02-25 00:00:00,Performing
ESO OLUWUMI OLUBUNMI,"=""22176897510""",15Federal housing estate,"=""08036412875""","=""9550836""","=""12489790""","=""130505050""",Personal fixed term loan,2021-05-01 00:00:00,5000.00,0.00,,0.00,6000.00,NGN,0,Open,2021-05-31 00:00:00,Performing
TAIWO BUKOLA JOSEPH,"=""22297299006""",121101 Magboro Ogun State Nigeria,"=""08086841151""","=""9586425""","=""9366892""","=""10532859""",Personal fixed term loan,2023-06-08 00:00:00,35000.00,33485.00,,0.00,12347.00,NGN,0,Open,2023-10-06 00:00:00,Performing
ONI SAMSON LEKE,"=""22337271072""",BESIDE MORDERN MARKET MAKURDI,"=""2347053283453""","=""8343927""","=""14699971""","=""2021103243""",Personal fixed term loan,2023-04-06 00:00:00,400000.00,536000.00,,0.00,134000.00,NGN,0,Open,2023-08-07 00:00:00,Performing
ABUBAKAR SALISU MUHAMMAD,"=""22443345193""",848 SANI MAINAGGE STREETYANA LAWANKANO,,"=""8392677""","=""10206903""","=""249065696""",Personal fixed term loan,2020-12-14 00:00:00,15000.00,0.00,,0.00,19500.00,NGN,0,Open,2021-01-13 00:00:00,Performing
Ogunseye Segun Oluwanbe,"=""22321695291""",NO 23 FADINA STREET BABYO BUSTOPSANGO OTTAOgun State,,"=""8423518""","=""8892568""","=""96722003""",Personal fixed term loan,2020-10-07 00:00:00,20000.00,0.00,,0.00,22800.00,NGN,0,Closed,2020-10-22 00:00:00,Performing
Eunice Taiwo,"=""22372813428""",Osogbo Nigeria,,"=""8527095""","=""12896260""","=""8868920""",Personal fixed term loan,2022-12-12 00:00:00,30000.00,0.00,,0.00,37770.00,NGN,0,Closed,2023-01-11 00:00:00,Performing
NKAA STANLEY OKOCHE,"=""22251238850""",AMORIE OZIZZA AFIKPO Afikpo North Ebonyi St,,"=""8560187""","=""18381560""","=""5812071""",Personal fixed term loan,2022-02-03 00:00:00,150000.00,0.00,,0.00,39640.00,NGN,0,Closed,2022-08-02 00:00:00,Performing
ABIOYE AKINTUNDE CALEB,"=""22264371515""",Not Available,,"=""8648270""","=""15134577""","=""5549629""",Personal fixed term loan,2022-01-04 00:00:00,7500.00,0.00,,0.00,9270.00,NGN,0,Open,2022-02-03 00:00:00,Performing
ABIOYE AKINTUNDE CALEB,"=""22264371515""",Not Available,,"=""8648270""","=""15134577""","=""9847123""",Personal fixed term loan,2023-04-03 00:00:00,80000.00,110400.00,,27600.00,27600.00,NGN,1,Open,2023-08-02 00:00:00,Watchlist
BASHIR FATIMA,"=""22453064938""",RSQ506 FIRST LINE ALAGBADO KWEST K,"=""09035300472""","=""8685302""","=""10800999""","=""258255523""",Personal fixed term loan,2021-01-13 00:00:00,5000.00,0.00,,0.00,6000.00,NGN,0,Closed,2021-01-28 00:00:00,Performing
OGUNKAH ASONYE JOSEPH,"=""22219168227""",No 5 uniport road ozuoba,"=""08030847124""","=""8707941""","=""1704735""","=""114011962""",Personal fixed term loan,2020-07-12 00:00:00,30000.00,43500.00,,43500.00,39000.00,NGN,1147,Open,2020-08-11 00:00:00,Lost
OFOLUGHE MAUREEN,,Warri Nigeria,"=""08021428109""","=""8819806""","=""925087""","=""1005092814""",Personal fixed term loan,2020-03-17 00:00:00,20000.00,0.00,,0.00,25000.00,NGN,0,Closed,2020-04-16 00:00:00,Performing
ORIMOLADE ABIMBOLA OMOWUMI,,PrimaryAddressLine1,,"=""8966431""","=""25622104""","=""2485258456""",Personal fixed term loan,2023-04-14 00:00:00,250000.00,366682.00,,366682.00,128000.00,NGN,141,Open,2023-07-13 00:00:00,Lost
ERIC FELIX,"=""22250492897""",OPP RCCN NO 5 NTA WARD JALINGO TARABA STATE,"=""08130773331""","=""9151675""","=""43865102""","=""10546334""",Personal fixed term loan,2023-06-09 00:00:00,20000.00,23200.00,,23200.00,23000.00,NGN,10,Open,2023-06-24 00:00:00,Watchlist
BAMIDELE MARY LOVE,"=""22210410763""",Not Available,,"=""9216787""","=""1212005""","=""5570715""",Personal fixed term loan,2022-01-06 00:00:00,20000.00,0.00,,0.00,14646.00,NGN,0,Closed,2022-08-20 00:00:00,Performing
ADEWOLE ENIOLA EMMANUEL,"=""22439666165""",100 IBARI ROAD ALAGBADO LAGOS Alimosho Lagos State,"=""07081638611""","=""9382882""","=""5601741""","=""6473559""",Personal fixed term loan,2022-04-15 00:00:00,15000.00,0.00,,0.00,19500.00,NGN,0,Closed,2022-05-16 00:00:00,Performing
Osuji Ngozi Lucky,"=""22147917997""",18 akintola street abule egba lagos,,"=""9556376""","=""6850354""","=""6187265""",Personal fixed term loan,2022-03-16 00:00:00,50000.00,0.00,,0.00,22490.00,NGN,0,Closed,2022-06-14 00:00:00,Performing
EZEOHA CHUKWUEBUKA AUGUSTINE,"=""22375180394""",Near Emirs Palace Kaltungo,"=""09066582662""","=""8817980""","=""5491545""","=""7170442""",Personal fixed term loan,2022-06-27 00:00:00,15000.00,0.00,,0.00,19500.00,NGN,0,Closed,2022-07-27 00:00:00,Performing
ATIKPEKPE MOGBEYITEREN,"=""22176911135""",PLOT 34 FLAT 3 NEW WORLD CITY UGBUWANGUE W,"=""07034960069""","=""9151964""","=""30436816""","=""106926140""",Personal fixed term loan,2022-05-07 00:00:00,200000.00,0.00,,0.00,42223.00,NGN,0,Closed,2023-02-01 00:00:00,Performing
AHMED HAFSAT,"=""22457627388""",TUDUNWADA FHA LUGBE ABUJA Municipal Area Council FCT,"=""07018965067""","=""9381409""","=""6000445""","=""2143895974""",Personal fixed term loan,2020-12-18 00:00:00,20000.00,22625.00,,22625.00,24800.00,NGN,987,Open,2021-01-18 00:00:00,Lost
UZOH ANTHONY CHINEDU,"=""22336116958""",PHASE 1 POST ARMY ESTATEKURUDU,"=""08033136803""","=""9512067""","=""39305074""","=""38977601""",Personal fixed term loan,2022-11-06 00:00:00,225000.00,0.00,,0.00,56250.00,NGN,0,Closed,2023-05-20 00:00:00,Performing
ADAH OYIGOCHO,"=""22256916542""",8 zkdjdjj,"=""07035976519""","=""9483405""","=""1036754""","=""150136940""",Personal fixed term loan,2020-10-30 00:00:00,5000.00,0.00,,0.00,6000.00,NGN,0,Open,2020-11-16 00:00:00,Performing
SANI MOHAMMED DIRAVA,"=""22523016700""",M24 NASARAWA ROAD KAWO  Kaduna North Kaduna State,"=""07031620549""","=""9484056""","=""6765043""","=""1923344""",Personal fixed term loan,2020-04-04 00:00:00,2500.00,0.00,,0.00,2870.00,NGN,0,Closed,2020-04-20 00:00:00,Performing
AKANDE OLATUNDE OLAMIDE,"=""22311919765""",3 ARONI CLOSE AIYETORO IYANA YESI OGUN ST,"=""08107374273""","=""9578299""","=""5736489""","=""3026213334""",Personal fixed term loan,2021-01-27 00:00:00,20000.00,0.00,,0.00,23600.00,NGN,0,Open,2021-02-11 00:00:00,Performing
AKANDE OLATUNDE OLAMIDE,"=""22311919765""",3 ARONI CLOSE AIYETORO IYANA YESI OGUN ST,"=""08107374273""","=""9578299""","=""5736489""","=""9541853""",Personal fixed term loan,2023-03-01 00:00:00,20000.00,0.00,,0.00,23940.00,NGN,0,Closed,2023-03-16 00:00:00,Performing
AKANDE OLATUNDE OLAMIDE,"=""22311919765""",3 ARONI CLOSE AIYETORO IYANA YESI OGUN ST,"=""08107374273""","=""9578299""","=""5736489""","=""9805918""",Personal fixed term loan,2023-03-30 00:00:00,20000.00,0.00,,0.00,26000.00,NGN,0,Closed,2023-05-02 00:00:00,Performing
OMOKO TEGA,"=""22362295665""",No 12 izobo close sedco road enerhen,,"=""8945769""","=""572613""","=""6255172""",Personal fixed term loan,2022-03-23 00:00:00,10000.00,0.00,,0.00,11900.00,NGN,0,Closed,2022-04-22 00:00:00,Performing
OMOKO TEGA,"=""22362295665""",No 12 izobo close sedco road enerhen,,"=""8945769""","=""572613""","=""6346367""",Personal fixed term loan,2022-04-02 00:00:00,30000.00,0.00,,0.00,38580.00,NGN,0,Closed,2022-05-02 00:00:00,Performing
OMOKO TEGA,"=""22362295665""",No 12 izobo close sedco road enerhen,,"=""8945769""","=""572613""","=""7319397""",Personal fixed term loan,2022-07-12 00:00:00,10000.00,0.00,,0.00,12000.00,NGN,0,Closed,2022-07-27 00:00:00,Performing
OMOKO TEGA,"=""22362295665""",No 12 izobo close sedco road enerhen,,"=""8945769""","=""572613""","=""7638695""",Personal fixed term loan,2022-08-12 00:00:00,15000.00,0.00,,0.00,19500.00,NGN,0,Closed,2022-09-12 00:00:00,Performing
OMOKO TEGA,"=""22362295665""",No 12 izobo close sedco road enerhen,,"=""8945769""","=""572613""","=""8979658""",Personal fixed term loan,2022-12-23 00:00:00,10000.00,0.00,,0.00,12000.00,NGN,0,Closed,2023-01-09 00:00:00,Performing
OMOKO TEGA,"=""22362295665""",No 12 izobo close sedco road enerhen,,"=""8945769""","=""572613""","=""9090217""",Personal fixed term loan,2023-01-06 00:00:00,20000.00,0.00,,0.00,26000.00,NGN,0,Closed,2023-02-06 00:00:00,Performing
IDAHOSA OSADEBAMWEN MONDAY,"=""22289140871""",3 OSAGHAE TO BECOME A MAN,"=""08026387017""","=""9300073""","=""39522302""","=""282015137""",Personal fixed term loan,2023-03-09 00:00:00,250000.00,219666.00,,0.00,109834.00,NGN,0,Open,2023-06-07 00:00:00,Performing
Wilson Kingsley,"=""22255446639""",Not Available,"=""07067575078""","=""9414960""","=""15285560""","=""5917930""",Personal fixed term loan,2022-02-15 00:00:00,80000.00,71060.00,,71060.00,31400.00,NGN,885,Open,2022-07-31 00:00:00,Lost
ABUBAKAR YAU,"=""22343451163""",PrimaryAddressLine1,"=""08062183974""","=""9427830""","=""4479181""","=""10907880""",Personal fixed term loan,2020-03-11 00:00:00,50000.00,0.00,,0.00,61000.00,NGN,0,Open,2020-04-14 00:00:00,Performing
Ogisi Etse Solomon,,1 OLA ADESHEGA STREET OLUYOLE BUS STOP OREGUN IKEJA Ikeja,,"=""9357125""","=""77342""","=""167605390""",Personal fixed term loan,2021-01-28 00:00:00,15000.00,0.00,,0.00,19200.00,NGN,0,Open,2021-03-01 00:00:00,Performing
Onyemachi Egwu Odun,,Not Available,,"=""9358563""","=""97791""","=""130957374""",Personal fixed term loan,2021-04-23 00:00:00,10000.00,0.00,,0.00,11000.00,NGN,0,Open,2021-05-24 00:00:00,Performing
AKOSILE TAIWO OMOWALE,"=""22201950302""",Nigeria,,"=""9412260""","=""8164321""","=""2013993821""",Personal fixed term loan,2020-08-16 00:00:00,5000.00,0.00,,0.00,6500.00,NGN,0,Open,2020-09-15 00:00:00,Performing
TERSOO KUMBUR SAMUEL,,NO 15 OLD SOLDIER CLOSE NEW SITE DUTSE MAKARANTA FCT Bwar,,"=""9572415""","=""9502315""","=""2020137847""",Personal fixed term loan,2020-12-01 00:00:00,20000.00,0.00,,0.00,8930.00,NGN,0,Open,2021-03-01 00:00:00,Performing
Mathew Oluwashina,"=""22273349736""",11 OLATINPO STREET EGBEDA BUSSTOP EGBEDA LAGOS,"=""2348068361821""","=""8515857""","=""5311770""","=""9434455""",Personal fixed term loan,2023-02-14 00:00:00,80000.00,0.00,,0.00,92160.00,NGN,0,Closed,2023-03-01 00:00:00,Performing
Mathew Oluwashina,"=""22273349736""",11 OLATINPO STREET EGBEDA BUSSTOP EGBEDA LAGOS,"=""2348068361821""","=""8515857""","=""5311770""","=""9847540""",Personal fixed term loan,2023-04-03 00:00:00,50000.00,0.00,,0.00,57150.00,NGN,0,Closed,2023-04-18 00:00:00,Performing
OLOYEDE OLUWASEUN,"=""22150024903""",No 9 adeeke street iwo osun,"=""08060352022""","=""8523652""","=""6116634""","=""1737065""",Personal fixed term loan,2020-03-03 00:00:00,2500.00,0.00,,0.00,3250.00,NGN,0,Closed,2020-04-02 00:00:00,Performing
OLOYEDE OLUWASEUN,"=""22150024903""",No 9 adeeke street iwo osun,"=""08060352022""","=""8523652""","=""6116634""","=""2194337""",Personal fixed term loan,2020-07-19 00:00:00,10000.00,0.00,,0.00,13000.00,NGN,0,Closed,2020-08-18 00:00:00,Performing
Babawale Olabiyi,"=""22311081820""",3 AYO IDOWU STREET IJU ISHAGA LAGOS LAGOS IfakoIjaiye Lago,,"=""8531140""","=""5183481""","=""16541017""",Personal fixed term loan,2020-03-11 00:00:00,5000.00,0.00,,0.00,5750.00,NGN,0,Closed,2020-03-26 00:00:00,Performing
Babawale Olabiyi,"=""22311081820""",3 AYO IDOWU STREET IJU ISHAGA LAGOS LAGOS IfakoIjaiye Lago,,"=""8531140""","=""5183481""","=""1796082""",Personal fixed term loan,2020-03-11 00:00:00,5000.00,0.00,,0.00,5750.00,NGN,0,Closed,2020-03-26 00:00:00,Performing
ORIAKHI GABRIEL OSE,"=""22210997154""",4 EJUWEDE STREET NEW SITE,,"=""8544669""","=""3690416""","=""10061710""",Personal fixed term loan,2023-04-23 00:00:00,400000.00,524800.00,,0.00,87467.00,NGN,0,Open,2023-10-20 00:00:00,Performing
OPEOLUWA ABOSEDE AKINDOWO,"=""22227814244""",NO 1 ODOFIN LANE OFF st PETER ROAD AKURE Okitipupa Ondo St,"=""08107573960""","=""8609790""","=""7723327""","=""5382686""",Personal fixed term loan,2021-12-14 00:00:00,200000.00,0.00,,0.00,30830.00,NGN,0,Closed,2023-01-10 00:00:00,Performing
ADELEYE OLATUNJI IBRAHEEM,"=""22289900079""",ISALE OBA AREAIYALAJEIWOOSU,"=""08134022630""","=""8615129""","=""7410405""","=""10035405""",Personal fixed term loan,2023-04-21 00:00:00,5000.00,0.00,,0.00,6500.00,NGN,0,Closed,2023-05-21 00:00:00,Performing
LERAMA HELEN TAIWO,"=""22276371329""",BENSON 1 DIKE HSE NO 2 DIKE,"=""08039349567""","=""8683181""","=""25519784""","=""5876320""",Personal fixed term loan,2022-02-09 00:00:00,60000.00,0.00,,0.00,27375.00,NGN,0,Closed,2022-12-25 00:00:00,Performing
MUHAMMAD ABUBAKAR,"=""22445384316""",PrimaryAddressLine1,"=""08060096963""","=""8702199""","=""10062637""","=""20593602""",Personal fixed term loan,2020-12-16 00:00:00,25000.00,29950.00,,29950.00,32500.00,NGN,990,Open,2021-01-15 00:00:00,Lost
BABATOPE FAITH OLUWADAMILOLA,"=""22386531965""",ACCESS BANK PLC HEAD OFFICE LAGOS,"=""2348128838156""","=""8763278""","=""4323569""","=""170847073""",Personal fixed term loan,2019-12-19 00:00:00,1500.00,0.00,,0.00,1720.00,NGN,0,Closed,2020-01-03 00:00:00,Performing
BASHORUN AMINAT FOLAKE,,10 MUTIU OJOMU LANE LAKOWE AREA AJAH LAGOS,"=""08184344324""","=""9145683""","=""19754567""","=""10058275""",Personal fixed term loan,2023-04-23 00:00:00,35000.00,43750.00,,0.00,43750.00,NGN,0,Open,2023-05-23 00:00:00,Performing
BOROKINI MODUPE GLORIA,,NO 23 ARISOYIN STREET OKE ARO AKURE Akure South Ondo State,"=""08063957907""","=""9453868""","=""20909389""","=""2105476751""",Personal fixed term loan,2022-08-24 00:00:00,225000.00,308445.00,,308445.00,290925.00,NGN,374,Open,2022-09-23 00:00:00,Lost
SANI MOHAMMED,,NPF TARABA,"=""08028827764""","=""9593545""","=""1746079""","=""52249587""",Personal fixed term loan,2019-09-01 00:00:00,2500.00,2875.00,,2875.00,3250.00,NGN,1461,Open,2019-10-02 00:00:00,Lost
OSU IHUOMA EMEREUWA,"=""22146043587""",OLAWAIYE ESTATE,"=""07030381012""","=""9611491""","=""36325835""","=""9873277""",Personal fixed term loan,2023-04-05 00:00:00,20000.00,0.00,,0.00,49200.00,NGN,0,Closed,2023-05-05 00:00:00,Performing
AROWOSEGBE MODUPE DORCAS,,56 AFE OLUSEGUN STREET ISASHI IFO Ifo Ogun State,,"=""9150021""","=""1642885""","=""1243503156""",Personal fixed term loan,2020-12-07 00:00:00,15000.00,0.00,,0.00,19500.00,NGN,0,Open,2021-01-06 00:00:00,Performing
CHIKEZIE HOPE OBIAGERI,,abia,"=""2348036688812""","=""9213768""","=""12596238""","=""42605483""",Personal fixed term loan,2021-04-16 00:00:00,5000.00,0.00,,0.00,6500.00,NGN,0,Open,2021-05-17 00:00:00,Performing
OGUNSHAKIN OMOLOLA BUKOL,,56 IJAIYE STREET ITIRE SURULERE,"=""09068516876""","=""9285793""","=""42521774""","=""9981453""",Personal fixed term loan,2023-04-16 00:00:00,70000.00,93100.00,,0.00,46550.00,NGN,0,Open,2023-06-15 00:00:00,Performing
YUSUF HINDU,"=""22294481718""",KAZAURE LOCAL GOVT COUNCIL  DUTSE Kazaure Jigawa State,,"=""9480575""","=""10400581""","=""1004437070""",Personal fixed term loan,2020-12-19 00:00:00,20000.00,24000.00,,24000.00,24800.00,NGN,987,Open,2021-01-18 00:00:00,Lost
PLUMPTRE SOYEMI ADEBUKOLA ADERIYIKE,"=""22160867075""",independence road lagos,"=""2348036493961""","=""9509512""","=""5829875""","=""1637474""",Personal fixed term loan,2020-02-19 00:00:00,15000.00,0.00,,0.00,15000.00,NGN,0,Closed,2020-03-20 00:00:00,Performing
PLUMPTRE SOYEMI ADEBUKOLA ADERIYIKE,"=""22160867075""",independence road lagos,"=""2348036493961""","=""9509512""","=""5829875""","=""6033833""",Personal fixed term loan,2022-02-28 00:00:00,200000.00,0.00,,0.00,247400.00,NGN,0,Closed,2022-04-29 00:00:00,Performing
OKAFOR ABEL,"=""22152308373""",PLOT 957 R CRESCENT NEW SITE FEDERAL HOUSING LUGBE Municip,"=""08033513131""","=""9612017""","=""7828988""","=""1001734163""",Personal fixed term loan,2020-10-07 00:00:00,30000.00,0.00,,0.00,36600.00,NGN,0,Closed,2020-11-06 00:00:00,Performing
Okunade Abimbola,"=""22327385426""",7 OLORUNBO STR BASHORUN IBADAN Ibadan No,,"=""8495073""","=""7361741""","=""10528062""",Personal fixed term loan,2023-06-07 00:00:00,12500.00,0.00,,0.00,6717.00,NGN,0,Closed,2023-09-05 00:00:00,Performing
Olayinka Joshua,"=""22168573055""",593 AGEGE MOTOR ROAD SHOGUNLE LAGOS,"=""2348133087742""","=""8519509""","=""22251234""","=""9931893""",Personal fixed term loan,2023-04-11 00:00:00,40000.00,45113.00,,0.00,25140.00,NGN,0,Open,2023-06-10 00:00:00,Performing
OTUNLA OLUWAFEMIISAAC,"=""22157024913""",3 AKANNI CLOSE JOHNSON BSTP PEDROLAGOS Shomolu Lagos State,"=""08024467417""","=""8748019""","=""9556155""","=""10086949""",Personal fixed term loan,2023-04-26 00:00:00,10000.00,11410.00,,0.00,11410.00,NGN,0,Open,2023-05-11 00:00:00,Performing
LAWAL EYITAYO ADEDAMOLA,"=""22244911843""",6 OKPADA CLOSE OFF OKOLOBU EFFURUN,"=""08136154256""","=""9003937""","=""18307715""","=""5835538""",Personal fixed term loan,2022-02-05 00:00:00,5000.00,0.00,,0.00,6240.00,NGN,0,Open,2022-03-22 00:00:00,Performing
EDEH JOSEPH IKECHUKWU,,3 VINZOK STREET AJANGBADI  Ojo Lagos State,,"=""9021685""","=""2573270""","=""38379297""",Personal fixed term loan,2019-10-18 00:00:00,2500.00,2875.00,,2875.00,2870.00,NGN,1428,Open,2019-11-04 00:00:00,Lost
AUGUSTINE HALLIDAY AUGUSTINE AUGUSTINE,"=""22313138025""",215 Bonny Street Port Harcourt Borokiri PortHarcourt Ri,"=""08077014385""","=""9215992""","=""4257213""","=""4257213""",Personal fixed term loan,2021-08-06 00:00:00,120000.00,0.00,,0.00,150600.00,NGN,0,Open,2021-09-06 00:00:00,Performing
Sanmabo Olukemi Apeke,"=""22218577093""",33 LEMOSHE STREET OFF KELVIN BUS STOP LEMODE Ifo Ogun,,"=""9274445""","=""9663144""","=""6230268413""",Personal fixed term loan,2020-11-17 00:00:00,25000.00,0.00,,0.00,11660.00,NGN,0,Open,2021-02-15 00:00:00,Performing
OKWOKUO STANLEY AFORKOGHENE,"=""22142539824""",4 RD B IROKO ESTATE,"=""08067337922""","=""9477240""","=""13603647""","=""10673095""",Personal fixed term loan,2023-06-22 00:00:00,50000.00,90375.00,,0.00,90375.00,NGN,0,Open,2023-07-22 00:00:00,Performing
OKWOKUO STANLEY AFORKOGHENE,"=""22142539824""",4 RD B IROKO ESTATE,"=""08067337922""","=""9477240""","=""13603647""","=""9080936""",Personal fixed term loan,2023-01-05 00:00:00,20000.00,0.00,,0.00,25200.00,NGN,0,Closed,2023-02-06 00:00:00,Performing
ADESIOYE NELSON IDOWU,"=""22247233751""",8 LANRE OJO STR 3RD IRALEPO LAYOUT  AKURE,"=""08024012999""","=""9483635""","=""39620761""","=""10029826""",Personal fixed term loan,2023-04-20 00:00:00,50000.00,76700.00,,0.00,12784.00,NGN,0,Open,2023-10-17 00:00:00,Performing
Ikpe Maryann,"=""22246250643""",2 Adison Estate  Alakaya,,"=""9251172""","=""519764""","=""10371610""",Personal fixed term loan,2023-05-23 00:00:00,60000.00,0.00,,0.00,71820.00,NGN,0,Closed,2023-06-07 00:00:00,Performing
Ikpe Maryann,"=""22246250643""",2 Adison Estate  Alakaya,,"=""9251172""","=""519764""","=""1403795346""",Personal fixed term loan,2021-05-06 00:00:00,200000.00,0.00,,0.00,144990.00,NGN,0,Open,2021-07-05 00:00:00,Performing
Ikpe Maryann,"=""22246250643""",2 Adison Estate  Alakaya,,"=""9251172""","=""519764""","=""2086618942""",Personal fixed term loan,2021-06-08 00:00:00,200000.00,0.00,,0.00,135300.00,NGN,0,Open,2021-08-09 00:00:00,Performing
Ikpe Maryann,"=""22246250643""",2 Adison Estate  Alakaya,,"=""9251172""","=""519764""","=""3054714811""",Personal fixed term loan,2021-08-06 00:00:00,200000.00,0.00,,0.00,138490.00,NGN,0,Open,2021-10-05 00:00:00,Performing
Ikpe Maryann,"=""22246250643""",2 Adison Estate  Alakaya,,"=""9251172""","=""519764""","=""6491063""",Personal fixed term loan,2022-04-17 00:00:00,100000.00,0.00,,0.00,128600.00,NGN,0,Closed,2022-05-17 00:00:00,Performing
Ikpe Maryann,"=""22246250643""",2 Adison Estate  Alakaya,,"=""9251172""","=""519764""","=""6810669""",Personal fixed term loan,2022-05-22 00:00:00,100000.00,0.00,,0.00,117900.00,NGN,0,Closed,2022-06-06 00:00:00,Performing
Ikpe Maryann,"=""22246250643""",2 Adison Estate  Alakaya,,"=""9251172""","=""519764""","=""6978110""",Personal fixed term loan,2022-06-08 00:00:00,5000.00,0.00,,0.00,5825.00,NGN,0,Closed,2022-06-23 00:00:00,Performing
Ikpe Maryann,"=""22246250643""",2 Adison Estate  Alakaya,,"=""9251172""","=""519764""","=""9234284""",Personal fixed term loan,2023-01-22 00:00:00,90000.00,0.00,,0.00,108000.00,NGN,0,Closed,2023-02-06 00:00:00,Performing
Ikpe Maryann,"=""22246250643""",2 Adison Estate  Alakaya,,"=""9251172""","=""519764""","=""9358339""",Personal fixed term loan,2023-02-06 00:00:00,30000.00,0.00,,0.00,36000.00,NGN,0,Closed,2023-02-21 00:00:00,Performing
Ikpe Maryann,"=""22246250643""",2 Adison Estate  Alakaya,,"=""9251172""","=""519764""","=""9506961""",Personal fixed term loan,2023-02-24 00:00:00,120000.00,0.00,,0.00,156000.00,NGN,0,Closed,2023-03-26 00:00:00,Performing
Ikpe Maryann,"=""22246250643""",2 Adison Estate  Alakaya,,"=""9251172""","=""519764""","=""9735586""",Personal fixed term loan,2023-03-22 00:00:00,110000.00,0.00,,0.00,132000.00,NGN,0,Closed,2023-04-06 00:00:00,Performing
Ikpe Maryann,"=""22246250643""",2 Adison Estate  Alakaya,,"=""9251172""","=""519764""","=""9882580""",Personal fixed term loan,2023-04-06 00:00:00,110000.00,0.00,,0.00,143000.00,NGN,0,Closed,2023-05-06 00:00:00,Performing
ADEKEYE OLORUNWAPELUMI E,"=""22211903332""",NO 10 OBA OYEWOLE STREET AYETORO AYOBO Agege Lagos State,"=""08105548833""","=""9258106""","=""3379090""","=""534980118""",Personal fixed term loan,2020-09-03 00:00:00,60000.00,0.00,,0.00,72000.00,NGN,0,Closed,2020-10-05 00:00:00,Performing
YAKUBU HAFSAT,,NO 10 RIVER ROAD KABALA COSTAIN Kaduna North Kaduna State,"=""08103516341""","=""9493300""","=""7256733""","=""4251567014""",Personal fixed term loan,2020-06-18 00:00:00,5000.00,7250.00,,7250.00,6500.00,NGN,1169,Open,2020-07-20 00:00:00,Lost
ZARMA AHMED,"=""22144902792""",312 ARTILLERY REGIMENT KAKURI,"=""08035231221""","=""9505936""","=""16330166""","=""5854246""",Personal fixed term loan,2022-02-07 00:00:00,150000.00,0.00,,0.00,69140.00,NGN,0,Open,2022-05-09 00:00:00,Performing
IGWE OBINNA SAMUEL,"=""22500627736""",UBANI EMEDE IBEKU ABIA STATE AmuwoOdofin Lagos State,,"=""8764447""","=""6467657""","=""2117587041""",Personal fixed term loan,2022-06-13 00:00:00,500000.00,0.00,,0.00,334000.00,NGN,0,Closed,2023-06-27 00:00:00,Performing
IGWE OBINNA SAMUEL,"=""22500627736""",UBANI EMEDE IBEKU ABIA STATE AmuwoOdofin Lagos State,,"=""8764447""","=""6467657""","=""7027154""",Personal fixed term loan,2022-06-13 00:00:00,500000.00,0.00,,0.00,334000.00,NGN,0,Closed,2023-06-27 00:00:00,Performing
SANNI HABIBONIMISI,"=""22324997844""",NIRSAL MFB,,"=""8776454""","=""18953389""","=""10504238""",Personal fixed term loan,2023-06-05 00:00:00,5000.00,6325.00,,0.00,6325.00,NGN,0,Open,2023-07-05 00:00:00,Performing
IKYAAGBA BRIGHT TERHENBA,"=""22163295659""",OPP RCCG MERCY OF GOD PARISH OGALE ELEME RIVERS STATE,,"=""8783581""","=""34886525""","=""10120088""",Personal fixed term loan,2023-04-29 00:00:00,800000.00,1107200.00,,0.00,92267.00,NGN,0,Open,2024-04-23 00:00:00,Performing
YUNUSA TIJJANI,"=""22197287091""",3 EJURA CLOSE OFF MURNA WUSE II ABUJA Municipal Area Counc,"=""08065006812""","=""8823200""","=""4877630""","=""148713801""",Personal fixed term loan,2020-07-31 00:00:00,7500.00,0.00,,0.00,9070.00,NGN,0,Open,2020-08-17 00:00:00,Performing
AYANDA OLUBUNMI OLAJUMOKE,"=""22190387237""",PrimaryAddressLine1,"=""2349092917802""","=""8997015""","=""1287103""","=""111857178""",Personal fixed term loan,2021-11-19 00:00:00,600000.00,0.00,,0.00,66660.00,NGN,0,Closed,2023-06-05 00:00:00,Performing
EBHOTA PETER ODION,"=""22159830923""",6 IDOWU STREET OFF ALAMUKU ROAD ORILEIFO IFO,"=""2347065357551""","=""9114689""","=""11479368""","=""9880124""",Personal fixed term loan,2023-04-06 00:00:00,500000.00,813500.00,,0.00,67792.00,NGN,0,Open,2024-03-31 00:00:00,Performing
MERCY MERCY,"=""22149250830""",10 OREMEJI STREET AGBOJU AMUWO,,"=""9246810""","=""13027629""","=""5017421""",Personal fixed term loan,2021-11-01 00:00:00,150000.00,0.00,,0.00,68890.00,NGN,0,Closed,2022-06-30 00:00:00,Performing
MAIRIGA SALEH,"=""22175971954""",CRUSADER PENSION LTD FBN DUTSE,"=""08065459688""","=""9413816""","=""10238237""","=""25191664""",Personal fixed term loan,2020-12-17 00:00:00,20000.00,11500.00,,11500.00,24800.00,NGN,987,Open,2021-01-18 00:00:00,Lost
SHODIPO RIDWAN OLAMILEKAN,"=""22375381661""",23 IKOYI COMPOUND AGO OWU ABEOKUTA Abeokuta North Ogun Sta,,"=""9419525""","=""3573554""","=""3102205243""",Personal fixed term loan,2019-12-30 00:00:00,5000.00,0.00,,0.00,6100.00,NGN,0,Closed,2020-01-29 00:00:00,Performing
JIMOH BASHIRU ADEBISI,"=""22315656673""",P7QMFH Agege Nigeria,,"=""9583948""","=""9704027""","=""717278747""",Personal fixed term loan,2020-12-05 00:00:00,5000.00,0.00,,0.00,6000.00,NGN,0,Open,2020-12-21 00:00:00,Performing
omowumi kemi,"=""22179941807""",AIBA ALFA APATA IBADAN Ido Oyo State,,"=""8481090""","=""5856210""","=""1643653""",Personal fixed term loan,2020-02-20 00:00:00,15000.00,0.00,,0.00,15000.00,NGN,0,Closed,2020-03-23 00:00:00,Performing
OKEYA BABAJIDE OLUMIDE,"=""22228591876""",SW920 A OLUYOLE ESTATE,,"=""8533934""","=""912933""","=""30557410""",Personal fixed term loan,2019-03-27 00:00:00,5000.00,0.00,,0.00,6500.00,NGN,0,Open,2019-04-26 00:00:00,Performing
IKE JUDITH CHISOM,"=""22293075558""",8 ILAJE STREET ILAJE BUS STOP AJAH ETIOSA,,"=""8565737""","=""22335962""","=""9922618""",Personal fixed term loan,2023-04-10 00:00:00,10000.00,12100.00,,0.00,12100.00,NGN,0,Open,2023-05-10 00:00:00,Performing
AGO YAKUBAANI ATOSHI,"=""22466680268""",PrimaryAddressLine1,,"=""8672448""","=""19017472""","=""10099770""",Personal fixed term loan,2023-04-27 00:00:00,20000.00,23340.00,,0.00,23340.00,NGN,0,Open,2023-05-27 00:00:00,Performing
HARUNA SHEMAU SAEED,"=""22387181222""",10 12 NYECHEE STREET MILE 4 PORT HARCOURT Obio Akpor Rive,,"=""8687424""","=""4487619""","=""222333934""",Personal fixed term loan,2019-12-25 00:00:00,10000.00,0.00,,0.00,13000.00,NGN,0,Open,2020-01-24 00:00:00,Performing
NWOYE CYNTHIA CHIAMAKA,"=""22287215429""",26 AKU STREET SATELLITE TOWN,"=""08039401980""","=""8741338""","=""4886485""","=""3134660852""",Personal fixed term loan,2023-04-28 00:00:00,400000.00,573200.00,,0.00,63689.00,NGN,0,Open,2024-01-23 00:00:00,Performing
ABAH KATE ELLAMEYI,,14 15 Prince Alaba Oniru Road Victoria Island,"=""08039703340""","=""8933896""","=""11259121""","=""0037901443""",Personal fixed term loan,2021-09-06 00:00:00,250000.00,0.00,,0.00,36660.00,NGN,0,Closed,2022-09-01 00:00:00,Performing
YOL MARYJANE IVEREN,"=""22277478337""",007 RAILWAY QTRS OLD GRA BEH TITO GATE,"=""08087230128""","=""9159448""","=""40131737""","=""10119599""",Personal fixed term loan,2023-04-29 00:00:00,15000.00,17340.00,,0.00,17340.00,NGN,0,Open,2023-05-14 00:00:00,Performing
AGBO CHARITY OYIFE,"=""22366757224""",54 IORKYAAKOR STREET HIGH LEV,,"=""9463280""","=""10071482""","=""384126144""",Personal fixed term loan,2021-01-20 00:00:00,20000.00,0.00,,0.00,24000.00,NGN,0,Open,2021-02-04 00:00:00,Performing
AKANNI OLOKODE OLAREWAJU,,BLOCK D SUITE 5 MUNG PLAZA AREA 10 ABUJA,,"=""9229260""","=""3456898""","=""9565576""",Personal fixed term loan,2023-03-03 00:00:00,60000.00,48440.00,,0.00,26220.00,NGN,0,Open,2023-06-02 00:00:00,Performing
ALADEYELU YETUNDE LOVETH,"=""22166868412""",20 Akinwunmi str Ifako Gbagada Kosofe Lagos State,,"=""9236748""","=""19746073""","=""3095214103""",Personal fixed term loan,2022-12-18 00:00:00,250000.00,72500.00,,0.00,72500.00,NGN,0,Open,2023-10-31 00:00:00,Performing
OCHI KINGSLEY OKITA,"=""22231395160""",Shogunle Lagos Nigeria,"=""08128687499""","=""9583071""","=""17435563""","=""9976441""",Personal fixed term loan,2023-04-15 00:00:00,5000.00,0.00,,0.00,5675.00,NGN,0,Closed,2023-04-30 00:00:00,Performing
OGBEKHILU RITA OBEHI,"=""22213422211""",ALAYO STREETAGWAN BOROGAURAKA Tafa Niger,"=""09094392722""","=""8243653""","=""5287375""","=""0011288292""",Personal fixed term loan,2021-10-07 00:00:00,250000.00,0.00,,0.00,47770.00,NGN,0,Closed,2022-08-09 00:00:00,Performing
CELINE OGHENEBRUME LODIO,"=""22501051518""",1 TETSUA STREET UBEJI Warri North Delta State,"=""09066232028""","=""8317989""","=""3788196""","=""107359424""",Personal fixed term loan,2019-11-29 00:00:00,10000.00,0.00,,0.00,13000.00,NGN,0,Open,2019-12-30 00:00:00,Performing
Uadiale Ehikioya,,NO13 OKORO CLOSE OFF UGBORIKOKO ROAD AIRPORT ROADLAGOS Uvw,,"=""8505644""","=""505302""","=""140153214""",Personal fixed term loan,2020-01-28 00:00:00,7500.00,0.00,,0.00,9370.00,NGN,0,Open,2020-02-27 00:00:00,Performing
ZUBAIR OLASUMBO MODINAT,"=""22195066917""",2 ROAD 5B OPP WISDOM GATE SCHOOL OMOLAYO AK,,"=""8536882""","=""26017824""","=""9575791""",Personal fixed term loan,2023-03-04 00:00:00,50000.00,41733.00,,0.00,20867.00,NGN,0,Open,2023-06-02 00:00:00,Performing
FRANCIS ELECHI OKO,,No 1 umunze,"=""7062189499""","=""8593434""","=""35761612""","=""2024325635""",Personal fixed term loan,2022-10-24 00:00:00,225000.00,0.00,,0.00,69375.00,NGN,0,Closed,2023-04-24 00:00:00,Performing
SALABIU SODIQ,"=""22227668281""",25 ADERIBIGBE STREET OFF KILO BUS STOP IKATE SURULERE,"=""08077397518""","=""8814006""","=""44046984""","=""10613254""",Personal fixed term loan,2023-06-16 00:00:00,30000.00,38400.00,,0.00,38400.00,NGN,0,Open,2023-07-16 00:00:00,Performing
EMMANUEL ROLAYO TOYIN,"=""22215082789""",R5 BIU AVENUE MANDO KADUNA,"=""08093000886""","=""9109064""","=""22084818""","=""9609459""",Personal fixed term loan,2023-03-08 00:00:00,250000.00,308250.00,,0.00,154125.00,NGN,0,Open,2023-05-11 00:00:00,Performing
RABIU NDU JEMIMAH TALATU,"=""22167295064""",0 NIGERIA IMMIGRATION SERVICE ABUJA,"=""23408033113657""","=""9162594""","=""20053904""","=""5294263""",Personal fixed term loan,2021-12-03 00:00:00,100000.00,0.00,,0.00,49060.00,NGN,0,Open,2022-03-03 00:00:00,Performing
JOLAYEMI SEUN PETER,"=""22302313121""",PrimaryAddressLine1,"=""07068716006""","=""9584761""","=""6047341""","=""1784946""",Personal fixed term loan,2020-03-10 00:00:00,2500.00,0.00,,0.00,2870.00,NGN,0,Closed,2020-03-25 00:00:00,Performing
JOLAYEMI SEUN PETER,"=""22302313121""",PrimaryAddressLine1,"=""07068716006""","=""9584761""","=""6047341""","=""1789083""",Personal fixed term loan,2020-03-10 00:00:00,7500.00,0.00,,0.00,9370.00,NGN,0,Closed,2020-04-09 00:00:00,Performing
JOLAYEMI SEUN PETER,"=""22302313121""",PrimaryAddressLine1,"=""07068716006""","=""9584761""","=""6047341""","=""22002327""",Personal fixed term loan,2020-03-10 00:00:00,7500.00,0.00,,0.00,9370.00,NGN,0,Closed,2020-04-09 00:00:00,Performing
RAPHAEL BENARD,"=""22196553865""",KM 17 ABA EXPRESS WAY PORTHARCOURTRivers State,"=""08066380513""","=""9468239""","=""8823102""","=""3171971735""",Personal fixed term loan,2022-01-04 00:00:00,350000.00,0.00,,0.00,37810.00,NGN,0,Closed,2023-07-09 00:00:00,Performing
OKUNDAYE VICTOR OSAIGBOVO,"=""22333370621""",14 15 Prince Alaba Oniru Road Victoria Island,,"=""8642897""","=""42007456""","=""10687821""",Personal fixed term loan,2023-06-24 00:00:00,30000.00,38400.00,,0.00,38400.00,NGN,0,Open,2023-07-24 00:00:00,Performing
OGUNDIYA OLUWATOYIN PROMISE,"=""22235180337""",57 ABOBI STREET AGOIWOYE,,"=""8643190""","=""9431302""","=""9879422""",Personal fixed term loan,2023-04-06 00:00:00,100000.00,125200.00,,0.00,41734.00,NGN,0,Open,2023-07-05 00:00:00,Performing
Christopher Adebimpe Akpewhe,"=""22434959019""",14 15 Prince Alaba Oniru Road Victoria Island,,"=""8691940""","=""1198968""","=""10736577""",Personal fixed term loan,2023-06-29 00:00:00,200000.00,307200.00,,0.00,102400.00,NGN,0,Open,2023-09-27 00:00:00,Performing
ADELEYE KEHINDE BUNMI,"=""22231082244""",TANKE  ILORIN,"=""08134265663""","=""8703554""","=""40645272""","=""10125143""",Personal fixed term loan,2023-04-29 00:00:00,35000.00,40320.00,,0.00,40320.00,NGN,0,Open,2023-05-14 00:00:00,Performing
ADEMOLA ESTHER OLUWAKEMI,"=""22476362415""",1 OJEOWODE STREET MONIYA IBADAN OYO Akinyele Oyo State,,"=""8721338""","=""10248841""","=""10094795""",Personal fixed term loan,2023-04-26 00:00:00,30000.00,37350.00,,0.00,18675.00,NGN,0,Open,2023-06-25 00:00:00,Performing
Isaiah Harry Sokari,"=""22207340620""",NO 56 EMENIKE STREET DIOBU PH,"=""08064800683""","=""8729226""","=""28186430""","=""9859525""",Personal fixed term loan,2023-04-04 00:00:00,10000.00,11970.00,,0.00,11970.00,NGN,0,Open,2023-05-04 00:00:00,Performing
KAFARU BUKOLA FLORENCE,,34 ONANUGA STR OFF AWOKOYA IJEBU ODE OGUN Ijebu Ode Ogun,"=""08057897552""","=""8896568""","=""2939966""","=""1765592639""",Personal fixed term loan,2021-01-14 00:00:00,20000.00,0.00,,0.00,26000.00,NGN,0,Open,2021-02-15 00:00:00,Performing
SANI ABBA IDRIS,"=""22349427548""",NO 85 HADEJIA ROAD YANKABA OPPOSITE ITF OFFICE NASARAWA STA,"=""09031760318""","=""8963066""","=""16677698""","=""5917017""",Personal fixed term loan,2022-02-14 00:00:00,200000.00,0.00,,0.00,247400.00,NGN,0,Open,2022-03-16 00:00:00,Performing
JIMOH ABDULWAHAB ONIPE,"=""22216209567""",NO 22 OTUTU STREET OKENE,"=""08065596292""","=""8995954""","=""34789947""","=""24607158""",Personal fixed term loan,2022-07-16 00:00:00,200000.00,0.00,,0.00,133600.00,NGN,0,Closed,2022-09-14 00:00:00,Performing
IBRAHIM ZAYYANU,,133 MALLAM KABIRU ROAD NEAR MAJISTRATE COURT WARRAH KEBBI,,"=""9071848""","=""1758578""","=""264865895""",Personal fixed term loan,2019-09-03 00:00:00,10000.00,11500.00,,11500.00,13000.00,NGN,1460,Open,2019-10-03 00:00:00,Lost
JOLAOSO ISMAIL JIMOH,"=""22153672435""",29 ONI ODUNLAMI STREET,"=""07069393878""","=""9507558""","=""1898420""","=""782596582""",Personal fixed term loan,2020-02-23 00:00:00,1500.00,230.00,,230.00,1720.00,NGN,397,Open,2020-03-09 00:00:00,Lost
OJEBODE VICTOR OLAYODE,,C 61 ISAH SADO STREET U SUNDAY KADUNA Chikun Kaduna State,"=""08062217143""","=""9470687""","=""1606758""","=""2402303012""",Personal fixed term loan,2020-11-14 00:00:00,50000.00,0.00,,0.00,21660.00,NGN,0,Open,2021-02-12 00:00:00,Performing
ALABI OLUBUNMI A,"=""22161937294""",Nigeria,"=""08033457147""","=""9480998""","=""1260111""","=""10104336""",Personal fixed term loan,2023-04-27 00:00:00,100000.00,135600.00,,0.00,67800.00,NGN,0,Open,2023-06-26 00:00:00,Performing
AMINU SAMIRA NASIDI,"=""22239769307""",NO 114 NAIBAWA QUARTERS ALONG,"=""2347037138218""","=""9219719""","=""10284758""","=""174348444""",Personal fixed term loan,2020-12-16 00:00:00,30000.00,27329.00,,27329.00,7200.00,NGN,930,Open,2021-06-14 00:00:00,Lost
Aderonke Adebola,,PrimaryAddressLine1,,"=""9239950""","=""3480613""","=""2210432307""",Personal fixed term loan,2019-11-24 00:00:00,15000.00,0.00,,0.00,17250.00,NGN,0,Closed,2019-12-09 00:00:00,Performing
Oguama Onyinyechi Gift,,40 COMMUNITY ROAD OFF AGO PALACE WAY OKOTA OshodiIsolo Lag,"=""08034715765""","=""9358231""","=""8624109""","=""56977630""",Personal fixed term loan,2021-01-18 00:00:00,70000.00,0.00,,0.00,87710.00,NGN,0,Open,2021-02-17 00:00:00,Performing
OWOLARAFE GANIYU ADEBAYO,"=""22260680954""",6 DABAN TAPA STREET JAKANDE AJANGBADI Ojo Lagos State,"=""08033119339""","=""9377458""","=""7622430""","=""4476071""",Personal fixed term loan,2021-08-24 00:00:00,100000.00,0.00,,0.00,26430.00,NGN,0,Closed,2022-06-28 00:00:00,Performing
OWOLARAFE GANIYU ADEBAYO,"=""22260680954""",6 DABAN TAPA STREET JAKANDE AJANGBADI Ojo Lagos State,"=""08033119339""","=""9377458""","=""7622430""","=""9994686""",Personal fixed term loan,2023-04-17 00:00:00,70000.00,236160.00,,0.00,39360.00,NGN,0,Open,2023-10-14 00:00:00,Performing
