Name,BankVerificationNumber,Address,HomeTelephoneNumber,FirstCentralReferenceNo,customerid,AccountNo,TypeOfAccount,DateAccountOpened,OpeningBalanceAmt,CurrentBalanceAmt,CurrentBalanceDebitInd,AmountOverdue,InstalmentAmount,Currency,MonthsInArrears,AccountStatusCode,ClosedDate,loanclassification
SAMUEL PATTERSON,"=""22199438336""",160 IJEGUN ROAD IKOTUN,,"=""9757492""","=""34929656""","=""10091948""",Personal fixed term loan,2023-04-26 00:00:00,30000.00,37350.00,,0.00,18675.00,NGN,0,Open,2023-06-25 00:00:00,Performing
TAIWO OYESOLA TOYIN,"=""22167881849""",HOUSE 1  OMOLAYO ESTATE  AKOBO IBADAN,"=""08134818809""","=""9833218""","=""17333854""","=""5855829""",Personal fixed term loan,2022-02-07 00:00:00,50000.00,0.00,,0.00,14580.00,NGN,0,Closed,2022-08-23 00:00:00,Performing
OGUNTADE SOLOMON IDOWU,"=""22179744288""",PrimaryAddressLine1,"=""23408059422176""","=""10036999""","=""5709085""","=""8200417""",Personal fixed term loan,2022-10-06 00:00:00,5000.00,0.00,,0.00,6000.00,NGN,0,Closed,2022-10-21 00:00:00,Performing
ETU JOSEPH,"=""22347989651""",4 Behind new hilltop hotel angwuan lambu Keffi Nasarawa,"=""2347016694384""","=""10111596""","=""8113605""","=""3622005540""",Personal fixed term loan,2020-08-29 00:00:00,15000.00,0.00,,0.00,19050.00,NGN,0,Open,2020-09-28 00:00:00,Performing
ORAMA GRACE LUCY,"=""22197240458""",11 E COSMOS UDOETTE SHELTER AFRIQUE Uyo Akw,"=""08033106815""","=""10191080""","=""7782269""","=""4717116""",Personal fixed term loan,2021-09-27 00:00:00,150000.00,0.00,,0.00,34990.00,NGN,0,Closed,2022-05-29 00:00:00,Performing
ORAMA GRACE LUCY,"=""22197240458""",11 E COSMOS UDOETTE SHELTER AFRIQUE Uyo Akw,"=""08033106815""","=""10191080""","=""7782269""","=""6808178""",Personal fixed term loan,2022-05-21 00:00:00,10000.00,0.00,,0.00,12000.00,NGN,0,Closed,2022-06-06 00:00:00,Performing
ORAMA GRACE LUCY,"=""22197240458""",11 E COSMOS UDOETTE SHELTER AFRIQUE Uyo Akw,"=""08033106815""","=""10191080""","=""7782269""","=""6888520""",Personal fixed term loan,2022-05-30 00:00:00,15000.00,0.00,,0.00,18000.00,NGN,0,Closed,2022-06-14 00:00:00,Performing
ORAMA GRACE LUCY,"=""22197240458""",11 E COSMOS UDOETTE SHELTER AFRIQUE Uyo Akw,"=""08033106815""","=""10191080""","=""7782269""","=""7124426""",Personal fixed term loan,2022-06-23 00:00:00,15000.00,0.00,,0.00,18000.00,NGN,0,Closed,2022-07-08 00:00:00,Performing
ORAMA GRACE LUCY,"=""22197240458""",11 E COSMOS UDOETTE SHELTER AFRIQUE Uyo Akw,"=""08033106815""","=""10191080""","=""7782269""","=""7442081""",Personal fixed term loan,2022-07-24 00:00:00,10000.00,0.00,,0.00,12000.00,NGN,0,Closed,2022-08-08 00:00:00,Performing
ORAMA GRACE LUCY,"=""22197240458""",11 E COSMOS UDOETTE SHELTER AFRIQUE Uyo Akw,"=""08033106815""","=""10191080""","=""7782269""","=""7671828""",Personal fixed term loan,2022-08-15 00:00:00,15000.00,0.00,,0.00,18000.00,NGN,0,Closed,2022-08-30 00:00:00,Performing
ORAMA GRACE LUCY,"=""22197240458""",11 E COSMOS UDOETTE SHELTER AFRIQUE Uyo Akw,"=""08033106815""","=""10191080""","=""7782269""","=""7806831""",,2022-08-29 00:00:00,15000.00,0.00,,0.00,18000.00,NGN,0,Closed,2022-09-13 00:00:00,Performing
ORAMA GRACE LUCY,"=""22197240458""",11 E COSMOS UDOETTE SHELTER AFRIQUE Uyo Akw,"=""08033106815""","=""10191080""","=""7782269""","=""8224924""",Personal fixed term loan,2022-10-08 00:00:00,10000.00,0.00,,0.00,13000.00,NGN,0,Closed,2022-11-07 00:00:00,Performing
ORAMA GRACE LUCY,"=""22197240458""",11 E COSMOS UDOETTE SHELTER AFRIQUE Uyo Akw,"=""08033106815""","=""10191080""","=""7782269""","=""8503737""",Personal fixed term loan,2022-11-05 00:00:00,27500.00,0.00,,0.00,35750.00,NGN,0,Closed,2022-12-05 00:00:00,Performing
ORAMA GRACE LUCY,"=""22197240458""",11 E COSMOS UDOETTE SHELTER AFRIQUE Uyo Akw,"=""08033106815""","=""10191080""","=""7782269""","=""8751885""",Personal fixed term loan,2022-11-30 00:00:00,27500.00,0.00,,0.00,35750.00,NGN,0,Closed,2022-12-30 00:00:00,Performing
ORAMA GRACE LUCY,"=""22197240458""",11 E COSMOS UDOETTE SHELTER AFRIQUE Uyo Akw,"=""08033106815""","=""10191080""","=""7782269""","=""8942552""",Personal fixed term loan,2022-12-20 00:00:00,40000.00,0.00,,0.00,52000.00,NGN,0,Closed,2023-01-19 00:00:00,Performing
LABE SIMONPETER,"=""22192509299""",272 TAIWO ROAD BEHIND ALAFIA TAYO PHAMACY ILORINKwara Stat,"=""23408060280517""","=""9757716""","=""6079482""","=""6615619""",Personal fixed term loan,2022-04-30 00:00:00,15000.00,0.00,,0.00,19500.00,NGN,0,Closed,2022-05-30 00:00:00,Performing
LABE SIMONPETER,"=""22192509299""",272 TAIWO ROAD BEHIND ALAFIA TAYO PHAMACY ILORINKwara Stat,"=""23408060280517""","=""9757716""","=""6079482""","=""6783230""",Personal fixed term loan,2022-05-19 00:00:00,20000.00,0.00,,0.00,26000.00,NGN,0,Closed,2022-06-18 00:00:00,Performing
OKON ANIEBIETABASI JOSEPH,"=""22166320064""",3 LEMNA ROAD CALABAR CROSS RIVER STATE Calab,"=""2347037752163""","=""9913067""","=""4190599""","=""2009483914""",Personal fixed term loan,2021-06-05 00:00:00,300000.00,0.00,,0.00,48430.00,NGN,0,Open,2022-06-21 00:00:00,Performing
OKON ANIEBIETABASI JOSEPH,"=""22166320064""",3 LEMNA ROAD CALABAR CROSS RIVER STATE Calab,"=""2347037752163""","=""9913067""","=""4190599""","=""5298638""",Personal fixed term loan,2021-12-03 00:00:00,200000.00,0.00,,0.00,112875.00,NGN,0,Closed,2022-12-05 00:00:00,Performing
ALFA OJONUGWA J,"=""22358407269""",BESIDE MARKET SQUARE UGWOLAWO Ofu Kogi Stat,"=""08053834130""","=""9953586""","=""6587400""","=""6377268""",Personal fixed term loan,2022-04-05 00:00:00,20000.00,0.00,,0.00,23260.00,NGN,0,Closed,2022-05-05 00:00:00,Performing
ALFA OJONUGWA J,"=""22358407269""",BESIDE MARKET SQUARE UGWOLAWO Ofu Kogi Stat,"=""08053834130""","=""9953586""","=""6587400""","=""7861909""",Personal fixed term loan,2022-09-03 00:00:00,30000.00,0.00,,0.00,35010.00,NGN,0,Closed,2022-10-03 00:00:00,Performing
ALFA OJONUGWA J,"=""22358407269""",BESIDE MARKET SQUARE UGWOLAWO Ofu Kogi Stat,"=""08053834130""","=""9953586""","=""6587400""","=""8177524""",Personal fixed term loan,2022-10-04 00:00:00,40000.00,0.00,,0.00,47320.00,NGN,0,Closed,2022-11-03 00:00:00,Performing
ALFA OJONUGWA J,"=""22358407269""",BESIDE MARKET SQUARE UGWOLAWO Ofu Kogi Stat,"=""08053834130""","=""9953586""","=""6587400""","=""8479184""",Personal fixed term loan,2022-11-03 00:00:00,35000.00,0.00,,0.00,42210.00,NGN,0,Closed,2022-12-05 00:00:00,Performing
ALFA OJONUGWA J,"=""22358407269""",BESIDE MARKET SQUARE UGWOLAWO Ofu Kogi Stat,"=""08053834130""","=""9953586""","=""6587400""","=""8865219""",Personal fixed term loan,2022-12-12 00:00:00,20000.00,0.00,,0.00,23340.00,NGN,0,Closed,2023-01-11 00:00:00,Performing
ALFA OJONUGWA J,"=""22358407269""",BESIDE MARKET SQUARE UGWOLAWO Ofu Kogi Stat,"=""08053834130""","=""9953586""","=""6587400""","=""9276770""",Personal fixed term loan,2023-01-27 00:00:00,15000.00,0.00,,0.00,17400.00,NGN,0,Closed,2023-02-27 00:00:00,Performing
ALFA OJONUGWA J,"=""22358407269""",BESIDE MARKET SQUARE UGWOLAWO Ofu Kogi Stat,"=""08053834130""","=""9953586""","=""6587400""","=""9686012""",Personal fixed term loan,2023-03-17 00:00:00,30000.00,0.00,,0.00,34800.00,NGN,0,Closed,2023-04-17 00:00:00,Performing
ANYANWU MARTINS BOBBY,"=""22269689936""",Eledi Estate Obasanjo M676GH2 112104 Agege Nigeria,"=""08038346384""","=""10227640""","=""4863500""","=""5572281""",Personal fixed term loan,2022-01-06 00:00:00,50000.00,0.00,,0.00,33750.00,NGN,0,Open,2022-03-07 00:00:00,Performing
ADEOYE SAMUEL ADESHINA,"=""22142906325""",40 Innocent nwosu,"=""23408032422455""","=""10300197""","=""7960217""","=""6200248""",Personal fixed term loan,2022-03-17 00:00:00,5000.00,0.00,,0.00,6200.00,NGN,0,Closed,2022-04-19 00:00:00,Performing
ADEOYE SAMUEL ADESHINA,"=""22142906325""",40 Innocent nwosu,"=""23408032422455""","=""10300197""","=""7960217""","=""6561355""",Personal fixed term loan,2022-04-25 00:00:00,1500.00,0.00,,0.00,1950.00,NGN,0,Closed,2022-05-25 00:00:00,Performing
ADEOYE SAMUEL ADESHINA,"=""22142906325""",40 Innocent nwosu,"=""23408032422455""","=""10300197""","=""7960217""","=""7108066""",Personal fixed term loan,2022-06-21 00:00:00,20000.00,0.00,,0.00,26000.00,NGN,0,Closed,2022-08-27 00:00:00,Performing
MUSA ADAMU KWAITA,"=""22163975076""",KATOGEKANTIKAZAURE Kazaure Jigawa State,"=""08161544456""","=""9700301""","=""10393247""","=""777408636""",Personal fixed term loan,2020-12-19 00:00:00,60000.00,76234.00,,76234.00,40200.00,NGN,987,Open,2021-02-17 00:00:00,Lost
NWARU RITA UGONMA,"=""22332698395""",2 Onasanya Street bariga Lagos,"=""2348062755431""","=""9863256""","=""5232517""","=""212039992""",Personal fixed term loan,2022-05-08 00:00:00,650000.00,0.00,,0.00,104488.00,NGN,0,Closed,2023-05-03 00:00:00,Performing
NWARU RITA UGONMA,"=""22332698395""",2 Onasanya Street bariga Lagos,"=""2348062755431""","=""9863256""","=""5232517""","=""6091980""",Personal fixed term loan,2022-03-06 00:00:00,60000.00,0.00,,0.00,38900.00,NGN,0,Closed,2022-05-05 00:00:00,Performing
NWARU RITA UGONMA,"=""22332698395""",2 Onasanya Street bariga Lagos,"=""2348062755431""","=""9863256""","=""5232517""","=""6688155""",Personal fixed term loan,2022-05-08 00:00:00,650000.00,0.00,,0.00,104488.00,NGN,0,Closed,2023-05-03 00:00:00,Performing
NWARU RITA UGONMA,"=""22332698395""",2 Onasanya Street bariga Lagos,"=""2348062755431""","=""9863256""","=""5232517""","=""9325248""",Personal fixed term loan,2023-02-02 00:00:00,50000.00,0.00,,0.00,62500.00,NGN,0,Closed,2023-03-06 00:00:00,Performing
NWARU RITA UGONMA,"=""22332698395""",2 Onasanya Street bariga Lagos,"=""2348062755431""","=""9863256""","=""5232517""","=""9570792""",Personal fixed term loan,2023-03-04 00:00:00,50000.00,0.00,,0.00,57850.00,NGN,0,Closed,2023-03-20 00:00:00,Performing
ADENODI MOSES ADEYEMI,"=""22141824350""",33 PATEYSTREET LAGOS ISLAND,"=""07084015073""","=""9872977""","=""6234721""","=""6255150""",Personal fixed term loan,2022-03-23 00:00:00,5000.00,0.00,,0.00,6200.00,NGN,0,Closed,2022-04-22 00:00:00,Performing
ADENODI MOSES ADEYEMI,"=""22141824350""",33 PATEYSTREET LAGOS ISLAND,"=""07084015073""","=""9872977""","=""6234721""","=""6520386""",Personal fixed term loan,2022-04-20 00:00:00,15000.00,0.00,,0.00,19500.00,NGN,0,Closed,2022-05-20 00:00:00,Performing
ADENODI MOSES ADEYEMI,"=""22141824350""",33 PATEYSTREET LAGOS ISLAND,"=""07084015073""","=""9872977""","=""6234721""","=""6769217""",Personal fixed term loan,2022-05-17 00:00:00,20000.00,0.00,,0.00,26000.00,NGN,0,Closed,2022-06-16 00:00:00,Performing
ADENODI MOSES ADEYEMI,"=""22141824350""",33 PATEYSTREET LAGOS ISLAND,"=""07084015073""","=""9872977""","=""6234721""","=""7072091""",Personal fixed term loan,2022-06-17 00:00:00,25000.00,0.00,,0.00,32500.00,NGN,0,Closed,2022-07-18 00:00:00,Performing
EWELIKE CHINENYE EMELDA,"=""22169230063""",N0 24 NIA SENIOR STAFF QTRS LUGBE ABJ,"=""08039712320""","=""9921109""","=""20147510""","=""26297146""",Personal fixed term loan,2022-02-18 00:00:00,450000.00,0.00,,0.00,69370.00,NGN,0,Closed,2023-02-13 00:00:00,Performing
AHMED HABIBU YAHAYA,"=""22254463385""",KAZAURE TOWN JIGAWA INDIRAWA TOWN GWIWA  DUTSE Gwiwa Jigaw,"=""07065616432""","=""9993739""","=""10276193""","=""1004408492""",Personal fixed term loan,2020-12-16 00:00:00,50000.00,71500.00,,71500.00,64000.00,NGN,990,Open,2021-01-15 00:00:00,Lost
YAKUBU ABUBAKAR,"=""22342700222""",NO 4  EDWARD STREET  ANGWA YASHI  LOKOJAKOGI,"=""07067600181""","=""10018105""","=""4007689""","=""1005289159""",Personal fixed term loan,2020-08-01 00:00:00,10000.00,3000.00,,3000.00,13000.00,NGN,1127,Open,2020-08-31 00:00:00,Lost
FINGESI OKWO OBETEN,"=""22163075808""",100 FEDERAL ROAD SAFETY COMMISSION NIGERIA UYO,"=""23408036005431""","=""10115909""","=""19253117""","=""9851675""",Personal fixed term loan,2023-04-03 00:00:00,300000.00,454575.00,,0.00,41325.00,NGN,0,Open,2024-04-03 00:00:00,Performing
ODEJE SUNDAY,"=""22200470810""",NO 12 IGA OKPAYA ST MAKURDI,,"=""10379297""","=""42429897""","=""9968871""",Personal fixed term loan,2023-04-14 00:00:00,5000.00,6500.00,,0.00,6500.00,NGN,0,Open,2023-05-14 00:00:00,Performing
BAKARE SOLOMON,"=""22341145815""",3 Opeoluwa Unity Estate Gbonogun Obantoko Abeokuta,"=""23480337681072""","=""9710937""","=""6061652""","=""1756029""",Personal fixed term loan,2020-03-06 00:00:00,1500.00,0.00,,0.00,1720.00,NGN,0,Closed,2020-03-23 00:00:00,Performing
ATUDUHOR OKIEMUTE PHILIP,"=""22165392862""",FEDIA FISH FARM NDUBIA IZZI L G A Izzi Ebonyi State,"=""08037454633""","=""9739445""","=""5881483""","=""3036929802""",Personal fixed term loan,2021-01-15 00:00:00,30000.00,43500.00,,43500.00,39000.00,NGN,959,Open,2021-02-15 00:00:00,Lost
SEKLE MAVO,"=""22199367735""",1 IGBO OLOMU IKORODU Ikorodu Lagos State,"=""08160175986""","=""9823727""","=""5781367""","=""4548384""",Personal fixed term loan,2021-09-03 00:00:00,80000.00,0.00,,0.00,15280.00,NGN,0,Closed,2022-08-14 00:00:00,Performing
SEKLE MAVO,"=""22199367735""",1 IGBO OLOMU IKORODU Ikorodu Lagos State,"=""08160175986""","=""9823727""","=""5781367""","=""8521711""",Personal fixed term loan,2022-11-07 00:00:00,50000.00,0.00,,0.00,60300.00,NGN,0,Closed,2022-12-07 00:00:00,Performing
SEKLE MAVO,"=""22199367735""",1 IGBO OLOMU IKORODU Ikorodu Lagos State,"=""08160175986""","=""9823727""","=""5781367""","=""8802364""",Personal fixed term loan,2022-12-05 00:00:00,15000.00,0.00,,0.00,17400.00,NGN,0,Closed,2023-01-04 00:00:00,Performing
SEKLE MAVO,"=""22199367735""",1 IGBO OLOMU IKORODU Ikorodu Lagos State,"=""08160175986""","=""9823727""","=""5781367""","=""9174136""",Personal fixed term loan,2023-01-15 00:00:00,30000.00,0.00,,0.00,35010.00,NGN,0,Closed,2023-03-07 00:00:00,Performing
SEKLE MAVO,"=""22199367735""",1 IGBO OLOMU IKORODU Ikorodu Lagos State,"=""08160175986""","=""9823727""","=""5781367""","=""9744276""",Personal fixed term loan,2023-03-23 00:00:00,20000.00,0.00,,0.00,22820.00,NGN,0,Closed,2023-04-07 00:00:00,Performing
EMERUEM CHIJIOKE STANLEY,"=""22291344751""",BESIDE NATIONAL HOLY GHOST CHURCH,"=""08036618062""","=""9912539""","=""751265""","=""9254433""",Personal fixed term loan,2023-01-25 00:00:00,10000.00,0.00,,0.00,12600.00,NGN,0,Closed,2023-02-24 00:00:00,Performing
EMERUEM CHIJIOKE STANLEY,"=""22291344751""",BESIDE NATIONAL HOLY GHOST CHURCH,"=""08036618062""","=""9912539""","=""751265""","=""9490608""",Personal fixed term loan,2023-02-22 00:00:00,15000.00,0.00,,0.00,17955.00,NGN,0,Closed,2023-03-09 00:00:00,Performing
OKON ASUQUO ASUQUO,"=""22265505571""",NO 4 C FACTORY ROAD UMUAHIA,,"=""9983131""","=""21816680""","=""5560970""",Personal fixed term loan,2022-01-05 00:00:00,100000.00,0.00,,0.00,33490.00,NGN,0,Closed,2022-05-05 00:00:00,Performing
OKINS DUKE WULOVIE,"=""22445279777""",BESIDE COMMUNITY SECONDARY SCHOOL BIOGBOLOEPIE OFF EBIS BU,"=""07080421348""","=""10169143""","=""7993743""","=""2243012""",Personal fixed term loan,2020-07-30 00:00:00,5000.00,0.00,,0.00,6500.00,NGN,0,Closed,2020-08-31 00:00:00,Performing
OMOLADE ADEKEMI BLESSING,"=""22201156739""",14 15 Prince Alaba Oniru road Oniru V I,"=""08065511564""","=""10187642""","=""44112127""","=""10638831""",Personal fixed term loan,2023-06-19 00:00:00,20000.00,25800.00,,0.00,25800.00,NGN,0,Open,2023-07-19 00:00:00,Performing
SANNI MODUPE RALIAT,"=""22209186202""",2AYENI JUNCTIONMERCY ROADOLUWOABEOKUTA A,"=""07054920734""","=""10288235""","=""17680163""","=""9981611""",Personal fixed term loan,2023-04-16 00:00:00,10000.00,0.00,,0.00,11430.00,NGN,0,Closed,2023-05-01 00:00:00,Performing
HUNSU ABIODUN HENNUHO,"=""22281796520""",Off Olaoki Street 3 Ibereko Badagry,"=""2349071123400""","=""10389530""","=""22281796520""","=""A1430193""",,2023-03-21 00:00:00,1000000.00,,,,373348.67,NGN,0,Closed,2023-06-19 00:00:00,Performing
HUNSU ABIODUN HENNUHO,"=""22281796520""",Off Olaoki Street 3 Ibereko Badagry,"=""2349071123400""","=""10389530""","=""22281796520""","=""FMSME01474""",,2022-07-26 00:00:00,1500000.00,,,,550813.00,NGN,0,Closed,2022-10-24 00:00:00,Performing
FAGBAYI EUNICE ARINOLA,,T41 SURULERE COMPOUND ODO OWA Oke Ero Kwara State,"=""2348036580445""","=""9707083""","=""4389387""","=""2221844013""",Personal fixed term loan,2021-01-27 00:00:00,15000.00,0.00,,0.00,19500.00,NGN,0,Open,2021-02-26 00:00:00,Performing
FRANK AMANDA UKELACHI,"=""22242854878""",RIVERS STATEADDRESS LI,"=""23407068310460""","=""9831291""","=""40471542""","=""9919786""",Personal fixed term loan,2023-04-10 00:00:00,15000.00,0.00,,0.00,17955.00,NGN,0,Closed,2023-04-25 00:00:00,Performing
EZEJA OLUEBUBE ANASTESIA,"=""22272457597""",no 133 ziks avenue amawbia,"=""09030225254""","=""9917710""","=""523114""","=""2643757""",Personal fixed term loan,2020-10-24 00:00:00,20000.00,0.00,,0.00,25000.00,NGN,0,Closed,2020-11-23 00:00:00,Performing
OBIOMA CHINAEMEREM,"=""22153886122""",Ikeja,"=""2348066502036""","=""10070930""","=""7462613""","=""4861624""",Personal fixed term loan,2021-10-14 00:00:00,50000.00,0.00,,0.00,13210.00,NGN,0,Closed,2022-04-12 00:00:00,Performing
ADERIBIGBE OLUWAGBEMIGA ABIODUN,,23 CHIEF JONAH IHUOWA STR,"=""08160910245""","=""10095496""","=""543926""","=""10342102""",Personal fixed term loan,2023-05-20 00:00:00,12500.00,0.00,,0.00,15187.50,NGN,0,Closed,2023-06-11 00:00:00,Performing
ADERIBIGBE OLUWAGBEMIGA ABIODUN,,23 CHIEF JONAH IHUOWA STR,"=""08160910245""","=""10095496""","=""543926""","=""10487652""",Personal fixed term loan,2023-06-03 00:00:00,12500.00,0.00,,0.00,15187.50,NGN,0,Closed,2023-07-30 00:00:00,Performing
ADERIBIGBE OLUWAGBEMIGA ABIODUN,,23 CHIEF JONAH IHUOWA STR,"=""08160910245""","=""10095496""","=""543926""","=""7841428""",,2022-09-01 00:00:00,15000.00,0.00,,0.00,19200.00,NGN,0,Closed,2022-10-03 00:00:00,Performing
OSAYUKI GODWIN,"=""22257996631""",PrimaryAddressLine1,"=""08073270965""","=""10168981""","=""6031330""","=""5770678""",Personal fixed term loan,2022-01-29 00:00:00,700000.00,0.00,,0.00,244990.00,NGN,0,Closed,2022-06-13 00:00:00,Performing
OSAYUKI GODWIN,"=""22257996631""",PrimaryAddressLine1,"=""08073270965""","=""10168981""","=""6031330""","=""8597117""",Personal fixed term loan,2022-11-15 00:00:00,160000.00,0.00,,0.00,46454.00,NGN,0,Closed,2023-05-15 00:00:00,Performing
OSAYUKI GODWIN,"=""22257996631""",PrimaryAddressLine1,"=""08073270965""","=""10168981""","=""6031330""","=""9806684""",Personal fixed term loan,2023-03-30 00:00:00,120000.00,0.00,,0.00,153000.00,NGN,0,Closed,2023-04-29 00:00:00,Performing
OGWOLA HAWA GRACE,"=""22258216697""",No 03 off gborku road,"=""08065716112""","=""10219202""","=""7649744""","=""3013879878""",Personal fixed term loan,2021-01-18 00:00:00,10000.00,0.00,,0.00,13000.00,NGN,0,Open,2021-02-17 00:00:00,Performing
AYUBA AZEEZ OLALEKAN,"=""22403694934""",V 30 AYESO STREET ESA OKE Obokun Osun State,"=""08135259420""","=""10255000""","=""4544818""","=""3028732691""",Personal fixed term loan,2019-12-28 00:00:00,1500.00,0.00,,0.00,1720.00,NGN,0,Open,2020-01-13 00:00:00,Performing
KABIR ASIYA UMAR,"=""22340588901""",NO84 MADUNGURUM QUATERS GWALE Gwale Kano State,"=""07036087093""","=""10350498""","=""10311707""","=""45662296""",Personal fixed term loan,2020-12-17 00:00:00,80000.00,98429.00,,98429.00,19200.00,NGN,959,Open,2021-06-15 00:00:00,Lost
UKWUANI PETER T,"=""22348492543""",NO 53 ENUGU ROAD 9TH MILE Enugu East Enugu State,"=""08069229892""","=""10420988""","=""22348492543""","=""FMSME00048""",,2022-01-13 00:00:00,500000.00,128159.52,,128159.52,108158.00,NGN,1026,Open,2022-07-12 00:00:00,Lost
TONDO AGBER CHRIS,"=""22268729992""",OWNERS OCCUPIER HOUSING ESTATE MAKURDI Makurdi Benue State,,"=""10448247""","=""17593610""","=""10092779""",Personal fixed term loan,2023-04-26 00:00:00,10000.00,11410.00,,0.00,11410.00,NGN,0,Open,2023-05-11 00:00:00,Performing
EKENGBUDA VICTOR NENGI,"=""22286485986""",NO 1519 JAMES STREET OFF ODION ROAD WARRI  Warri South Del,"=""08189699312""","=""10510704""","=""4016940""","=""38297936""",Personal fixed term loan,2021-06-07 00:00:00,450000.00,0.00,,0.00,62580.00,NGN,0,Closed,2022-06-02 00:00:00,Performing
ABDULLATEEF LANRE JIMOH,"=""22351880652""",NO 10 ZUMA ROAD ASIKOLAYE KADUNA Igabi Kaduna State,"=""08068467146""","=""9918563""","=""1736002""","=""5012967""",Personal fixed term loan,2021-11-01 00:00:00,200000.00,0.00,,0.00,52860.00,NGN,0,Closed,2022-05-02 00:00:00,Performing
ERIYAMU EFEMENA ALEX,"=""22356276690""",Nairobi Kenya,"=""08062309636""","=""9918814""","=""27277330""","=""2172733589""",Personal fixed term loan,2022-10-03 00:00:00,250000.00,0.00,,0.00,80950.00,NGN,0,Closed,2023-03-02 00:00:00,Performing
IDOGUN MONDAY DIEBE,"=""22156944982""",1113 OLUWALOGBON STREET BY KETU SHOPPING COMPLEX KETU LAGO,"=""23480230565432""","=""10030033""","=""9366482""","=""2412001676""",Personal fixed term loan,2020-12-04 00:00:00,25000.00,0.00,,0.00,15990.00,NGN,0,Open,2021-02-02 00:00:00,Performing
UFOMBA VICTOR NNABUGWU,"=""22178101536""",14 15 Prince Alaba Oniru Road Victoria Island,"=""08066658335""","=""10068090""","=""6122596""","=""8302466""",Personal fixed term loan,2022-10-16 00:00:00,10000.00,0.00,,0.00,12000.00,NGN,0,Closed,2022-10-31 00:00:00,Performing
UFOMBA VICTOR NNABUGWU,"=""22178101536""",14 15 Prince Alaba Oniru Road Victoria Island,"=""08066658335""","=""10068090""","=""6122596""","=""8514240""",Personal fixed term loan,2022-11-06 00:00:00,15000.00,0.00,,0.00,18000.00,NGN,0,Closed,2022-11-21 00:00:00,Performing
UFOMBA VICTOR NNABUGWU,"=""22178101536""",14 15 Prince Alaba Oniru Road Victoria Island,"=""08066658335""","=""10068090""","=""6122596""","=""9111811""",Personal fixed term loan,2023-01-08 00:00:00,10000.00,0.00,,0.00,13000.00,NGN,0,Closed,2023-02-07 00:00:00,Performing
UFOMBA VICTOR NNABUGWU,"=""22178101536""",14 15 Prince Alaba Oniru Road Victoria Island,"=""08066658335""","=""10068090""","=""6122596""","=""9422143""",Personal fixed term loan,2023-02-13 00:00:00,20000.00,0.00,,0.00,25500.00,NGN,0,Closed,2023-03-15 00:00:00,Performing
UFOMBA VICTOR NNABUGWU,"=""22178101536""",14 15 Prince Alaba Oniru Road Victoria Island,"=""08066658335""","=""10068090""","=""6122596""","=""9472752""",Personal fixed term loan,2023-02-19 00:00:00,20000.00,0.00,,0.00,25500.00,NGN,0,Closed,2023-03-21 00:00:00,Performing
AMADI GODWIN EKEH,"=""22202510387""",PrimaryAddressLine1,"=""2348033404051""","=""10092792""","=""13231393""","=""7135074""",Personal fixed term loan,2022-06-24 00:00:00,10000.00,0.00,,0.00,12000.00,NGN,0,Closed,2022-07-12 00:00:00,Performing
OJO TAIWO TOPE,"=""22360110146""",olopomewa oke ogbo Ife East Osun State,"=""07065924675""","=""10277364""","=""1719337""","=""1130405551""",Personal fixed term loan,2019-08-29 00:00:00,1500.00,0.00,,0.00,1950.00,NGN,0,Open,2019-09-30 00:00:00,Performing
AKPASUBI SAMUEL EROMOSELE,"=""22240261858""",1 3 Adeyemo Adeleye Street igbe Road Igbogbo,"=""2349070626087""","=""10427189""","=""13409899""","=""4866330""",Personal fixed term loan,2021-10-15 00:00:00,7500.00,0.00,,0.00,7500.00,NGN,0,Closed,2021-11-01 00:00:00,Performing
USMAN GARBA,"=""22237547400""",ASA DAM ROAD OFF OGUNSHOLA STREET ILORIN  Ilorin South Kwa,,"=""10474151""","=""10431936""","=""2006427757""",Personal fixed term loan,2020-12-20 00:00:00,20000.00,17250.00,,17250.00,23200.00,NGN,1001,Open,2021-01-04 00:00:00,Lost
UGO RAWLINGS CLEMENT,"=""22268334578""",PrimaryAddressLine1,"=""23407033380436""","=""10516650""","=""6101968""","=""1730751""",Personal fixed term loan,2020-03-03 00:00:00,2500.00,0.00,,0.00,3250.00,NGN,0,Closed,2020-04-02 00:00:00,Performing
UGO RAWLINGS CLEMENT,"=""22268334578""",PrimaryAddressLine1,"=""23407033380436""","=""10516650""","=""6101968""","=""2052088995""",Personal fixed term loan,2020-03-03 00:00:00,2500.00,0.00,,0.00,3250.00,NGN,0,Closed,2020-04-02 00:00:00,Performing
UGO RAWLINGS CLEMENT,"=""22268334578""",PrimaryAddressLine1,"=""23407033380436""","=""10516650""","=""6101968""","=""6703777""",Personal fixed term loan,2022-05-10 00:00:00,2500.00,0.00,,0.00,3000.00,NGN,0,Closed,2022-05-25 00:00:00,Performing
SUNDAY OJIE,"=""22244415428""",NMS ZARIA BLOCK 36 NMS ZARIA,"=""08034102667""","=""9656409""","=""11205098""","=""2004161994""",Personal fixed term loan,2021-03-09 00:00:00,10000.00,0.00,,0.00,11600.00,NGN,0,Open,2021-03-24 00:00:00,Performing
Senuga Foluke omowunmi,,10 OMOOBANTA CLOSE MILE 12 Kosofe Lagos State,"=""2348072778046""","=""9690126""","=""4214364""","=""546186564""",Personal fixed term loan,2019-12-15 00:00:00,15000.00,17250.00,,17250.00,19500.00,NGN,1357,Open,2020-01-14 00:00:00,Lost
NWANGWU N JONATHAN,"=""22181074270""",PrimaryAddressLine1,"=""23408035834779""","=""9879417""","=""27540040""","=""9989850""",Personal fixed term loan,2023-04-17 00:00:00,400000.00,588800.00,,0.00,147200.00,NGN,0,Open,2023-08-15 00:00:00,Performing
OLAOBA OREOLUWA SANDRA,"=""22414902888""",NO 22OLUYOLE ESTATE RING ROAD IBADAN Ibadan SouthWest Oyo,"=""08075731314""","=""9961895""","=""5465447""","=""8038519""",Personal fixed term loan,2022-09-20 00:00:00,50000.00,0.00,,0.00,63650.00,NGN,0,Closed,2022-10-20 00:00:00,Performing
OLAOBA OREOLUWA SANDRA,"=""22414902888""",NO 22OLUYOLE ESTATE RING ROAD IBADAN Ibadan SouthWest Oyo,"=""08075731314""","=""9961895""","=""5465447""","=""8322644""",Personal fixed term loan,2022-10-18 00:00:00,70000.00,0.00,,0.00,83790.00,NGN,0,Closed,2022-11-24 00:00:00,Performing
OLAOBA OREOLUWA SANDRA,"=""22414902888""",NO 22OLUYOLE ESTATE RING ROAD IBADAN Ibadan SouthWest Oyo,"=""08075731314""","=""9961895""","=""5465447""","=""8673250""",Personal fixed term loan,2022-11-22 00:00:00,150000.00,0.00,,0.00,189450.00,NGN,0,Closed,2022-12-29 00:00:00,Performing
OLAOBA OREOLUWA SANDRA,"=""22414902888""",NO 22OLUYOLE ESTATE RING ROAD IBADAN Ibadan SouthWest Oyo,"=""08075731314""","=""9961895""","=""5465447""","=""9213370""",Personal fixed term loan,2023-01-20 00:00:00,90000.00,0.00,,0.00,112500.00,NGN,0,Closed,2023-03-06 00:00:00,Performing
AKINBO EMMANUEL OLUSOJI,"=""22171726833""",house 12 ilero street ifesowapo Ado Odo Ota Ogun State,"=""08148979720""","=""10183167""","=""1908986""","=""1005054937""",Personal fixed term loan,2019-12-27 00:00:00,2500.00,0.00,,0.00,2870.00,NGN,0,Open,2020-01-13 00:00:00,Performing
ACHINE USHIE JAMES,"=""22153698107""",BLOCK A FLAT 2 MINI ESTATE EGBEDA BSTOP Ali,"=""2348038326790""","=""10443097""","=""6576891""","=""2289409""",Personal fixed term loan,2020-08-10 00:00:00,30000.00,0.00,,0.00,12170.00,NGN,0,Closed,2020-11-09 00:00:00,Performing
ACHINE USHIE JAMES,"=""22153698107""",BLOCK A FLAT 2 MINI ESTATE EGBEDA BSTOP Ali,"=""2348038326790""","=""10443097""","=""6576891""","=""7574847""",Personal fixed term loan,2022-08-06 00:00:00,25000.00,0.00,,0.00,11517.00,NGN,0,Closed,2022-11-04 00:00:00,Performing
ACHINE USHIE JAMES,"=""22153698107""",BLOCK A FLAT 2 MINI ESTATE EGBEDA BSTOP Ali,"=""2348038326790""","=""10443097""","=""6576891""","=""9432874""",Personal fixed term loan,2023-02-14 00:00:00,50000.00,0.00,,0.00,58350.00,NGN,0,Closed,2023-03-16 00:00:00,Performing
ACHINE USHIE JAMES,"=""22153698107""",BLOCK A FLAT 2 MINI ESTATE EGBEDA BSTOP Ali,"=""2348038326790""","=""10443097""","=""6576891""","=""9818315""",Personal fixed term loan,2023-03-31 00:00:00,50000.00,17150.00,,0.00,17150.00,NGN,0,Open,2023-08-02 00:00:00,Performing
NWOSU UDOCHI HENRY,"=""22391262674""",OMUOKO ALUU IKWERRE LOCAL GOVERNMENT Ikwerre Rivers State,"=""07037210132""","=""10531766""","=""5850427""","=""1643541""",Personal fixed term loan,2020-02-20 00:00:00,10000.00,0.00,,0.00,10000.00,NGN,0,Closed,2020-03-23 00:00:00,Performing
NWOSU UDOCHI HENRY,"=""22391262674""",OMUOKO ALUU IKWERRE LOCAL GOVERNMENT Ikwerre Rivers State,"=""07037210132""","=""10531766""","=""5850427""","=""50262815""",Personal fixed term loan,2020-02-20 00:00:00,10000.00,0.00,,0.00,10000.00,NGN,0,Closed,2020-03-23 00:00:00,Performing
SHUABU HARUNA,"=""22304518300""",CLOSE TO NNPC QUATERS KM6 KACHIA ROAD KADUNA STATE,"=""07036053284""","=""9739246""","=""7376386""","=""8377407""",Personal fixed term loan,2022-10-24 00:00:00,5000.00,0.00,,0.00,5750.00,NGN,0,Closed,2022-11-08 00:00:00,Performing
SHUABU HARUNA,"=""22304518300""",CLOSE TO NNPC QUATERS KM6 KACHIA ROAD KADUNA STATE,"=""07036053284""","=""9739246""","=""7376386""","=""8601965""",Personal fixed term loan,2022-11-15 00:00:00,7500.00,0.00,,0.00,9375.00,NGN,0,Closed,2022-11-30 00:00:00,Performing
SHUABU HARUNA,"=""22304518300""",CLOSE TO NNPC QUATERS KM6 KACHIA ROAD KADUNA STATE,"=""07036053284""","=""9739246""","=""7376386""","=""8855873""",Personal fixed term loan,2022-12-11 00:00:00,7500.00,0.00,,0.00,9375.00,NGN,0,Closed,2022-12-28 00:00:00,Performing
SHUABU HARUNA,"=""22304518300""",CLOSE TO NNPC QUATERS KM6 KACHIA ROAD KADUNA STATE,"=""07036053284""","=""9739246""","=""7376386""","=""9072514""",Personal fixed term loan,2023-01-04 00:00:00,10000.00,0.00,,0.00,12000.00,NGN,0,Closed,2023-01-19 00:00:00,Performing
SHUABU HARUNA,"=""22304518300""",CLOSE TO NNPC QUATERS KM6 KACHIA ROAD KADUNA STATE,"=""07036053284""","=""9739246""","=""7376386""","=""9321775""",Personal fixed term loan,2023-02-01 00:00:00,15000.00,0.00,,0.00,19500.00,NGN,0,Closed,2023-03-03 00:00:00,Performing
MUHAMMED SULAIMAN ADEBAYO,,FLAT 3 BESIDE SAWMILL NEW ROAD ILORIN Ilorin West Kwara St,"=""08132825620""","=""9959282""","=""1955461""","=""3142580825""",Personal fixed term loan,2020-02-14 00:00:00,2500.00,3625.00,,3625.00,3250.00,NGN,1295,Open,2020-03-16 00:00:00,Lost
PASCAL N UNICHI,"=""22167254090""",NO 6 GONDER CLOSE OFF GONDER STREET WUSE ZONE 1  Municipal,"=""08029134190""","=""10019214""","=""6293095""","=""2327116""",Personal fixed term loan,2020-08-20 00:00:00,20000.00,0.00,,0.00,12540.00,NGN,0,Closed,2020-10-19 00:00:00,Performing
OSUNKOYA ABISOLA OLANIYI,"=""22349231062""",1 FAYEMI STREET AJIBADE MOKOLA Ibadan North Oyo State,"=""08035641117""","=""10042813""","=""6293597""","=""6334567""",Personal fixed term loan,2022-04-01 00:00:00,10000.00,0.00,,0.00,10000.00,NGN,0,Closed,2022-04-19 00:00:00,Performing
ABDUL FEMI TAJUDEEN,"=""22357835878""",29 ADEBIYI AYOPO STREET DOPEMU AGEGE,"=""08035216271""","=""10043464""","=""5335736""","=""10153799""",Personal fixed term loan,2023-05-02 00:00:00,12500.00,0.00,,0.00,16250.00,NGN,0,Closed,2023-06-01 00:00:00,Performing
ABDUL FEMI TAJUDEEN,"=""22357835878""",29 ADEBIYI AYOPO STREET DOPEMU AGEGE,"=""08035216271""","=""10043464""","=""5335736""","=""8284868""",,2022-10-14 00:00:00,15000.00,0.00,,0.00,17250.00,NGN,0,Closed,2022-10-31 00:00:00,Performing
ABDUL FEMI TAJUDEEN,"=""22357835878""",29 ADEBIYI AYOPO STREET DOPEMU AGEGE,"=""08035216271""","=""10043464""","=""5335736""","=""8590101""",Personal fixed term loan,2022-11-14 00:00:00,50000.00,0.00,,0.00,64100.00,NGN,0,Closed,2022-12-14 00:00:00,Performing
OLUSEYI ADEBAYO,,Nigeria,"=""23408038467300""","=""10245766""","=""20151629""","=""118351440""",Personal fixed term loan,2022-02-18 00:00:00,250000.00,29767.00,,29767.00,312250.00,NGN,536,Open,2022-04-14 00:00:00,Lost
OLAMIDE OLUOMO,"=""22348138951""",37 OLALEKAN OREBIYI STREET AREGBE OBANTOKO ABEOKUTA,"=""2347060889814""","=""10508135""","=""7622066""","=""3804380""",Personal fixed term loan,2021-05-25 00:00:00,15000.00,0.00,,0.00,19500.00,NGN,0,Closed,2021-06-24 00:00:00,Performing
UMAR FATIMA AGEDE,"=""22248248255""",FATIMA COMPD CLOSE TO MANUFA CAFE Keffi Nasarawa State,"=""09024003358""","=""10560579""","=""6236945""","=""10071908""",Personal fixed term loan,2023-04-24 00:00:00,25000.00,28575.00,,0.00,28575.00,NGN,0,Open,2023-05-09 00:00:00,Performing
UMAR FATIMA AGEDE,"=""22248248255""",FATIMA COMPD CLOSE TO MANUFA CAFE Keffi Nasarawa State,"=""09024003358""","=""10560579""","=""6236945""","=""8346274""",Personal fixed term loan,2022-10-20 00:00:00,50000.00,0.00,,0.00,59850.00,NGN,0,Closed,2022-11-21 00:00:00,Performing
ABUBAKAR NAFIU YAU,"=""22152870203""",18 ADEBOUN STREET IYANA IPAJA Alimosho Lagos State,"=""07032989986""","=""9708031""","=""10155117""","=""4912016165""",Personal fixed term loan,2020-12-12 00:00:00,15000.00,3450.00,,3450.00,19500.00,NGN,994,Open,2021-01-11 00:00:00,Lost
OJEDOKUN AMOS FUNSO,"=""22157855126""",24 IFELODUN  STR  OROGUN  IBADAN,"=""08060155976""","=""9710589""","=""27702313""","=""10568955""",Personal fixed term loan,2023-06-12 00:00:00,60000.00,99420.00,,0.00,24855.00,NGN,0,Open,2023-10-10 00:00:00,Performing
Adekola Ayoola Tawakalitu,"=""22402051305""",44 ONA IWA MIMO STREET OFF ORI OKE BSTOP EJIGBO  OshodiIso,,"=""9880721""","=""8250991""","=""226164752""",Personal fixed term loan,2020-08-22 00:00:00,5000.00,0.00,,0.00,6500.00,NGN,0,Open,2020-09-21 00:00:00,Performing
AGU ONYEKACHI SUNDAY,"=""22214174014""",44 ARALILE STREET YABA,"=""08166577448""","=""9982469""","=""19795502""","=""5610974""",Personal fixed term loan,2022-01-11 00:00:00,20000.00,0.00,,0.00,24980.00,NGN,0,Open,2022-02-10 00:00:00,Performing
OGIDI ANDREW DAMILOLA,"=""22303360894""",35 OYINLOLA STREET ADEALU BUS STOP,"=""07084523237""","=""10161875""","=""7516665""","=""10391616""",Personal fixed term loan,2023-05-25 00:00:00,7500.00,0.00,,0.00,9675.00,NGN,0,Closed,2023-06-24 00:00:00,Performing
OGIDI ANDREW DAMILOLA,"=""22303360894""",35 OYINLOLA STREET ADEALU BUS STOP,"=""07084523237""","=""10161875""","=""7516665""","=""10656773""",Personal fixed term loan,2023-06-21 00:00:00,40000.00,0.00,,0.00,52000.00,NGN,0,Closed,2023-07-21 00:00:00,Performing
EBENEZER AKINTADE TOSIN,"=""22371671348""",Nigeria,"=""2349068591350""","=""10543387""","=""6186640""","=""10103612""",Personal fixed term loan,2023-04-27 00:00:00,5000.00,0.00,,0.00,6000.00,NGN,0,Closed,2023-05-12 00:00:00,Performing
EBENEZER AKINTADE TOSIN,"=""22371671348""",Nigeria,"=""2349068591350""","=""10543387""","=""6186640""","=""10216038""",Personal fixed term loan,2023-05-08 00:00:00,30000.00,0.00,,0.00,39000.00,NGN,0,Closed,2023-06-07 00:00:00,Performing
OLUMAYOWA ELIJAH,"=""22152597645""",No20 church street,"=""09097607162""","=""10556023""","=""12896393""","=""155695789""",Personal fixed term loan,2021-04-26 00:00:00,10000.00,12500.00,,12500.00,11000.00,NGN,859,Open,2021-05-26 00:00:00,Lost
DANIEL OYIMINI PETER,"=""22300338382""",14 15 Prince Alaba Oniru Road Victoria Island,"=""07012554006""","=""10580441""","=""7612377""","=""6394925""",Personal fixed term loan,2022-04-07 00:00:00,100000.00,0.00,,0.00,63050.00,NGN,0,Closed,2022-06-06 00:00:00,Performing
DANIEL OYIMINI PETER,"=""22300338382""",14 15 Prince Alaba Oniru Road Victoria Island,"=""07012554006""","=""10580441""","=""7612377""","=""7180259""",Personal fixed term loan,2022-06-28 00:00:00,30000.00,0.00,,0.00,37890.00,NGN,0,Closed,2022-07-28 00:00:00,Performing
DANIEL OYIMINI PETER,"=""22300338382""",14 15 Prince Alaba Oniru Road Victoria Island,"=""07012554006""","=""10580441""","=""7612377""","=""7414144""",Personal fixed term loan,2022-07-21 00:00:00,80000.00,0.00,,0.00,56400.00,NGN,0,Closed,2022-09-19 00:00:00,Performing
DANIEL OYIMINI PETER,"=""22300338382""",14 15 Prince Alaba Oniru Road Victoria Island,"=""07012554006""","=""10580441""","=""7612377""","=""8705351""",Personal fixed term loan,2022-11-26 00:00:00,20000.00,0.00,,0.00,25460.00,NGN,0,Closed,2022-12-28 00:00:00,Performing
DANIEL OYIMINI PETER,"=""22300338382""",14 15 Prince Alaba Oniru Road Victoria Island,"=""07012554006""","=""10580441""","=""7612377""","=""8864742""",Personal fixed term loan,2022-12-12 00:00:00,190000.00,0.00,,0.00,223060.00,NGN,0,Closed,2023-01-11 00:00:00,Performing
DANIEL OYIMINI PETER,"=""22300338382""",14 15 Prince Alaba Oniru Road Victoria Island,"=""07012554006""","=""10580441""","=""7612377""","=""9139353""",Personal fixed term loan,2023-01-11 00:00:00,70000.00,0.00,,0.00,89390.00,NGN,0,Closed,2023-02-10 00:00:00,Performing
RANYI OLADAPO OMOJOLA,"=""22214171189""",NO 1A MAJOR STREET IDALE QRT ODODEIDANREONDO Akure South O,"=""08134990033""","=""9704094""","=""977325""","=""1763293633""",Personal fixed term loan,2019-09-19 00:00:00,45000.00,0.00,,0.00,29020.00,NGN,0,Closed,2019-11-18 00:00:00,Performing
OGBOR JACOB EDIRI,"=""22222767635""",P O BOX 159 UGHELLI,"=""2348026420606""","=""9707838""","=""3702660""","=""3702660""",Personal fixed term loan,2022-01-17 00:00:00,35000.00,36540.00,,0.00,12560.00,NGN,0,Open,2022-05-17 00:00:00,Performing
MAMMAN BARAKA IFO,"=""22319473757""",SARKIN YAKIS HOUSE UNGUWAR ALKALI QTRS Katsina Katsina Sta,"=""08064338121""","=""9932590""","=""10340735""","=""28391718""",Personal fixed term loan,2020-12-18 00:00:00,100000.00,119628.00,,119628.00,24000.00,NGN,958,Open,2021-06-16 00:00:00,Lost
AJALAJI ISAAC DUROTIMI,"=""22357827770""",Oka 300102 Benin City Edo Nigeria,"=""08022986991""","=""10022409""","=""16694387""","=""220260511""",Personal fixed term loan,2023-04-07 00:00:00,250000.00,365750.00,,0.00,73150.00,NGN,0,Open,2023-09-04 00:00:00,Performing
CHRISTOPHER HELEN IYANMANU,"=""22305429010""",12 TEMIDAYO CLOSE AGORO IJOKOOGUN STATE,,"=""10182517""","=""1350332""","=""8742831""",Personal fixed term loan,2020-10-15 00:00:00,30000.00,0.00,,0.00,12900.00,NGN,0,Open,2021-01-13 00:00:00,Performing
DIOKPA CHUKUDI ERIC,"=""22308177730""",BABALOLA HOUSE BACK OF TOTAL FILLING STATION RUFAI SAL,,"=""10436502""","=""8252190""","=""2003816156""",Personal fixed term loan,2020-08-22 00:00:00,5000.00,0.00,,0.00,6000.00,NGN,0,Open,2020-09-07 00:00:00,Performing
JUDE BLESSING OLUCHI,"=""22185620264""",ACCESS BANK PLC HEAD OFFICE LAGOS,"=""08145662260""","=""10602108""","=""5791300""","=""6064947""",Personal fixed term loan,2022-03-03 00:00:00,5000.00,0.00,,0.00,3330.00,NGN,0,Closed,2022-05-02 00:00:00,Performing
JUDE BLESSING OLUCHI,"=""22185620264""",ACCESS BANK PLC HEAD OFFICE LAGOS,"=""08145662260""","=""10602108""","=""5791300""","=""6482090""",Personal fixed term loan,2022-04-16 00:00:00,15000.00,0.00,,0.00,19290.00,NGN,0,Closed,2022-05-16 00:00:00,Performing
JUDE BLESSING OLUCHI,"=""22185620264""",ACCESS BANK PLC HEAD OFFICE LAGOS,"=""08145662260""","=""10602108""","=""5791300""","=""6790908""",Personal fixed term loan,2022-05-19 00:00:00,5000.00,0.00,,0.00,6000.00,NGN,0,Closed,2022-06-03 00:00:00,Performing
JUDE BLESSING OLUCHI,"=""22185620264""",ACCESS BANK PLC HEAD OFFICE LAGOS,"=""08145662260""","=""10602108""","=""5791300""","=""6973158""",Personal fixed term loan,2022-06-08 00:00:00,7500.00,0.00,,0.00,9615.00,NGN,0,Closed,2022-07-08 00:00:00,Performing
JUDE BLESSING OLUCHI,"=""22185620264""",ACCESS BANK PLC HEAD OFFICE LAGOS,"=""08145662260""","=""10602108""","=""5791300""","=""7094698""",Personal fixed term loan,2022-06-20 00:00:00,25000.00,0.00,,0.00,30000.00,NGN,0,Closed,2022-07-05 00:00:00,Performing
JUDE BLESSING OLUCHI,"=""22185620264""",ACCESS BANK PLC HEAD OFFICE LAGOS,"=""08145662260""","=""10602108""","=""5791300""","=""7250819""",Personal fixed term loan,2022-07-05 00:00:00,25000.00,0.00,,0.00,30000.00,NGN,0,Closed,2022-08-03 00:00:00,Performing
JUDE BLESSING OLUCHI,"=""22185620264""",ACCESS BANK PLC HEAD OFFICE LAGOS,"=""08145662260""","=""10602108""","=""5791300""","=""7503038""",Personal fixed term loan,2022-07-30 00:00:00,15000.00,0.00,,0.00,18000.00,NGN,0,Closed,2022-08-15 00:00:00,Performing
JUDE BLESSING OLUCHI,"=""22185620264""",ACCESS BANK PLC HEAD OFFICE LAGOS,"=""08145662260""","=""10602108""","=""5791300""","=""7664144""",Personal fixed term loan,2022-08-15 00:00:00,15000.00,0.00,,0.00,19230.00,NGN,0,Closed,2022-09-14 00:00:00,Performing
JUDE BLESSING OLUCHI,"=""22185620264""",ACCESS BANK PLC HEAD OFFICE LAGOS,"=""08145662260""","=""10602108""","=""5791300""","=""7955595""",Personal fixed term loan,2022-09-12 00:00:00,25000.00,0.00,,0.00,31575.00,NGN,0,Closed,2022-10-27 00:00:00,Performing
IBEABUCHI IFEOMA NWANDO,,7 TEWOGBADE STREET OJODU BERGER Ikeja Lagos State,"=""2348052802624""","=""9717104""","=""7807963""","=""2021158676""",Personal fixed term loan,2021-03-04 00:00:00,10000.00,0.00,,0.00,5750.00,NGN,0,Open,2021-05-03 00:00:00,Performing
OMOJOWO BOLAJI BENEDICT,"=""22157139277""",9 Saliu Adegboyega street Agiliti Mile12 Lagos,"=""2348035733177""","=""9750528""","=""1146723""","=""3130515150""",Personal fixed term loan,2021-04-23 00:00:00,30000.00,0.00,,0.00,17250.00,NGN,0,Open,2021-06-22 00:00:00,Performing
ADEKUNLE FLORENCE,,3 ALAFIA STREET SANYO AREA Ibadan SouthEast Oyo State,"=""08168947158""","=""9842261""","=""7245425""","=""59637153""",Personal fixed term loan,2021-03-22 00:00:00,10000.00,12500.00,,12500.00,11000.00,NGN,894,Open,2021-04-21 00:00:00,Lost
SAMUEL BUKOLA RUTH,"=""22296999376""",BEST LINK COMP IDIAGBON COMPOUND OS,"=""2348038381012""","=""10014469""","=""663477""","=""2087301177""",Personal fixed term loan,2022-01-11 00:00:00,120000.00,0.00,,0.00,40190.00,NGN,0,Closed,2022-05-11 00:00:00,Performing
SAMUEL BUKOLA RUTH,"=""22296999376""",BEST LINK COMP IDIAGBON COMPOUND OS,"=""2348038381012""","=""10014469""","=""663477""","=""7013268""",Personal fixed term loan,2022-06-11 00:00:00,10000.00,0.00,,0.00,12000.00,NGN,0,Closed,2022-06-27 00:00:00,Performing
SAMUEL BUKOLA RUTH,"=""22296999376""",BEST LINK COMP IDIAGBON COMPOUND OS,"=""2348038381012""","=""10014469""","=""663477""","=""7195129""",Personal fixed term loan,2022-06-30 00:00:00,25000.00,0.00,,0.00,30000.00,NGN,0,Closed,2022-07-15 00:00:00,Performing
SAMUEL BUKOLA RUTH,"=""22296999376""",BEST LINK COMP IDIAGBON COMPOUND OS,"=""2348038381012""","=""10014469""","=""663477""","=""8036042""",Personal fixed term loan,2022-09-20 00:00:00,30000.00,0.00,,0.00,36000.00,NGN,0,Closed,2022-10-05 00:00:00,Performing
SAMUEL BUKOLA RUTH,"=""22296999376""",BEST LINK COMP IDIAGBON COMPOUND OS,"=""2348038381012""","=""10014469""","=""663477""","=""8217856""",Personal fixed term loan,2022-10-07 00:00:00,27500.00,0.00,,0.00,35750.00,NGN,0,Closed,2022-11-07 00:00:00,Performing
SAMUEL BUKOLA RUTH,"=""22296999376""",BEST LINK COMP IDIAGBON COMPOUND OS,"=""2348038381012""","=""10014469""","=""663477""","=""8476201""",Personal fixed term loan,2022-11-02 00:00:00,50000.00,0.00,,0.00,64750.00,NGN,0,Closed,2022-12-02 00:00:00,Performing
SAMUEL BUKOLA RUTH,"=""22296999376""",BEST LINK COMP IDIAGBON COMPOUND OS,"=""2348038381012""","=""10014469""","=""663477""","=""8777337""",Personal fixed term loan,2022-12-03 00:00:00,30000.00,0.00,,0.00,39000.00,NGN,0,Closed,2023-01-02 00:00:00,Performing
SAMUEL BUKOLA RUTH,"=""22296999376""",BEST LINK COMP IDIAGBON COMPOUND OS,"=""2348038381012""","=""10014469""","=""663477""","=""9091716""",Personal fixed term loan,2023-01-06 00:00:00,22500.00,0.00,,0.00,27000.00,NGN,0,Closed,2023-01-23 00:00:00,Performing
ADEMOLA ABDULRAZAQ ADESINA,"=""22162192823""",NO 1  FIRST COORPRATIVE MUSLIM OGB ERE  IBADAN,"=""08066239042""","=""10078459""","=""1644322""","=""22041176""",Personal fixed term loan,2020-12-25 00:00:00,30000.00,0.00,,0.00,38280.00,NGN,0,Closed,2021-01-25 00:00:00,Performing
SALAMI OLALEKAN ABDMAJEED,"=""22159717008""",20 GBADA SALAMI STR IDIMU,"=""08023463741""","=""10352011""","=""43818836""","=""10526115""",Personal fixed term loan,2023-06-07 00:00:00,20000.00,25400.00,,0.00,25400.00,NGN,0,Open,2023-07-07 00:00:00,Performing
AKINTOBI BABATUNDE SUNDAY,"=""22173245547""",PrimaryAddressLine1,"=""08066649699""","=""10409399""","=""7645225""","=""7486106""",Personal fixed term loan,2022-07-29 00:00:00,25000.00,0.00,,0.00,30000.00,NGN,0,Closed,2022-08-15 00:00:00,Performing
FALEYE FOLUSO DAMILOLA,"=""22202232818""",OLUJODA OFF IKERE ROAD ADO EKITI,"=""23408067491087""","=""10605922""","=""8399735""","=""6002134083""",Personal fixed term loan,2020-12-29 00:00:00,40000.00,0.00,,0.00,20050.00,NGN,0,Open,2021-03-29 00:00:00,Performing
UGBOJI GREGORY,"=""22277023986""",6 IRUANYA STREET OFF RD ROAD OKPORO,"=""23408028960692""","=""9834717""","=""529330""","=""6636286""",Personal fixed term loan,2022-05-02 00:00:00,15000.00,0.00,,0.00,19500.00,NGN,0,Closed,2022-06-01 00:00:00,Performing
UGBOJI GREGORY,"=""22277023986""",6 IRUANYA STREET OFF RD ROAD OKPORO,"=""23408028960692""","=""9834717""","=""529330""","=""7070782""",Personal fixed term loan,2022-06-17 00:00:00,30000.00,0.00,,0.00,38460.00,NGN,0,Closed,2022-07-18 00:00:00,Performing
UGBOJI GREGORY,"=""22277023986""",6 IRUANYA STREET OFF RD ROAD OKPORO,"=""23408028960692""","=""9834717""","=""529330""","=""7333301""",Personal fixed term loan,2022-07-13 00:00:00,30000.00,0.00,,0.00,38340.00,NGN,0,Closed,2022-08-27 00:00:00,Performing
UGBOJI GREGORY,"=""22277023986""",6 IRUANYA STREET OFF RD ROAD OKPORO,"=""23408028960692""","=""9834717""","=""529330""","=""7798659""",Personal fixed term loan,2022-08-28 00:00:00,15000.00,0.00,,0.00,17475.00,NGN,0,Closed,2022-09-12 00:00:00,Performing
UGBOJI GREGORY,"=""22277023986""",6 IRUANYA STREET OFF RD ROAD OKPORO,"=""23408028960692""","=""9834717""","=""529330""","=""7871889""",Personal fixed term loan,2022-09-04 00:00:00,15000.00,0.00,,0.00,19095.00,NGN,0,Closed,2022-10-04 00:00:00,Performing
OMOGBAI RACHEAL,"=""22352089148""",London E6 1PG UK,"=""08115075680""","=""9858332""","=""1536077""","=""118778687""",Personal fixed term loan,2022-11-01 00:00:00,300000.00,0.00,,0.00,102660.00,NGN,0,Closed,2023-03-31 00:00:00,Performing
MURPHY RAYEYIWUMI,"=""22364767597""",25 BAMGBOSE IJEDE ROAD OMITORO  Ikorodu Lag,"=""23408023514468""","=""10060167""","=""8101484""","=""3093697373""",Personal fixed term loan,2020-10-15 00:00:00,5000.00,0.00,,0.00,6000.00,NGN,0,Open,2020-10-30 00:00:00,Performing
YINUSA GABRIEL SHEKWOGAZA,"=""22169677400""",PLOT 1 SHEKWO AVENUE NEW GOVT LAYOUT ALONG SABON GARI ROAD,"=""23407037788400""","=""10422559""","=""11767339""","=""28439416""",Personal fixed term loan,2022-02-24 00:00:00,300000.00,0.00,,0.00,46250.00,NGN,0,Closed,2023-02-27 00:00:00,Performing
ABDULLAHI USMAN,"=""22357000409""",C 01 KASUWAN DARE STREET LAST BUS STOP MINNA Chanchaga Nig,"=""08038665741""","=""10444202""","=""2027673""","=""125461202""",Personal fixed term loan,2020-12-19 00:00:00,5000.00,0.00,,0.00,6000.00,NGN,0,Open,2021-01-04 00:00:00,Performing
ADU DAMILOLA SUNDAY,"=""22280484866""",15 OLADIMEJI ILE IWE ABULE GBALAGOS,"=""09038108906""","=""10460580""","=""6315871""","=""10463393""",Personal fixed term loan,2023-06-01 00:00:00,5000.00,0.00,,0.00,6500.00,NGN,0,Closed,2023-07-01 00:00:00,Performing
JAMIU ADEDIGBA,"=""22251205926""",Nigeria,"=""07061287040""","=""10548239""","=""6217731""","=""5457074""",Personal fixed term loan,2021-12-23 00:00:00,70000.00,0.00,,0.00,20410.00,NGN,0,Closed,2022-06-28 00:00:00,Performing
JAMIU ADEDIGBA,"=""22251205926""",Nigeria,"=""07061287040""","=""10548239""","=""6217731""","=""6888316""",Personal fixed term loan,2022-05-30 00:00:00,80000.00,0.00,,0.00,27376.00,NGN,0,Closed,2022-11-10 00:00:00,Performing
JAMIU ADEDIGBA,"=""22251205926""",Nigeria,"=""07061287040""","=""10548239""","=""6217731""","=""8542144""",Personal fixed term loan,2022-11-09 00:00:00,110000.00,0.00,,0.00,37642.00,NGN,0,Closed,2023-04-25 00:00:00,Performing
ONYEAMA CHIOMA JENNIFER,"=""22385838098""",12 HELENA BALOGUN OFF PILLAR AVENUE IKORODU Ikorodu Lagos,"=""2348029533277""","=""10618931""","=""11558618""","=""4580584""",Personal fixed term loan,2021-09-07 00:00:00,100000.00,78944.00,,78944.00,35240.00,NGN,1050,Open,2022-01-20 00:00:00,Lost
WILSON JOSEPH BAMIDELE,"=""22177602078""",23AJIBULU STRMAFOLUKU OSHODI LAGOS OshodiIsolo Lagos State,,"=""10619533""","=""8753200""","=""164511333""",Personal fixed term loan,2021-01-13 00:00:00,15000.00,0.00,,0.00,19500.00,NGN,0,Open,2021-02-12 00:00:00,Performing
AGBOOLA JOHNSON JOHNSON,"=""22239014078""",BLOCK 2 NEW BLOCK BIU MIL BARRACK,"=""23408069241000""","=""9792668""","=""38724779""","=""10015613""",Personal fixed term loan,2023-04-19 00:00:00,5000.00,0.00,,0.00,5835.00,NGN,0,Closed,2023-05-19 00:00:00,Performing
AJAYI OPEYEMI TIMILEYIN,"=""22300174807""",07 ANUOLUWAPO ILOGBO OTA CORPER SERVING IN ISOKAN LG,"=""08107972813""","=""9852530""","=""37149079""","=""9874749""",Personal fixed term loan,2023-04-05 00:00:00,10000.00,54370.00,,0.00,10874.00,NGN,0,Open,2023-09-02 00:00:00,Performing
UZOAGBADIKE KINGSLEY BARRY,"=""22374684020""",16 KAREEM STREET OLODI APAPA,"=""09128235046""","=""9907648""","=""23959838""","=""5903846""",Personal fixed term loan,2022-02-13 00:00:00,40000.00,0.00,,0.00,50960.00,NGN,0,Open,2022-03-15 00:00:00,Performing
UZOAGBADIKE KINGSLEY BARRY,"=""22374684020""",16 KAREEM STREET OLODI APAPA,"=""09128235046""","=""9907648""","=""23959838""","=""9984435""",Personal fixed term loan,2023-04-16 00:00:00,300000.00,348000.00,,0.00,348000.00,NGN,0,Open,2023-05-16 00:00:00,Performing
JAMES JOSHUA,"=""22264602451""",FLAT 20 KADO ESTATE PHASE 1 RD 12,"=""08134736278""","=""9957669""","=""1807380""","=""32437557""",Personal fixed term loan,2019-11-06 00:00:00,35000.00,0.00,,0.00,43750.00,NGN,0,Open,2019-12-06 00:00:00,Performing
UWAILA FRANK,"=""22286301910""",NO 62 IGBESANMWAN STR OFF 1ST EAST CIRCULAR,"=""08035850568""","=""9963234""","=""797274""","=""9106847""",Personal fixed term loan,2023-01-08 00:00:00,15000.00,0.00,,0.00,17250.00,NGN,0,Closed,2023-01-23 00:00:00,Performing
AYETIN STEPHEN ECHIOMA,"=""22430815193""",BENOBUH STREET AGBOR Ika North East Delta S,"=""08164272157""","=""9996458""","=""9219539""","=""1130783071""",Personal fixed term loan,2020-10-22 00:00:00,5000.00,4807.00,,4807.00,6000.00,NGN,1060,Open,2020-11-06 00:00:00,Lost
MOHAMMED ABUBAKAR YARO,"=""22355086669""",NO 2043 ANGUWA UKU FILIN KASHU Tarauni Kano State,,"=""10080154""","=""10400297""","=""3077175628""",Personal fixed term loan,2020-12-19 00:00:00,20000.00,24000.00,,24000.00,26000.00,NGN,987,Open,2021-01-18 00:00:00,Lost
OJEIKERE BABATUNDE MICHAEL,,PLOT 27 DOUALA STREET WUSE ZONE 5 ABUJA,"=""2348032954187""","=""10456118""","=""39881213""","=""10724980""",Personal fixed term loan,2023-06-27 00:00:00,20000.00,23600.00,,0.00,23600.00,NGN,0,Open,2023-07-12 00:00:00,Performing
AKINREMI AKINYEMI FESTUS,"=""22193690130""",ALABERE STREET OLORUNTELE OKEIGBO Ile Oluji Okeigbo Ondo,"=""08083821834""","=""10459496""","=""11616244""","=""2012739206""",Personal fixed term loan,2021-02-27 00:00:00,10000.00,0.00,,0.00,11000.00,NGN,0,Open,2021-03-15 00:00:00,Performing
EMANKHU BLESSING ILOEBEK,"=""22148228359""",78 ADEKEYE STREETAJEGUNLELagos State,,"=""10480135""","=""7226400""","=""6875577""",Personal fixed term loan,2022-05-29 00:00:00,25000.00,0.00,,0.00,32500.00,NGN,0,Closed,2022-07-05 00:00:00,Performing
EMANKHU BLESSING ILOEBEK,"=""22148228359""",78 ADEKEYE STREETAJEGUNLELagos State,,"=""10480135""","=""7226400""","=""7273356""",Personal fixed term loan,2022-07-07 00:00:00,60000.00,0.00,,0.00,76920.00,NGN,0,Closed,2022-08-08 00:00:00,Performing
KAIGAMA AMINU ABBAS,"=""22259828640""",KAIGAMA PALACE GARBA CHEDE BALI LGA TARABA STATE Bali Tara,"=""08024582265""","=""10487942""","=""3240065""","=""5331924507""",Personal fixed term loan,2020-03-01 00:00:00,5000.00,0.00,,0.00,6250.00,NGN,0,Closed,2020-03-31 00:00:00,Performing
ALLI HAMEED MOHAMMED,"=""22277109556""",BO 11 FEDERAL HOUSING EST IPAJA LAGOS,"=""08163141707""","=""10596136""","=""42650840""","=""10035088""",Personal fixed term loan,2023-04-20 00:00:00,5000.00,6500.00,,0.00,6500.00,NGN,0,Open,2023-05-20 00:00:00,Performing
OKECHUKWU CHIKE BENEDICT,"=""22246158013""",UMUOPARA EZEOGBA EMEKUKU OWERRI IMO STATE Owerri North Imo,"=""08034921469""","=""10656066""","=""6798008""","=""1926344""",Personal fixed term loan,2020-04-07 00:00:00,5000.00,0.00,,0.00,5750.00,NGN,0,Closed,2020-04-22 00:00:00,Performing
EZEKWE NWAMAKA,"=""22346293234""",Rumo Aholu 500272 Port Harcourt Nigeria,"=""07081285394""","=""9906062""","=""8570391""","=""84167148""",Personal fixed term loan,2020-09-11 00:00:00,20000.00,0.00,,0.00,23000.00,NGN,0,Open,2020-09-28 00:00:00,Performing
AFUAPE ADEYANJU,"=""22266201069""",PrimaryAddressLine1,"=""08164098328""","=""9958608""","=""16281475""","=""3183520804""",Personal fixed term loan,2022-08-31 00:00:00,900000.00,0.00,,0.00,146250.00,NGN,0,Closed,2023-08-28 00:00:00,Performing
UDOH SOLOMON UDOH,"=""22249750777""",86 AINA STREET AGUDA SURULERE LAGOS Surulere Lagos State L,,"=""9996461""","=""8650841""","=""69241634""",Personal fixed term loan,2020-09-17 00:00:00,15000.00,300.00,,300.00,19500.00,NGN,386,Open,2020-10-19 00:00:00,Lost
ABEI FRANCIS,"=""22265563357""",4GREEN VILLE ROAD YENAGOA,"=""07034662980""","=""10021310""","=""8511580""","=""1403003776""",Personal fixed term loan,2021-01-29 00:00:00,70000.00,0.00,,0.00,31730.00,NGN,0,Open,2021-04-29 00:00:00,Performing
ABEI FRANCIS,"=""22265563357""",4GREEN VILLE ROAD YENAGOA,"=""07034662980""","=""10021310""","=""8511580""","=""5035304""",Personal fixed term loan,2021-11-03 00:00:00,130000.00,0.00,,0.00,34360.00,NGN,0,Closed,2022-05-02 00:00:00,Performing
AMORE DAMILOLA DOLAPO,"=""22171641727""",11 AINA STREET UNITY ESTATE ISHAGA LAGOS,,"=""10342592""","=""24258584""","=""9976026""",Personal fixed term loan,2023-04-15 00:00:00,10000.00,0.00,,0.00,11600.00,NGN,0,Closed,2023-05-15 00:00:00,Performing
aguele enoseta jude,"=""22168840779""",112 road off 11th road house 11 gowon esta,"=""08023046776""","=""10415626""","=""27990924""","=""9851379""",Personal fixed term loan,2023-04-03 00:00:00,30000.00,41010.00,,0.00,8202.00,NGN,0,Open,2023-09-16 00:00:00,Performing
ADEOJO TEMITOPE ADEBOLA,"=""22222434218""",NO 5 AKINTEGBE HSE IWO RD IBADAN  Ekiti South West  Ekiti,"=""07066033588""","=""10536239""","=""1919376""","=""2078222058""",Personal fixed term loan,2020-12-07 00:00:00,35000.00,0.00,,0.00,45500.00,NGN,0,Open,2021-01-06 00:00:00,Performing
AYOADE JELILI ADEYEMI,"=""22293284884""",33 IKORAOO TUDUN WADA GUSAU Gusau Zamfara State,"=""08035322606""","=""10589570""","=""1544217""","=""3030584080""",Personal fixed term loan,2020-03-13 00:00:00,30000.00,0.00,,0.00,36600.00,NGN,0,Closed,2020-04-14 00:00:00,Performing
ATINSOLA MOTUNRAYO AISHA,"=""22251030243""",10 GAA STREET SABO ABEOKUTA,"=""09131528721""","=""10636449""","=""12663556""","=""3680706""",Personal fixed term loan,2021-05-06 00:00:00,20000.00,29000.00,,29000.00,26000.00,NGN,1867,Open,2021-06-16 00:00:00,Lost
ADEOMI OLAJIDE OLUBUNMI,"=""22364917965""",ORISUNMIBARE STREET ONDO ROAD,,"=""10734164""","=""678316""","=""5507343019""",Personal fixed term loan,2021-11-23 00:00:00,10000.00,0.00,,0.00,12000.00,NGN,0,Open,2022-01-30 00:00:00,Performing
ADEOMI OLAJIDE OLUBUNMI,"=""22364917965""",ORISUNMIBARE STREET ONDO ROAD,,"=""10734164""","=""678316""","=""5773592""",Personal fixed term loan,2022-01-30 00:00:00,20000.00,0.00,,0.00,26000.00,NGN,0,Closed,2022-03-11 00:00:00,Performing
ADEOMI OLAJIDE OLUBUNMI,"=""22364917965""",ORISUNMIBARE STREET ONDO ROAD,,"=""10734164""","=""678316""","=""7074845""",Personal fixed term loan,2022-06-18 00:00:00,10000.00,0.00,,0.00,12000.00,NGN,0,Closed,2022-07-04 00:00:00,Performing
ADEOMI OLAJIDE OLUBUNMI,"=""22364917965""",ORISUNMIBARE STREET ONDO ROAD,,"=""10734164""","=""678316""","=""7546491""",Personal fixed term loan,2022-08-03 00:00:00,15000.00,0.00,,0.00,19500.00,NGN,0,Closed,2022-09-02 00:00:00,Performing
ADEOMI OLAJIDE OLUBUNMI,"=""22364917965""",ORISUNMIBARE STREET ONDO ROAD,,"=""10734164""","=""678316""","=""7907399""",,2022-09-07 00:00:00,10000.00,0.00,,0.00,13000.00,NGN,0,Closed,2022-10-07 00:00:00,Performing
ADEOMI OLAJIDE OLUBUNMI,"=""22364917965""",ORISUNMIBARE STREET ONDO ROAD,,"=""10734164""","=""678316""","=""8354722""",Personal fixed term loan,2022-10-21 00:00:00,5000.00,0.00,,0.00,6000.00,NGN,0,Closed,2022-11-07 00:00:00,Performing
UKPABIO KINGLSEY ETIM,"=""22384854659""",PrimaryAddressLine1,"=""08160955809""","=""9827992""","=""8378527""","=""9839215""",Personal fixed term loan,2023-04-02 00:00:00,2500.00,0.00,,0.00,2992.50,NGN,0,Closed,2023-04-17 00:00:00,Performing
AKINFENWA OLAJIDE PEDICA,"=""22361220587""",39SUNDAY FADIPE ADURA ALAGBADO,"=""09090305430""","=""10282129""","=""5803705""","=""10634713""",Personal fixed term loan,2023-06-18 00:00:00,5000.00,0.00,,0.00,6500.00,NGN,0,Closed,2023-07-18 00:00:00,Performing
BINUYO VICTOR OLUBUSOLA,,SUR  GEO INFO DEPT OSCOTECH ESA O,"=""08034547900""","=""10317268""","=""22724""","=""2781248144""",Personal fixed term loan,2022-04-19 00:00:00,750000.00,0.00,,0.00,322740.00,NGN,0,Closed,2022-08-02 00:00:00,Performing
SOWORE OLUSESAN EMMANUEL,"=""22152558424""",NO 78 SANNI BALOGUN STREET AGEGE,,"=""10461898""","=""28228320""","=""10743181""",Personal fixed term loan,2023-06-30 00:00:00,50000.00,65100.00,,0.00,32550.00,NGN,0,Open,2023-08-29 00:00:00,Performing
JOHN HILLARY ONAH,"=""22211335182""",TUNDUN WADA STREET,,"=""10603150""","=""36129941""","=""9164509797""",Personal fixed term loan,2022-07-11 00:00:00,450000.00,851350.00,,851350.00,130650.00,NGN,418,Open,2023-01-09 00:00:00,Lost
YUSUF BUKOLA,"=""22205824427""",3 ENIYANI STREET ALAPERE KETU LAGOS MAINLAND Ikorodu Lagos,"=""09097332089""","=""10702983""","=""548951""","=""10200319""",Personal fixed term loan,2023-05-06 00:00:00,45000.00,0.00,,0.00,23835.00,NGN,0,Closed,2023-08-04 00:00:00,Performing
YUSUF BUKOLA,"=""22205824427""",3 ENIYANI STREET ALAPERE KETU LAGOS MAINLAND Ikorodu Lagos,"=""09097332089""","=""10702983""","=""548951""","=""10690038""",Personal fixed term loan,2023-06-24 00:00:00,27500.00,0.00,,0.00,33412.50,NGN,0,Closed,2023-07-09 00:00:00,Performing
YUSUF BUKOLA,"=""22205824427""",3 ENIYANI STREET ALAPERE KETU LAGOS MAINLAND Ikorodu Lagos,"=""09097332089""","=""10702983""","=""548951""","=""8423005""",Personal fixed term loan,2022-10-28 00:00:00,15000.00,0.00,,0.00,17250.00,NGN,0,Closed,2022-11-14 00:00:00,Performing
YUSUF BUKOLA,"=""22205824427""",3 ENIYANI STREET ALAPERE KETU LAGOS MAINLAND Ikorodu Lagos,"=""09097332089""","=""10702983""","=""548951""","=""8602299""",Personal fixed term loan,2022-11-15 00:00:00,10000.00,0.00,,0.00,11960.00,NGN,0,Closed,2022-11-30 00:00:00,Performing
YUSUF BUKOLA,"=""22205824427""",3 ENIYANI STREET ALAPERE KETU LAGOS MAINLAND Ikorodu Lagos,"=""09097332089""","=""10702983""","=""548951""","=""8754680""",Personal fixed term loan,2022-12-01 00:00:00,50000.00,0.00,,0.00,63500.00,NGN,0,Closed,2023-01-02 00:00:00,Performing
YUSUF BUKOLA,"=""22205824427""",3 ENIYANI STREET ALAPERE KETU LAGOS MAINLAND Ikorodu Lagos,"=""09097332089""","=""10702983""","=""548951""","=""9085945""",Personal fixed term loan,2023-01-05 00:00:00,15000.00,0.00,,0.00,19500.00,NGN,0,Closed,2023-02-06 00:00:00,Performing
YUSUF BUKOLA,"=""22205824427""",3 ENIYANI STREET ALAPERE KETU LAGOS MAINLAND Ikorodu Lagos,"=""09097332089""","=""10702983""","=""548951""","=""9368588""",Personal fixed term loan,2023-02-07 00:00:00,15000.00,0.00,,0.00,19500.00,NGN,0,Closed,2023-03-09 00:00:00,Performing
YUSUF BUKOLA,"=""22205824427""",3 ENIYANI STREET ALAPERE KETU LAGOS MAINLAND Ikorodu Lagos,"=""09097332089""","=""10702983""","=""548951""","=""9658197""",Personal fixed term loan,2023-03-14 00:00:00,15000.00,0.00,,0.00,19500.00,NGN,0,Closed,2023-04-13 00:00:00,Performing
ADENIYI OLADELE,,plot 999 zakariya mailamari cbd abuja Municipal Area Counc,"=""2348033748848""","=""10734969""","=""5437493""","=""1676447""",Personal fixed term loan,2020-02-25 00:00:00,10000.00,0.00,,0.00,11500.00,NGN,0,Closed,2020-03-11 00:00:00,Performing
ADENIYI OLADELE,,plot 999 zakariya mailamari cbd abuja Municipal Area Counc,"=""2348033748848""","=""10734969""","=""5437493""","=""1838003""",Personal fixed term loan,2020-03-17 00:00:00,20000.00,0.00,,0.00,24400.00,NGN,0,Closed,2020-04-16 00:00:00,Performing
AMOS PAUL AYO,"=""22201214923""",39 JI AMAO STREET,"=""2348032563690""","=""9755574""","=""15640114""","=""9935493""",Personal fixed term loan,2023-04-11 00:00:00,70000.00,87150.00,,0.00,43575.00,NGN,0,Open,2023-06-10 00:00:00,Performing
SUNMONU OLUGBENGA OMOLAJA,"=""22142182895""",72 IWAYA ROAD ONIKE YABA LAGOS,"=""2348056167523""","=""9757731""","=""22142182895""","=""A1497248""",,2023-06-30 00:00:00,1000000.00,,,,398297.60,NGN,0,Closed,2023-09-29 00:00:00,Performing
ABIODUN LATEEFAT ABINBOLA,"=""22357935118""",5 ATOLAGBE STREET AMUKOKO LAGOS AjeromiI,"=""09028406786""","=""9861080""","=""8280210""","=""2095579171""",Personal fixed term loan,2021-02-04 00:00:00,50000.00,0.00,,0.00,65000.00,NGN,0,Open,2021-03-08 00:00:00,Performing
PAUL OFOMA OGUGUA,"=""22329823999""",BEHIND OLD POLY QRTS LOKOJA Lokoja Kogi State,"=""23408035586262""","=""9928114""","=""6424118""","=""1841794""",Personal fixed term loan,2020-03-18 00:00:00,2500.00,0.00,,0.00,2870.00,NGN,0,Closed,2020-04-02 00:00:00,Performing
PAUL OFOMA OGUGUA,"=""22329823999""",BEHIND OLD POLY QRTS LOKOJA Lokoja Kogi State,"=""23408035586262""","=""9928114""","=""6424118""","=""6016471165""",Personal fixed term loan,2020-03-18 00:00:00,2500.00,0.00,,0.00,2870.00,NGN,0,Closed,2020-04-02 00:00:00,Performing
ABDULLAHI IBRAHIM,"=""22168875223""",42 ZOO ROAD DANGIDANGI BSTOP KANO  Kumbotso Kano State,"=""08035685570""","=""10337587""","=""6746133""","=""20990478""",Personal fixed term loan,2020-12-15 00:00:00,50000.00,71500.00,,71500.00,64000.00,NGN,991,Open,2021-01-14 00:00:00,Lost
LAWAL TAWA TEMITOPE,"=""22240642440""",Umurolu Port Harcourt Nigeria,"=""07032276781""","=""10449177""","=""8450915""","=""3073210729""",Personal fixed term loan,2020-09-28 00:00:00,30000.00,0.00,,0.00,38700.00,NGN,0,Open,2020-10-28 00:00:00,Performing
DANBOYI EVELYN,"=""22256400564""",NO 4 GAUDE AUTA ROADKAMAZOUKADUNA,"=""07032444385""","=""10555298""","=""38373342""","=""9924939""",Personal fixed term loan,2023-04-10 00:00:00,80000.00,121600.00,,0.00,40534.00,NGN,0,Open,2023-07-10 00:00:00,Performing
BAMIDELE OLUWAYEMISI,"=""22145258818""",BLOCK 241 CAMP 5 OJO CANTONMENT LAGOS Ojo L,"=""08059102566""","=""10618556""","=""5703781""","=""4987732""",,2021-10-29 00:00:00,200000.00,0.00,,0.00,45729.00,NGN,0,Closed,2022-10-26 00:00:00,Performing
BAMIDELE OLUWAYEMISI,"=""22145258818""",BLOCK 241 CAMP 5 OJO CANTONMENT LAGOS Ojo L,"=""08059102566""","=""10618556""","=""5703781""","=""6002462002""",Personal fixed term loan,2021-01-25 00:00:00,50000.00,26160.00,,0.00,26660.00,NGN,0,Open,2021-04-26 00:00:00,Performing
ANIGBOGU UDENNA SUNDAY,"=""22184735213""",agege,"=""08039279329""","=""10692560""","=""6043086""","=""7081284""",Personal fixed term loan,2022-06-18 00:00:00,50000.00,0.00,,0.00,65000.00,NGN,0,Closed,2022-07-18 00:00:00,Performing
ANIGBOGU UDENNA SUNDAY,"=""22184735213""",agege,"=""08039279329""","=""10692560""","=""6043086""","=""7326363""",Personal fixed term loan,2022-07-13 00:00:00,60000.00,0.00,,0.00,77700.00,NGN,0,Closed,2022-08-12 00:00:00,Performing
ANIGBOGU UDENNA SUNDAY,"=""22184735213""",agege,"=""08039279329""","=""10692560""","=""6043086""","=""7527635""",Personal fixed term loan,2022-08-02 00:00:00,40000.00,0.00,,0.00,52000.00,NGN,0,Closed,2022-09-01 00:00:00,Performing
ANIGBOGU UDENNA SUNDAY,"=""22184735213""",agege,"=""08039279329""","=""10692560""","=""6043086""","=""7861026""",Personal fixed term loan,2022-09-02 00:00:00,150000.00,0.00,,0.00,80000.00,NGN,0,Closed,2022-12-01 00:00:00,Performing
BUHARI ABUBAKAR ADAM,"=""22199730698""",34 abimbola shadpe surulere lagos,"=""2347040385584""","=""10779263""","=""5955948""","=""6146664""",Personal fixed term loan,2022-03-11 00:00:00,7500.00,0.00,,0.00,9480.00,NGN,0,Closed,2022-03-28 00:00:00,Performing
UMBU INEI CONFIDENCE,"=""22299746542""",Amarata epie yenagoa,"=""08035014545""","=""10781153""","=""2717093""","=""2007495289""",Personal fixed term loan,2021-02-18 00:00:00,15000.00,0.00,,0.00,19500.00,NGN,0,Closed,2021-03-22 00:00:00,Performing
NIKORO HENRY GABRIEL,"=""22299184427""",BEHIND CH WATER BWARE GLOBA LIGHT ASSEMBLY COMPOUND,"=""08033996836""","=""9710223""","=""14570952""","=""2083241336""",Personal fixed term loan,2022-06-23 00:00:00,250000.00,0.00,,0.00,127667.00,NGN,0,Closed,2022-10-23 00:00:00,Performing
OSIGBEMHE CALINEZ OMOKHEPUE,"=""22231328560""",KM 28 BOLIVIIAS HOUSE OGBONNA,"=""08034327502""","=""9860281""","=""28759445""","=""10107348""",Personal fixed term loan,2023-04-28 00:00:00,40000.00,46400.00,,0.00,46400.00,NGN,0,Open,2023-05-28 00:00:00,Performing
AWOGBUYI TITUS O,"=""22307924232""",11 ELEJA CLOSE OFF KAYODE SOGBESAN STREET ELEWERAN ABE,,"=""10095286""","=""23838620""","=""2008892087""",Personal fixed term loan,2022-01-04 00:00:00,300000.00,0.00,,0.00,68990.00,NGN,0,Closed,2022-11-01 00:00:00,Performing
AWOGBUYI TITUS O,"=""22307924232""",11 ELEJA CLOSE OFF KAYODE SOGBESAN STREET ELEWERAN ABE,,"=""10095286""","=""23838620""","=""5552374""",Personal fixed term loan,2022-01-04 00:00:00,300000.00,0.00,,0.00,68990.00,NGN,0,Closed,2022-11-01 00:00:00,Performing
KAZEEM FARIDA BIDEMI,"=""22414435500""",NO 24 CONFORT STREET APATA YAKUBA AREA ILORIN KWR,"=""08104272071""","=""10258948""","=""25383415""","=""2215739599""",Personal fixed term loan,2022-07-02 00:00:00,400000.00,0.00,,0.00,115467.00,NGN,0,Closed,2022-12-29 00:00:00,Performing
ISEHUNWA FEMI ABEL,"=""22286800859""",DEPT OF FOOD TECH COLLEGE OF SCIENCE,"=""08051284757""","=""10411736""","=""7999882""","=""6271233""",Personal fixed term loan,2022-03-25 00:00:00,10000.00,0.00,,0.00,13000.00,NGN,0,Closed,2022-04-25 00:00:00,Performing
ENIOBASI MICHEAL,"=""22302675627""",PrimaryAddressLine1,,"=""10416180""","=""527926""","=""4799043""",Personal fixed term loan,2021-10-06 00:00:00,20000.00,0.00,,0.00,26000.00,NGN,0,Closed,2021-11-05 00:00:00,Performing
AIDELOMO AGATHA,"=""22336126537""",HSE 5 ROAD 5 ELIMINGWE PHASE,"=""08058149736""","=""10427612""","=""2862079""","=""150792368""",Personal fixed term loan,2020-11-17 00:00:00,200000.00,0.00,,0.00,64990.00,NGN,0,Open,2021-03-17 00:00:00,Performing
SHEHU USMAN IBRAHIM,"=""22287223446""",7 NNAKADA ROAD MALALI KAD,"=""07036104340""","=""10532693""","=""7655877""","=""6063551""",Personal fixed term loan,2022-03-03 00:00:00,15000.00,0.00,,0.00,18550.00,NGN,0,Closed,2022-04-04 00:00:00,Performing
SHEHU USMAN IBRAHIM,"=""22287223446""",7 NNAKADA ROAD MALALI KAD,"=""07036104340""","=""10532693""","=""7655877""","=""6865170""",Personal fixed term loan,2022-05-27 00:00:00,15000.00,0.00,,0.00,18000.00,NGN,0,Closed,2022-06-13 00:00:00,Performing
AMONIYAN OLUWASEGUN MATTHEW,"=""22176751544""",1 LORD CRESCENT HOUSE IPORO AKE,,"=""10612259""","=""209645""","=""51074512""",Personal fixed term loan,2022-07-01 00:00:00,600000.00,0.00,,0.00,156400.00,NGN,0,Closed,2022-12-28 00:00:00,Performing
TAIWO RAZAAK,"=""22234146819""",22 ORO ROAD ILORIN Oyun Kwara State,,"=""10636795""","=""6967182""","=""174821264""",Personal fixed term loan,2022-03-01 00:00:00,400000.00,0.00,,0.00,139990.00,NGN,0,Closed,2022-06-29 00:00:00,Performing
OGBEIDE JENNIFER O,"=""22180409967""",27 ALADESURU STR OFF OREMEJI STR PALM AVENUE MUSHIN,,"=""10646076""","=""24908350""","=""5721101""",Personal fixed term loan,2022-01-14 00:00:00,80000.00,0.00,,0.00,19990.00,NGN,0,Closed,2022-07-29 00:00:00,Performing
ADEYEMI ADEDAPO OLUWATOMIWO,"=""22232994463""",Ota Nigeria,"=""08109603450""","=""10773935""","=""5420160""","=""2211202699""",Personal fixed term loan,2020-11-06 00:00:00,20000.00,0.00,,0.00,9060.00,NGN,0,Open,2021-02-04 00:00:00,Performing
ANIMOLA PATIENCE OLUWAROTIMI,"=""22340923731""",NO4 ILORO STREET OWO  Owo  Ondo State,"=""08142352227""","=""10785653""","=""8006534""","=""2135810956""",Personal fixed term loan,2020-12-15 00:00:00,40000.00,0.00,,0.00,51200.00,NGN,0,Open,2021-01-14 00:00:00,Performing
OKWUOSHA ANTHONIA ATIM,"=""22336131195""",22 VICTORY CLOSE OFF OHIA,"=""08094303200""","=""10839983""","=""10521023""","=""128761695""",Personal fixed term loan,2021-01-19 00:00:00,30000.00,0.00,,0.00,35520.00,NGN,0,Open,2021-02-03 00:00:00,Performing
ONOJA DAVID BLESSING,,BEHIND E DIVISION AKPEHE Makurdi Benue State,,"=""9728554""","=""8068110""","=""3114211638""",Personal fixed term loan,2021-01-20 00:00:00,30000.00,0.00,,0.00,38280.00,NGN,0,Open,2021-02-19 00:00:00,Performing
OKPANACHI HADIZAT LADIDI,"=""22272592588""",HOUSE 1 BEHIND PRIMARY SCHOOL ANGWAN DODO,"=""2347034458684""","=""9816219""","=""16915359""","=""5847717""",Personal fixed term loan,2022-02-07 00:00:00,25000.00,0.00,,0.00,9250.00,NGN,0,Closed,2022-06-21 00:00:00,Performing
ALETOGUN SEGUN ALFRED,"=""22211328700""",IBRAHIM BELLO RD Kiru Kano State,"=""08072436049""","=""9905097""","=""8197079""","=""1005361657""",Personal fixed term loan,2020-08-19 00:00:00,5000.00,0.00,,0.00,6500.00,NGN,0,Open,2020-09-18 00:00:00,Performing
FARAI AYOKUNLE TEMIDAYO,"=""22174243850""",14 15 Prince Alaba Oniru Road Victoria Island,"=""08100291399""","=""9912517""","=""10078996""","=""127255656""",Personal fixed term loan,2020-12-13 00:00:00,10000.00,0.00,,0.00,11600.00,NGN,0,Open,2020-12-28 00:00:00,Performing
SIMON JERRY,,ROAD 4 DURUMI EXTENSION GONIN GORA Kaduna South Kaduna St,"=""08035074251""","=""10314494""","=""10316478""","=""2717710028""",Personal fixed term loan,2021-01-04 00:00:00,20000.00,0.00,,0.00,25520.00,NGN,0,Open,2021-02-03 00:00:00,Performing
IWUAGWU KENNETH UCHENNA,"=""22238678657""",Rivers 452110 Oyigbo Nigeria,"=""08037409153""","=""10379972""","=""20375970""","=""9850070""",Personal fixed term loan,2023-04-03 00:00:00,25000.00,0.00,,0.00,29925.00,NGN,0,Closed,2023-05-03 00:00:00,Performing
OLAPADE SAMSON SEGUN,"=""22166893911""",09 OREMEJI IBADAN Lagelu Oyo State,"=""08068737377""","=""10462957""","=""6596952""","=""1891481""",Personal fixed term loan,2020-03-26 00:00:00,2500.00,0.00,,0.00,2870.00,NGN,0,Closed,2020-04-14 00:00:00,Performing
MILAH TINO JEFFREY,,17 NUMAN STREET YOLA Yola South Adamawa State,"=""07038352127""","=""10493416""","=""6829174""","=""2088935728""",Personal fixed term loan,2020-10-31 00:00:00,40000.00,0.00,,0.00,26800.00,NGN,0,Open,2020-12-30 00:00:00,Performing
AKAITO ILIYA,"=""22169442839""",NO22 AWEDELE STREET,"=""07038748096""","=""10552337""","=""5335972""","=""8154416""",,2022-10-01 00:00:00,5000.00,0.00,,0.00,5750.00,NGN,0,Closed,2022-10-17 00:00:00,Performing
AKAITO ILIYA,"=""22169442839""",NO22 AWEDELE STREET,"=""07038748096""","=""10552337""","=""5335972""","=""8178783""",,2022-10-04 00:00:00,5000.00,0.00,,0.00,6500.00,NGN,0,Closed,2022-11-03 00:00:00,Performing
ABDULLAHI JAMILU,"=""22436335394""",AA MARMARO HOUSE WASARAWA AREA ALIERO TOWN ALIERO KEB Ale,"=""08141724777""","=""10585536""","=""1539498""","=""3050198166""",Personal fixed term loan,2019-08-01 00:00:00,15000.00,0.00,,0.00,19500.00,NGN,0,Open,2019-09-02 00:00:00,Performing
ENEAPE FRANCISCA,"=""22270448687""",plot 122 jubilation bethel estate lokogoma district Munici,"=""08029990031""","=""10609961""","=""8006667""","=""23096238""",Personal fixed term loan,2021-01-04 00:00:00,50000.00,0.00,,0.00,61500.00,NGN,0,Open,2021-02-03 00:00:00,Performing
ABUBAKAR ADAMU MUSA,"=""22240649641""",NO 699 HOTORO EASTERN BYEPASS  Nasarawa Kano State,"=""08032502324""","=""10637037""","=""10359522""","=""1741754275""",Personal fixed term loan,2020-12-18 00:00:00,50000.00,66928.00,,66928.00,22660.00,NGN,987,Open,2021-03-18 00:00:00,Lost
ABIOLA GRACE YETUNDE,"=""22203953019""",28 AWOYOKUN ONIPANU  LAGOSISLAND Lagos Island Lagos State,,"=""10766968""","=""10804558""","=""212988959""",Personal fixed term loan,2023-03-08 00:00:00,500000.00,0.00,,0.00,216167.00,NGN,0,Closed,2023-06-19 00:00:00,Performing
NGWOBIA WISDOM PETER,"=""22180510890""",14 TRANS AMADI ROAD RUMUOBIOKANI ObioAkpor Rivers State,"=""08146328534""","=""10845984""","=""7496720""","=""5898844""",Personal fixed term loan,2022-02-12 00:00:00,10000.00,0.00,,0.00,7340.00,NGN,0,Closed,2022-04-13 00:00:00,Performing
MORENIKE ADEMILUKA OLUWAYEMISI,"=""22371968602""",NO 21 EGBENRIN STREET OWO,"=""07036743411""","=""9841513""","=""5394552""","=""10019756""",Personal fixed term loan,2023-04-19 00:00:00,15000.00,0.00,,0.00,19050.00,NGN,0,Closed,2023-05-19 00:00:00,Performing
MORENIKE ADEMILUKA OLUWAYEMISI,"=""22371968602""",NO 21 EGBENRIN STREET OWO,"=""07036743411""","=""9841513""","=""5394552""","=""10347423""",Personal fixed term loan,2023-05-21 00:00:00,70000.00,0.00,,0.00,36657.00,NGN,0,Closed,2023-12-02 00:00:00,Performing
KALEJAIYE BUKOLA S,"=""22252048672""",PrimaryAddressLine1,"=""07034726271""","=""9982101""","=""602695""","=""1004710124""",Personal fixed term loan,2021-03-05 00:00:00,25000.00,0.00,,0.00,14370.00,NGN,0,Open,2021-05-04 00:00:00,Performing
KALEJAIYE BUKOLA S,"=""22252048672""",PrimaryAddressLine1,"=""07034726271""","=""9982101""","=""602695""","=""3671783""",Personal fixed term loan,2021-05-04 00:00:00,40000.00,0.00,,0.00,20000.00,NGN,0,Closed,2021-08-02 00:00:00,Performing
USEN PRESLEY IDEMUDIA,"=""22152506223""",1 Pemac Avenue off East West Road  Rumuodara Port Harcou,"=""08037103773""","=""10005404""","=""991924""","=""2003841798""",Personal fixed term loan,2022-03-27 00:00:00,450000.00,0.00,,0.00,118490.00,NGN,0,Closed,2022-09-30 00:00:00,Performing
KHAMA DAMIETE PRINCE,"=""22188578564""",10 NKAKINI STREET MILE4DIOBU PORT HARCOURT,"=""08038856117""","=""10223761""","=""39306359""","=""9873135""",Personal fixed term loan,2023-04-05 00:00:00,140000.00,183540.00,,0.00,61180.00,NGN,0,Open,2023-07-05 00:00:00,Performing
OKUSANYA OLUWADAMILARE TITUS,"=""22190428431""",17A PZ ESTATE AGBEDE OGUNTOYE BUS STOP,,"=""10283375""","=""11961896""","=""14543811""",Personal fixed term loan,2021-03-16 00:00:00,20000.00,0.00,,0.00,22000.00,NGN,0,Open,2021-03-31 00:00:00,Performing
ONOJA JULIUS,,PrimaryAddressLine1,"=""07057146206""","=""10307175""","=""1697617""","=""2082372691""",Personal fixed term loan,2019-08-27 00:00:00,2500.00,2875.00,,2875.00,3250.00,NGN,1467,Open,2019-09-26 00:00:00,Lost
SALISU KABIRU TANKO,"=""22202391773""",NO 49 ANGUWAN DANMADAMI ZARIA CITY Zaria Kaduna State,"=""08099818168""","=""10332593""","=""7777579""","=""8790493""",Personal fixed term loan,2022-12-04 00:00:00,25000.00,0.00,,0.00,30150.00,NGN,0,Closed,2023-01-03 00:00:00,Performing
OJO OLUFEMI,,No 1 dada Olasope str Oke Ijebu road Akure,"=""23408035365365""","=""10368200""","=""12624715""","=""3024917219""",Personal fixed term loan,2021-04-17 00:00:00,40000.00,0.00,,0.00,16000.00,NGN,0,Open,2021-07-16 00:00:00,Performing
OLAIYA OLUWAFEMI BOLAJI,"=""22371409574""",KASUMU ESTATE ODO ONA ELEWE AREA IBADAN,,"=""10590301""","=""5968440""","=""9312577""",Personal fixed term loan,2023-01-31 00:00:00,2500.00,0.00,,0.00,3000.00,NGN,0,Closed,2023-02-15 00:00:00,Performing
OLAIYA OLUWAFEMI BOLAJI,"=""22371409574""",KASUMU ESTATE ODO ONA ELEWE AREA IBADAN,,"=""10590301""","=""5968440""","=""9388221""",Personal fixed term loan,2023-02-09 00:00:00,2500.00,0.00,,0.00,2942.50,NGN,0,Closed,2023-02-24 00:00:00,Performing
ESAN BENJAMIN,"=""22250510445""",Not Available,"=""08022799825""","=""10670878""","=""13802811""","=""4057805""",Personal fixed term loan,2021-06-29 00:00:00,10000.00,0.00,,0.00,13000.00,NGN,0,Closed,2021-07-29 00:00:00,Performing
AUDU HADIRU,"=""22294402003""",Shettima Estate Lokoja,"=""2347031373026""","=""10709068""","=""19739311""","=""5833073783""",Personal fixed term loan,2021-11-03 00:00:00,40000.00,0.00,,0.00,38660.00,NGN,0,Closed,2022-09-01 00:00:00,Performing
ADEPOJU OLUDAYO ESTHER,"=""22324293809""",Federal locust north bank makurdi,"=""08104708790""","=""10779710""","=""11555372""","=""2397097568""",Personal fixed term loan,2021-04-22 00:00:00,10000.00,0.00,,0.00,11000.00,NGN,0,Open,2021-05-24 00:00:00,Performing
OBINE UCHE,,NO 1 ANYAOGWU STREET BEHIND WOJI TOWN HALL WOJI  PORT HA,"=""07030208488""","=""10883794""","=""9236002""","=""3030156143""",Personal fixed term loan,2020-10-22 00:00:00,25000.00,0.00,,0.00,11330.00,NGN,0,Open,2021-01-20 00:00:00,Performing
OMOJEMINIYI MATILDA B,"=""22198137087""",Ijora Cause Way Ijora Olopa Lagos Nigeria,"=""08055060879""","=""9618870""","=""4488382""","=""6020318941""",Personal fixed term loan,2019-12-27 00:00:00,2500.00,0.00,,0.00,2870.00,NGN,0,Open,2020-01-13 00:00:00,Performing
AJIBOLA OLUWASEYI OLUWATOBI,"=""22337455346""",PLOT 9 OGUN STATE HOUSING CORPORATI,"=""08129102850""","=""9828110""","=""5574116""","=""5612739""",Personal fixed term loan,2022-01-11 00:00:00,25000.00,0.00,,0.00,32500.00,NGN,0,Closed,2022-06-21 00:00:00,Performing
ZARMA MOHAMMED,"=""22281990007""",No 36 Agbodike street off rainbow bus stop idiroko road iy,"=""2347034771157""","=""10071746""","=""3755123""","=""3102068269""",Personal fixed term loan,2020-11-02 00:00:00,5000.00,0.00,,0.00,6500.00,NGN,0,Open,2020-12-02 00:00:00,Performing
FOLAYAN SEUN EMMANUEL,"=""22205964277""",7 OMOTARA STREET AGBOWO  MAJOR SALAU BUSTOP IBADAN Ibadan,"=""08030767838""","=""10181378""","=""7992199""","=""1003161372""",Personal fixed term loan,2022-02-01 00:00:00,250000.00,0.00,,0.00,296250.00,NGN,0,Closed,2022-06-17 00:00:00,Performing
FOLAYAN SEUN EMMANUEL,"=""22205964277""",7 OMOTARA STREET AGBOWO  MAJOR SALAU BUSTOP IBADAN Ibadan,"=""08030767838""","=""10181378""","=""7992199""","=""8887652""",Personal fixed term loan,2022-12-14 00:00:00,30000.00,0.00,,0.00,35910.00,NGN,0,Closed,2023-01-13 00:00:00,Performing
HABIBU OLATUNJI,"=""22408754617""",1 PONS CLOSE OROAZI ELIGBAM PHC ObioAkpor Rivers State,"=""08185174615""","=""10789537""","=""1271766""","=""61397636""",Personal fixed term loan,2021-01-23 00:00:00,15000.00,0.00,,0.00,19500.00,NGN,0,Closed,2021-02-22 00:00:00,Performing
Okolie Emeka,,17 MATER ROAD NEW SITE AFIKPO Afikpo North Ebonyi State,,"=""10791743""","=""8970118""","=""2003556290""",Personal fixed term loan,2021-01-13 00:00:00,25000.00,0.00,,0.00,32500.00,NGN,0,Open,2021-02-12 00:00:00,Performing
MUSA ABUBAKAR SSAN,"=""22322494983""",NO 314 ANGUWAN ALKALI ZARIA Zaria Kaduna St,,"=""10839809""","=""5749731""","=""48091658""",Personal fixed term loan,2021-06-13 00:00:00,200000.00,0.00,,0.00,65800.00,NGN,0,Open,2021-11-01 00:00:00,Performing
OJETUNDE KAYODE DAVID,"=""22161042192""",103 EGBEDA IDIMU ROAD EGBEDA,"=""2347034486617""","=""10870968""","=""15520469""","=""1004181751""",Personal fixed term loan,2022-03-01 00:00:00,400000.00,0.00,,0.00,61660.00,NGN,0,Closed,2023-12-13 00:00:00,Performing
EDUN JAMES ASAMU,"=""22289976940""",2 EDUN CLOSE EJIO IFO O Ewekoro Ogun State,"=""08136256059""","=""10894159""","=""7832696""","=""5884126""",Personal fixed term loan,2022-02-10 00:00:00,15000.00,0.00,,0.00,19500.00,NGN,0,Open,2022-03-14 00:00:00,Performing
EDUN JAMES ASAMU,"=""22289976940""",2 EDUN CLOSE EJIO IFO O Ewekoro Ogun State,"=""08136256059""","=""10894159""","=""7832696""","=""6102395""",Personal fixed term loan,2022-03-07 00:00:00,20000.00,0.00,,0.00,26000.00,NGN,0,Closed,2022-04-06 00:00:00,Performing
EDUN JAMES ASAMU,"=""22289976940""",2 EDUN CLOSE EJIO IFO O Ewekoro Ogun State,"=""08136256059""","=""10894159""","=""7832696""","=""6395865""",Personal fixed term loan,2022-04-07 00:00:00,15000.00,0.00,,0.00,19500.00,NGN,0,Closed,2022-05-09 00:00:00,Performing
EDUN JAMES ASAMU,"=""22289976940""",2 EDUN CLOSE EJIO IFO O Ewekoro Ogun State,"=""08136256059""","=""10894159""","=""7832696""","=""6595026""",Personal fixed term loan,2022-04-28 00:00:00,10000.00,0.00,,0.00,13000.00,NGN,0,Closed,2022-05-30 00:00:00,Performing
EDUN JAMES ASAMU,"=""22289976940""",2 EDUN CLOSE EJIO IFO O Ewekoro Ogun State,"=""08136256059""","=""10894159""","=""7832696""","=""6857181""",Personal fixed term loan,2022-05-27 00:00:00,15000.00,0.00,,0.00,18000.00,NGN,0,Closed,2022-06-13 00:00:00,Performing
EDUN JAMES ASAMU,"=""22289976940""",2 EDUN CLOSE EJIO IFO O Ewekoro Ogun State,"=""08136256059""","=""10894159""","=""7832696""","=""7012756""",Personal fixed term loan,2022-06-11 00:00:00,15000.00,0.00,,0.00,18000.00,NGN,0,Closed,2022-06-27 00:00:00,Performing
MUHAMMED SARAFADEEN KOREDE,"=""22323785970""",NO 20 KUGU ROAD TUDUN WADA ZARIA Zaria Kaduna State,"=""2347060943537""","=""10532634""","=""5260259""","=""48284311""",Personal fixed term loan,2021-02-01 00:00:00,20000.00,0.00,,0.00,25600.00,NGN,0,Open,2021-06-01 00:00:00,Performing
MUHAMMED SARAFADEEN KOREDE,"=""22323785970""",NO 20 KUGU ROAD TUDUN WADA ZARIA Zaria Kaduna State,"=""2347060943537""","=""10532634""","=""5260259""","=""8869161""",Personal fixed term loan,2022-12-12 00:00:00,200000.00,0.00,,0.00,236600.00,NGN,0,Closed,2023-01-11 00:00:00,Performing
YAMANGA BABAMAGANAGYA,,EFUTURI BIDA,"=""08166561359""","=""10580448""","=""1627201""","=""3050329610""",Personal fixed term loan,2019-08-18 00:00:00,10000.00,11500.00,,11500.00,13000.00,NGN,1476,Open,2019-09-17 00:00:00,Lost
OLAYENI IYANULOLUWA OLUWASEUN,"=""22414705599""",29 NEW ERUWONOLOKUTAABEOKUTAOGN,"=""08037698454""","=""10645210""","=""39170400""","=""9955927""",Personal fixed term loan,2023-04-13 00:00:00,2500.00,0.00,,0.00,5835.00,NGN,0,Closed,2023-05-05 00:00:00,Performing
ODUTAYO ADEDOYIN ABIODUN,"=""22149038045""",29 Adisa Bashua Street Off Adelabu Street By Masha Bus Sto,"=""2348034798949""","=""10718474""","=""6068080""","=""0010596802""",Personal fixed term loan,2021-05-22 00:00:00,40000.00,0.00,,0.00,19000.00,NGN,0,Closed,2021-08-20 00:00:00,Performing
ODUTAYO ADEDOYIN ABIODUN,"=""22149038045""",29 Adisa Bashua Street Off Adelabu Street By Masha Bus Sto,"=""2348034798949""","=""10718474""","=""6068080""","=""7640395""",Personal fixed term loan,2022-08-12 00:00:00,150000.00,0.00,,0.00,51780.00,NGN,0,Closed,2023-01-09 00:00:00,Performing
DUROTAWO TEMITOPE SAMUEL,"=""22148951295""",PrimaryAddressLine1,"=""08121975111""","=""10719614""","=""7743145""","=""5050447""",Personal fixed term loan,2021-11-05 00:00:00,5000.00,0.00,,0.00,5000.00,NGN,0,Closed,2021-11-22 00:00:00,Performing
Adewumi Janet,"=""22220044651""",10 ILE OBAFA OSAN EKITIOSAN EKITIEKITI Moba Ekiti State,,"=""10733811""","=""5695030""","=""1940370""",Personal fixed term loan,2020-04-14 00:00:00,5000.00,0.00,,0.00,6250.00,NGN,0,Closed,2020-05-14 00:00:00,Performing
ADEWUNMI ROFIAT OLUSHOLA,"=""22285630167""",PrimaryAddressLine1,"=""08166229558""","=""10797176""","=""6991909""","=""7036716""",Personal fixed term loan,2022-06-14 00:00:00,20000.00,0.00,,0.00,26000.00,NGN,0,Closed,2022-07-14 00:00:00,Performing
ADEWUNMI ROFIAT OLUSHOLA,"=""22285630167""",PrimaryAddressLine1,"=""08166229558""","=""10797176""","=""6991909""","=""7300827""",Personal fixed term loan,2022-07-10 00:00:00,30000.00,0.00,,0.00,39000.00,NGN,0,Closed,2022-08-09 00:00:00,Performing
ADEWUNMI ROFIAT OLUSHOLA,"=""22285630167""",PrimaryAddressLine1,"=""08166229558""","=""10797176""","=""6991909""","=""7531433""",Personal fixed term loan,2022-08-02 00:00:00,20000.00,0.00,,0.00,26000.00,NGN,0,Closed,2022-09-01 00:00:00,Performing
ADEWUNMI ROFIAT OLUSHOLA,"=""22285630167""",PrimaryAddressLine1,"=""08166229558""","=""10797176""","=""6991909""","=""7883532""",Personal fixed term loan,2022-09-05 00:00:00,15000.00,0.00,,0.00,18000.00,NGN,0,Closed,2022-09-20 00:00:00,Performing
ADEWUNMI ROFIAT OLUSHOLA,"=""22285630167""",PrimaryAddressLine1,"=""08166229558""","=""10797176""","=""6991909""","=""8025440""",,2022-09-19 00:00:00,10000.00,0.00,,0.00,13000.00,NGN,0,Closed,2022-10-19 00:00:00,Performing
ADEWUNMI ROFIAT OLUSHOLA,"=""22285630167""",PrimaryAddressLine1,"=""08166229558""","=""10797176""","=""6991909""","=""8237596""",Personal fixed term loan,2022-10-10 00:00:00,20000.00,0.00,,0.00,26000.00,NGN,0,Closed,2022-11-09 00:00:00,Performing
ADEWUNMI ROFIAT OLUSHOLA,"=""22285630167""",PrimaryAddressLine1,"=""08166229558""","=""10797176""","=""6991909""","=""8535735""",Personal fixed term loan,2022-11-08 00:00:00,20000.00,0.00,,0.00,26000.00,NGN,0,Closed,2022-12-08 00:00:00,Performing
ESSIEN ANIETIE EKPENYONG,"=""22222716817""",1 ETIM OKON USANGA STREET NWANIBA RD UYO,"=""2348038983158""","=""10920712""","=""25728920""","=""10569243""",Personal fixed term loan,2023-06-12 00:00:00,30000.00,0.00,,0.00,35910.00,NGN,0,Closed,2023-06-27 00:00:00,Performing
Adesina Titilayo,,14 oke ibese street,"=""07069258088""","=""9793215""","=""10732077""","=""3088269970""",Personal fixed term loan,2021-01-19 00:00:00,5000.00,0.00,,0.00,6260.00,NGN,0,Open,2021-02-18 00:00:00,Performing
BERNARD SAMSON PATIENCE,"=""22211456694""",77 GUWA AVENUE G R A,"=""08068470726""","=""9907070""","=""10528335""","=""121239201""",Personal fixed term loan,2021-01-26 00:00:00,20000.00,0.00,,0.00,9460.00,NGN,0,Open,2021-05-12 00:00:00,Performing
OBOLI UCHECHUKWU TEMITOPE,"=""22241237704""",Not Available,"=""08166235627""","=""9914615""","=""16892880""","=""9915017""",Personal fixed term loan,2023-04-09 00:00:00,60000.00,78000.00,,0.00,19500.00,NGN,0,Open,2023-08-09 00:00:00,Performing
ANGUR EMMANUEL,"=""22275389976""",B14 FLAT 3 MAXWELL KHOBE CANTOMENT RUKUBA BAS,"=""2348138559261""","=""10023497""","=""21500189""","=""10084173""",Personal fixed term loan,2023-04-26 00:00:00,50000.00,73550.00,,0.00,24517.00,NGN,0,Open,2023-07-25 00:00:00,Performing
OBODO ERHIEYOVWE,"=""22284981503""",21A JI AROWOLO ST AWORI BS ABULEEGBA IfakoIjaiye Lagos Sta,,"=""10081950""","=""11476905""","=""17291223""",Personal fixed term loan,2021-06-11 00:00:00,300000.00,0.00,,0.00,57330.00,NGN,0,Closed,2022-11-09 00:00:00,Performing
OBODO ERHIEYOVWE,"=""22284981503""",21A JI AROWOLO ST AWORI BS ABULEEGBA IfakoIjaiye Lagos Sta,,"=""10081950""","=""11476905""","=""3925118""",Personal fixed term loan,2021-06-11 00:00:00,300000.00,0.00,,0.00,57330.00,NGN,0,Closed,2022-11-09 00:00:00,Performing
ASETOYE BLESSING C,"=""22272624023""",NO 177 JAKPA ROAD  Uvwie Delta State,"=""08061647257""","=""10160273""","=""8871308""","=""10013194""",Personal fixed term loan,2023-04-19 00:00:00,40000.00,32920.00,,0.00,23860.00,NGN,0,Open,2023-06-18 00:00:00,Performing
SIJUWADE ADEYEMI A,"=""22239522647""",HOUSE B39 SAME GLOBAL HOUSING ESTATE DAKWO DISTRICT ABUJA,"=""08050801918""","=""10219776""","=""19541577""","=""1017910674""",Personal fixed term loan,2022-03-30 00:00:00,250000.00,0.00,,0.00,40620.00,NGN,0,Closed,2023-08-18 00:00:00,Performing
HASSAN ABDULLAHI ABBAT,"=""22317340565""",SABO STAR PARADE OGBOMOSO NIGERIA Kosofe Lagos State,"=""08025750860""","=""10321256""","=""7464747""","=""8438708""",Personal fixed term loan,2022-10-30 00:00:00,5000.00,0.00,,0.00,5800.00,NGN,0,Closed,2022-11-14 00:00:00,Performing
ODUMODU IFEOMA CLEOPATRA,"=""22248644495""",House 5 road 2 33 RD road peace estate,,"=""10426901""","=""12899112""","=""3066488889""",Personal fixed term loan,2021-04-25 00:00:00,50000.00,0.00,,0.00,20660.00,NGN,0,Open,2021-07-26 00:00:00,Performing
NWACHUKWU RICHARD CHINAGOROM,"=""22274785092""",EZEUGWUS COMPOUND CRH ONUIYI GENESIS B STOP ENUGU,"=""08062355345""","=""10638999""","=""2748941""","=""235872945""",Personal fixed term loan,2021-10-19 00:00:00,400000.00,0.00,,0.00,180930.00,NGN,0,Open,2022-01-17 00:00:00,Performing
OTENE DORCAS ELEOJO,"=""22366759925""",12 ERI DIAMOND BANKMAKURDI  Makurdi Benue State,"=""08076164757""","=""10775182""","=""9119319""","=""1130395609""",Personal fixed term loan,2021-01-16 00:00:00,5000.00,0.00,,0.00,6260.00,NGN,0,Open,2021-02-15 00:00:00,Performing
Akinwale Henry Akinpelumi,,30 MODE STREET YABA Ondo West Ondo State,,"=""10829362""","=""2532750""","=""2115076842""",Personal fixed term loan,2021-03-02 00:00:00,2500.00,0.00,,0.00,2750.00,NGN,0,Open,2021-03-17 00:00:00,Performing
UMORU BENJIE,"=""22209979101""",RD 7 HOUSE 17 PENGASSAN ESTATE PH,,"=""10898511""","=""1807536""","=""2006337074""",Personal fixed term loan,2022-01-19 00:00:00,250000.00,0.00,,0.00,183740.00,NGN,0,Closed,2022-03-21 00:00:00,Performing
NOAH EJIROGHENE TRACY,"=""22218048922""",NO 17 JOHNSON DUKU BY JAKPA ROAD WARRI,"=""08035752156""","=""10930306""","=""6069708""","=""3807665""",Personal fixed term loan,2021-05-26 00:00:00,150000.00,0.00,,0.00,71250.00,NGN,0,Closed,2021-08-24 00:00:00,Performing
TOLU BOLAJI PRUDENCE,"=""22145559350""",01 ONIBUDO STREET OLUMIDE ODUWOLE AKUTE I,"=""07032299870""","=""9639171""","=""60711""","=""6329529""",Personal fixed term loan,2022-03-31 00:00:00,40000.00,0.00,,0.00,29990.00,NGN,0,Closed,2022-06-14 00:00:00,Performing
TOLU BOLAJI PRUDENCE,"=""22145559350""",01 ONIBUDO STREET OLUMIDE ODUWOLE AKUTE I,"=""07032299870""","=""9639171""","=""60711""","=""6672102""",Personal fixed term loan,2022-05-06 00:00:00,25000.00,0.00,,0.00,32500.00,NGN,0,Closed,2022-06-06 00:00:00,Performing
TOLU BOLAJI PRUDENCE,"=""22145559350""",01 ONIBUDO STREET OLUMIDE ODUWOLE AKUTE I,"=""07032299870""","=""9639171""","=""60711""","=""6960914""",Personal fixed term loan,2022-06-06 00:00:00,20000.00,0.00,,0.00,26000.00,NGN,0,Closed,2022-08-13 00:00:00,Performing
EGWUDAH KELVIN SALARY,,BLOCK 9 FLAT 34 BONNY CANTONMENT VICTORIA ISLAND Eti Osa,"=""2347066328850""","=""9742038""","=""8799315""","=""702330017""",Personal fixed term loan,2021-01-30 00:00:00,20000.00,0.00,,0.00,26000.00,NGN,0,Open,2021-03-01 00:00:00,Performing
ODEH GLADYS,"=""22271748498""",Nigeria,"=""2348037240472""","=""9822743""","=""8137338""","=""2572037210""",Personal fixed term loan,2020-08-19 00:00:00,10000.00,0.00,,0.00,13000.00,NGN,0,Open,2020-09-18 00:00:00,Performing
ONYEMACHI BARTHOLOMEW NNAEMEKA,"=""22284753984""",Unnamed Road Ihitta Nigeria,"=""08035612389""","=""9841928""","=""17801586""","=""5894579""",Personal fixed term loan,2022-02-12 00:00:00,200000.00,0.00,,0.00,30830.00,NGN,0,Closed,2023-03-24 00:00:00,Performing
ALABI JAMES EJIGBO,"=""22236814851""",NO 21 IDAH AVENUE KSU STAFF QUATERS ANYIGBA KOGI ANYIGBA,"=""08032224188""","=""9924338""","=""10351656""","=""1005421346""",Personal fixed term loan,2020-12-28 00:00:00,10000.00,0.00,,0.00,12760.00,NGN,0,Open,2021-01-27 00:00:00,Performing
MU AZU ADO,,KARKARNA YANKWASHI LGEA JIGAWA STATE  DUTSE Yankwashi J,"=""07030984040""","=""9986391""","=""10391455""","=""1004120989""",Personal fixed term loan,2020-12-19 00:00:00,20000.00,0.00,,0.00,26000.00,NGN,0,Closed,2021-01-18 00:00:00,Performing
SUNDAY ABRAHAM,,NO 57 MOPOL BASE UKANA IBA Essien Udim Akwa Ibom State,"=""07036621958""","=""10412441""","=""10197233""","=""777844011""",Personal fixed term loan,2021-01-25 00:00:00,20000.00,0.00,,0.00,26000.00,NGN,0,Open,2021-02-24 00:00:00,Performing
ABDULLAHI MUHAMMAD IBRAHIM,"=""22390000501""",NO 208 TUKUNTAWA ZOO ROAD,"=""08069604087""","=""10463764""","=""410126""","=""55508015""",Personal fixed term loan,2020-12-14 00:00:00,25000.00,29800.00,,29800.00,32500.00,NGN,992,Open,2021-01-13 00:00:00,Lost
ADEYEYE IRETI ESTTHER,"=""22393755752""",OFF ISELU ISUADA EXPRESS WAY USO COMMUNITY,"=""08141712124""","=""10677084""","=""23824751""","=""9830639""",Personal fixed term loan,2023-04-01 00:00:00,2500.00,0.00,,0.00,2900.00,NGN,0,Closed,2023-05-01 00:00:00,Performing
FATHER LAWRENCE SUFFICIENT GOODLUCK,"=""22364226450""",14 15 Prince Alaba Oniru road,"=""08038404093""","=""10790846""","=""8797731""","=""16445582""",Personal fixed term loan,2021-06-19 00:00:00,300000.00,0.00,,0.00,130390.00,NGN,0,Open,2021-10-09 00:00:00,Performing
Ojo Adekunle,,22 BADARU STR MAZA MAZA  AmuwoOdofin Lagos State,"=""08037656805""","=""10824688""","=""8430801""","=""26970685""",Personal fixed term loan,2021-01-13 00:00:00,10000.00,15680.00,,15680.00,7090.00,NGN,962,Open,2021-03-15 00:00:00,Lost
NELSON KINGSLEY IME,"=""22157942224""",520103 Uyo Nigeria,"=""08025460248""","=""10832993""","=""9216866""","=""43008304""",Personal fixed term loan,2020-12-29 00:00:00,100000.00,0.00,,0.00,24000.00,NGN,0,Open,2021-06-28 00:00:00,Performing
SANGODAPO AKINBODE,,NO 61 UNGUWAN ZARIA CITY Zaria Kaduna State,"=""08035643104""","=""10940804""","=""1320732""","=""1010800644""",Personal fixed term loan,2020-11-16 00:00:00,80000.00,0.00,,0.00,19200.00,NGN,0,Open,2021-05-17 00:00:00,Performing
OKEYALE SEGUN OLATUNJI,"=""22146200861""",M686M9 Agege Nigeria,"=""08098983510""","=""9613065""","=""9405134""","=""107567843""",Personal fixed term loan,2021-02-17 00:00:00,5000.00,0.00,,0.00,5500.00,NGN,0,Open,2021-03-04 00:00:00,Performing
LABRAN IBRAHIM,"=""22366711242""",PLOT 93 JULIUS BERGER QUARRY BY AMID OIL AND GASMPAPE ABUJ,,"=""9624229""","=""9524254""","=""1006028364""",Personal fixed term loan,2020-11-13 00:00:00,5000.00,0.00,,0.00,6000.00,NGN,0,Open,2020-11-30 00:00:00,Performing
WORLU BENJAMIN WOGWU,"=""22175234668""",Rukpokwu 500102 RukpokwuObio Nigeria,"=""07032789044""","=""9856002""","=""10146496""","=""15817580""",Personal fixed term loan,2021-02-22 00:00:00,20000.00,0.00,,0.00,14490.00,NGN,0,Open,2021-04-23 00:00:00,Performing
ISMAILA NURA LAWAL,"=""22217666943""",820101 Katsina Nigeria,"=""2348039393003""","=""9900151""","=""14102450""","=""126450399""",Personal fixed term loan,2022-02-25 00:00:00,450000.00,0.00,,0.00,66000.00,NGN,0,Closed,2023-05-20 00:00:00,Performing
Aro Mary,"=""22281774836""",AYETORO ST,,"=""10040910""","=""6804904""","=""2583087""",Personal fixed term loan,2020-10-12 00:00:00,30000.00,0.00,,0.00,39000.00,NGN,0,Closed,2020-11-11 00:00:00,Performing
ORIRETAN ORIYEMI TITUS,"=""22351996140""",16 ORIRETAN ST OFF IMAM OJOKU ST MORKAZ AGEGE LAGOS STATE Ag,"=""2348063118370""","=""10088935""","=""6047296""","=""7108466""",Personal fixed term loan,2022-06-21 00:00:00,30000.00,0.00,,0.00,38100.00,NGN,0,Closed,2022-07-21 00:00:00,Performing
ALOR COSMAS UDEM,"=""22217174101""",NO 5 UMUEWUASI NSUDE UDI LGA Udi Enugu State,"=""23408062827531""","=""10353225""","=""2607887""","=""524544401""",Personal fixed term loan,2019-10-19 00:00:00,10000.00,0.00,,0.00,13000.00,NGN,0,Closed,2019-11-18 00:00:00,Performing
EBIKENIYE LOKI M,"=""22193638570""",Yenagoa Kpansian,"=""8066741457""","=""10458011""","=""536297""","=""4982938""",Personal fixed term loan,2021-10-29 00:00:00,7500.00,0.00,,0.00,9000.00,NGN,0,Closed,2021-11-29 00:00:00,Performing
JOE CHRISTY,,3c oduweze omuoko aluu,"=""08063200085""","=""10493107""","=""13089805""","=""28776009""",Personal fixed term loan,2021-05-02 00:00:00,10000.00,0.00,,0.00,11600.00,NGN,0,Open,2021-06-01 00:00:00,Performing
ADEGBOYEGA IBRAHIM OLAMIJI,"=""22354196406""",ADEGBOYEGA COMPOUND LABINSON AREA AGALA IKIRE OSUN Irewole,"=""08160741604""","=""10632530""","=""6205881""","=""3469444""",Personal fixed term loan,2021-03-31 00:00:00,50000.00,0.00,,0.00,65000.00,NGN,0,Closed,2021-04-30 00:00:00,Performing
SEIDEINMODEI DEIN EVANS,"=""22363446802""",25 Ompadec okaka bus stop Yenegoa Bayelsa,"=""08146973289""","=""10639720""","=""6867059""","=""1130385743""",Personal fixed term loan,2021-12-22 00:00:00,300000.00,546600.00,,546600.00,87500.00,NGN,619,Open,2022-06-20 00:00:00,Lost
ABDUL EBENEZER ANUOLUWAPO,"=""22197943450""",PrimaryAddressLine1,"=""2348064346692""","=""10797552""","=""15199831""","=""9829350""",Personal fixed term loan,2023-04-01 00:00:00,5000.00,0.00,,0.00,5760.00,NGN,0,Closed,2023-04-17 00:00:00,Performing
MUHAMMAD ZAINAB,"=""22364500284""",NO 5 AGBOIRE STREET OFF CORNEL STREET OSUBI Okpe Delta Sta,"=""07015557796""","=""10812256""","=""18151872""","=""2084161279""",Personal fixed term loan,2022-04-01 00:00:00,300000.00,0.00,,0.00,385800.00,NGN,0,Closed,2022-05-02 00:00:00,Performing
MUZAN OLIVIA CORINI,"=""22253448781""",41B AGIP ROUND ABOUT PORT HARCOURT Port Harcourt RIVERS St,,"=""10845080""","=""3607513""","=""2006781231""",Personal fixed term loan,2021-07-22 00:00:00,300000.00,0.00,,0.00,79290.00,NGN,0,Open,2022-02-02 00:00:00,Performing
IWAYEMI SAMUEL O,"=""22331104932""",Q10 ROAD 47 VGC AJAH,"=""08029515945""","=""10975665""","=""748322""","=""2032087097""",Personal fixed term loan,2021-12-16 00:00:00,400000.00,0.00,,0.00,148090.00,NGN,0,Closed,2023-02-22 00:00:00,Performing
RUFAI SAMSON OLADIPO,"=""22158912734""",Not Available,"=""2348023016581""","=""9761838""","=""1946314""","=""5559692""",Personal fixed term loan,2022-01-05 00:00:00,40000.00,0.00,,0.00,18810.00,NGN,0,Closed,2022-07-06 00:00:00,Performing
OJO KEHINDE,"=""22312138257""",E7 921 R OREMEJI AGUGU STREET IBADAN IBADAN,"=""08034207662""","=""9840318""","=""4741131""","=""2039668035""",Personal fixed term loan,2020-03-13 00:00:00,2500.00,0.00,,0.00,3250.00,NGN,0,Closed,2020-04-14 00:00:00,Performing
AKANDE AJIBOLA IDRIS,"=""22148593301""",20 TAIWO STREETKAJOLAAGBOWOIBADAN Ibadan North Oyo State,"=""08062327533""","=""9982460""","=""6032418""","=""9267367""",Personal fixed term loan,2023-01-26 00:00:00,20000.00,0.00,,0.00,23540.00,NGN,0,Closed,2023-02-10 00:00:00,Performing
MBAMA CORLENS ONYEEZE,"=""22180732481""",Umunagbor amagbor ihitte,"=""2348066184355""","=""10002766""","=""28793851""","=""93687264""",Personal fixed term loan,2022-06-28 00:00:00,450000.00,0.00,,0.00,130650.00,NGN,0,Closed,2023-07-07 00:00:00,Performing
IFEANYI UDEME EMMANUEL,"=""22434653261""",Lagos,"=""09025543814""","=""10067749""","=""1470099""","=""64760512""",Personal fixed term loan,2019-09-06 00:00:00,2500.00,0.00,,0.00,3120.00,NGN,0,Open,2019-10-07 00:00:00,Performing
AHMED HUSSAINI AHMED,"=""22269945708""",QX8X 8W Damaturu Nigeria,"=""2347030310879""","=""10115249""","=""6724526""","=""5096269""",Personal fixed term loan,2021-11-10 00:00:00,5000.00,0.00,,0.00,6000.00,NGN,0,Closed,2021-12-10 00:00:00,Performing
Ikhine Obiajulu Florence,"=""22249956120""",19  Opia St,,"=""10139713""","=""1551808""","=""2021174050""",Personal fixed term loan,2019-08-20 00:00:00,5000.00,0.00,,0.00,6250.00,NGN,0,Open,2019-09-19 00:00:00,Performing
Titus Ayodele,"=""22406572466""",HOTORO TSAMIYYAR BOKA HOTORO NORTH Nasarawa Kano State,,"=""10152717""","=""4764852""","=""1005989655""",Personal fixed term loan,2020-01-07 00:00:00,1500.00,0.00,,0.00,1950.00,NGN,0,Open,2020-02-06 00:00:00,Performing
ABDULRAHEEM ZAINAB OLAITAN,"=""22349817556""",LAGOS STATE SCHOOL OF NURSING HOSTEL ALIMOSH,"=""08062724700""","=""10275046""","=""1726675""","=""2020608672""",Personal fixed term loan,2022-04-11 00:00:00,225000.00,0.00,,0.00,271350.00,NGN,0,Closed,2022-05-11 00:00:00,Performing
GBADAMOSI AZEEZAT K,"=""22197289420""",18 BOLAJOKO STR OKE ARO BOLAJOKO B ST Ondo West Ondo Stat,,"=""10292101""","=""4757582""","=""2208846138""",Personal fixed term loan,2020-01-13 00:00:00,10000.00,0.00,,0.00,11500.00,NGN,0,Open,2020-01-28 00:00:00,Performing
LAWAL PHILIP ABIODUN,"=""22340358429""",7 Olorunnibe Street Idi Orogbo Olaogun,"=""08033787556""","=""10480013""","=""12524123""","=""47316156""",Personal fixed term loan,2021-04-13 00:00:00,40000.00,0.00,,0.00,23000.00,NGN,0,Open,2021-06-28 00:00:00,Performing
JONES ISAAC OKON,"=""22288566045""",L9BMARKET ROAD,"=""08033442737""","=""9745881""","=""8270514""","=""3108280181""",Personal fixed term loan,2020-10-13 00:00:00,5000.00,0.00,,0.00,6000.00,NGN,0,Open,2020-10-28 00:00:00,Performing
YUNUS OLAYINKA TAJUDEEN,"=""22152372527""",43 VICTORIA STREET OJOTA LAGOS,"=""08023375648""","=""10084060""","=""1007161""","=""8147696""",,2022-10-01 00:00:00,25000.00,0.00,,0.00,31750.00,NGN,0,Closed,2022-10-31 00:00:00,Performing
AKINOLA OLUGBADE JOHN,,12 LAWAL CLOSE ORIOPATA ADEBAYO Ado Ekiti Ekiti State,"=""08060985054""","=""10249861""","=""7413861""","=""3696177""",Personal fixed term loan,2021-05-08 00:00:00,15000.00,0.00,,0.00,19500.00,NGN,0,Closed,2021-06-07 00:00:00,Performing
UMAR SAIDU,"=""22375904604""",NO 2 BESIDE MAIJIDDA PLAZA NTA WARD JALINGOTaraba State,"=""08036356849""","=""10269414""","=""1743726""","=""3031133409""",Personal fixed term loan,2019-09-01 00:00:00,2500.00,0.00,,0.00,3250.00,NGN,0,Open,2019-10-02 00:00:00,Performing
BAMIDELE SAMUEL,"=""22151022106""",PrimaryAddressLine1,"=""23408086867011""","=""10276702""","=""7717600""","=""3762018""",Personal fixed term loan,2021-05-19 00:00:00,5000.00,0.00,,0.00,6000.00,NGN,0,Closed,2021-06-18 00:00:00,Performing
ABIODUN TEMITOPE SOPHIA,"=""22150091846""",Nigeria,"=""08023283232""","=""10380539""","=""6273489""","=""4164907""",Personal fixed term loan,2021-07-13 00:00:00,120000.00,0.00,,0.00,55350.00,NGN,0,Closed,2021-10-26 00:00:00,Performing
RUTH ANYANWU,,16 BOH LADAN ST CHIKAOKORE HEALTH CENTRE JUNCTION FCT KUBWA,"=""07038434636""","=""10545056""","=""3417239""","=""388917517""",Personal fixed term loan,2020-12-21 00:00:00,60000.00,0.00,,0.00,27990.00,NGN,0,Open,2021-03-22 00:00:00,Performing
OYEMINA ANITA,"=""22363556132""",OPPOSITE LEA SCHOOLLUGBE ABUJA,,"=""10586585""","=""26787470""","=""10062014""",Personal fixed term loan,2023-04-23 00:00:00,100000.00,123000.00,,0.00,123000.00,NGN,0,Open,2023-05-23 00:00:00,Performing
USMAN AHMED SULEIMAN,"=""22376611594""",NO 13 HOSPITAL ROAD JALINGO Jalingo Taraba State,,"=""10649726""","=""1743535""","=""50016045""",Personal fixed term loan,2019-09-01 00:00:00,1500.00,1725.00,,1725.00,1950.00,NGN,1461,Open,2019-10-02 00:00:00,Lost
AMINU SAIDU ABUBAKAR,,Alkahira Quarters Gombe,"=""2348064949805""","=""9743251""","=""6872793""","=""1767329967""",Personal fixed term loan,2020-04-14 00:00:00,2500.00,2875.00,,2875.00,2870.00,NGN,1251,Open,2020-04-29 00:00:00,Lost
GOMENTI IFEOMA PRISCILLA,"=""22294820238""",18 ABAALAMU STREET APATA Ethiope West Delta State,"=""08169500684""","=""9795174""","=""5588917""","=""1666265""",Personal fixed term loan,2020-02-24 00:00:00,15000.00,0.00,,0.00,15000.00,NGN,0,Closed,2020-03-25 00:00:00,Performing
GOMENTI IFEOMA PRISCILLA,"=""22294820238""",18 ABAALAMU STREET APATA Ethiope West Delta State,"=""08169500684""","=""9795174""","=""5588917""","=""1724440""",Personal fixed term loan,2020-03-02 00:00:00,25000.00,0.00,,0.00,31250.00,NGN,0,Closed,2020-04-01 00:00:00,Performing
GOMENTI IFEOMA PRISCILLA,"=""22294820238""",18 ABAALAMU STREET APATA Ethiope West Delta State,"=""08169500684""","=""9795174""","=""5588917""","=""2027918""",Personal fixed term loan,2020-06-02 00:00:00,5000.00,0.00,,0.00,6100.00,NGN,0,Closed,2020-07-02 00:00:00,Performing
GOMENTI IFEOMA PRISCILLA,"=""22294820238""",18 ABAALAMU STREET APATA Ethiope West Delta State,"=""08169500684""","=""9795174""","=""5588917""","=""710282808""",Personal fixed term loan,2020-06-02 00:00:00,5000.00,0.00,,0.00,6100.00,NGN,0,Closed,2020-07-02 00:00:00,Performing
KAREEM BABATUNDE,,1113 OMONIYI FASAYE CLOSE GENERAL BUS STOP IJAYE OJOKORO L,"=""23408028771995""","=""9809899""","=""41775235""","=""10042564""",Personal fixed term loan,2023-04-21 00:00:00,22500.00,26010.00,,0.00,26010.00,NGN,0,Open,2023-05-06 00:00:00,Performing
AKINLABI MARY OLUBUKOLA,"=""22194746294""",1 EDOLA BESIDE EDOLA HOTEL LAME COMMUNITY,"=""08098278717""","=""10325413""","=""26894876""","=""5898578""",Personal fixed term loan,2022-02-12 00:00:00,100000.00,0.00,,0.00,24990.00,NGN,0,Closed,2022-08-11 00:00:00,Performing
Daodu John,"=""22183850566""",D18 ILEGBE QUARTERS IPE AKOKO,"=""08035219069""","=""10438338""","=""597510""","=""6058496""",Personal fixed term loan,2022-03-03 00:00:00,5000.00,0.00,,0.00,6200.00,NGN,0,Closed,2022-04-04 00:00:00,Performing
Daodu John,"=""22183850566""",D18 ILEGBE QUARTERS IPE AKOKO,"=""08035219069""","=""10438338""","=""597510""","=""6364741""",Personal fixed term loan,2022-04-04 00:00:00,10000.00,0.00,,0.00,13000.00,NGN,0,Closed,2022-05-05 00:00:00,Performing
OMOJUGBA ESTHER OLUWATOYIN,"=""22295150970""",5 BASHORUN STREET Ojo Lagos State,,"=""10658942""","=""6372969""","=""5192588""",Personal fixed term loan,2021-11-22 00:00:00,20000.00,0.00,,0.00,13500.00,NGN,0,Open,2022-01-21 00:00:00,Performing
OMOJUGBA ESTHER OLUWATOYIN,"=""22295150970""",5 BASHORUN STREET Ojo Lagos State,,"=""10658942""","=""6372969""","=""8319409""",Personal fixed term loan,2022-10-18 00:00:00,80000.00,0.00,,0.00,40747.00,NGN,0,Closed,2023-01-16 00:00:00,Performing
AYE NATHANIEL OLUWATOSIN,"=""22318598893""",ADEKUNLE AJASIN UNIVERSITY AKUNGBA,"=""08038324494""","=""9710335""","=""10187986""","=""1000285992""",Personal fixed term loan,2020-12-15 00:00:00,10000.00,0.00,,0.00,13000.00,NGN,0,Open,2021-01-14 00:00:00,Performing
EZEKIEL MATTHEW,"=""22210860834""",BOSS AREA BOSO MINNA,"=""08131801641""","=""9839019""","=""5888052""","=""9457081""",Personal fixed term loan,2023-02-17 00:00:00,5000.00,0.00,,0.00,6000.00,NGN,0,Closed,2023-03-06 00:00:00,Performing
THOMPSON BOLAJI RAFIAT,"=""22183961457""",14B MAIYE OGUNDANA MAGODO SHANGISHA,"=""08155573881""","=""9998656""","=""43276408""","=""11029297""",Personal fixed term loan,2023-05-18 00:00:00,550000.00,0.00,,0.00,68750.00,NGN,0,Closed,2024-05-12 00:00:00,Performing
APEH HOPE ONYI,"=""22214698954""",PEACE VILLAGE,,"=""10291378""","=""558546""","=""1130579898""",Personal fixed term loan,2020-06-21 00:00:00,15000.00,0.00,,0.00,18750.00,NGN,0,Closed,2020-07-21 00:00:00,Performing
APEH HOPE ONYI,"=""22214698954""",PEACE VILLAGE,,"=""10291378""","=""558546""","=""2091880""",Personal fixed term loan,2020-06-21 00:00:00,15000.00,0.00,,0.00,18750.00,NGN,0,Closed,2020-07-21 00:00:00,Performing
APEH HOPE ONYI,"=""22214698954""",PEACE VILLAGE,,"=""10291378""","=""558546""","=""854372""",Personal fixed term loan,2019-10-18 00:00:00,1500.00,0.00,,0.00,1720.00,NGN,0,Closed,2019-11-04 00:00:00,Performing
ADAMS ADESANYA KAZEEM,"=""22364566657""",ISEOLUWA STREET,"=""08055536327""","=""10334980""","=""10331561""","=""5584920""",Personal fixed term loan,2022-01-08 00:00:00,100000.00,0.00,,0.00,51660.00,NGN,0,Open,2022-04-08 00:00:00,Performing
AROTIBA FUNKE MERCY,"=""22193978625""",10 ITA OLODAN DANIALU UPPER GAA AKANBI ILORIN Ilori,,"=""10359779""","=""9209658""","=""2012321593""",Personal fixed term loan,2021-08-14 00:00:00,250000.00,0.00,,0.00,64620.00,NGN,0,Open,2022-02-10 00:00:00,Performing
IGBOMIYE OROWO EVELYN,"=""22172346890""",9 MORENIKE CARENA STREET AGEGE  Agege Lagos State,"=""07086549207""","=""10412391""","=""9552068""","=""1003921309""",Personal fixed term loan,2021-01-02 00:00:00,30000.00,0.00,,0.00,39000.00,NGN,0,Open,2021-02-01 00:00:00,Performing
KUYE OMOYEMI VICTORIA,"=""22388052985""",PrimaryAddressLine1,"=""08090833593""","=""10594288""","=""27675748""","=""9884893""",Personal fixed term loan,2023-04-06 00:00:00,15000.00,18750.00,,0.00,18750.00,NGN,0,Open,2023-05-08 00:00:00,Performing
HELEN CHUKWUDI,,59 LADOJE STREET ODI OPARUN OKO OBA AGEGEl Agege Lagos Sta,"=""08066336350""","=""10665351""","=""5461531""","=""6790086""",Personal fixed term loan,2022-05-19 00:00:00,15000.00,0.00,,0.00,19500.00,NGN,0,Closed,2022-06-20 00:00:00,Performing
HELEN CHUKWUDI,,59 LADOJE STREET ODI OPARUN OKO OBA AGEGEl Agege Lagos Sta,"=""08066336350""","=""10665351""","=""5461531""","=""7003979""",Personal fixed term loan,2022-06-10 00:00:00,20000.00,0.00,,0.00,24000.00,NGN,0,Closed,2022-06-27 00:00:00,Performing
HELEN CHUKWUDI,,59 LADOJE STREET ODI OPARUN OKO OBA AGEGEl Agege Lagos Sta,"=""08066336350""","=""10665351""","=""5461531""","=""7127195""",Personal fixed term loan,2022-06-23 00:00:00,10000.00,0.00,,0.00,12000.00,NGN,0,Closed,2022-07-08 00:00:00,Performing
UMAR FATIMA AGEDE,"=""22248248255""",FATIMA COMPD CLOSE TO MANUFA CAFE Keffi Nasarawa State,"=""09024003358""","=""10560579""","=""6236945""","=""8560296""",Personal fixed term loan,2022-11-11 00:00:00,50000.00,0.00,,0.00,58000.00,NGN,0,Closed,2022-12-27 00:00:00,Performing
OLAOYE RUTH YETUNDE,"=""22211943606""",NO 13 MAJOKOLAGBE ALAPERE KETU Kosofe Lagos State,"=""08130885039""","=""10564774""","=""5148861""","=""19101557""",Personal fixed term loan,2020-01-22 00:00:00,2500.00,0.00,,0.00,2870.00,NGN,0,Closed,2020-02-06 00:00:00,Performing
ADAMS IBRAHIM BAMIDELE,"=""22407102154""",Not Available,,"=""10707851""","=""15997719""","=""5805383""",Personal fixed term loan,2022-02-02 00:00:00,50000.00,0.00,,0.00,34850.00,NGN,0,Closed,2022-05-04 00:00:00,Performing
Rakiya O Yahaya,,FOGUN AREA BIDA,,"=""9716129""","=""1882123""","=""3124421724""",Personal fixed term loan,2019-09-15 00:00:00,15000.00,17250.00,,17250.00,19500.00,NGN,1448,Open,2019-10-15 00:00:00,Lost
OKOKON OTOBONG,"=""22301961578""",ATAKPO LANE NWANIBA UYO,"=""2348023533545""","=""10019002""","=""17922125""","=""5829378""",Personal fixed term loan,2022-02-04 00:00:00,130000.00,0.00,,0.00,37910.00,NGN,0,Closed,2023-09-20 00:00:00,Performing
ODERINDE OLUWAKEMI AYOTUNDE,"=""22295541963""",NO 22A ADATAN ROAD ISALE AKE,"=""2347037392266""","=""10108971""","=""1774872""","=""10506335""",Personal fixed term loan,2023-06-05 00:00:00,160000.00,275799.00,,0.00,91933.00,NGN,0,Open,2023-09-03 00:00:00,Performing
NWEKE TITILAYO PRISCA,"=""22281658507""",OWVIGHO DRIVE BEHIND NTA ASABA,"=""08027040967""","=""10254037""","=""14249659""","=""4534393""",Personal fixed term loan,2021-09-01 00:00:00,90000.00,0.00,,0.00,23780.00,NGN,0,Open,2022-02-28 00:00:00,Performing
NDA JACOB JOHN,"=""22258063970""",GP 870 ABDU SSAMBO SHARADA GANDUN ALBASA,"=""08035873466""","=""10356181""","=""9994041""","=""1011539639""",Personal fixed term loan,2020-12-04 00:00:00,30000.00,0.00,,0.00,21290.00,NGN,0,Open,2021-02-02 00:00:00,Performing
OSADARE OLUWASEGUN WILLIAMS,"=""22329547228""",Governmentpublic,"=""08163635461""","=""10415756""","=""1730974""","=""2100072677""",Personal fixed term loan,2019-08-30 00:00:00,2500.00,2875.00,,2875.00,3250.00,NGN,1463,Open,2019-09-30 00:00:00,Lost
DENGUN SAMUEL MBAVEHEMBE,"=""22206552864""",BEHIND NKST CHURCH AKAAJIME GBOKO,"=""08103402055""","=""10778241""","=""25541448""","=""9945941""",Personal fixed term loan,2023-04-12 00:00:00,60000.00,83880.00,,0.00,27960.00,NGN,0,Open,2023-07-11 00:00:00,Performing
OLOYEDE ROSELINE MODUPE,"=""22169142456""",NO 6DAH STRT OKE AREGBA Abeokuta South Ogun State,"=""2348035731361""","=""10778641""","=""7984414""","=""69369778""",Personal fixed term loan,2020-08-05 00:00:00,15000.00,0.00,,0.00,9760.00,NGN,0,Open,2020-10-05 00:00:00,Performing
IVONGBE RUKEVWE JUDE,"=""22162772706""",29 CALVARY STREET MONAGU,,"=""9762787""","=""8282866""","=""208706439""",Personal fixed term loan,2021-01-16 00:00:00,40000.00,0.00,,0.00,28390.00,NGN,0,Open,2021-03-17 00:00:00,Performing
YUSUF WASIU,"=""22224049294""",NO 1 ANFANI STREET RING ROAD IBADAN,"=""08169809909""","=""9850057""","=""7467751""","=""8122570""",Personal fixed term loan,2022-09-28 00:00:00,5000.00,0.00,,0.00,6300.00,NGN,0,Closed,2022-10-28 00:00:00,Performing
AGUNGU ORDUEN,"=""22239821579""",DUMMY,"=""23408062400099""","=""9851778""","=""1071974""","=""3090027069""",Personal fixed term loan,2022-01-12 00:00:00,40000.00,0.00,,0.00,40000.00,NGN,0,Open,2022-01-27 00:00:00,Performing
AGUNGU ORDUEN,"=""22239821579""",DUMMY,"=""23408062400099""","=""9851778""","=""1071974""","=""7917160576""",Personal fixed term loan,2023-03-17 00:00:00,850000.00,1288600.00,,0.00,107384.00,NGN,0,Open,2024-03-15 00:00:00,Performing
UDOSEN EKUBIAT BASSEY,"=""22234983908""",7 NTUEN IBOK LANE IKABASI,"=""07031556380""","=""10419704""","=""9217359""","=""1004082731""",Personal fixed term loan,2020-11-05 00:00:00,10000.00,0.00,,0.00,13000.00,NGN,0,Closed,2020-12-07 00:00:00,Performing
EKPENYONG BLESSING MARTINA,"=""22379409019""",PrimaryAddressLine1,"=""08141650243""","=""10451154""","=""5641147""","=""5919607""",Personal fixed term loan,2022-02-15 00:00:00,25000.00,0.00,,0.00,30920.00,NGN,0,Closed,2022-04-01 00:00:00,Performing
EKPENYONG BLESSING MARTINA,"=""22379409019""",PrimaryAddressLine1,"=""08141650243""","=""10451154""","=""5641147""","=""6927265""",Personal fixed term loan,2022-06-03 00:00:00,20000.00,0.00,,0.00,23140.00,NGN,0,Closed,2022-06-20 00:00:00,Performing
EKPENYONG BLESSING MARTINA,"=""22379409019""",PrimaryAddressLine1,"=""08141650243""","=""10451154""","=""5641147""","=""8058903""",,2022-09-22 00:00:00,20000.00,0.00,,0.00,22820.00,NGN,0,Closed,2022-10-07 00:00:00,Performing
EKPENYONG BLESSING MARTINA,"=""22379409019""",PrimaryAddressLine1,"=""08141650243""","=""10451154""","=""5641147""","=""9902351""",Personal fixed term loan,2023-04-08 00:00:00,50000.00,59450.00,,0.00,29725.00,NGN,0,Open,2023-06-07 00:00:00,Performing
RAMOH AZEEZ AKINKUNMI,"=""22414866540""",NO 50 OMI ADIO IBADAN Ibarapa North Oyo Sta,"=""08141835772""","=""10549828""","=""7381404""","=""8676843""",Personal fixed term loan,2022-11-23 00:00:00,5000.00,0.00,,0.00,6350.00,NGN,0,Closed,2022-12-23 00:00:00,Performing
RAMOH AZEEZ AKINKUNMI,"=""22414866540""",NO 50 OMI ADIO IBADAN Ibarapa North Oyo Sta,"=""08141835772""","=""10549828""","=""7381404""","=""9086327""",Personal fixed term loan,2023-01-05 00:00:00,10000.00,0.00,,0.00,12000.00,NGN,0,Closed,2023-01-20 00:00:00,Performing
RAMOH AZEEZ AKINKUNMI,"=""22414866540""",NO 50 OMI ADIO IBADAN Ibarapa North Oyo Sta,"=""08141835772""","=""10549828""","=""7381404""","=""9569703""",Personal fixed term loan,2023-03-04 00:00:00,10000.00,0.00,,0.00,13000.00,NGN,0,Closed,2023-04-03 00:00:00,Performing
RAMOH AZEEZ AKINKUNMI,"=""22414866540""",NO 50 OMI ADIO IBADAN Ibarapa North Oyo Sta,"=""08141835772""","=""10549828""","=""7381404""","=""9876518""",Personal fixed term loan,2023-04-05 00:00:00,20000.00,0.00,,0.00,26000.00,NGN,0,Closed,2023-05-05 00:00:00,Performing
MGBEAHURIKE CHUKWUDI C,"=""22307134912""",27 IDOWU MARTINS VICTORIA ISLAND,"=""08033036639""","=""10781394""","=""25157603""","=""11049029""",Personal fixed term loan,2023-08-02 00:00:00,2000000.00,1094888.00,,0.00,547444.00,NGN,0,Open,2024-07-27 00:00:00,Performing
ZAKKA ISHAKU,"=""22287267675""",SABON GARI UNGUWAR KOKI JIBIA,"=""23470379305152""","=""9707167""","=""10183378""","=""3056673161""",Personal fixed term loan,2021-01-21 00:00:00,15000.00,0.00,,0.00,19500.00,NGN,0,Open,2021-02-22 00:00:00,Performing
ABDULRAHEEM JIMOH A,,ali close by CAC church lokoja kogi state Lokoja Kogi Sta,,"=""9790680""","=""485503""","=""2129555779""",Personal fixed term loan,2020-12-08 00:00:00,45000.00,0.00,,0.00,20090.00,NGN,0,Open,2021-03-08 00:00:00,Performing
MIRIGAZHI,"=""22171270853""",No 1 peace drive rayfield jos plateau state,"=""08036416716""","=""9939588""","=""6751528""","=""43144283""",Personal fixed term loan,2021-04-05 00:00:00,40000.00,0.00,,0.00,16530.00,NGN,0,Open,2021-02-08 00:00:00,Performing
RAJI OLABISI SULIYAT,"=""22207088315""",Not Available,"=""08063823114""","=""10238725""","=""13979875""","=""5606591""",Personal fixed term loan,2022-01-11 00:00:00,20000.00,0.00,,0.00,25560.00,NGN,0,Open,2022-03-24 00:00:00,Performing
ADELEYE TAIWO WINNIFRED,"=""22229634510""",40 BROWN ROAD AGUDA SURULERE LAGOS Ondo State nigeria La,"=""08023602503""","=""10328686""","=""36688498""","=""10510430""",Personal fixed term loan,2023-06-06 00:00:00,100000.00,144400.00,,0.00,36100.00,NGN,0,Open,2023-10-04 00:00:00,Performing
POPOOLA OLAJIDE SAHEED,"=""22298845741""",14 IKUOMOLA CLOSEOFF FOLARIN STREET ALIMOSHO BUS STOP IYAN,"=""2348034669393""","=""10626438""","=""3870918""","=""9721933""",Personal fixed term loan,2023-03-21 00:00:00,30000.00,147560.00,,0.00,52520.00,NGN,0,Open,2023-06-21 00:00:00,Performing
MAGRET OYESANYA,,58 AKINRINOLA STR PLEASURE B S IYANA IPAJA OKE ODO Alimos,"=""08076212412""","=""10780590""","=""10613501""","=""5034453014""",Personal fixed term loan,2021-01-27 00:00:00,50000.00,0.00,,0.00,65000.00,NGN,0,Open,2021-02-26 00:00:00,Performing
WARIBOKO REMINGTON VICTOR,"=""22194538299""",NO 106 VICTORIA STREET PHC,"=""23408033832951""","=""9715978""","=""10602804""","=""2009823491""",Personal fixed term loan,2020-12-29 00:00:00,30000.00,0.00,,0.00,39000.00,NGN,0,Open,2021-01-28 00:00:00,Performing
OGUNNOWO OLUWASEUN DAMILOLA,"=""22208144469""",2679 UDE UTAKA STREET GBOKO BENU STATE,"=""08031534696""","=""9824967""","=""3323607""","=""431677533""",Personal fixed term loan,2020-06-10 00:00:00,20000.00,0.00,,0.00,24400.00,NGN,0,Closed,2020-07-10 00:00:00,Performing
NABIE BURABARI VIDI,"=""22158377997""",HC40 ENUGU ESTATE RUMUOBIOKAN I ROUND ABOUT,"=""08028175568""","=""9956770""","=""22508107""","=""9728529""",Personal fixed term loan,2023-03-22 00:00:00,30000.00,43050.00,,0.00,7175.00,NGN,0,Open,2023-09-20 00:00:00,Performing
KARU SUNDAY,"=""22287725896""",No 16 ukuato street mile 2 Port Harcourt,"=""2347038523306""","=""10107450""","=""2029504""","=""712869""",Personal fixed term loan,2019-09-25 00:00:00,10000.00,0.00,,0.00,13000.00,NGN,0,Closed,2019-10-25 00:00:00,Performing
MAYUKU MARSHAL MATTHEW,"=""22154501893""",2FEMI OGUNBANJO STRAWOYAYA 8KINGDOM HALL STRABIJO,"=""08033018384""","=""10345163""","=""34933294""","=""9920931""",Personal fixed term loan,2023-04-10 00:00:00,300000.00,86453.00,,0.00,47084.00,NGN,0,Open,2024-01-08 00:00:00,Performing
ALIYU MURTALA,"=""22414235771""",FATIMIYYA CLINIC HEALTH QUATERS STREET MARARABA,,"=""10391005""","=""6743545""","=""4665301""",Personal fixed term loan,2021-09-20 00:00:00,5000.00,0.00,,0.00,6500.00,NGN,0,Closed,2021-10-20 00:00:00,Performing
JOSEPH ALADESEYE OLUWAFEMI,"=""22170209672""",B6 A CLOSE KINGS COURT ESTATE AIRPORT ROAD BYPASS ABUJA Mu,"=""2348033939151""","=""10415462""","=""6078045""","=""2478146""",Personal fixed term loan,2020-09-23 00:00:00,25000.00,0.00,,0.00,32500.00,NGN,0,Closed,2020-10-23 00:00:00,Performing
UMAR GONI,"=""22275762942""",BULLUMKUTU ABYA BEHIND YAM MARKET MAIDUGURI BORNO STATE Ma,"=""08166579924""","=""10594243""","=""10335604""","=""1741452461""",Personal fixed term loan,2020-12-17 00:00:00,15000.00,3581.00,,3581.00,18000.00,NGN,1001,Open,2021-01-04 00:00:00,Lost
AGBOTA MUYIWA,"=""22265263563""",PLOT 5 ANIGILAJE LAYOUT ODOONA ELEWE IBADA,"=""07066276851""","=""10789672""","=""38361159""","=""9837173""",Personal fixed term loan,2023-04-02 00:00:00,5000.00,6195.00,,6195.00,6325.00,NGN,2,Open,2023-05-02 00:00:00,Watchlist
BAMGBADE GBOYEGA R,"=""22215607504""",1 BAMGBADE STREET KOLA BALOGUN AREA OSOGBO  Osogbo Osun St,"=""08160859734""","=""10796674""","=""8600810""","=""158802742""",Personal fixed term loan,2020-12-05 00:00:00,15000.00,0.00,,0.00,18000.00,NGN,0,Closed,2020-12-21 00:00:00,Performing
NWOSU SOLOMON,"=""22258949931""",5 Adebowale Odubanjo Street Aboru Iyana Ipaja,,"=""10415701""","=""16064911""","=""2150999610""",Personal fixed term loan,2022-10-04 00:00:00,250000.00,0.00,,0.00,52778.00,NGN,0,Closed,2023-07-03 00:00:00,Performing
ISIAYEI AMIETIMI,"=""22317066537""",NO 4 EDOKPA CLOSE AMEKPA UGHELLI  DELTA STATE Ughelli Nort,"=""2348093920486""","=""10433600""","=""9715892""","=""2112531953""",Personal fixed term loan,2022-03-09 00:00:00,250000.00,0.00,,0.00,108990.00,NGN,0,Closed,2022-06-07 00:00:00,Performing
ISIAYEI AMIETIMI,"=""22317066537""",NO 4 EDOKPA CLOSE AMEKPA UGHELLI  DELTA STATE Ughelli Nort,"=""2348093920486""","=""10433600""","=""9715892""","=""5849809""",Personal fixed term loan,2022-02-07 00:00:00,120000.00,0.00,,0.00,148440.00,NGN,0,Open,2022-03-09 00:00:00,Performing
IWUCHUKWU PEACE ADAOBI,"=""22256687048""",PrimaryAddressLine1,"=""08137005979""","=""10466287""","=""38507311""","=""10124197""",Personal fixed term loan,2023-04-29 00:00:00,70000.00,84350.00,,0.00,84350.00,NGN,0,Open,2023-05-29 00:00:00,Performing
ABDULLAHI SURAJO YAKUBU,"=""22413192914""",A A KOTOKO ROAD BULABULIN WARD Maiduguri Borno State,"=""2348036615141""","=""10503592""","=""8347276""","=""3411014052""",Personal fixed term loan,2020-08-28 00:00:00,5000.00,0.00,,0.00,6500.00,NGN,0,Closed,2020-09-28 00:00:00,Performing
HASSAN IBRAHIM,"=""22386310210""",NO 19 NDA ROAD ABAKWA KADUNA  Kaduna North  Kaduna State,"=""08167420480""","=""10555485""","=""1738932""","=""48750832""",Personal fixed term loan,2019-08-31 00:00:00,1500.00,0.00,,0.00,1950.00,NGN,0,Open,2019-09-30 00:00:00,Performing
OLALI OKALI GEORGE,"=""22292481871""",NO 10 SECOND AVENUE FED HOUSINGPORT HARCOURTESTATE RUMUE,"=""08038849447""","=""10563087""","=""41069784""","=""10596367""",Personal fixed term loan,2023-06-14 00:00:00,7500.00,9675.00,,0.00,9675.00,NGN,0,Open,2023-07-14 00:00:00,Performing
MOHAMMAD ABDULLAHI,,NO33 LAGOS STREET KEKE AGEGE AREA,"=""07032131559""","=""10821528""","=""1781403""","=""3030987265""",Personal fixed term loan,2019-09-05 00:00:00,2500.00,2875.00,,2875.00,3250.00,NGN,1456,Open,2019-10-07 00:00:00,Lost
AGBOR ABIMBOLA RUKAYAT,"=""22142565573""",51 Omololu street off benson road gbaja surulere Surulere,"=""08025925538""","=""9746865""","=""11726459""","=""5585612""",Personal fixed term loan,2022-01-08 00:00:00,100000.00,0.00,,0.00,51660.00,NGN,0,Closed,2022-04-15 00:00:00,Performing
JAMES OLUDELE ABEGUNDE,,PrimaryAddressLine1,"=""2348038175384""","=""9819661""","=""6255073""","=""2068169608""",Personal fixed term loan,2020-11-10 00:00:00,30000.00,32223.00,,32223.00,19790.00,NGN,1026,Open,2021-01-11 00:00:00,Lost
OLATUNJI TAIWO MATHEW,"=""22240740649""",ACCESS BANK PLC HEAD OFFICE LAGOS,"=""08032297940""","=""10109232""","=""5421344""","=""6544758""",Personal fixed term loan,2022-04-23 00:00:00,7500.00,0.00,,0.00,9750.00,NGN,0,Closed,2022-05-09 00:00:00,Performing
ABDULLAHI ABUBAKAR,,BINANCHI SOKOTO  Sokoto North  Sokoto State,"=""2348060000000""","=""10179147""","=""848787""","=""3555099014""",Personal fixed term loan,2020-08-28 00:00:00,15000.00,21750.00,,21750.00,19500.00,NGN,1099,Open,2020-09-28 00:00:00,Lost
CHIGBU MICHAEL UZOMA,"=""22148770034""",1 Immam Dauda St Iganmu Lagos Nigeria,,"=""10310950""","=""15623111""","=""3153544829""",Personal fixed term loan,2022-09-29 00:00:00,700000.00,360800.00,,0.00,243950.00,NGN,0,Open,2023-11-02 00:00:00,Performing
DAVID OLUWASEYI,"=""22225227385""",NIGERIA,"=""2348075201300""","=""10497530""","=""9002989""","=""29006085""",Personal fixed term loan,2020-12-23 00:00:00,50000.00,0.00,,0.00,62650.00,NGN,0,Open,2021-01-22 00:00:00,Performing
CHU ALFRED NGULUKA,"=""22283019917""",CHU COMPOUND BEHIND STATE SCHOOLONNEONNERIVERS Eleme River,"=""08121295557""","=""10703353""","=""698049""","=""10526838""",Personal fixed term loan,2023-06-07 00:00:00,5000.00,0.00,,0.00,6500.00,NGN,0,Closed,2023-07-07 00:00:00,Performing
BELLO SALAMATU,"=""22236391093""",F940 OMIERAN ISOKUN Ilesa West Osun State,"=""23408147777740""","=""10717296""","=""1805493""","=""1015898136""",Personal fixed term loan,2019-09-08 00:00:00,2500.00,0.00,,0.00,3250.00,NGN,0,Open,2019-10-08 00:00:00,Performing
ADEYEYE TAJUDEEN ADEOLA,"=""22154830096""",PrimaryAddressLine1,,"=""10811581""","=""27710335""","=""3067617020""",Personal fixed term loan,2023-01-16 00:00:00,500000.00,0.00,,0.00,170000.00,NGN,0,Closed,2023-05-17 00:00:00,Performing
SAMBO VERONICA CHRISTOPHER,"=""22351761100""",10 NEPA line,,"=""10419239""","=""12481126""","=""2157406603""",Personal fixed term loan,2021-04-11 00:00:00,5000.00,0.00,,0.00,5500.00,NGN,0,Open,2021-05-11 00:00:00,Performing
OBIJOLE SAMUEL OLUFEMI,"=""22188789119""",PrimaryAddressLine1,"=""2348055526497""","=""10737052""","=""6485344""","=""5731409""",Personal fixed term loan,2022-01-25 00:00:00,100000.00,0.00,,0.00,66750.00,NGN,0,Open,2022-03-28 00:00:00,Performing
OBIJOLE SAMUEL OLUFEMI,"=""22188789119""",PrimaryAddressLine1,"=""2348055526497""","=""10737052""","=""6485344""","=""6275297""",Personal fixed term loan,2022-03-25 00:00:00,70000.00,0.00,,0.00,43780.00,NGN,0,Closed,2022-06-25 00:00:00,Performing
OBIJOLE SAMUEL OLUFEMI,"=""22188789119""",PrimaryAddressLine1,"=""2348055526497""","=""10737052""","=""6485344""","=""9761231""",Personal fixed term loan,2023-03-25 00:00:00,120000.00,0.00,,0.00,37152.00,NGN,0,Closed,2023-10-28 00:00:00,Performing
DESOLA JIMOH ODUNAYO,"=""22373039470""",ACCESS BANK PLC HEAD OFFICE LAGOS,"=""08114918819""","=""10748275""","=""40570014""","=""1460893298""",Personal fixed term loan,2023-03-24 00:00:00,100000.00,585718.00,,389200.00,98259.00,NGN,94,Open,2023-11-27 00:00:00,Watchlist
TAIWO ABIODUN ADEMOLA,"=""22437284583""",02 No 2 imagbosegun off refinary road IbejuLekki Lagos,"=""09060991616""","=""10773143""","=""1639266""","=""3031877767""",Personal fixed term loan,2019-08-20 00:00:00,10000.00,0.00,,0.00,13000.00,NGN,0,Closed,2019-09-19 00:00:00,Performing
TAIWO ABIODUN ADEMOLA,"=""22437284583""",02 No 2 imagbosegun off refinary road IbejuLekki Lagos,"=""09060991616""","=""10773143""","=""1639266""","=""510485""",Personal fixed term loan,2019-08-20 00:00:00,10000.00,0.00,,0.00,13000.00,NGN,0,Closed,2019-09-19 00:00:00,Performing
OBI JAMES OSSAI,"=""22173113581""",47 OWULADE ABAYOMI AVE IRAWO BSTOP IKORODU LAGOS Ikorodu L,"=""2348023222614""","=""10785277""","=""754683""","=""3527401""",Personal fixed term loan,2021-04-09 00:00:00,200000.00,0.00,,0.00,100000.00,NGN,0,Closed,2021-07-08 00:00:00,Performing
KAMORUDEEN OJO TEMITOPE,,11 MAYEGUN BULIDING OKE IMOSAN,"=""08038220085""","=""10842238""","=""1481098""","=""25823010""",Personal fixed term loan,2019-09-09 00:00:00,35000.00,27944.00,,27944.00,43750.00,NGN,1454,Open,2019-10-09 00:00:00,Lost
OLADIPO OLABISI,"=""22242922434""",28 MAMA EKO STREET AKURE,"=""08030465140""","=""9732636""","=""28076692""","=""2054686168""",Personal fixed term loan,2022-05-21 00:00:00,250000.00,210856.00,,210856.00,72167.00,NGN,378,Open,2022-11-17 00:00:00,Lost
EZENWAJIAK CHIDI,,60 OLORI OMOBOLANLE STREET AGBEDE IKORODU,"=""2348098800141""","=""9747663""","=""8278665""","=""3080041885""",Personal fixed term loan,2021-11-22 00:00:00,350000.00,0.00,,0.00,92510.00,NGN,0,Closed,2022-07-08 00:00:00,Performing
HUMPHREY BEATRICE ONYEDI,"=""22228977476""",NO 1 JESUS AVENUE LIVING AND WINNING MIN PIPELINE NEW RUMU,"=""08036688358""","=""9759074""","=""4711791""","=""2004283926""",Personal fixed term loan,2021-01-03 00:00:00,200000.00,0.00,,0.00,53860.00,NGN,0,Open,2021-07-02 00:00:00,Performing
AKIRI OKE OKORO,"=""22184325555""",17 FUNSHO KINISHI STREET OKOTA,"=""08033048807""","=""9879989""","=""25920335""","=""13586868""",Personal fixed term loan,2023-04-20 00:00:00,400000.00,0.00,,0.00,285400.00,NGN,0,Closed,2023-06-19 00:00:00,Performing
EKWURUKE FRANCISCA NNEKA,"=""22151823268""",53 NJIORWHOR CLOSE RUMUAGHOLU PORT HARCOURT ObioAkpor Rive,"=""08063996117""","=""10035000""","=""11945986""","=""10100571""",Personal fixed term loan,2023-04-27 00:00:00,90000.00,102510.00,,0.00,102510.00,NGN,0,Open,2023-05-12 00:00:00,Performing
OLEKE EBOMOTEI,"=""22183052012""",okutukutu tamic road yengaoa,"=""08066282568""","=""10220457""","=""44010894""","=""10639246""",Personal fixed term loan,2023-06-19 00:00:00,7500.00,9525.00,,0.00,9525.00,NGN,0,Open,2023-07-19 00:00:00,Performing
Okezir Chiemela Blessing,"=""22161016757""",no 40 eji aku street owerri,,"=""10221912""","=""39655520""","=""9902511""",Personal fixed term loan,2023-04-08 00:00:00,300000.00,159100.00,,0.00,129700.00,NGN,0,Open,2023-07-07 00:00:00,Performing
EMEROLE SAMSON,"=""22165025326""",4 Isiokpo street D line,"=""2348069108391""","=""10324877""","=""35935060""","=""9861942""",Personal fixed term loan,2023-04-04 00:00:00,22500.00,28250.00,,0.00,28350.00,NGN,0,Open,2023-05-04 00:00:00,Performing
DAIRO MOSES OLAYINKA,"=""22294713150""",Magbon Lagos Nigeria,"=""08060499960""","=""10636967""","=""590693""","=""3824345""",,2021-05-28 00:00:00,30000.00,0.00,,0.00,18600.00,NGN,0,Closed,2021-07-27 00:00:00,Performing
OLUKA ABBEY OBUZOR,"=""22374962939""",VX86FPP Mgbuoba 500102 Port Harcourt Rivers Nigeria,"=""2349020091951""","=""10675305""","=""42690294""","=""10053204""",Personal fixed term loan,2023-04-22 00:00:00,15000.00,19050.00,,0.00,19050.00,NGN,0,Open,2023-05-22 00:00:00,Performing
NWAGWU IBEH EMMANUEL,"=""22146009484""",CO GIFIC LTD,,"=""10708410""","=""16182""","=""42802433""",Personal fixed term loan,2018-08-25 00:00:00,15000.00,7750.00,,7750.00,19500.00,NGN,589,Open,2018-09-24 00:00:00,Performing
EWUMI THOMAS OLUWATOBILOBA,"=""22303706065""",Nigeria,"=""09031728108""","=""10786141""","=""42330234""","=""10070439""",Personal fixed term loan,2023-04-24 00:00:00,12500.00,15625.00,,0.00,15625.00,NGN,0,Open,2023-05-24 00:00:00,Performing
Gbadamosi Oludare Kareem,,PrimaryAddressLine1,"=""08082901672""","=""9649359""","=""1703257""","=""3066379295""",Personal fixed term loan,2019-08-27 00:00:00,1500.00,0.00,,0.00,1950.00,NGN,0,Closed,2019-09-26 00:00:00,Performing
OLAIYA OMOBOLANLE MARY,"=""22296297731""",PrimaryAddressLine1,"=""07066041297""","=""9923928""","=""28258345""","=""9728736""",Personal fixed term loan,2023-03-22 00:00:00,7500.00,8948.00,,0.00,4474.00,NGN,0,Open,2023-05-22 00:00:00,Performing
OKELEKE MEDINA OCHIJENU,"=""22347884675""",Ogba Ikeja Nigeria,,"=""10156581""","=""1662624""","=""1003299420""",Personal fixed term loan,2021-06-08 00:00:00,200000.00,0.00,,0.00,131300.00,NGN,0,Open,2021-08-09 00:00:00,Performing
OKELEKE MEDINA OCHIJENU,"=""22347884675""",Ogba Ikeja Nigeria,,"=""10156581""","=""1662624""","=""3036765387""",Personal fixed term loan,2021-04-10 00:00:00,50000.00,0.00,,0.00,28750.00,NGN,0,Open,2021-06-09 00:00:00,Performing
OWODOGBA TOLUWANI ADEBAYO,,12 IREPODUN SIMILOLUWA ADO EKITI Ado Ekiti Ekiti State,"=""08065850130""","=""10517905""","=""944524""","=""459579211""",Personal fixed term loan,2019-03-07 00:00:00,30000.00,34500.00,,34500.00,39000.00,NGN,1638,Open,2019-04-08 00:00:00,Lost
OLALERE OLAYEMI GBENGA,,15 AGBA DAM ROAD GAA AKANBI ILORIN Ilorin South Kwara Stat,"=""2348039297234""","=""10572687""","=""9725314""","=""693581543""",Personal fixed term loan,2022-06-22 00:00:00,300000.00,0.00,,0.00,127274.00,NGN,0,Closed,2023-06-06 00:00:00,Performing
AMOS SAMUEL OLUGBOLA,"=""22190343862""",PrimaryAddressLine1,"=""08033399971""","=""10626554""","=""6544327""","=""8610384""",Personal fixed term loan,2022-11-16 00:00:00,5000.00,0.00,,0.00,6500.00,NGN,0,Closed,2022-12-16 00:00:00,Performing
BOWOFOLA SAHEED OLADELE,"=""22416973387""",14 15 Prince Alaba Oniru Road Victoria Island,,"=""10720342""","=""12675177""","=""2113526343""",Personal fixed term loan,2021-04-19 00:00:00,5000.00,0.00,,0.00,6500.00,NGN,0,Closed,2021-05-19 00:00:00,Performing
AKOR EMEM ABRAHAM,"=""22321458036""",Nigeria,"=""2349036373043""","=""9869598""","=""14355511""","=""2982066213""",Personal fixed term loan,2022-12-19 00:00:00,250000.00,0.00,,0.00,73334.00,NGN,0,Closed,2023-06-19 00:00:00,Performing
GANI ABDULMAJEED MUHAMMED,"=""22403272271""",HEALTHCARE INTL SHAGARI SHOPPING COMPLEX BAUCHI,"=""08033384037""","=""9990755""","=""6685119""","=""10665281""",Personal fixed term loan,2023-06-21 00:00:00,5000.00,0.00,,0.00,6000.00,NGN,0,Closed,2023-07-06 00:00:00,Performing
TOYE LATIFAT ADEOLA,"=""22425127308""",Ojodu 300001 Berger Ogun State Nigeria,"=""07030501313""","=""9994792""","=""5172070""","=""10660472""",Personal fixed term loan,2023-06-21 00:00:00,120000.00,0.00,,0.00,62200.00,NGN,0,Closed,2023-09-19 00:00:00,Performing
TOYE LATIFAT ADEOLA,"=""22425127308""",Ojodu 300001 Berger Ogun State Nigeria,"=""07030501313""","=""9994792""","=""5172070""","=""5172070""",Personal fixed term loan,2021-04-27 00:00:00,100000.00,52000.00,,0.00,26000.00,NGN,0,Open,2022-03-07 00:00:00,Performing
OMOLAJA ESTHER,"=""22287720846""",CBQ 252 FLAT 7 IKEJA CANTONMENT Ikeja Lagos,"=""2348020854924""","=""10120372""","=""11496288""","=""4810034""",Personal fixed term loan,2021-10-08 00:00:00,30000.00,0.00,,0.00,7920.00,NGN,0,Closed,2022-04-06 00:00:00,Performing
ODIBOH HOPE,"=""22180242463""",PLOT 1 ROAD E,"=""2348028310169""","=""10184169""","=""24008938""","=""5572260""",Personal fixed term loan,2022-01-06 00:00:00,200000.00,0.00,,0.00,45990.00,NGN,0,Closed,2022-12-05 00:00:00,Performing
OLAOLUWA OLALEKAN T,"=""22402282189""",OGUNSUA ST,"=""07062772208""","=""10337450""","=""9654056""","=""3096468790""",Personal fixed term loan,2020-12-05 00:00:00,5000.00,0.00,,0.00,6500.00,NGN,0,Open,2021-01-04 00:00:00,Performing
HARUNA KABIRU,,Gwagwalada area Abuja,"=""2347066489224""","=""10613888""","=""1745247""","=""175955421""",Personal fixed term loan,2019-09-01 00:00:00,2500.00,2875.00,,2875.00,3250.00,NGN,1461,Open,2019-10-02 00:00:00,Lost
ADAMU MAJIBU UMAR,"=""22232731497""",LAYIN TRANSFORMER 2TUDUN YOLA Gwale Kano State,"=""09097359837""","=""10720841""","=""10292841""","=""30610773""",Personal fixed term loan,2020-12-16 00:00:00,50000.00,66394.00,,66394.00,22330.00,NGN,990,Open,2021-03-16 00:00:00,Lost
MEMUDU WAHAB WOLE,"=""22180275795""",14 KABBA CRESENT ADEWOLE ESTATE ILORIN Ilori,"=""08033589536""","=""10891391""","=""550590""","=""39109141""",Personal fixed term loan,2021-02-01 00:00:00,10000.00,0.00,,0.00,12400.00,NGN,0,Open,2021-03-03 00:00:00,Performing
MUHAMMED RABIAT,"=""22353744332""",PLOT 474 ADJACENT TO FCDA QUARTERS BESIDE ARMY SCHEME KUBWA,"=""08069727755""","=""10619726""","=""9310615""","=""1006635238""",Personal fixed term loan,2021-01-10 00:00:00,70000.00,0.00,,0.00,35090.00,NGN,0,Open,2021-04-12 00:00:00,Performing
MUHAMMED RABIAT,"=""22353744332""",PLOT 474 ADJACENT TO FCDA QUARTERS BESIDE ARMY SCHEME KUBWA,"=""08069727755""","=""10619726""","=""9310615""","=""4521057546""",Personal fixed term loan,2020-12-05 00:00:00,30000.00,0.00,,0.00,21290.00,NGN,0,Closed,2021-02-03 00:00:00,Performing
AINA SOLOMON SEGUN,"=""22266809234""",No 76 Bala sallari Street hausawa Sallari,"=""08186043519""","=""10661924""","=""4433381""","=""3020004611""",Personal fixed term loan,2020-01-03 00:00:00,1500.00,0.00,,0.00,1720.00,NGN,0,Open,2020-01-20 00:00:00,Performing
BALOGUN MAHROUFDEEN ABIODUN,,SENIOR STAFF QUAETERS BLOCK F C E ABEOKUTA Odeda Ogun Sta,"=""2347032416234""","=""10680258""","=""9979310""","=""2084757467""",Personal fixed term loan,2020-12-03 00:00:00,60000.00,0.00,,0.00,27990.00,NGN,0,Open,2021-03-03 00:00:00,Performing
ONUEGBU OWHORCHUKWU,"=""22168245170""",ACCESS BANK PLC HEAD OFFICE LAGOS,,"=""10900174""","=""12904477""","=""40097393""",Personal fixed term loan,2021-06-01 00:00:00,225000.00,30492.00,,30492.00,33000.00,NGN,493,Open,2022-05-27 00:00:00,Lost
Atilola Fatimah Yewande,"=""22394486969""",14 oluwo town sabo ishara,,"=""9642391""","=""795383""","=""220771383""",Personal fixed term loan,2020-03-10 00:00:00,35000.00,44363.00,,44363.00,40250.00,NGN,1286,Open,2020-03-25 00:00:00,Lost
EGWIM LUCKY NNANYEREUGO,"=""22235931135""",111 TIMBER STREET ILOABUCHI MILE II PORT HARCOURT Port Har,"=""08163925973""","=""10168346""","=""2443898""","=""28386949""",Personal fixed term loan,2020-03-17 00:00:00,2500.00,0.00,,0.00,2870.00,NGN,0,Closed,2020-04-01 00:00:00,Performing
ODOH MARK NNABUIKE,"=""22345570044""",Not Available,"=""07037737458""","=""10368313""","=""5419458""","=""4642815""",Personal fixed term loan,2021-09-17 00:00:00,30000.00,0.00,,0.00,39000.00,NGN,0,Closed,2021-11-24 00:00:00,Performing
YUSIF MOHAMMED,"=""22163677970""",PrimaryAddressLine1,"=""07033142904""","=""10719958""","=""9902539""","=""3165945719""",Personal fixed term loan,2020-12-16 00:00:00,25000.00,36250.00,,36250.00,32500.00,NGN,990,Open,2021-01-15 00:00:00,Lost
WARRI VICKTOR AZIAKPONO,"=""22170042505""",2 OBAIRE CLOSE OFF AFIEKI ROAD EKPAN Uvwie Delta State,"=""08133438804""","=""10898948""","=""11810085""","=""3064328141""",Personal fixed term loan,2021-12-29 00:00:00,250000.00,363616.00,,363616.00,66080.00,NGN,574,Open,2022-07-04 00:00:00,Lost
OGUNTOYE DAMILOLA TIMOTHY,"=""22276683435""",8 ILORI STREET,"=""08133950266""","=""9862002""","=""39734839""","=""169925715""",Personal fixed term loan,2022-12-07 00:00:00,275000.00,0.00,,0.00,58667.00,NGN,0,Closed,2024-01-01 00:00:00,Performing
OKHA OLUFUNSHO JOSEPH,,ADENIYI CLOSE OPP POLICE BARRACKS LOKOJA NEW LADY OUT Lok,"=""08166065464""","=""9916618""","=""10478131""","=""3140189736""",Personal fixed term loan,2021-01-12 00:00:00,15000.00,0.00,,0.00,19500.00,NGN,0,Open,2021-02-11 00:00:00,Performing
AGBETI OLUGBENGA,"=""22249440812""",PrimaryAddressLine1,"=""23408067196037""","=""10009367""","=""1498225""","=""2001518900""",Personal fixed term loan,2020-06-11 00:00:00,10000.00,0.00,,0.00,12200.00,NGN,0,Closed,2020-07-13 00:00:00,Performing
FRANK SAMUEL INYIENG,"=""22254537633""",AIRFORCE BASE ALONG AIRPORT ROAD ABUJA Municipal Area Cou,,"=""10115364""","=""10801392""","=""1442167024""",Personal fixed term loan,2021-01-13 00:00:00,5000.00,0.00,,0.00,6500.00,NGN,0,Open,2021-02-12 00:00:00,Performing
ADESEUN HAFSAT,"=""22320850718""",YOKA OLOPE STREET AKURE,"=""08034229191""","=""10310057""","=""41195988""","=""10022793""",Personal fixed term loan,2023-04-19 00:00:00,22500.00,23000.00,,0.00,28575.00,NGN,0,Open,2023-05-19 00:00:00,Performing
ARTHUR PREYE SEWENIOWOR,"=""22262747246""",ARTHURS HOUSE BARRISTER ARTHUR CLOSE  OFF,"=""08037579373""","=""10593167""","=""12701973""","=""3094594156""",Personal fixed term loan,2021-04-19 00:00:00,20000.00,0.00,,0.00,11500.00,NGN,0,Open,2021-06-18 00:00:00,Performing
OKONEFFIONG GLORIA,"=""22260654205""",3 ABEOKUTA STREET BARIGA LAGOS,"=""08023438888""","=""10661187""","=""5282105""","=""9371744""",Personal fixed term loan,2023-02-07 00:00:00,7500.00,0.00,,0.00,8625.00,NGN,0,Closed,2023-02-22 00:00:00,Performing
OYELEYE NIYI,"=""22249450462""",deeper life bible church toll gate ilo awela ota Ado Odo,"=""08033349661""","=""10727142""","=""4810573""","=""15898540""",Personal fixed term loan,2020-01-09 00:00:00,10000.00,0.00,,0.00,13000.00,NGN,0,Open,2020-02-10 00:00:00,Performing
OBASAN FUNMILOLA ESTHER,"=""22277878209""",PrimaryAddressLine1,"=""08062485211""","=""10903715""","=""37060345""","=""3126745190""",Personal fixed term loan,2023-02-27 00:00:00,400000.00,383524.00,,383524.00,105467.00,NGN,96,Open,2023-09-27 00:00:00,Watchlist
ALABI SEGUN OLANREWAJU,"=""22417728368""",140 OLORUNWA CDA OJUORE STR OJU ORE BUSTOP AdoOdoOta,,"=""9826173""","=""5876166""","=""7129552""",Personal fixed term loan,2022-06-23 00:00:00,7500.00,0.00,,0.00,9000.00,NGN,0,Closed,2022-07-08 00:00:00,Performing
YAYI BASIRAT ANIKE,"=""22204163062""",12 D2 ARAROMI COMPLEX OBADA OKO ABEOKUTA OGUN,"=""08068017107""","=""9833843""","=""9560825""","=""5869491018""",Personal fixed term loan,2020-12-08 00:00:00,20000.00,0.00,,0.00,26000.00,NGN,0,Open,2021-01-07 00:00:00,Performing
Agwu Nene Kalu,,31 EGBADO CLOSE OFF IJU GATE IJU ISHAGA Ifako Ijaiye Lago,,"=""10175529""","=""4992867""","=""3154778986""",Personal fixed term loan,2021-02-22 00:00:00,10000.00,0.00,,0.00,11000.00,NGN,0,Open,2021-03-24 00:00:00,Performing
Olawale Kolawole,"=""22149621885""",4B ADOGBA STR MONATAN EGBEDA Jos South Plateau State,"=""08162656105""","=""10221696""","=""9966138""","=""158550421""",Personal fixed term loan,2020-12-02 00:00:00,15000.00,21750.00,,21750.00,19500.00,NGN,1004,Open,2021-01-01 00:00:00,Lost
ADEBOLA DEMOLA RIDWAN,"=""22249148767""",FG9PG8C OkoErin Rd 240281 Oko Erin Kwara Nigeria,"=""08038041752""","=""10535649""","=""979175""","=""25809371""",Personal fixed term loan,2019-05-08 00:00:00,2500.00,0.00,,0.00,2870.00,NGN,0,Closed,2019-05-23 00:00:00,Performing
OYEBAMIJI OLUWATOBI ODUNOLA,"=""22171816345""",2 Arodunjoye street Even Estate Badore,"=""08128680471""","=""10690523""","=""2379247""","=""6722680""",Personal fixed term loan,2022-05-12 00:00:00,7500.00,0.00,,0.00,7500.00,NGN,0,Closed,2022-05-27 00:00:00,Performing
OYEBAMIJI OLUWATOBI ODUNOLA,"=""22171816345""",2 Arodunjoye street Even Estate Badore,"=""08128680471""","=""10690523""","=""2379247""","=""6930502""",Personal fixed term loan,2022-06-03 00:00:00,10000.00,0.00,,0.00,12000.00,NGN,0,Closed,2022-06-20 00:00:00,Performing
OYEBAMIJI OLUWATOBI ODUNOLA,"=""22171816345""",2 Arodunjoye street Even Estate Badore,"=""08128680471""","=""10690523""","=""2379247""","=""7425222""",Personal fixed term loan,2022-07-22 00:00:00,25000.00,0.00,,0.00,32375.00,NGN,0,Closed,2022-08-22 00:00:00,Performing
DAUDA MOHAMMED B,,OPPS CMT MOSQUE BAJABURE Grie Adamawa State,"=""07063909292""","=""10723565""","=""10229617""","=""34419895""",Personal fixed term loan,2021-01-09 00:00:00,30000.00,0.00,,0.00,39000.00,NGN,0,Open,2021-02-08 00:00:00,Performing
SHAKA RAFAT REJOICE,"=""22442272858""",NO 53 AKINOLA STREET BARIGA LAIDE BUS STOP LAGOS Shomolu,"=""07031285844""","=""9884328""","=""8113007""","=""448679911""",Personal fixed term loan,2020-09-24 00:00:00,5000.00,0.00,,0.00,6500.00,NGN,0,Open,2020-10-26 00:00:00,Performing
ANOZIE BELVAN UCHE,"=""22244682365""",maitama sule road Abuja,"=""08173578050""","=""9929283""","=""11573743""","=""2097646169""",Personal fixed term loan,2021-10-26 00:00:00,100000.00,0.00,,0.00,41330.00,NGN,0,Open,2022-01-24 00:00:00,Performing
MIRACLE GODWIN,"=""22385827382""",14 15 Prince Alaba Oniru Road Victoria Island,"=""09032554204""","=""9935050""","=""1660035""","=""69951142""",Personal fixed term loan,2019-10-22 00:00:00,2500.00,0.00,,0.00,2870.00,NGN,0,Closed,2019-11-06 00:00:00,Performing
BABATIMEHIN OMOLARA,"=""22145140580""",ADJACENT CBC SEGUNIGE STREET LOKONG,"=""07043037536""","=""9951362""","=""9459639""","=""1005141781""",Personal fixed term loan,2021-01-23 00:00:00,150000.00,0.00,,0.00,66000.00,NGN,0,Open,2021-04-23 00:00:00,Performing
ANGO SAMMANI,"=""22170270810""",Ojodu Lagos Nigeria,"=""07088888849""","=""10043832""","=""5369559""","=""24122839""",Personal fixed term loan,2020-04-15 00:00:00,15000.00,0.00,,0.00,17250.00,NGN,0,Open,2020-04-30 00:00:00,Performing
EKANEM IDONGESIT BASSEY,"=""22190498759""",CHARLES BECKY ESTATE BINJI CLOSE AREA 8 GARKI ABUJA,"=""08023222941""","=""10314540""","=""9821369""","=""24546510""",Personal fixed term loan,2021-03-19 00:00:00,200000.00,0.00,,0.00,73990.00,NGN,0,Open,2021-09-24 00:00:00,Performing
EKANEM IDONGESIT BASSEY,"=""22190498759""",CHARLES BECKY ESTATE BINJI CLOSE AREA 8 GARKI ABUJA,"=""08023222941""","=""10314540""","=""9821369""","=""4679442""",Personal fixed term loan,2021-09-22 00:00:00,200000.00,0.00,,0.00,52860.00,NGN,0,Closed,2022-08-15 00:00:00,Performing
UDOM EBENEZER TOMMY,"=""22215839994""",PrimaryAddressLine1,"=""08131003634""","=""10355687""","=""10817668""","=""41879220""",Personal fixed term loan,2023-02-28 00:00:00,600000.00,590541.00,,400410.00,95067.00,NGN,96,Open,2023-11-25 00:00:00,Watchlist
OLOKOSE OLUWADAMILARE SUNDAY,"=""22245666568""",13 UGELE OPPOSITE BENIN GARAGE AKUREOndo State,"=""08162221550""","=""10652132""","=""5638807""","=""3030848508""",Personal fixed term loan,2020-03-03 00:00:00,2500.00,0.00,,0.00,2870.00,NGN,0,Closed,2020-03-18 00:00:00,Performing
GODSON QUINETH OGECHI,"=""22325000712""",NO 26 WOGU CREASCENT OFF KESIOLU ROAD RUMUIGB,"=""08100909413""","=""10788908""","=""5395467""","=""2138848253""",Personal fixed term loan,2020-09-11 00:00:00,5000.00,0.00,,0.00,6500.00,NGN,0,Closed,2020-10-12 00:00:00,Performing
GODSON QUINETH OGECHI,"=""22325000712""",NO 26 WOGU CREASCENT OFF KESIOLU ROAD RUMUIGB,"=""08100909413""","=""10788908""","=""5395467""","=""2429674""",Personal fixed term loan,2020-09-11 00:00:00,5000.00,0.00,,0.00,6500.00,NGN,0,Closed,2020-10-12 00:00:00,Performing
AKINTOYE AKINLEYE MOSES,"=""22300642377""",PRINCE ABDULSALAM STREET AKOBO Lagelu Oyo State,,"=""9761571""","=""10041713""","=""154342527""",,2022-05-01 00:00:00,200000.00,0.00,,0.00,115515.00,NGN,0,Closed,2022-10-31 00:00:00,Performing
OLORUNJUWON BENJAMIN JOHN,"=""22176393786""",PrimaryAddressLine1,"=""07038832135""","=""9958477""","=""732565""","=""4936459""",Personal fixed term loan,2021-10-24 00:00:00,5000.00,0.00,,0.00,5000.00,NGN,0,Closed,2021-11-08 00:00:00,Performing
ZAMANI GIDEON,,NO42 IYAKA STREET ANGUWAN Kaduna South Kaduna State,"=""07035312949""","=""9969305""","=""8775840""","=""697160445""",Personal fixed term loan,2020-12-30 00:00:00,50000.00,0.00,,0.00,24590.00,NGN,0,Open,2021-03-30 00:00:00,Performing
YUSUF WALIU OLUWADAMILARE,,10 PAPALANTO ARAROMI EWEKORO LGA Ewekoro Ogun State,"=""23408035644212""","=""10028567""","=""1577669""","=""36911957""",Personal fixed term loan,2019-08-14 00:00:00,2000.00,2300.00,,2300.00,2600.00,NGN,1480,Open,2019-09-13 00:00:00,Lost
OBIALOR JAHSWILL UCHENNA,"=""22181513412""",7 SHENDEM OLOWORA OJODU LAGOS Ikeja Lagos,"=""2348066120695""","=""10225707""","=""1225515""","=""41081621""",Personal fixed term loan,2020-12-31 00:00:00,200000.00,0.00,,0.00,44660.00,NGN,0,Open,2021-06-29 00:00:00,Performing
EMEKA,,FEDERAL HIGH WAY PATROL BARRACKS IKEJA Ikeja Lagos State,"=""08130962884""","=""10251622""","=""11017979""","=""2089121258""",Personal fixed term loan,2021-01-25 00:00:00,5000.00,0.00,,0.00,5500.00,NGN,0,Open,2021-02-09 00:00:00,Performing
OMOBOLA KIKELOMO,"=""22290417256""",Lokoja Nigeria,"=""08136792999""","=""10423451""","=""4992605""","=""1005370884""",Personal fixed term loan,2020-08-20 00:00:00,20000.00,0.00,,0.00,25200.00,NGN,0,Open,2020-09-21 00:00:00,Performing
OMOREGIE JEFFERY OSARO,"=""22336567965""",NO12ND IRE STREET OFF WIRE ROAD BENIN CIYT,"=""08108289500""","=""10608525""","=""12190066""","=""3133169578""",Personal fixed term loan,2021-04-15 00:00:00,5000.00,0.00,,0.00,5500.00,NGN,0,Closed,2021-05-17 00:00:00,Performing
BUSARI BAMIDELE STEPHEN,"=""22260889698""",AB AMOSUN VILLAGE ALAKIA,"=""08033535254""","=""10644021""","=""25538364""","=""10681079""",Personal fixed term loan,2023-06-23 00:00:00,30000.00,35400.00,,0.00,35400.00,NGN,0,Open,2023-07-08 00:00:00,Performing
AIGORO OLUWATOBILOBA ADESOLA,"=""22171831867""",Sabo yaba Lagos Nigeria,,"=""10711809""","=""9073164""","=""9832945""",Personal fixed term loan,2023-04-01 00:00:00,22500.00,24119.00,,24119.00,28125.00,NGN,3,Open,2023-05-01 00:00:00,Watchlist
OLACHENE EMMANUEL ADA,"=""22296660296""",FARI GIDA MANDO KADUNA BAJJU STR NO 21 Igabi Kaduna State,"=""2347037697383""","=""10748016""","=""10490403""","=""112210383""",Personal fixed term loan,2020-12-22 00:00:00,30000.00,0.00,,0.00,39000.00,NGN,0,Open,2021-01-21 00:00:00,Performing
ADEGELU COLLINS TOFUNMI,"=""22409679968""",PrimaryAddressLine1,"=""09067283372""","=""10846216""","=""520618""","=""9616459""",Personal fixed term loan,2023-03-09 00:00:00,7500.00,0.00,,0.00,9750.00,NGN,0,Closed,2023-06-01 00:00:00,Performing
UGOCHUKWU MABU ANTHONY,"=""22326995954""",15B BUNGALON JAKONDE ESTATE LAGOS,"=""08166985464""","=""10891140""","=""22326995954""","=""FMSME01176""",,2022-06-22 00:00:00,500000.00,,,,183806.50,NGN,0,Closed,2022-09-20 00:00:00,Performing
UGOCHUKWU MABU ANTHONY,"=""22326995954""",15B BUNGALON JAKONDE ESTATE LAGOS,"=""08166985464""","=""10891140""","=""22326995954""","=""FMSME02120""",,2022-09-29 00:00:00,700000.00,,,,261333.33,NGN,0,Closed,2022-12-28 00:00:00,Performing
ABDULHADI MUSTAFA,"=""22396021601""",NAIBAWA SABUWAR UNGUWA TSINGIR GIRIN MAKAMA,"=""08034622480""","=""9866482""","=""10208899""","=""58239967""",Personal fixed term loan,2020-12-14 00:00:00,50000.00,66394.00,,66394.00,22330.00,NGN,992,Open,2021-03-15 00:00:00,Lost
ADESOMI MUJIDAT ODUNOLA,"=""22193104132""",I D C ERINKOJAOBE,"=""08053624074""","=""9888969""","=""7506807""","=""4741488""",Personal fixed term loan,2021-09-30 00:00:00,50000.00,0.00,,0.00,13210.00,NGN,0,Closed,2022-09-22 00:00:00,Performing
OLALERE SODIQ OLALEKAN,"=""22436197701""",24 AYISAT STREET SABO,"=""08103524656""","=""9961333""","=""1962924""","=""263119254""",Personal fixed term loan,2019-09-22 00:00:00,1500.00,0.00,,0.00,1950.00,NGN,0,Closed,2019-10-22 00:00:00,Performing
TUNDE OLORUNLEKE,"=""22175281181""",PLOT 726 ROAD D ARAB ROAD OFF GBAZANGO KUBWA ABUJA Bwari,"=""2348036183694""","=""10029730""","=""10151927""","=""22111082""",Personal fixed term loan,2020-12-11 00:00:00,15000.00,0.00,,0.00,19500.00,NGN,0,Open,2021-01-11 00:00:00,Performing
ADEWOLE SOJI JOEL,"=""22352653080""",Elewetira,"=""08067156228""","=""10180676""","=""4490512""","=""3033094255""",Personal fixed term loan,2020-04-02 00:00:00,20000.00,0.00,,0.00,24400.00,NGN,0,Closed,2020-05-04 00:00:00,Performing
NASSER SALIMA MOHAMMED,"=""22202767312""",PLOT A1 15 MADAR KACHI ROAD TRADE FAIR Igabi Kaduna State,"=""08062879440""","=""10555272""","=""7987014""","=""5260636""",Personal fixed term loan,2021-11-30 00:00:00,100000.00,0.00,,0.00,35900.00,NGN,0,Closed,2022-06-28 00:00:00,Performing
ODO JOEL,"=""22277283276""",1 The Old Path Close Enugu Nigeri,"=""08037984683""","=""10635715""","=""16562399""","=""47387521""",Personal fixed term loan,2022-03-27 00:00:00,450000.00,523726.00,,523726.00,116700.00,NGN,430,Open,2022-11-26 00:00:00,Lost
SAMUEL ADEGBOYEGA AREMU SAMUEL ADEGBOYEGA AREMU,"=""22293460558""",PLOT 999C DANMOLE STR VI,,"=""10637194""","=""9025089""","=""6320815930""",Personal fixed term loan,2020-10-08 00:00:00,5000.00,0.00,,0.00,6000.00,NGN,0,Closed,2020-10-23 00:00:00,Performing
OKECHUKWU NWOBODO EMMANUAL,"=""22333780279""",Nigeria,"=""08036854497""","=""10671713""","=""589737""","=""6871488""",Personal fixed term loan,2022-05-28 00:00:00,5000.00,0.00,,0.00,5750.00,NGN,0,Closed,2022-06-13 00:00:00,Performing
OKECHUKWU NWOBODO EMMANUAL,"=""22333780279""",Nigeria,"=""08036854497""","=""10671713""","=""589737""","=""8789355""",Personal fixed term loan,2022-12-04 00:00:00,5000.00,0.00,,0.00,6500.00,NGN,0,Closed,2023-01-03 00:00:00,Performing
OSAGIEDE WELLINGTON,"=""22206916974""",60 OHEN STREET EKAE QUARTERS OFF SAPELE,"=""08134753661""","=""10680373""","=""15414570""","=""724368574""",Personal fixed term loan,2021-10-31 00:00:00,90000.00,0.00,,0.00,37190.00,NGN,0,Closed,2022-06-01 00:00:00,Performing
BASSEY JENNIFER MBUA,"=""22315354421""",28 ADEDEJI ADEROGBA,,"=""10709260""","=""25584803""","=""9863104""",Personal fixed term loan,2023-04-04 00:00:00,30000.00,35910.00,,0.00,35910.00,NGN,0,Open,2023-05-04 00:00:00,Performing
IKHINMWIN MONDAY,"=""22235964218""",PrimaryAddressLine1,"=""07080165235""","=""10945942""","=""38873791""","=""9898641""",Personal fixed term loan,2023-04-07 00:00:00,30000.00,86310.00,,0.00,43155.00,NGN,0,Open,2023-06-07 00:00:00,Performing
Olanrewaju Moses,,13 SAMUEL ADEDUTE CRESCENT OFF OLORUNSOGO STREET ONDO Ondo,"=""07068455504""","=""10760954""","=""4781958""","=""3038507789""",Personal fixed term loan,2020-01-08 00:00:00,1500.00,1725.00,,1725.00,1720.00,NGN,1348,Open,2020-01-23 00:00:00,Lost
LAWAL IBIRONKE SIDIKAT,"=""22343030113""",201 ARAROMI STREET AKURE OND,"=""08143600570""","=""10803738""","=""36198857""","=""9956455""",Personal fixed term loan,2023-04-13 00:00:00,7500.00,0.00,,0.00,8572.50,NGN,0,Closed,2023-04-28 00:00:00,Performing
NGWOBIA WISDOM PETER,"=""22180510890""",14 TRANS AMADI ROAD RUMUOBIOKANI ObioAkpor Rivers State,"=""08146328534""","=""10845984""","=""7496720""","=""6755023""",Personal fixed term loan,2022-05-16 00:00:00,15000.00,0.00,,0.00,19500.00,NGN,0,Closed,2022-06-15 00:00:00,Performing
NGWOBIA WISDOM PETER,"=""22180510890""",14 TRANS AMADI ROAD RUMUOBIOKANI ObioAkpor Rivers State,"=""08146328534""","=""10845984""","=""7496720""","=""7057334""",Personal fixed term loan,2022-06-16 00:00:00,20000.00,0.00,,0.00,26000.00,NGN,0,Closed,2022-07-18 00:00:00,Performing
NGWOBIA WISDOM PETER,"=""22180510890""",14 TRANS AMADI ROAD RUMUOBIOKANI ObioAkpor Rivers State,"=""08146328534""","=""10845984""","=""7496720""","=""8694976""",Personal fixed term loan,2022-11-25 00:00:00,15000.00,0.00,,0.00,19500.00,NGN,0,Closed,2022-12-28 00:00:00,Performing
NGWOBIA WISDOM PETER,"=""22180510890""",14 TRANS AMADI ROAD RUMUOBIOKANI ObioAkpor Rivers State,"=""08146328534""","=""10845984""","=""7496720""","=""9488306""",Personal fixed term loan,2023-02-21 00:00:00,10000.00,0.00,,0.00,12000.00,NGN,0,Closed,2023-03-08 00:00:00,Performing
NGWOBIA WISDOM PETER,"=""22180510890""",14 TRANS AMADI ROAD RUMUOBIOKANI ObioAkpor Rivers State,"=""08146328534""","=""10845984""","=""7496720""","=""9866226""",Personal fixed term loan,2023-04-05 00:00:00,25000.00,0.00,,0.00,32500.00,NGN,0,Closed,2023-05-05 00:00:00,Performing
DANIEL OYIMINI PETER,"=""22300338382""",14 15 Prince Alaba Oniru Road Victoria Island,"=""07012554006""","=""10580441""","=""7612377""","=""9742770""",Personal fixed term loan,2023-03-23 00:00:00,30000.00,0.00,,0.00,37500.00,NGN,0,Closed,2023-04-22 00:00:00,Performing
Jarikpe Tina,,No 124 ejiba street,,"=""10640605""","=""12731306""","=""20981640""",Personal fixed term loan,2021-04-26 00:00:00,10000.00,0.00,,0.00,11800.00,NGN,0,Open,2021-05-11 00:00:00,Performing
NYANANGE FUBARA,"=""22326077685""",ADA ESTATE FLORIDA STREET ABULOMA Port Harco,"=""09016219017""","=""10949567""","=""8955530""","=""3197028018""",Personal fixed term loan,2020-10-04 00:00:00,15000.00,0.00,,0.00,18000.00,NGN,0,Closed,2020-10-19 00:00:00,Performing
OGUN ANGELA SEMANDE,"=""22166209727""",Allen Ikeja Nigeria,"=""08039334380""","=""9792498""","=""10975401""","=""5581914""",Personal fixed term loan,2022-01-08 00:00:00,60000.00,0.00,,0.00,32136.00,NGN,0,Closed,2022-05-16 00:00:00,Performing
ADEBAYO AKINTAYO TAJUDEEN,"=""22247426878""",Not Available,"=""2348108401375""","=""9830559""","=""34843437""","=""3128888608""",Personal fixed term loan,2022-05-28 00:00:00,200000.00,0.00,,0.00,68440.00,NGN,0,Closed,2022-12-10 00:00:00,Performing
AHMED OLANREWAJU MUHAMMED,"=""22420828989""",Nigeria,"=""08181780062""","=""9845744""","=""2074854""","=""179018315""",Personal fixed term loan,2020-07-14 00:00:00,5000.00,0.00,,0.00,6500.00,NGN,0,Open,2020-08-13 00:00:00,Performing
SAHEED HAMED KAYODE,,NAF BASE KADUNA Igabi Kaduna State,"=""08035184165""","=""9896305""","=""8200455""","=""3909347019""",Personal fixed term loan,2020-09-21 00:00:00,20000.00,0.00,,0.00,24000.00,NGN,0,Open,2020-10-06 00:00:00,Performing
SALAMI ADEBAYO AZEEZ,,ADEYEMO HOUSE BESIDE JEJELAYE FILLING,"=""08065499548""","=""10420243""","=""518626""","=""3041527080""",Personal fixed term loan,2020-02-19 00:00:00,2500.00,0.00,,0.00,2870.00,NGN,0,Open,2020-03-05 00:00:00,Performing
ALABI OLUWATOSIN MARVELOUS,"=""22175411207""",ACCESS BANK PLC HEAD OFFICE LAGOS,"=""08163973344""","=""10603611""","=""11826544""","=""29579926""",Personal fixed term loan,2021-06-02 00:00:00,250000.00,0.00,,0.00,66080.00,NGN,0,Closed,2021-11-29 00:00:00,Performing
YEKINI MISTURAH ENIOLA,"=""22390770611""",Abule ijesha Lagos Nigeria,"=""09082047401""","=""10790464""","=""6352152""","=""6987664""",Personal fixed term loan,2022-06-09 00:00:00,7500.00,0.00,,0.00,8625.00,NGN,0,Closed,2022-06-24 00:00:00,Performing
YEKINI MISTURAH ENIOLA,"=""22390770611""",Abule ijesha Lagos Nigeria,"=""09082047401""","=""10790464""","=""6352152""","=""8061810""",Personal fixed term loan,2022-09-22 00:00:00,15000.00,0.00,,0.00,19500.00,NGN,0,Closed,2022-10-24 00:00:00,Performing
YEKINI MISTURAH ENIOLA,"=""22390770611""",Abule ijesha Lagos Nigeria,"=""09082047401""","=""10790464""","=""6352152""","=""9483606""",Personal fixed term loan,2023-02-21 00:00:00,12500.00,0.00,,0.00,15125.00,NGN,0,Closed,2023-03-23 00:00:00,Performing
YEKINI MISTURAH ENIOLA,"=""22390770611""",Abule ijesha Lagos Nigeria,"=""09082047401""","=""10790464""","=""6352152""","=""9562891""",Personal fixed term loan,2023-03-03 00:00:00,27500.00,0.00,,0.00,34650.00,NGN,0,Closed,2023-04-03 00:00:00,Performing
Shurakat Folashade,,iyana iyesi ota AdoOdoOta Ogun State,,"=""10872356""","=""10941240""","=""451908390""",Personal fixed term loan,2021-01-20 00:00:00,5000.00,6052.00,,6052.00,6500.00,NGN,955,Open,2021-02-19 00:00:00,Lost
FOLAKEMI CHARITY AKINKOYE,,2 OJOTO STREET AWADA OBOSI,"=""08127784980""","=""10950636""","=""19566779""","=""1430024648""",Personal fixed term loan,2022-04-20 00:00:00,250000.00,0.00,,0.00,151620.00,NGN,0,Closed,2022-06-20 00:00:00,Performing
FOLAKEMI CHARITY AKINKOYE,,2 OJOTO STREET AWADA OBOSI,"=""08127784980""","=""10950636""","=""19566779""","=""9972206""",Personal fixed term loan,2023-04-15 00:00:00,275000.00,417450.00,,0.00,139150.00,NGN,0,Open,2023-07-14 00:00:00,Performing
ADENIYI OLADELE,,plot 999 zakariya mailamari cbd abuja Municipal Area Counc,"=""2348033748848""","=""10734969""","=""5437493""","=""391941198""",Personal fixed term loan,2020-03-17 00:00:00,20000.00,0.00,,0.00,24400.00,NGN,0,Closed,2020-04-16 00:00:00,Performing
IMORU YUSUF,,Not Available,"=""08174057824""","=""10824626""","=""15279407""","=""4310826""",Personal fixed term loan,2021-08-01 00:00:00,50000.00,64930.00,,64930.00,33820.00,NGN,1072,Open,2021-12-29 00:00:00,Lost
EBU IMOH,"=""22307151999""",22 22 calvary love school phase 2 jikwoyi Bwari FCT,"=""07050312253""","=""10855744""","=""6798611""","=""7265970""",Personal fixed term loan,2022-07-06 00:00:00,25000.00,0.00,,0.00,28750.00,NGN,0,Closed,2022-07-21 00:00:00,Performing
EBU IMOH,"=""22307151999""",22 22 calvary love school phase 2 jikwoyi Bwari FCT,"=""07050312253""","=""10855744""","=""6798611""","=""7399173""",Personal fixed term loan,2022-07-20 00:00:00,2500.00,0.00,,0.00,3000.00,NGN,0,Closed,2022-08-04 00:00:00,Performing
EBU IMOH,"=""22307151999""",22 22 calvary love school phase 2 jikwoyi Bwari FCT,"=""07050312253""","=""10855744""","=""6798611""","=""7529968""",Personal fixed term loan,2022-08-02 00:00:00,10000.00,0.00,,0.00,12000.00,NGN,0,Closed,2022-08-17 00:00:00,Performing
ABUBAKAR RALIYA LAWAL,"=""22269138362""",NO R29 A CRESCENT CITEC MBORA ABUJA Municipal Area Co,,"=""10945281""","=""9513913""","=""136995291""",Personal fixed term loan,2020-12-25 00:00:00,200000.00,0.00,,0.00,49190.00,NGN,0,Closed,2021-06-23 00:00:00,Performing
YAHAYA ALIYU,"=""22223665284""",NO 35 SULTAN ROAD,,"=""10947221""","=""10247909""","=""1001194765""",Personal fixed term loan,2020-12-15 00:00:00,15000.00,0.00,,0.00,18000.00,NGN,0,Open,2020-12-30 00:00:00,Performing
SHOFOLAHAN MARIAM MOTUNRAYO,"=""22166563814""",13 JI ADETUNJI SOSO STR IMOLE EWA SANGO OTA  AdoOdoOta Ogu,"=""08061670891""","=""10952633""","=""20324885""","=""9980094""",Personal fixed term loan,2023-04-15 00:00:00,30000.00,34119.00,,0.00,34119.00,NGN,0,Open,2023-05-15 00:00:00,Performing
ORAMA GRACE LUCY,"=""22197240458""",11 E COSMOS UDOETTE SHELTER AFRIQUE Uyo Akw,"=""08033106815""","=""10191080""","=""7782269""","=""9156604""",Personal fixed term loan,2023-01-13 00:00:00,30000.00,0.00,,0.00,39000.00,NGN,0,Closed,2023-02-13 00:00:00,Performing
OWOEYE M O,"=""22162832154""",NO15 OJO STREET ODIOLOWO Alimosho Lagos State,,"=""10200047""","=""6105009""","=""5581033""",Personal fixed term loan,2022-01-07 00:00:00,25000.00,0.00,,0.00,15860.00,NGN,0,Open,2022-03-08 00:00:00,Performing
OWOEYE M O,"=""22162832154""",NO15 OJO STREET ODIOLOWO Alimosho Lagos State,,"=""10200047""","=""6105009""","=""6008238""",Personal fixed term loan,2022-02-25 00:00:00,50000.00,0.00,,0.00,12910.00,NGN,0,Closed,2022-08-24 00:00:00,Performing
OWOEYE M O,"=""22162832154""",NO15 OJO STREET ODIOLOWO Alimosho Lagos State,,"=""10200047""","=""6105009""","=""6105009""",Personal fixed term loan,2022-01-07 00:00:00,25000.00,15380.00,,0.00,15860.00,NGN,0,Open,2022-03-08 00:00:00,Performing
JIMOH KHADIJAT ONAOLAPO,"=""22201600267""",NDA KADUNA,"=""08030999203""","=""10603019""","=""17751150""","=""124976750""",Personal fixed term loan,2022-03-09 00:00:00,250000.00,0.00,,0.00,309250.00,NGN,0,Closed,2022-04-15 00:00:00,Performing
G DUTSE USAINI ABDULLAHI,"=""22230403439""",O C 62 KABUGA HOUSING ESTATE,"=""08024387254""","=""10606777""","=""10247243""","=""1762234923""",Personal fixed term loan,2020-12-16 00:00:00,80000.00,105385.00,,105385.00,35730.00,NGN,990,Open,2021-03-16 00:00:00,Lost
ALABI ADEJOKE,"=""22233851527""",IREWOLEDE ESTATE ILORIN Ilorin West Kwara State,"=""08036833236""","=""10625497""","=""7020972""","=""6233459""",Personal fixed term loan,2022-03-21 00:00:00,300000.00,0.00,,0.00,147200.00,NGN,0,Closed,2022-10-11 00:00:00,Performing
ALABI ADEJOKE,"=""22233851527""",IREWOLEDE ESTATE ILORIN Ilorin West Kwara State,"=""08036833236""","=""10625497""","=""7020972""","=""9093212""",Personal fixed term loan,2023-01-06 00:00:00,300000.00,0.00,,0.00,184200.00,NGN,0,Closed,2023-03-08 00:00:00,Performing
ALABI ADEJOKE,"=""22233851527""",IREWOLEDE ESTATE ILORIN Ilorin West Kwara State,"=""08036833236""","=""10625497""","=""7020972""","=""9960334""",Personal fixed term loan,2023-04-14 00:00:00,100000.00,66700.00,,66700.00,116200.00,NGN,5,Open,2023-04-29 00:00:00,Watchlist
PETERS JOSHUA ENESI,"=""22157668335""",18 Sandfield Estate Satellite Town Lagos Nigeria,,"=""10845165""","=""13286513""","=""45991718""",Personal fixed term loan,2022-11-14 00:00:00,350000.00,443091.00,,0.00,73889.00,NGN,0,Open,2024-03-04 00:00:00,Performing
UGO RAWLINGS CLEMENT,"=""22268334578""",PrimaryAddressLine1,"=""23407033380436""","=""10516650""","=""6101968""","=""6879653""",Personal fixed term loan,2022-05-29 00:00:00,5000.00,0.00,,0.00,6000.00,NGN,0,Closed,2022-06-28 00:00:00,Performing
UGO RAWLINGS CLEMENT,"=""22268334578""",PrimaryAddressLine1,"=""23407033380436""","=""10516650""","=""6101968""","=""7224596""",Personal fixed term loan,2022-07-02 00:00:00,5000.00,0.00,,0.00,6500.00,NGN,0,Closed,2022-08-01 00:00:00,Performing
UGO RAWLINGS CLEMENT,"=""22268334578""",PrimaryAddressLine1,"=""23407033380436""","=""10516650""","=""6101968""","=""7921848""",Personal fixed term loan,2022-09-08 00:00:00,5000.00,0.00,,0.00,9975.00,NGN,0,Closed,2022-10-25 00:00:00,Performing
ELEKELE STEPHEN,"=""22349751212""",PrimaryAddressLine1,"=""08162426176""","=""10676792""","=""16562602""","=""9918376""",Personal fixed term loan,2023-04-10 00:00:00,5000.00,6250.00,,0.00,6250.00,NGN,0,Open,2023-05-10 00:00:00,Performing
TANKO USMAN,"=""22366239966""",TF326 MAKANIK JUNCTION,"=""07088767556""","=""10686986""","=""1748247""","=""3026652825""",Personal fixed term loan,2019-09-01 00:00:00,1500.00,1500.00,,1500.00,1950.00,NGN,556,Open,2019-10-02 00:00:00,Lost
SIMON ARUWA,"=""22235222545""",Backofcatholicchurch byazhin Across Kubwa Abuja,"=""07057715201""","=""10708595""","=""18242930""","=""9987409""",Personal fixed term loan,2023-04-16 00:00:00,40000.00,54945.00,,0.00,54945.00,NGN,0,Open,2023-05-16 00:00:00,Performing
Ogbu Promise Cyril,,7 OKON ARCHIBONG STREET CAL Calabar South Cross River Stat,,"=""10857654""","=""7166849""","=""3082531389""",Personal fixed term loan,2020-09-04 00:00:00,45000.00,67490.00,,67490.00,30370.00,NGN,1092,Open,2020-11-03 00:00:00,Lost
ALLEN REMILEKUN ADETAYO,"=""22263440841""",Kokumo street off olambe bus stop,"=""2348150681258""","=""10489911""","=""23928558""","=""5861000""",Personal fixed term loan,2022-02-08 00:00:00,20000.00,0.00,,0.00,14690.00,NGN,0,Open,2022-04-11 00:00:00,Performing
PAUL ESTHER CHINASO,"=""22413344601""",NO 58 UMUOBA ROAD ABA,"=""09039721998""","=""10573809""","=""38465622""","=""10092609""",Personal fixed term loan,2023-04-26 00:00:00,7500.00,0.00,,0.00,9450.00,NGN,0,Closed,2023-05-26 00:00:00,Performing
ONIFADE KIFAYAT MOYOSORE,"=""22147059684""",Ketu Lagos Nigeria,"=""08033861305""","=""10599630""","=""5611191""","=""1781363""",Personal fixed term loan,2020-03-09 00:00:00,15000.00,0.00,,0.00,19500.00,NGN,0,Closed,2020-04-08 00:00:00,Performing
OLANIPEKUN HABEEB,"=""22444087333""",Not Available,"=""07086964958""","=""10601551""","=""1422000""","=""450747659""",Personal fixed term loan,2019-07-13 00:00:00,15000.00,17250.00,,17250.00,18300.00,NGN,1512,Open,2019-08-12 00:00:00,Lost
DIALA EUGENE C,"=""22182898549""",5b rasaki odunewu street  Lagos Nigeria,"=""07034330060""","=""10864758""","=""10836089""","=""2211788874""",Personal fixed term loan,2021-01-15 00:00:00,5000.00,0.00,,0.00,6500.00,NGN,0,Open,2021-02-15 00:00:00,Performing
UDOH INNOCENT DOMINIC,"=""22324370140""",NO6 SILVERLENE STREET,"=""08032567538""","=""10897212""","=""7918113""","=""9586248""",Personal fixed term loan,2023-03-06 00:00:00,5000.00,0.00,,0.00,6500.00,NGN,0,Closed,2023-04-05 00:00:00,Performing
EDUN JAMES ASAMU,"=""22289976940""",2 EDUN CLOSE EJIO IFO O Ewekoro Ogun State,"=""08136256059""","=""10894159""","=""7832696""","=""7170931""",Personal fixed term loan,2022-06-27 00:00:00,15000.00,0.00,,0.00,18000.00,NGN,0,Closed,2022-07-12 00:00:00,Performing
EDUN JAMES ASAMU,"=""22289976940""",2 EDUN CLOSE EJIO IFO O Ewekoro Ogun State,"=""08136256059""","=""10894159""","=""7832696""","=""731154706""",Personal fixed term loan,2020-10-29 00:00:00,5000.00,0.00,,0.00,6500.00,NGN,0,Closed,2020-11-30 00:00:00,Performing
EDUN JAMES ASAMU,"=""22289976940""",2 EDUN CLOSE EJIO IFO O Ewekoro Ogun State,"=""08136256059""","=""10894159""","=""7832696""","=""7832696""",Personal fixed term loan,2021-09-16 00:00:00,5000.00,0.00,,0.00,6500.00,NGN,0,Open,2021-10-19 00:00:00,Performing
OKOTIE PETER E,"=""22310690878""",plot k 102 off sultan dansuki road phase 2 fha kubwa Bwari,"=""08036753408""","=""10412471""","=""12179305""","=""2011815279""",Personal fixed term loan,2022-04-28 00:00:00,600000.00,462590.00,,462590.00,359400.00,NGN,432,Open,2022-08-24 00:00:00,Lost
OKOTIE PETER E,"=""22310690878""",plot k 102 off sultan dansuki road phase 2 fha kubwa Bwari,"=""08036753408""","=""10412471""","=""12179305""","=""5528263""",Personal fixed term loan,2022-01-01 00:00:00,175000.00,0.00,,0.00,111030.00,NGN,0,Open,2022-03-02 00:00:00,Performing
AMADI JOSPHINE CHIZOBA,"=""22336665850""",NIGERIA CUSTOMS BARRACK DUCKYARD ROAD PORTHARCOURT RIVERS,"=""09026363894""","=""10447474""","=""6047363""","=""8825198""",Personal fixed term loan,2022-12-08 00:00:00,5000.00,0.00,,0.00,6000.00,NGN,0,Closed,2022-12-23 00:00:00,Performing
MUNIRU ADEWALE OLALEKAN,"=""22431708168""",35 ADEJARE STREETOLOMI OLOUNDE AREA,"=""08052632852""","=""10583909""","=""602058""","=""8890733""",Personal fixed term loan,2022-12-14 00:00:00,27500.00,0.00,,0.00,31075.00,NGN,0,Closed,2023-01-05 00:00:00,Performing
OGUNFOWODE AFOLASHADE OLUWAKEMI,"=""22257412395""",17 OLANREWAJU ADEPOJU STREET ADEOYO HOSPITAL ROAD FODACI,"=""08035652522""","=""10668682""","=""6203986""","=""6968096""",Personal fixed term loan,2022-06-07 00:00:00,20000.00,0.00,,0.00,26000.00,NGN,0,Closed,2022-07-07 00:00:00,Performing
OGUNFOWODE AFOLASHADE OLUWAKEMI,"=""22257412395""",17 OLANREWAJU ADEPOJU STREET ADEOYO HOSPITAL ROAD FODACI,"=""08035652522""","=""10668682""","=""6203986""","=""7276824""",Personal fixed term loan,2022-07-07 00:00:00,20000.00,0.00,,0.00,26000.00,NGN,0,Closed,2022-08-08 00:00:00,Performing
OGUNFOWODE AFOLASHADE OLUWAKEMI,"=""22257412395""",17 OLANREWAJU ADEPOJU STREET ADEOYO HOSPITAL ROAD FODACI,"=""08035652522""","=""10668682""","=""6203986""","=""7623211""",Personal fixed term loan,2022-08-10 00:00:00,15000.00,0.00,,0.00,19500.00,NGN,0,Closed,2022-09-09 00:00:00,Performing
TAURA HALILU KWALLE,"=""22349293253""",N01 SABON GARI NEAR COMPREHENSIVE HEALTH CENTER TAURA Taur,"=""08064823056""","=""10712968""","=""9962039""","=""2008933085""",Personal fixed term loan,2020-12-14 00:00:00,20000.00,20700.00,,20700.00,26000.00,NGN,992,Open,2021-01-13 00:00:00,Lost
ODOH FRIDAY,,ROAD 3 BLOCK 173 APARTMENT 11 NAVY TOWN OJO Ojo Lagos Sta,"=""08035999873""","=""10866456""","=""8964660""","=""3042808106""",Personal fixed term loan,2020-12-03 00:00:00,40000.00,0.00,,0.00,16790.00,NGN,0,Open,2021-03-03 00:00:00,Performing
ADEWUNMI BELLO OLADUNNI,"=""22270133989""",3 ASHABI TAIWO STR IJU OBAWOLE  IfakoIjaiye Lagos State,"=""08033509925""","=""10961284""","=""9931446""","=""2089246638""",Personal fixed term loan,2021-01-17 00:00:00,10000.00,0.00,,0.00,12070.00,NGN,0,Open,2021-02-16 00:00:00,Performing
AKINYEMI OLUWATOSIN ABIDEMI,"=""22409247804""",IfakoIjaiye Ota Nigeria,"=""08131356722""","=""9839717""","=""5615340""","=""5024510""",Personal fixed term loan,2021-11-02 00:00:00,80000.00,0.00,,0.00,33060.00,NGN,0,Closed,2022-05-20 00:00:00,Performing
AKINYEMI OLUWATOSIN ABIDEMI,"=""22409247804""",IfakoIjaiye Ota Nigeria,"=""08131356722""","=""9839717""","=""5615340""","=""6733578""",Personal fixed term loan,2022-05-13 00:00:00,90000.00,0.00,,0.00,31068.00,NGN,0,Closed,2023-01-17 00:00:00,Performing
AKINYEMI OLUWATOSIN ABIDEMI,"=""22409247804""",IfakoIjaiye Ota Nigeria,"=""08131356722""","=""9839717""","=""5615340""","=""8594189""",Personal fixed term loan,2022-11-14 00:00:00,160000.00,0.00,,0.00,55232.00,NGN,0,Closed,2023-10-30 00:00:00,Performing
EKEOCHA SANDRA CHIMMA,"=""22269582398""",1 PEACE AVENUE APARADIJA OGUN STATE AdoOdoOta Ogun State,"=""07039661927""","=""9840253""","=""6256312""","=""6155301""",Personal fixed term loan,2022-03-12 00:00:00,250000.00,0.00,,0.00,72910.00,NGN,0,Closed,2022-09-08 00:00:00,Performing
GUM GUM SAMUEL,"=""22248437695""",NO 150 ZONE C KADO KUCHI,"=""08036502385""","=""9990138""","=""28416532""","=""10062552""",Personal fixed term loan,2023-04-23 00:00:00,50000.00,59375.00,,0.00,59375.00,NGN,0,Open,2023-05-23 00:00:00,Performing
SANI NURA,,TUDUN WADA AREA ARGUNGU Argungu Kebbi State,"=""2348062410815""","=""10007543""","=""19261854""","=""2103908867""",Personal fixed term loan,2022-07-20 00:00:00,400000.00,0.00,,0.00,505200.00,NGN,0,Closed,2022-08-19 00:00:00,Performing
IDOGBE BABATUNDE JACOB,"=""22157710711""",10 KUMAPAYI STREET IWO ROAD Ibadan NorthEast Oyo State,"=""08122007111""","=""10345982""","=""7425513""","=""29962427""",Personal fixed term loan,2021-01-10 00:00:00,15000.00,3040.00,,3040.00,18000.00,NGN,75,Open,2021-01-25 00:00:00,Doubtful
ESONARAE OSAKPOLOR GODAY,"=""22268425780""",13UWAILA STREETOFF MISSIO ROAD,,"=""10411217""","=""44236267""","=""10692685""",Personal fixed term loan,2023-06-24 00:00:00,7500.00,9675.00,,0.00,9675.00,NGN,0,Open,2023-07-24 00:00:00,Performing
OGUZIE AUGUSTINE C,"=""22160626337""",5 Ekwerenwa street Owerri Municipal Imo,"=""2348068414733""","=""10414166""","=""5109621""","=""3056897327""",Personal fixed term loan,2021-03-10 00:00:00,200000.00,0.00,,0.00,100000.00,NGN,0,Open,2021-06-08 00:00:00,Performing
MUHAMMED ADAMU,"=""22227235278""",NO 9 AYAOGWU STREET OGINIGBA  ObioAkpor Rivers State,"=""08027234896""","=""10562540""","=""2239077""","=""3047653741""",Personal fixed term loan,2020-03-08 00:00:00,15000.00,0.00,,0.00,17250.00,NGN,0,Closed,2020-03-23 00:00:00,Performing
EGBUNIKE EMMANUEL CHIADIKAOBI,"=""22345031938""",NO 16 AMURI ROAD ABAKPA NIKE ENUGU,"=""07060542463""","=""10575176""","=""36129755""","=""10008459""",Personal fixed term loan,2023-04-18 00:00:00,15000.00,0.00,,0.00,17505.00,NGN,0,Closed,2023-05-18 00:00:00,Performing
ABDULLAHI MUSA IBN,,EFUTURI AREA BIDA NIGER STATE,"=""08039571476""","=""10600780""","=""1876046""","=""421217738""",Personal fixed term loan,2019-09-14 00:00:00,10000.00,11500.00,,11500.00,13000.00,NGN,1449,Open,2019-10-14 00:00:00,Lost
NNEKA OLOWU ITOHAN,"=""22281362448""",8 OWOLABI AVENUE LAMBE Ifo Ogun State,"=""08060694722""","=""10943316""","=""6373481""","=""5691453""",Personal fixed term loan,2022-01-21 00:00:00,15000.00,0.00,,0.00,19500.00,NGN,0,Open,2022-02-21 00:00:00,Performing
NNEKA OLOWU ITOHAN,"=""22281362448""",8 OWOLABI AVENUE LAMBE Ifo Ogun State,"=""08060694722""","=""10943316""","=""6373481""","=""5868768""",Personal fixed term loan,2022-02-09 00:00:00,50000.00,0.00,,0.00,65000.00,NGN,,Closed,2022-04-10 00:00:00,Performing
MUHAMMAD ABUBAKAR KYADAWA,"=""22381232847""",KYADAWA GADA LG SOK STATE,"=""2348121974661""","=""9614603""","=""8128823""","=""25438220""",Personal fixed term loan,2020-08-13 00:00:00,5000.00,0.00,,0.00,6500.00,NGN,0,Open,2020-09-14 00:00:00,Performing
ENEBELI NELSON,"=""22176938413""",4 ABERIRI STREET UGBOROKE,"=""07038104046""","=""9704919""","=""44399124""","=""10750335""",Personal fixed term loan,2023-06-30 00:00:00,7500.00,9675.00,,0.00,9675.00,NGN,0,Open,2023-07-30 00:00:00,Performing
KONTO UMAR,,f9a block 9dankama close off gongola street area 2 garki,,"=""10132492""","=""19250640""","=""164385451""",Personal fixed term loan,2021-10-20 00:00:00,100000.00,0.00,,0.00,41330.00,NGN,0,Closed,2022-03-18 00:00:00,Performing
YUSUF ASABE,"=""22356359856""",KANIKAWA,,"=""10352896""","=""1816888""","=""2025968118""",Personal fixed term loan,2019-09-09 00:00:00,2500.00,0.00,,0.00,3250.00,NGN,0,Open,2019-10-09 00:00:00,Performing
OMALE EMMANUEL SOLOMON,"=""22256116339""",NO 11 LAFIA WARD NORTH BANK MAKURDI BENUE STATE,"=""07030355253""","=""10478022""","=""6743848""","=""1921257""",Personal fixed term loan,2020-04-03 00:00:00,10000.00,0.00,,0.00,13000.00,NGN,0,Closed,2020-05-04 00:00:00,Performing
OMALE EMMANUEL SOLOMON,"=""22256116339""",NO 11 LAFIA WARD NORTH BANK MAKURDI BENUE STATE,"=""07030355253""","=""10478022""","=""6743848""","=""2256595774""",Personal fixed term loan,2020-04-03 00:00:00,10000.00,0.00,,0.00,13000.00,NGN,0,Closed,2020-05-04 00:00:00,Performing
AYODELE TEMITOPE TITILAYO,,2 AYOKAOSE STREET OKELANTORO ABEOKUTA Abeokuta South Ogun,"=""08062250340""","=""10846533""","=""9855022""","=""160194804""",Personal fixed term loan,2021-01-25 00:00:00,60000.00,0.00,,0.00,30790.00,NGN,0,Open,2021-04-26 00:00:00,Performing
OKON DAVID,"=""22222048301""",3 AKINOLA OLUSEGUN CLOSE JIBOWU Oshodi Isolo Lagos State,"=""08164908860""","=""9791166""","=""7962124""","=""2086400211""",Personal fixed term loan,2020-07-28 00:00:00,5000.00,0.00,,0.00,6500.00,NGN,0,Open,2020-08-27 00:00:00,Performing
TAOFEEQAT RAJI YETUNDE,"=""22322751316""",NO 2 OLODO GARAGE IBADAN OYO STATE Ibadan SouthWest Oyo St,"=""07059554931""","=""9857032""","=""4002981""","=""3044657157""",Personal fixed term loan,2023-03-06 00:00:00,300000.00,346500.00,,0.00,173250.00,NGN,0,Open,2023-05-05 00:00:00,Performing
ATUSE DESMOND MHEN UTER,"=""22372546131""",Nigeria,"=""08151054639""","=""9990596""","=""536820""","=""4597181""",Personal fixed term loan,2021-09-09 00:00:00,5000.00,0.00,,0.00,6000.00,NGN,0,Closed,2021-09-24 00:00:00,Performing
OLALEYE ISMAIL AJEGBENGA,"=""22298343090""",NO 6 SAN PEDRO CLOSE ZONE 1,"=""08038134215""","=""9996998""","=""38853918""","=""9881556""",Personal fixed term loan,2023-04-06 00:00:00,1500.00,0.00,,0.00,1950.00,NGN,0,Closed,2023-04-21 00:00:00,Performing
TUBI OLAOSEBIKAN OLATUNJI,"=""22159344268""",70 BOLADALE STREET OSHODI,"=""07038139473""","=""9999967""","=""27403671""","=""9988397""",Personal fixed term loan,2023-04-16 00:00:00,10000.00,11600.00,,0.00,11600.00,NGN,0,Open,2023-05-16 00:00:00,Performing
BALA ABBAS,"=""22252981926""",SARDAUNA SHUNI ROAD SHUNI SOKOTO Dange Shuni Sokoto State,"=""07030394031""","=""10011613""","=""1789940""","=""26843550""",Personal fixed term loan,2019-09-06 00:00:00,2500.00,0.00,,0.00,3250.00,NGN,0,Open,2019-10-07 00:00:00,Performing
MESEDA PETER KOLAWOLE,,NO 4 ESURU IDOMILA ROAD Ijebu North East Ogun State,"=""07032744105""","=""10144002""","=""762905""","=""109511077""",Personal fixed term loan,2020-12-14 00:00:00,40000.00,0.00,,0.00,17860.00,NGN,0,Open,2021-03-15 00:00:00,Performing
OLORUNDA TOBI,"=""22160827691""",5 ODAWALE STREET ALAUSA,"=""08163595492""","=""10164097""","=""34790634""","=""10057665""",Personal fixed term loan,2023-04-23 00:00:00,15000.00,17430.00,,0.00,17430.00,NGN,0,Open,2023-05-08 00:00:00,Performing
OKONKWO JOHNMARY TOCHUKWU,"=""22384137042""",10 BENARD ANIKE ABAKPA ENUGU,"=""08028843821""","=""10191491""","=""27311124""","=""24826511""",Personal fixed term loan,2022-03-07 00:00:00,250000.00,499979.00,,499979.00,38540.00,NGN,544,Open,2023-03-02 00:00:00,Lost
GBENEBICHIE TORITSEJU TEMITOPE,"=""22244846617""",PLOT 8 JI RAMAT GIWA CLOSE LAMGBASA,"=""08061650279""","=""10490525""","=""25297168""","=""137728782""",Personal fixed term loan,2022-01-17 00:00:00,300000.00,0.00,,0.00,68990.00,NGN,0,Closed,2022-07-18 00:00:00,Performing
RUFAI ZAHRAU,"=""22359161562""",Tsohon kafi kauzare Jigawa state,"=""08168180518""","=""10650722""","=""10253452""","=""9958850004""",Personal fixed term loan,2020-12-16 00:00:00,80000.00,92000.00,,92000.00,94400.00,NGN,1005,Open,2020-12-31 00:00:00,Lost
JULIUS ADEYEYE BANJO,"=""22250214642""",OLUFOAM EXPRESS AKURE ONDO STATE Akure South Ondo State,"=""08020606838""","=""10767328""","=""20163080""","=""47522379""",Personal fixed term loan,2022-10-25 00:00:00,400000.00,0.00,,0.00,65000.00,NGN,0,Closed,2023-10-20 00:00:00,Performing
JOHN OKON INIOBONG,"=""22193374564""",NO 6 CENTURY OFF ADA GEORGE PH,,"=""10883962""","=""4649435""","=""2012543346""",Personal fixed term loan,2020-03-06 00:00:00,80000.00,0.00,,0.00,100000.00,NGN,0,Closed,2020-04-06 00:00:00,Performing
OLUOKUN DARE EMMANUEL,"=""22229445714""",PLOT 7 ADIJOLOLA LAYOUT ODO ONA ELEWE ORITA CHALLENGE,"=""08050979644""","=""10955826""","=""53133615""","=""14772877""",Personal fixed term loan,2024-08-29 00:00:00,375000.00,0.00,,0.00,72583.33,NGN,,Closed,2025-05-26 00:00:00,Performing
ADEJUMO BUSAYO MARY,"=""22227335000""",2 ANIMASHAUN STREET ABULE OLONI ABK Abeokuta South Ogun St,,"=""9628881""","=""7740763""","=""6220815""",Personal fixed term loan,2022-03-19 00:00:00,30000.00,0.00,,0.00,19070.00,NGN,0,Closed,2022-06-17 00:00:00,Performing
ADEJUMO BUSAYO MARY,"=""22227335000""",2 ANIMASHAUN STREET ABULE OLONI ABK Abeokuta South Ogun St,,"=""9628881""","=""7740763""","=""7017827""",Personal fixed term loan,2022-06-12 00:00:00,30000.00,0.00,,0.00,13420.00,NGN,0,Closed,2022-10-27 00:00:00,Performing
ADEJUMO BUSAYO MARY,"=""22227335000""",2 ANIMASHAUN STREET ABULE OLONI ABK Abeokuta South Ogun St,,"=""9628881""","=""7740763""","=""8293710""",,2022-10-15 00:00:00,25000.00,0.00,,0.00,29025.00,NGN,0,Closed,2022-10-31 00:00:00,Performing
ADEJUMO BUSAYO MARY,"=""22227335000""",2 ANIMASHAUN STREET ABULE OLONI ABK Abeokuta South Ogun St,,"=""9628881""","=""7740763""","=""8607296""",Personal fixed term loan,2022-11-16 00:00:00,17500.00,0.00,,0.00,20422.50,NGN,0,Closed,2022-12-16 00:00:00,Performing
ATU MATTHEW UJAH,"=""22167124845""",NO 10 LACHLAN CLOSE MAITAMA ABUJA Municipal Area Council F,"=""08023068999""","=""9755068""","=""11495062""","=""2087734315""",Personal fixed term loan,2022-08-20 00:00:00,300000.00,0.00,,0.00,87100.00,NGN,0,Closed,2023-02-16 00:00:00,Performing
MOMOH JIMOH ISSAH,"=""22235899231""",NO 111 AGASSA LAYOUT OKENE KOGI STATE Ankp,"=""08037507859""","=""9948725""","=""8222522""","=""5284503""",Personal fixed term loan,2021-12-02 00:00:00,100000.00,0.00,,0.00,73490.00,NGN,0,Open,2022-01-31 00:00:00,Performing
AKINS GOGO ABITE,"=""22222107619""",PrimaryAddressLine1,"=""07031327569""","=""9974897""","=""28092928""","=""1760800083""",Personal fixed term loan,2022-04-02 00:00:00,250000.00,0.00,,0.00,62523.00,NGN,0,Closed,2023-03-31 00:00:00,Performing
MALIKI ANTHONY AGBENEBA,"=""22195276150""",Not Available,"=""2348060389218""","=""10060172""","=""15694012""","=""125473627""",Personal fixed term loan,2022-09-18 00:00:00,500000.00,188063.00,,188063.00,81250.00,NGN,77,Open,2023-09-13 00:00:00,Watchlist
EJUWA AUGUSTINE,,PrimaryAddressLine1,"=""08025340032""","=""10464455""","=""6404029""","=""3069213172""",Personal fixed term loan,2020-11-04 00:00:00,150000.00,173182.00,,173182.00,97500.00,NGN,1032,Open,2021-01-04 00:00:00,Lost
MADUKWE MARGARET IYAJI,"=""22235640288""",No 20 FEMI OWOLABI STREET OMOOYE BUS STOP ABARANJE IKOTUN,"=""2348052079636""","=""10490098""","=""11903744""","=""5205182""",Personal fixed term loan,2021-11-23 00:00:00,100000.00,0.00,,0.00,39250.00,NGN,0,Closed,2022-03-23 00:00:00,Performing
ISEKWENA NKIRUKA MAUREEN,,21 DAVID ALAKA ST OFF SHAGAMU RD IKORODU LAGOS Ikorodu Lag,"=""08162667451""","=""10692865""","=""6698309""","=""2283017636""",Personal fixed term loan,2021-01-28 00:00:00,100000.00,0.00,,0.00,22990.00,NGN,0,Open,2021-07-27 00:00:00,Performing
OYEDUNTAN ABIMBOLA TOLANI,"=""22183637181""",230103 Osogbo Nigeria,"=""08098114982""","=""10873125""","=""39594132""","=""10651584""",Personal fixed term loan,2023-06-20 00:00:00,150000.00,0.00,,0.00,0.00,NGN,0,Closed,2023-09-18 00:00:00,Performing
ALIYU ABDUL TUNJI,"=""22162899984""",BEHIND ECWA CHURCH GARIKI ABUJA CO VODA PAI,,"=""10969721""","=""7434693""","=""3718879""",Personal fixed term loan,2021-05-12 00:00:00,50000.00,0.00,,0.00,20660.00,NGN,0,Closed,2021-08-10 00:00:00,Performing
Agboola Tolulope Hope,"=""22162738823""",NO 22 MARIA ODIWE STREET BEHIND ASABA ALLUMINIUM ASABA,,"=""9723725""","=""40198587""","=""10724287""",Personal fixed term loan,2023-06-27 00:00:00,2500.00,2993.00,,0.00,2992.50,NGN,0,Open,2023-07-12 00:00:00,Performing
AWOYEMI EMMANUEL ADESOJI,"=""22151056581""",Block 1 flat 1 Amina way UI Ibadan,"=""08034086286""","=""9747214""","=""22809990""","=""3026529009""",Personal fixed term loan,2022-01-14 00:00:00,300000.00,0.00,,0.00,68990.00,NGN,0,Closed,2022-07-13 00:00:00,Performing
OKOKO INEREPAMO TINA,"=""22269928857""",Winners Road  Beside Winners Chapel Akenfa 3 Yenagoa Bayel,"=""23470386293342""","=""9852652""","=""2911373""","=""3042056421""",Personal fixed term loan,2020-11-24 00:00:00,20000.00,0.00,,0.00,26000.00,NGN,0,Open,2020-12-24 00:00:00,Performing
ORIKE JONATHAN ELEBERI,"=""22267311086""",10 elemigwe estate phase 2 elelenwo,"=""08101391710""","=""9891342""","=""744701""","=""2057790277""",Personal fixed term loan,2021-12-28 00:00:00,20000.00,0.00,,0.00,23800.00,NGN,0,Open,2022-01-27 00:00:00,Performing
DICKSON MARTINS YANATHAM,,Nigeria,"=""08056555085""","=""9956522""","=""10180946""","=""22273137""",Personal fixed term loan,2020-12-14 00:00:00,15000.00,0.00,,0.00,19500.00,NGN,0,Open,2021-01-13 00:00:00,Performing
SHETTIMA AISA,"=""22254873250""",NO 135 SHEHU GARBAI STREET SHEHURI SOUTH WARD MAIDUGURI M,"=""2348034843349""","=""10073067""","=""11109242""","=""4522002873""",Personal fixed term loan,2021-02-01 00:00:00,5000.00,0.00,,0.00,6500.00,NGN,0,Open,2021-03-03 00:00:00,Performing
OSADOLOR OSAYOMWANBOR J,"=""22148048034""",50 AYO ADELEYE DRIVEIROKO AWE LEKKI Eti Osa Lagos Stat,"=""08130450266""","=""10153008""","=""4285400""","=""4285400""",Personal fixed term loan,2021-11-23 00:00:00,50000.00,0.00,,0.00,65000.00,NGN,0,Open,2022-01-11 00:00:00,Performing
IDAYAT OMOWUMI BADMOS,"=""22246493778""",44 Kaduna Nigeria,"=""08169328132""","=""10387191""","=""4673386""","=""10656873""",Personal fixed term loan,2023-06-21 00:00:00,180000.00,279900.00,,0.00,93300.00,NGN,0,Open,2023-09-19 00:00:00,Performing
IDAYAT OMOWUMI BADMOS,"=""22246493778""",44 Kaduna Nigeria,"=""08169328132""","=""10387191""","=""4673386""","=""126518455""",Personal fixed term loan,2022-10-20 00:00:00,400000.00,0.00,,0.00,114934.00,NGN,0,Closed,2023-04-18 00:00:00,Performing
SADIQ ABUBAKAR ALIYU,"=""22445044782""",6 KANGIWA ROAD RUNJIN SAMBO B STOP SOKOTO,"=""08102944185""","=""10580984""","=""1834282""","=""3050883866""",Personal fixed term loan,2019-09-10 00:00:00,1500.00,1725.00,,1725.00,1950.00,NGN,1453,Open,2019-10-10 00:00:00,Lost
SAMAILA IBRAHIM,"=""22159699939""",NO 997 NAIBAWA QTRS KUMBOTSO LGA,"=""07028503658""","=""10781089""","=""10208286""","=""1003880446""",Personal fixed term loan,2020-12-14 00:00:00,5000.00,0.00,,0.00,6000.00,NGN,0,Open,2020-12-29 00:00:00,Performing
IKOGE THERESA OMONIGHO,"=""22253239824""",NASARAWA AREA GUMMI ZAMFARA STATE Gummi Zamfara State,"=""08059802432""","=""10900792""","=""5054987""","=""3086981559""",Personal fixed term loan,2020-07-04 00:00:00,7500.00,0.00,,0.00,9750.00,NGN,0,Open,2020-08-03 00:00:00,Performing
PATRICK EKELE DONATUS,"=""22145374147""",31 BUKUN OLU STREETOFF OKE OLU STREETIPONRI Lagos Mainland,"=""07066796209""","=""10644120""","=""9880502""","=""18751525""",Personal fixed term loan,2021-01-06 00:00:00,40000.00,7158.00,,7158.00,51040.00,NGN,969,Open,2021-02-05 00:00:00,Lost
FATOKI OLUWADOTUN TOLULOPE,"=""22300359004""",NO C33 OLALERE STREET ROAD ALAKIA  Egbeda Oyo State,"=""08030460130""","=""10913505""","=""599118""","=""2887792""",Personal fixed term loan,2020-12-09 00:00:00,70000.00,0.00,,0.00,31260.00,NGN,0,Closed,2021-03-09 00:00:00,Performing
PWOL KIM DUNG,,HOUSE NO3 ATMNCTM SNR STAFF QTRS GYERO VIA BUKURU JOS,"=""08036426746""","=""10946478""","=""19698244""","=""65154239""",Personal fixed term loan,2022-02-04 00:00:00,300000.00,405678.00,,405678.00,46250.00,NGN,448,Open,2023-02-06 00:00:00,Lost
FATOYE OLABODE JOHN,,103 BESIDE FORTUNES SCHOOL 500 UNIT LOKOJA Lokoja Kogi Sta,"=""08073277147""","=""10982695""","=""9860363""","=""3115196255""",Personal fixed term loan,2021-01-18 00:00:00,30000.00,0.00,,0.00,39000.00,NGN,0,Open,2021-02-17 00:00:00,Performing
OGOMA EBUN D,"=""22239633842""",PrimaryAddressLine1,"=""07064339600""","=""9613654""","=""1624141""","=""2861060217""",Personal fixed term loan,2019-10-16 00:00:00,15000.00,0.00,,0.00,18300.00,NGN,0,Closed,2019-11-15 00:00:00,Performing
ERASMUS BETHEL,"=""22214074198""",Port Harcourt Nigeria,"=""07064803591""","=""9857322""","=""9966008""","=""2053705707""",Personal fixed term loan,2020-12-06 00:00:00,15000.00,0.00,,0.00,19500.00,NGN,0,Open,2021-01-05 00:00:00,Performing
OLAJIRE OMOTOLA OLUWATOBILOBA,"=""22171590889""",ACCESS BANK PLC HEAD OFFICE LAGOS,"=""08132793512""","=""9859544""","=""24814660""","=""10107032""",Personal fixed term loan,2023-04-28 00:00:00,17500.00,20948.00,,0.00,20947.50,NGN,0,Open,2023-05-28 00:00:00,Performing
OGUNDELE PHILIP ADEKUNLE,"=""22218081406""",LOVE BREAD OLOKO APATA AREA IBADAN Ido Oyo State,"=""08054265772""","=""9864224""","=""5718292""","=""3025199545""",Personal fixed term loan,2021-02-24 00:00:00,20000.00,7190.00,,7190.00,26000.00,NGN,15,Open,2021-03-26 00:00:00,Watchlist
OSONDU KAJETHAN,"=""22143680268""",HSE 15  RD 105 DIVINE SCHOLARS ESTATE IBEJU,"=""08023343573""","=""9998574""","=""6622907""","=""8467291""",Personal fixed term loan,2022-11-02 00:00:00,40000.00,0.00,,0.00,49600.00,NGN,0,Closed,2022-12-17 00:00:00,Performing
OBADIAH MANASSEH,"=""22339529036""",NO 13 JULIUS ELUKPO STREE,,"=""10096592""","=""1392383""","=""57546840""",Personal fixed term loan,2019-10-02 00:00:00,10000.00,11500.00,,11500.00,12200.00,NGN,1431,Open,2019-11-01 00:00:00,Lost
ADEYEMI ADEBAYO,"=""22297006316""",OLOWOKERE HOUSE TOBA AREA OSI KWARA,,"=""10469616""","=""608870""","=""6930440""",Personal fixed term loan,2022-06-03 00:00:00,140000.00,0.00,,0.00,100030.00,NGN,0,Closed,2022-08-02 00:00:00,Performing
YUNUSA MARIYA,"=""22415067070""",no A 25 Aso mararaba karu,"=""08161120913""","=""10777392""","=""10092643""","=""3167066906""",Personal fixed term loan,2020-12-09 00:00:00,45000.00,52960.00,,52960.00,55800.00,NGN,997,Open,2021-01-08 00:00:00,Lost
ABUBAKAR AHMED,"=""22247240450""",NO 15 ZANGON AYA ROAD ANGWAN PETE JAJI Igabi Kaduna State,"=""2348065451697""","=""10979761""","=""9522639""","=""5493010993""",Personal fixed term loan,2020-12-04 00:00:00,20000.00,0.00,,0.00,13400.00,NGN,0,Open,2021-02-02 00:00:00,Performing
ABAYOMI JOHN OLUDARE,,ILE EJA COMPOUND OMU ARAN KWARA STATE Irepodun Kwara Stat,"=""23408034919168""","=""9862261""","=""9327076""","=""4331139069""",Personal fixed term loan,2020-12-31 00:00:00,25000.00,0.00,,0.00,31320.00,NGN,0,Open,2021-02-01 00:00:00,Performing
Oladele Modupe Esther,"=""22248786140""",340283 Akure Nigeria,"=""08138125002""","=""9863331""","=""5398417""","=""34115971""",Personal fixed term loan,2021-01-10 00:00:00,10000.00,0.00,,0.00,13000.00,NGN,0,Open,2021-02-09 00:00:00,Performing
OPEYEMI OYETADE OPEYEMI,,26 LASOLE OKEOLA STREET ODEOMU Osogbo Osun State,"=""23408067477559""","=""9866182""","=""10266908""","=""3041201281""",Personal fixed term loan,2021-01-11 00:00:00,5000.00,0.00,,0.00,6500.00,NGN,0,Open,2021-02-10 00:00:00,Performing
ADAMU IBRAHIM NAGBANI,"=""22276608151""",PLOT NO 27 ALIYU  ATTAH ROAD GRA LOKOJA KOGI STATE,"=""23408037720838""","=""9936067""","=""8239069""","=""45365282""",Personal fixed term loan,2022-12-18 00:00:00,300000.00,99092.00,,99092.00,88000.00,NGN,105,Open,2023-06-19 00:00:00,Lost
NTUKIDEM JOY OTOOBONG,"=""22184514607""",APOSTOLIC CHURCH ROAD IFA IKOT AKPABIO UYO Uyo Akwa Ibom S,"=""8039515532""","=""9949099""","=""8553243""","=""158364994""",Personal fixed term loan,2020-12-07 00:00:00,40000.00,0.00,,0.00,48000.00,NGN,0,Open,2021-01-06 00:00:00,Performing
IBRAHIM ABUBAKAR,"=""22232331994""",VH7GWW Unguwar Makada Nigeria,"=""2347061333953""","=""10074009""","=""1216517""","=""2982047883""",Personal fixed term loan,2020-12-12 00:00:00,15000.00,21509.00,,21509.00,19500.00,NGN,994,Open,2021-01-11 00:00:00,Lost
IBEH ANGELA ADANNA,"=""22274283105""",NO 1 ANTHONY CHUKWURAH STREETOLD AUWAI ROADASABA,"=""23481225965402""","=""10116393""","=""20423047""","=""5542013""",Personal fixed term loan,2022-01-03 00:00:00,200000.00,399959.00,,399959.00,30830.00,NGN,1007,Open,2022-12-29 00:00:00,Lost
OLAREWAJU BABATUNDE SUSI,"=""22284797757""",5 opp fasat block ind ikare Nigeria,"=""08069017888""","=""10385036""","=""41521265""","=""9593757""",Personal fixed term loan,2023-03-07 00:00:00,120000.00,117320.00,,0.00,52440.00,NGN,0,Open,2023-06-07 00:00:00,Performing
OTITOLAYE LANRE PETER,"=""22351720518""",NO 11 ORIRE LANRE ADEBAYO Ado Ekiti Ekiti State,"=""08035153735""","=""10552219""","=""9944764""","=""27007975""",Personal fixed term loan,2021-01-09 00:00:00,5000.00,0.00,,0.00,6500.00,NGN,0,Open,2021-02-08 00:00:00,Performing
KEKU TITILAYO,"=""22151127784""",17 ISHOLA IMAM STREET MAFOLUKU OSHODI,"=""2348033247597""","=""10614323""","=""797092""","=""7453735""",,2022-07-26 00:00:00,100000.00,0.00,,0.00,50934.00,NGN,0,Closed,2022-10-24 00:00:00,Performing
Nnorom Chinyere,,no 19b eastwest road rumuodara portharcourt ObioAkpor Rive,,"=""10705607""","=""7638006""","=""3102142058""",Personal fixed term loan,2020-10-06 00:00:00,30000.00,25917.00,,25917.00,39000.00,NGN,1061,Open,2020-11-05 00:00:00,Lost
SALIHU MARIAM YETUNDE,"=""22187656546""",Ilorin Nigeria,,"=""10838103""","=""8332690""","=""26077991""",Personal fixed term loan,2020-08-27 00:00:00,5000.00,0.00,,0.00,6000.00,NGN,0,Open,2020-09-11 00:00:00,Performing
OGUNLEYE AIRAT BOLANLE,,27 OLANIYI ST  NEW OKO OBA,"=""08023142236""","=""10980761""","=""1755820""","=""1003239105""",Personal fixed term loan,2021-06-23 00:00:00,300000.00,0.00,,0.00,79290.00,NGN,0,Closed,2022-11-25 00:00:00,Performing
OLUWATOLA ELIZABETH OLAOLUWA,"=""22351396960""",NO 26 OPASORUN STR IDANRE,"=""08132139827""","=""9771403""","=""9490843""","=""51708999""",Personal fixed term loan,2021-04-28 00:00:00,15000.00,0.00,,0.00,19200.00,NGN,0,Open,2021-05-28 00:00:00,Performing
OLANIYAN OLAYINKA OLAWALE,"=""22205389247""",OKEESO STREETOLABOKEDES,"=""07035946995""","=""9819800""","=""590917""","=""10076988""",Personal fixed term loan,2023-04-25 00:00:00,70000.00,0.00,,0.00,49945.00,NGN,0,Closed,2023-06-24 00:00:00,Performing
OLANIYAN OLAYINKA OLAWALE,"=""22205389247""",OKEESO STREETOLABOKEDES,"=""07035946995""","=""9819800""","=""590917""","=""8641971""",Personal fixed term loan,2022-11-19 00:00:00,45000.00,0.00,,0.00,51750.00,NGN,0,Closed,2022-12-05 00:00:00,Performing
OLANIYAN OLAYINKA OLAWALE,"=""22205389247""",OKEESO STREETOLABOKEDES,"=""07035946995""","=""9819800""","=""590917""","=""8867331""",Personal fixed term loan,2022-12-12 00:00:00,17500.00,0.00,,0.00,22750.00,NGN,0,Closed,2023-01-31 00:00:00,Performing
OLANIYAN OLAYINKA OLAWALE,"=""22205389247""",OKEESO STREETOLABOKEDES,"=""07035946995""","=""9819800""","=""590917""","=""9472307""",Personal fixed term loan,2023-02-19 00:00:00,30000.00,0.00,,0.00,36000.00,NGN,0,Closed,2023-03-06 00:00:00,Performing
NWAKUBA OKAINMME JERRY,"=""22356280202""",house 5 minting painting estate Okeira Ajah Lagos State,"=""08039295071""","=""9909698""","=""13104815""","=""2135012035""",Personal fixed term loan,2021-05-03 00:00:00,5000.00,6250.00,,6250.00,5500.00,NGN,112,Open,2021-05-18 00:00:00,Lost
ADEMOLA MOSES FUNMINIYI,,KUDE ODOONA APATA IBADAN,"=""23408069182685""","=""9966454""","=""14193830""","=""9877940""",Personal fixed term loan,2023-04-06 00:00:00,17500.00,22225.00,,0.00,22225.00,NGN,0,Open,2023-05-06 00:00:00,Performing
SULAIMON MUSA O,"=""22148454248""",,"=""08079094175""","=""9974142""","=""15425354""","=""2013366579""",Personal fixed term loan,2022-10-09 00:00:00,250000.00,60578.00,,60578.00,77084.00,NGN,162,Open,2023-04-23 00:00:00,Lost
ADEOSUN OLAOLUWA JOHN,"=""22177736913""",NO 1 LANE B SAMAKINWA STREET ONDO,,"=""10045501""","=""27904894""","=""10603316""",Personal fixed term loan,2023-06-15 00:00:00,35000.00,40150.00,,40150.00,41895.00,NGN,4,Open,2023-06-30 00:00:00,Watchlist
ODUNUGA YETUNDE OLUSOLA,"=""22185635712""",500104 Nigeria,"=""2348027578122""","=""10604419""","=""8871646""","=""164091846""",Personal fixed term loan,2020-09-28 00:00:00,20000.00,0.00,,0.00,26000.00,NGN,0,Open,2020-10-28 00:00:00,Performing
ALIYU FATIMA,"=""22284664965""",BIRNIN YERO SABON GARI TUDUN WADA Kaduna South Kaduna Stat,"=""08167838411""","=""10725148""","=""2002316""","=""21626934""",Personal fixed term loan,2019-09-24 00:00:00,15000.00,17250.00,,17250.00,19500.00,NGN,1439,Open,2019-10-24 00:00:00,Lost
OKOCHA IHEZI FAITH,"=""22258746358""",Not Available,"=""08067603079""","=""10738584""","=""15122562""","=""10057827""",Personal fixed term loan,2023-04-23 00:00:00,12500.00,14963.00,,0.00,14962.50,NGN,0,Open,2023-05-23 00:00:00,Performing
AWARIDHE OVIE CYRIL,"=""22174332578""",2 IPAYE STREET BUS STOP IBA OJO Ojo Lagos,,"=""10845161""","=""6675671""","=""9104888""",Personal fixed term loan,2023-01-07 00:00:00,15000.00,0.00,,0.00,17115.00,NGN,0,Closed,2023-01-23 00:00:00,Performing
AWARIDHE OVIE CYRIL,"=""22174332578""",2 IPAYE STREET BUS STOP IBA OJO Ojo Lagos,,"=""10845161""","=""6675671""","=""9272875""",Personal fixed term loan,2023-01-27 00:00:00,40000.00,0.00,,0.00,46680.00,NGN,0,Closed,2023-02-27 00:00:00,Performing
IWUAMADI CHIUGOB,"=""22289112308""",ACCESS BANK PLC PLOT 1665 OYIN JOLAYEMI STREET V ISLAND,"=""07035405004""","=""10969969""","=""5791945""","=""2160627811""",Personal fixed term loan,2022-03-01 00:00:00,250000.00,0.00,,0.00,77380.00,NGN,0,Closed,2022-08-29 00:00:00,Performing
OYEWOLE TEMITOPE OLUBISI,"=""22188243077""",16 ALL WELL STREET ISARA REMO,"=""07065076463""","=""9710219""","=""13111817""","=""43332072""",Personal fixed term loan,2021-05-03 00:00:00,15000.00,0.00,,0.00,17400.00,NGN,0,Open,2021-06-02 00:00:00,Performing
POPOOLA YEMISI MONSURAT,,33 IRAWO STREET MONATAN,"=""07082464459""","=""10066259""","=""14235189""","=""29763947""",Personal fixed term loan,2021-12-17 00:00:00,250000.00,423029.00,,423029.00,129160.00,NGN,616,Open,2022-03-24 00:00:00,Lost
ISTIFANUS LENGJI,,AREA B POLICE BARRACK APAPA,"=""08037973170""","=""10135852""","=""40303976""","=""9912133""",Personal fixed term loan,2023-04-09 00:00:00,40000.00,50600.00,,0.00,50600.00,NGN,0,Open,2023-05-09 00:00:00,Performing
EDEM VICTOR ENOCH,"=""22321874049""",FLAT 18DCHINDA EST BY UST MANGATE PH,"=""08134058583""","=""10539706""","=""4245398""","=""6170705506""",Personal fixed term loan,2020-01-24 00:00:00,2500.00,0.00,,0.00,3120.00,NGN,0,Closed,2020-02-24 00:00:00,Performing
AJAYI KUNLE PETER,"=""22255870300""",3 olufowobi street ikosi ketu lagos,"=""2348027210872""","=""10719616""","=""7786563""","=""5935164""",Personal fixed term loan,2022-02-17 00:00:00,225000.00,0.00,,0.00,54590.00,NGN,0,Closed,2022-08-16 00:00:00,Performing
AJAYI KUNLE PETER,"=""22255870300""",3 olufowobi street ikosi ketu lagos,"=""2348027210872""","=""10719616""","=""7786563""","=""689909588""",Personal fixed term loan,2022-02-17 00:00:00,225000.00,0.00,,0.00,54590.00,NGN,0,Closed,2022-08-16 00:00:00,Performing
AJAYI KUNLE PETER,"=""22255870300""",3 olufowobi street ikosi ketu lagos,"=""2348027210872""","=""10719616""","=""7786563""","=""9133773""",Personal fixed term loan,2023-01-11 00:00:00,7500.00,0.00,,0.00,9000.00,NGN,0,Closed,2023-01-26 00:00:00,Performing
AJAYI KUNLE PETER,"=""22255870300""",3 olufowobi street ikosi ketu lagos,"=""2348027210872""","=""10719616""","=""7786563""","=""9463012""",Personal fixed term loan,2023-02-18 00:00:00,20000.00,0.00,,0.00,23940.00,NGN,0,Closed,2023-03-06 00:00:00,Performing
Ganiyu Yejide Taiwo,,45 abanishe,,"=""10912579""","=""3892291""","=""45528070""",Personal fixed term loan,2021-04-23 00:00:00,5000.00,0.00,,0.00,6500.00,NGN,0,Open,2021-05-24 00:00:00,Performing
EBENEZER AKINTIMEHIN OPEYEMI,"=""22333407491""",7 CELE CENTRAL IGBEDE NEWSITE AJANGBADI Ojo Lagos State,"=""2348139788002""","=""10670157""","=""9751796""","=""4379824""",Personal fixed term loan,2021-08-10 00:00:00,25000.00,30500.00,,30500.00,32500.00,NGN,1153,Open,2021-09-09 00:00:00,Lost
USANGHA ETIM EFFIONG,"=""22306518865""",Nigeria,"=""08034765054""","=""10734699""","=""43650964""","=""10544275""",Personal fixed term loan,2023-06-09 00:00:00,20000.00,25800.00,,0.00,25800.00,NGN,0,Open,2023-07-09 00:00:00,Performing
OKONOBOH DENNIS,"=""22205260740""",10 AYORO STREET BEHIND GODATIN HOTEL ENERHEN Uvwie Delta S,"=""08063347819""","=""10736103""","=""7143305""","=""6255121""",Personal fixed term loan,2022-03-23 00:00:00,5000.00,0.00,,0.00,6210.00,NGN,0,Closed,2022-04-07 00:00:00,Performing
OKONOBOH DENNIS,"=""22205260740""",10 AYORO STREET BEHIND GODATIN HOTEL ENERHEN Uvwie Delta S,"=""08063347819""","=""10736103""","=""7143305""","=""6863144""",Personal fixed term loan,2022-05-27 00:00:00,5000.00,0.00,,0.00,5825.00,NGN,0,Closed,2022-06-13 00:00:00,Performing
AUDU ISIAKA,"=""22308326291""",BLK 67 RM 678 CHERI MEGUMERI BARRACKS LOKOJA Lokoja Kogi S,"=""2348034955661""","=""10792510""","=""11816298""","=""5564296""",Personal fixed term loan,2022-01-06 00:00:00,45000.00,0.00,,0.00,56200.00,NGN,0,Open,2022-02-07 00:00:00,Performing
EFE FRIDAY,"=""22168663486""",Ughelli Nigeria,"=""07061183196""","=""10953665""","=""1116789""","=""472380458""",Personal fixed term loan,2019-12-13 00:00:00,5000.00,0.00,,0.00,6250.00,NGN,0,Open,2020-01-13 00:00:00,Performing
MORAKINYO FOLUSOLA ADEFUNMBI,"=""22179276365""",ROAD 12 BESIDE  SHEKINA WATER GBEKUBA NIHORT AREA IBADAN,"=""08033836976""","=""10692406""","=""8903029""","=""3091109492""",Personal fixed term loan,2021-01-20 00:00:00,15000.00,0.00,,0.00,19500.00,NGN,0,Open,2021-02-19 00:00:00,Performing
OLATUNJI AKEEM A,"=""22450817133""",1ONASANYA STRLAST BS KETULAGOS Kosofe Lagos State,"=""08028390049""","=""10737812""","=""17603120""","=""5603092""",Personal fixed term loan,2022-01-10 00:00:00,25000.00,0.00,,0.00,18370.00,NGN,0,Open,2022-03-11 00:00:00,Performing
MIKE NZEAGWU ONYINYE,"=""22406129813""",IMPACT CLOSE BANKOLE ESTATE MAGBORO OGUN STATE Obafemi Ow,"=""08112005646""","=""10808540""","=""7828959""","=""3112849024""",Personal fixed term loan,2021-01-14 00:00:00,5000.00,0.00,,0.00,6000.00,NGN,0,Open,2021-01-29 00:00:00,Performing
AKPAN CHRISTOPHER MOSES,"=""22364370210""",ACCESS BANK PLC HEAD OFFICE LAGOS,"=""08026980101""","=""10872248""","=""25065174""","=""15532207""",Personal fixed term loan,2022-05-26 00:00:00,250000.00,423967.00,,423967.00,85550.00,NGN,352,Open,2023-02-11 00:00:00,Lost
AFFIA MMEDARA IME,"=""22337797419""",8B OTON ESSIEN STREET OFF SCHOOL ROAD ABAK,,"=""10953518""","=""4404198""","=""2084107983""",Personal fixed term loan,2020-03-09 00:00:00,2500.00,0.00,,0.00,3120.00,NGN,0,Closed,2020-04-08 00:00:00,Performing
AKINYOMI KEHINDE WILLIAMS,"=""22354229683""",1 AKINYOMI STREET OTTA OGUN STATE AdoOdoOta Ogun State,"=""08025531865""","=""9620645""","=""6567510""","=""10554468""",Personal fixed term loan,2023-06-10 00:00:00,40000.00,0.00,,0.00,28820.00,NGN,0,Closed,2023-08-09 00:00:00,Performing
Ukuhor Christopher,"=""22163037002""",CJ7C RJB St Uselu 302117 Benin City Edo Nigeria,,"=""9643407""","=""9286431""","=""31425574""",Personal fixed term loan,2020-10-23 00:00:00,5000.00,207.00,,207.00,6000.00,NGN,1057,Open,2020-11-09 00:00:00,Lost
NWANKWO EMMANUEL NONSO,"=""22151770700""",HOUSE 44 303 ROAD FHA KUBWA ABUJA Municipal Area Council F,"=""08037616268""","=""9772695""","=""2439862""","=""10014494""",Personal fixed term loan,2023-04-19 00:00:00,50000.00,85100.00,,0.00,9456.00,NGN,0,Open,2024-01-14 00:00:00,Performing
OKEOWO BISOLA HEPHZIBAH,"=""22224559755""",5AJEGUNLE STREETLEVENTIS BSTOPSANGOIBADAN7NURENI AKINTOLA,"=""09060089233""","=""9798903""","=""3869940""","=""724822531""",Personal fixed term loan,2020-03-18 00:00:00,2500.00,0.00,,0.00,2870.00,NGN,0,Closed,2020-04-02 00:00:00,Performing
ALABI PATIENCE NDIDIAMAKA,"=""22177395239""",PLOT 113 SUNSHINE COMMUNITY OJU ORE SANGO,"=""07085613317""","=""10427559""","=""5963855""","=""8559317""",Personal fixed term loan,2022-11-11 00:00:00,20000.00,0.00,,0.00,23400.00,NGN,0,Closed,2022-11-28 00:00:00,Performing
OGUNSAKIN YETUNDE OLAYINKA,"=""22172070892""",NIG NAVAL TRAINING SCHOOL ONNE,"=""07037357790""","=""10506941""","=""35610567""","=""10528957""",Personal fixed term loan,2023-06-07 00:00:00,200000.00,0.00,,0.00,88667.00,NGN,0,Closed,2023-09-05 00:00:00,Performing
AFUAPE OKIKIOLA DAMILARE,"=""22498648689""",8 FELA SHOLANKE STREET LANTORO ABEOKUTA OGUN STATE Abeokut,"=""08139490866""","=""10694423""","=""6213708""","=""1773481""",Personal fixed term loan,2020-03-08 00:00:00,1500.00,0.00,,0.00,1720.00,NGN,0,Closed,2020-03-23 00:00:00,Performing
AZENABOR EDWIN,"=""22353078666""",NO 25 LUCAS RD ABRAKA Ethiope East Delta State,,"=""10899417""","=""5428597""","=""2100178""",Personal fixed term loan,2020-06-24 00:00:00,5000.00,0.00,,0.00,6500.00,NGN,0,Closed,2020-07-24 00:00:00,Performing
OSUAGWU CHIKAMMA CHIAKA,"=""22186222227""",30B COMMERCIAL ROAD APAPA,"=""09058297582""","=""9753467""","=""13138835""","=""109290051""",Personal fixed term loan,2022-06-03 00:00:00,250000.00,0.00,,0.00,127667.00,NGN,0,Closed,2022-09-01 00:00:00,Performing
EKWERUKA CHISOM UGOCHUKWU,"=""22324508727""",PrimaryAddressLine1,"=""08035181246""","=""9849182""","=""7884469""","=""4650013""",Personal fixed term loan,2021-09-18 00:00:00,10000.00,0.00,,0.00,13000.00,NGN,0,Closed,2021-10-19 00:00:00,Performing
EKWERUKA CHISOM UGOCHUKWU,"=""22324508727""",PrimaryAddressLine1,"=""08035181246""","=""9849182""","=""7884469""","=""7455721""",Personal fixed term loan,2022-07-26 00:00:00,10000.00,0.00,,0.00,12000.00,NGN,0,Closed,2023-01-20 00:00:00,Performing
OLUSHIYAN FEMI MICHAEL,"=""22153978296""",21D ROAD FHA HOUSE 8 LUGBE,"=""2348035826672""","=""10333759""","=""5512474""","=""7560908""",Personal fixed term loan,2022-08-05 00:00:00,100000.00,0.00,,0.00,66150.00,NGN,0,Closed,2022-10-04 00:00:00,Performing
ANIFOWOSE GBEMISOLA OLORUNWA,"=""22455456526""",3 MOSES EMEYA CLOSE SOCIAL CLUB ROAD ABULE EGBA,"=""08177479328""","=""10460354""","=""42361298""","=""9947402""",Personal fixed term loan,2023-04-12 00:00:00,40000.00,0.00,,0.00,46000.00,NGN,0,Closed,2023-04-27 00:00:00,Performing
EYO ANIETIE EDET,"=""22194893400""",7 EDET AKAPAN STREETIKOT OBIDO,"=""08022227106""","=""10660069""","=""1233895""","=""42582187""",Personal fixed term loan,2021-03-15 00:00:00,30000.00,0.00,,0.00,17250.00,NGN,0,Open,2021-05-17 00:00:00,Performing
ATTA KINGSLEY PETER,"=""22414129131""",196 NEW ROAD JAKANDE 1ST,"=""09013608492""","=""10675046""","=""22414129131""","=""FMSME02139""",,2022-09-30 00:00:00,300000.00,236000.00,,236000.00,118000.00,NGN,774,Open,2022-12-29 00:00:00,Lost
OBAKPOLOR IMARIA GLYNIS,"=""22261104400""",GRA 400102 Enugu Nigeria,"=""08033725321""","=""10711928""","=""4013916""","=""42292051""",Personal fixed term loan,2020-12-17 00:00:00,70000.00,0.00,,0.00,30330.00,NGN,0,Open,2021-03-17 00:00:00,Performing
MURAINA OLUWASEGUN SEUN,"=""22368333655""",75 KUDIRAT ABIOLA ESTATE IJU STATION,"=""08143109853""","=""10781184""","=""1783230""","=""3027367791""",Personal fixed term loan,2019-09-05 00:00:00,2500.00,0.00,,0.00,3250.00,NGN,0,Closed,2019-10-07 00:00:00,Performing
BUTACK BINTA BARBARA,"=""22179244157""",Nigeria,"=""08134125870""","=""10787486""","=""4178511""","=""2038913886""",Personal fixed term loan,2021-12-24 00:00:00,250000.00,0.00,,0.00,318500.00,NGN,0,Closed,2022-03-25 00:00:00,Performing
NLEM ROSEMARY,"=""22269440630""",53 HOSPITAL ROAD BORI RIVERS,"=""08036666173""","=""10965859""","=""20337508""","=""2013233749""",Personal fixed term loan,2023-03-18 00:00:00,40000.00,0.00,,0.00,27120.00,NGN,0,Closed,2023-06-07 00:00:00,Performing
UDOFIA AUGUSTINE GREGORY,"=""22333540312""",12 ADUKE THOMAS STREET OSHODI OshodiIsolo Lagos State,"=""08051469060""","=""9840290""","=""5310330""","=""7135450""",Personal fixed term loan,2022-06-24 00:00:00,5000.00,0.00,,0.00,6350.00,NGN,0,Closed,2022-07-25 00:00:00,Performing
UDOFIA AUGUSTINE GREGORY,"=""22333540312""",12 ADUKE THOMAS STREET OSHODI OshodiIsolo Lagos State,"=""08051469060""","=""9840290""","=""5310330""","=""7443664""",Personal fixed term loan,2022-07-25 00:00:00,10000.00,0.00,,0.00,12000.00,NGN,0,Closed,2022-08-09 00:00:00,Performing
UDOFIA AUGUSTINE GREGORY,"=""22333540312""",12 ADUKE THOMAS STREET OSHODI OshodiIsolo Lagos State,"=""08051469060""","=""9840290""","=""5310330""","=""7815868""",Personal fixed term loan,2022-08-29 00:00:00,10000.00,0.00,,0.00,13000.00,NGN,0,Closed,2022-09-28 00:00:00,Performing
UDOFIA AUGUSTINE GREGORY,"=""22333540312""",12 ADUKE THOMAS STREET OSHODI OshodiIsolo Lagos State,"=""08051469060""","=""9840290""","=""5310330""","=""8119631""",Personal fixed term loan,2022-09-28 00:00:00,10000.00,0.00,,0.00,12000.00,NGN,0,Closed,2022-10-13 00:00:00,Performing
UDOFIA AUGUSTINE GREGORY,"=""22333540312""",12 ADUKE THOMAS STREET OSHODI OshodiIsolo Lagos State,"=""08051469060""","=""9840290""","=""5310330""","=""8278411""",Personal fixed term loan,2022-10-13 00:00:00,10000.00,0.00,,0.00,12000.00,NGN,0,Closed,2022-11-25 00:00:00,Performing
LASISI MUFUTAU ADEMOLA,"=""22186711891""",NO 1 ROAD E ZONE A ALALUBOSA AREA OFF NEW IFE ROAD BEHIND,"=""08134680069""","=""10449126""","=""22186711891""","=""FMSME02095""",,2022-09-27 00:00:00,800000.00,,,,306666.67,NGN,0,Closed,2022-12-26 00:00:00,Performing
AJIMOSUN AMUWA COLLINS,"=""22190691727""",91 OGODO ROAD EXTENTION SAPELE,"=""23408062908310""","=""10450312""","=""6673035""","=""9473812""",Personal fixed term loan,2023-02-20 00:00:00,5000.00,0.00,,0.00,6000.00,NGN,0,Closed,2023-03-07 00:00:00,Performing
AUDU SADIQ,,ENJEMA ANKPA LOCAL GOVT,"=""23408038272724""","=""10514523""","=""8492980""","=""2090490088""",Personal fixed term loan,2020-12-02 00:00:00,80000.00,110932.00,,110932.00,99200.00,NGN,1004,Open,2021-01-01 00:00:00,Lost
Enakerakpor Esther,,12UGONEKI AVENUE OFF ORACRESCENT BEHIND STADIUM,"=""08154702656""","=""10729894""","=""9467584""","=""4153396""",Personal fixed term loan,2021-01-13 00:00:00,15000.00,0.00,,0.00,19500.00,NGN,0,Open,2021-02-12 00:00:00,Performing
SAMUEL VERA NOYIN,,MAILINGADDRESS1,,"=""10968199""","=""6239148""","=""6835069""",Personal fixed term loan,2022-05-24 00:00:00,25000.00,0.00,,0.00,10925.00,NGN,0,Closed,2022-08-22 00:00:00,Performing
UGWU WILLIAMS OZIOMA,"=""22374252445""",NO 237 AMECHI ROAD AWKUNANAW,"=""08062477284""","=""9823187""","=""650400""","=""8015230""",Personal fixed term loan,2022-09-18 00:00:00,10000.00,0.00,,0.00,12700.00,NGN,0,Closed,2022-10-18 00:00:00,Performing
UGWU WILLIAMS OZIOMA,"=""22374252445""",NO 237 AMECHI ROAD AWKUNANAW,"=""08062477284""","=""9823187""","=""650400""","=""8342098""",Personal fixed term loan,2022-10-20 00:00:00,10000.00,0.00,,0.00,12500.00,NGN,0,Closed,2022-11-25 00:00:00,Performing
EWOH ARNOLD SAMUEL,"=""22159747285""",NO 242 RECCE BATTALION BARRACK BADAGRY Ojo Lagos State,"=""08069653086""","=""9863272""","=""4434289""","=""3611138637""",Personal fixed term loan,2020-01-23 00:00:00,5000.00,0.00,,0.00,6250.00,NGN,0,Open,2020-02-24 00:00:00,Performing
NWANNAH CHRISTOPHER UGOCHUKWU,"=""22197526158""",9 OBAREGHEDO STR USELU QTRS BENIN.,"=""8072557380""","=""9888508""","=""5079755""","=""3009644967""",Personal fixed term loan,2020-01-22 00:00:00,1500.00,0.00,,0.00,1720.00,NGN,0,Open,2020-02-06 00:00:00,Performing
AKINYOSOYE GBENRO,"=""22206599368""",28 OLUSHOLA KEKU STREET SURULERE LAGOS,"=""08052248883""","=""9974212""","=""42786295""","=""10094477""",Personal fixed term loan,2023-04-26 00:00:00,35000.00,43575.00,,0.00,43575.00,NGN,0,Open,2023-05-26 00:00:00,Performing
EWULE KINGSLEY WELI,"=""22327323219""",NO 5 ERIOLU STREETOFF PSYCHIATRIC,"=""08064124384""","=""10162787""","=""666744""","=""3052940""",Personal fixed term loan,2021-01-12 00:00:00,10000.00,0.00,,0.00,13000.00,NGN,0,Closed,2021-02-11 00:00:00,Performing
E MATTHEWS PRECIOUS,"=""22144289011""",19 AMBALI STREET,"=""07036681045""","=""10166740""","=""784947""","=""8209146""",Personal fixed term loan,2022-10-07 00:00:00,40000.00,0.00,,0.00,47880.00,NGN,0,Closed,2022-11-07 00:00:00,Performing
E MATTHEWS PRECIOUS,"=""22144289011""",19 AMBALI STREET,"=""07036681045""","=""10166740""","=""784947""","=""9660019""",Personal fixed term loan,2023-03-14 00:00:00,10000.00,0.00,,0.00,23200.00,NGN,0,Closed,2023-04-13 00:00:00,Performing
FOLAYAN TOBI OLUFEMI,"=""22161718897""",110113 Ofada Nigeria,"=""08181562224""","=""10541798""","=""18539155""","=""5832808""",,2022-02-05 00:00:00,35000.00,0.00,,0.00,13970.00,NGN,0,Closed,2022-06-06 00:00:00,Performing
ADERINOKUN OLUWASEYIFUNMI DEBORAH,"=""22402215411""",No 4 the sun estate magboro,"=""09054109470""","=""10829154""","=""10836742""","=""3027901867""",Personal fixed term loan,2021-01-18 00:00:00,5000.00,0.00,,0.00,6000.00,NGN,0,Open,2021-02-02 00:00:00,Performing
OLAJUWON AKINWUNMI ISMAIL,"=""22246677864""",14 15 Prince Alaba Oniru Road Victoria Island,,"=""10884065""","=""6153505""","=""4080775""",Personal fixed term loan,2021-07-02 00:00:00,500000.00,0.00,,0.00,80720.00,NGN,0,Closed,2023-11-23 00:00:00,Performing
OLAJUWON AKINWUNMI ISMAIL,"=""22246677864""",14 15 Prince Alaba Oniru Road Victoria Island,,"=""10884065""","=""6153505""","=""56200436""",Personal fixed term loan,2021-07-02 00:00:00,500000.00,0.00,,0.00,80720.00,NGN,0,Closed,2023-11-23 00:00:00,Performing
ABORE THEOPHILUS,"=""22271104335""",902101 Abuja Federal Capital Territory Nigeria,,"=""10950311""","=""35067210""","=""9992670""",Personal fixed term loan,2023-04-17 00:00:00,20000.00,0.00,,0.00,23120.00,NGN,0,Closed,2023-05-02 00:00:00,Performing
SALISU  ZALIHA,"=""22275611130""",KAZAURE LOCAL GOVT COUNCIL DUTSE Kazaure Jigawa State,,"=""10981027""","=""10230024""","=""1004461282""",Personal fixed term loan,2020-12-15 00:00:00,20000.00,0.00,,0.00,9060.00,NGN,0,Open,2021-03-15 00:00:00,Performing
ABDULAZEEEZ BOLAJI SILIFAT,,6 ANIGILAJE STREET AREGBE OBANTOKOELEWERANABEOKUTAOGN Oded,"=""2348063404222""","=""9639080""","=""7754055""","=""3028586337""",Personal fixed term loan,2020-07-18 00:00:00,20000.00,110.00,,110.00,26000.00,NGN,1141,Open,2020-08-17 00:00:00,Lost
AGBALUSI AUGUSTINE,"=""22402014076""",NO 49 OLD BENIN AGBOR ROAD IKPOBA HILL BENIN CITY,"=""09081852328""","=""9853936""","=""42668680""","=""10043177""",Personal fixed term loan,2023-04-21 00:00:00,10000.00,0.00,,0.00,11500.00,NGN,0,Closed,2023-05-06 00:00:00,Performing
okpara uchenna onyedikachi,"=""22319536085""",3 NIBO STREET,"=""08078396386""","=""9905944""","=""9563517""","=""3045369211""",Personal fixed term loan,2021-01-21 00:00:00,5000.00,0.00,,0.00,6500.00,NGN,0,Open,2021-02-22 00:00:00,Performing
ONABELA OLUWASEUN AYOMIDE,"=""22224383712""",BLOCK 4 FLAT A MARUWA WAY L G H ESTATE EPE LAGOS,,"=""9987653""","=""3272494""","=""3025921180""",Personal fixed term loan,2020-06-04 00:00:00,25000.00,0.00,,0.00,30500.00,NGN,0,Open,2020-07-06 00:00:00,Performing
BRIGHT EBOIGBE,"=""22149148142""",NO 44 OTOTE STREET OFF TEXTILE MILL RD BENIN CITY Egor Edo,"=""23407033314767""","=""10429214""","=""11955994""","=""2038903614""",Personal fixed term loan,2021-03-16 00:00:00,10000.00,12500.00,,12500.00,11000.00,NGN,900,Open,2021-04-15 00:00:00,Lost
MUHAMMED SULIYAT TEMITOPE,"=""22414330388""",Nigeria,"=""08103137877""","=""10581562""","=""42629851""","=""10033039""",Personal fixed term loan,2023-04-20 00:00:00,22500.00,0.00,,0.00,25875.00,NGN,0,Closed,2023-05-05 00:00:00,Performing
ADEOLA EYITAYO ADEWUNMI,"=""22338055776""",N37 NZUBE ESTATE LOKOGOMA ABUJA,"=""2348062121189""","=""9783147""","=""6492567""","=""4862194""",Personal fixed term loan,2021-10-14 00:00:00,80000.00,0.00,,0.00,21844.00,NGN,0,Closed,2022-10-12 00:00:00,Performing
ADEOLA EYITAYO ADEWUNMI,"=""22338055776""",N37 NZUBE ESTATE LOKOGOMA ABUJA,"=""2348062121189""","=""9783147""","=""6492567""","=""6492567""",Personal fixed term loan,2021-10-14 00:00:00,80000.00,196560.00,,0.00,21844.00,NGN,0,Open,2022-10-12 00:00:00,Performing
TOBIN AMIETE,"=""22307815673""",14 15 Prince Alaba Oniru Road Victoria Island,"=""08130544007""","=""9822330""","=""4759355""","=""148554226""",Personal fixed term loan,2021-01-12 00:00:00,10000.00,0.00,,0.00,13000.00,NGN,0,Closed,2021-02-11 00:00:00,Performing
NKANANG JULIA JAMES,"=""22244501431""",PrimaryAddressLine1,"=""07064655916""","=""10284787""","=""25529746""","=""2190128904""",Personal fixed term loan,2022-03-23 00:00:00,450000.00,0.00,,0.00,73120.00,NGN,0,Closed,2023-04-04 00:00:00,Performing
NWACHUKWU UGOCHUKWU DANIEL,"=""22160369975""",184 Efab Estate Lokogoma Abuja,"=""2348097877441""","=""10341984""","=""6183391""","=""6278061""",Personal fixed term loan,2022-03-26 00:00:00,5000.00,0.00,,0.00,6140.00,NGN,0,Closed,2022-04-25 00:00:00,Performing
NWACHUKWU UGOCHUKWU DANIEL,"=""22160369975""",184 Efab Estate Lokogoma Abuja,"=""2348097877441""","=""10341984""","=""6183391""","=""8461046""",Personal fixed term loan,2022-11-01 00:00:00,20000.00,0.00,,0.00,22400.00,NGN,0,Closed,2022-12-01 00:00:00,Performing
ISA ABDULLAHI GAUDE,"=""22191800847""",Not Available,"=""08039680725""","=""10386531""","=""14913448""","=""675074028""",Personal fixed term loan,2021-08-22 00:00:00,500000.00,0.00,,0.00,222330.00,NGN,0,Open,2021-11-22 00:00:00,Performing
EHIAGWINA VICTOR,"=""22143825023""",6 OMOTAYO KUYE STREET ALAJA AYOBO LAGOS Alimosho Lagos S,,"=""10409261""","=""7461284""","=""6397710""",Personal fixed term loan,2022-04-07 00:00:00,60000.00,0.00,,0.00,22547.00,NGN,0,Closed,2022-12-05 00:00:00,Performing
EHIAGWINA VICTOR,"=""22143825023""",6 OMOTAYO KUYE STREET ALAJA AYOBO LAGOS Alimosho Lagos S,,"=""10409261""","=""7461284""","=""8806318""",Personal fixed term loan,2022-12-06 00:00:00,15000.00,0.00,,0.00,18000.00,NGN,0,Closed,2022-12-21 00:00:00,Performing
HABU LAWAN,"=""22262334514""",mallam habu lawan res todarya kazaure Kazaure Jigawa Stat,,"=""10949118""","=""10325944""","=""1004439311""",Personal fixed term loan,2020-12-17 00:00:00,20000.00,29000.00,,29000.00,26000.00,NGN,82,Open,2021-01-18 00:00:00,Doubtful
UGER DANIEL MKAR,"=""22235572871""",BEHIND AGGO NUR PRI SCH AKPEHE MKD Makurdi Benue State,"=""2347030552427""","=""9620512""","=""8090940""","=""4702001146""",Personal fixed term loan,2020-10-08 00:00:00,10000.00,430.00,,430.00,13000.00,NGN,426,Open,2020-09-09 00:00:00,Lost
SADISU HAMZA AUWALU,"=""22273280444""",KAWO BUSSTOP GIDAN TSAMIYA,"=""07036500518""","=""9636288""","=""9781306""","=""2074273681""",Personal fixed term loan,2020-11-22 00:00:00,15000.00,21750.00,,21750.00,19500.00,NGN,1014,Open,2020-12-22 00:00:00,Lost
FUNKE BIDEMI OLADAPO,,939 ABEOKUTA RD AMJE BS,"=""08022941831""","=""9644795""","=""3862287""","=""3862287""",Personal fixed term loan,2021-09-30 00:00:00,30000.00,43500.00,,43500.00,39000.00,NGN,102,Open,2021-11-01 00:00:00,Lost
MOHAMMED ATIKU,"=""22209325184""",PrimaryAddressLine1,"=""07033760356""","=""9748311""","=""203752""","=""4941060430""",Personal fixed term loan,2020-12-20 00:00:00,50000.00,57369.00,,57369.00,59000.00,NGN,1001,Open,2021-01-04 00:00:00,Lost
AMOSU SAMUEL HAPPY,"=""22245456875""",No 20 Anthony street Muwo badagry,"=""23470306294752""","=""10109103""","=""6357050""","=""1661035830""",Personal fixed term loan,2020-03-15 00:00:00,10000.00,11500.00,,11500.00,13000.00,NGN,1266,Open,2020-04-14 00:00:00,Lost
Eghujovbo Andrea,,8 SHELL ROAD BY THE TANK FARM DELTA,,"=""10194001""","=""35976284""","=""10599482""",Personal fixed term loan,2023-06-15 00:00:00,50000.00,59416.00,,0.00,59850.00,NGN,0,Open,2023-07-07 00:00:00,Performing
SEKIBO SUCCESS MAXWELL,"=""22386769076""",mabera back of ggc,"=""08180135759""","=""10458393""","=""4899745""","=""49944386""",Personal fixed term loan,2020-01-17 00:00:00,2500.00,2812.00,,2812.00,3250.00,NGN,1323,Open,2020-02-17 00:00:00,Lost
IGWE JENNIFER,"=""22178655899""",Rumu opirikom Port Harcourt Nigeria,"=""08038919765""","=""10467551""","=""23896279""","=""2027408397""",Personal fixed term loan,2022-05-19 00:00:00,225000.00,0.00,,0.00,114900.00,NGN,0,Closed,2022-09-01 00:00:00,Performing
ENTONU AWODI,"=""22229811573""",comm sec sch obeledu,"=""08068590972""","=""10566504""","=""12996525""","=""3045616575""",Personal fixed term loan,2021-04-29 00:00:00,15000.00,0.00,,0.00,16500.00,NGN,0,Open,2021-05-31 00:00:00,Performing
Foloki Bosede,,OSA COMM IJOKA RD AKURE,"=""08137973911""","=""10804860""","=""1837282""","=""697235734""",Personal fixed term loan,2019-09-10 00:00:00,2500.00,2875.00,,2875.00,3250.00,NGN,1453,Open,2019-10-10 00:00:00,Lost
ADEBOWALE ADERONKE ABOSEDE,"=""22144532272""",23 OSINOWO ST MEDINA ESTATE GBAGADA LAGOS Kosofe Lagos St,,"=""10885112""","=""9146994""","=""2011780438""",Personal fixed term loan,2021-02-21 00:00:00,50000.00,0.00,,0.00,61000.00,NGN,0,Open,2021-03-23 00:00:00,Performing
EKECHI ANTHONIA EBERE,"=""22194664071""",47B LAKENWAEBERE STREET ALADINMA HOUSING ESTATE OWERRI Owe,"=""08064897059""","=""10955974""","=""5674565""","=""4294836""",Personal fixed term loan,2021-07-30 00:00:00,175000.00,0.00,,0.00,30780.00,NGN,0,Closed,2022-04-26 00:00:00,Performing
EKECHI ANTHONIA EBERE,"=""22194664071""",47B LAKENWAEBERE STREET ALADINMA HOUSING ESTATE OWERRI Owe,"=""08064897059""","=""10955974""","=""5674565""","=""9793195""",Personal fixed term loan,2023-03-28 00:00:00,200000.00,269400.00,,0.00,67350.00,NGN,0,Open,2023-07-28 00:00:00,Performing
Owatunde Hammed,"=""22368465132""",OSOLO OWAYEYE HOUSE SASA EKUOSOLO AREA EJIGBO,"=""08074516564""","=""9631466""","=""22368465132""","=""FMSME01250""",,2022-06-30 00:00:00,270000.00,,,,103032.25,NGN,0,Closed,2022-09-28 00:00:00,Performing
Owatunde Hammed,"=""22368465132""",OSOLO OWAYEYE HOUSE SASA EKUOSOLO AREA EJIGBO,"=""08074516564""","=""9631466""","=""22368465132""","=""FMSME01859""",,2022-09-05 00:00:00,270000.00,,,,102636.00,NGN,0,Closed,2022-12-04 00:00:00,Performing
OPARA MAGNUS CHUKWUNEKE,"=""22296913509""",NO8 OLD NKISI GRA ONITSHA,"=""23480628606102""","=""9857639""","=""40915653""","=""10048917""",Personal fixed term loan,2023-04-22 00:00:00,10000.00,11177.00,,0.00,11177.00,NGN,0,Open,2023-05-07 00:00:00,Performing
IBRAHIM AKILU,"=""22421623664""",KURMI KOFAR JANGE AREA GUSAU Gusau Zamfara State,"=""09064300125""","=""9861162""","=""6721829""","=""1920407""",Personal fixed term loan,2020-04-02 00:00:00,2500.00,0.00,,0.00,3250.00,NGN,0,Closed,2020-05-04 00:00:00,Performing
AYINLA LUKMAN SHINA,"=""22369779542""",8 EWUOLUWO SAGAMU Shagamu Ogun State,"=""08132856845""","=""9955490""","=""6166445""","=""1757128""",Personal fixed term loan,2020-03-06 00:00:00,2500.00,0.00,,0.00,3250.00,NGN,0,Closed,2020-04-06 00:00:00,Performing
ABDULRAHAMAN ABDULLAHI ALANAMU,"=""22167694197""",NO 27 AGAKA ROAD IREWOLEDE ESTATE NEW YIDI RO,"=""23408033897870""","=""10077257""","=""10820999""","=""3033726385""",Personal fixed term loan,2021-01-14 00:00:00,30000.00,0.00,,0.00,38100.00,NGN,0,Open,2021-02-15 00:00:00,Performing
NDUKA JULIET CHINWE,"=""22286836508""",7 BALOGUN AVENUE OFF PIPE LINE IDIMU Oredo Edo State,,"=""10526135""","=""10396841""","=""56843807""",Personal fixed term loan,2020-12-21 00:00:00,10000.00,14012.00,,14012.00,13000.00,NGN,985,Open,2021-01-20 00:00:00,Lost
ADESOLA ADEJUMO GIFT,"=""22416991019""",IWAGBA AREA OGBOMOSO Ogbomosho North Oyo State,"=""07060462989""","=""10800538""","=""5140001""","=""1130634434""",Personal fixed term loan,2021-01-04 00:00:00,5000.00,0.00,,0.00,6500.00,NGN,0,Open,2021-02-03 00:00:00,Performing
AJAYI OLUFEMI,"=""22267936940""",B3 14 GREEN ROOF IREWOLEDE ESTATEEKITI STATE,"=""08063117786""","=""10969751""","=""41107873""","=""9829689""",Personal fixed term loan,2023-04-01 00:00:00,200000.00,300000.00,,0.00,50000.00,NGN,0,Open,2023-10-23 00:00:00,Performing
SIMBIAT MOJISOLA,,Nigeria,"=""2348067639750""","=""9695822""","=""7292029""","=""127722374""",Personal fixed term loan,2020-12-02 00:00:00,35000.00,0.00,,0.00,15860.00,NGN,0,Open,2021-03-02 00:00:00,Performing
Rofiat Lawal,,NO 6 OGUNLANA STREET IYANA CHURCH MONATAN ARE,,"=""9714785""","=""6196488""","=""2120136863""",Personal fixed term loan,2020-03-17 00:00:00,5000.00,5200.00,,5200.00,6250.00,NGN,1264,Open,2020-04-16 00:00:00,Lost
OJO SUNDAY,"=""22357872657""",NO 4 IMOBA STREET EFON ALAAYE Efon Ekiti State,"=""08105230480""","=""9820087""","=""2494669""","=""522134800""",Personal fixed term loan,2019-10-13 00:00:00,10000.00,11500.00,,11500.00,13000.00,NGN,1420,Open,2019-11-12 00:00:00,Lost
OLASUNKANMI UTHMAN LEKAN,"=""22310432535""",6 ikotun street ogijo transformers bstop,"=""08136490306""","=""9833327""","=""1726262""","=""672926""",Personal fixed term loan,2019-09-17 00:00:00,2500.00,0.00,,0.00,3120.00,NGN,0,Closed,2019-10-17 00:00:00,Performing
AKINPELUMI ELIZABETH OLUBUNMI,"=""22247613164""",Ewupe Street 112104 Ota Ogun State Nigeria,"=""07068037177""","=""9848081""","=""39491981""","=""9835982""",Personal fixed term loan,2023-04-01 00:00:00,120000.00,110720.00,,0.00,55360.00,NGN,0,Open,2023-07-03 00:00:00,Performing
JEGEDE MORENIKE GRACE,,18EGBEWA STREETOFF FALEGANADOEKITI,"=""08035102173""","=""10249606""","=""12607""","=""2017275550""",Personal fixed term loan,2021-02-02 00:00:00,25000.00,0.00,,0.00,14370.00,NGN,0,Open,2021-04-06 00:00:00,Performing
URAMA IFUNANYA LOVETH,"=""22257454056""",5 Christ Ave Isheri Olofin 102213 Lagos Nigeria,"=""09078757580""","=""10757934""","=""23758244""","=""4831619027""",Personal fixed term loan,2022-10-14 00:00:00,250000.00,0.00,,0.00,300000.00,NGN,0,Closed,2022-10-31 00:00:00,Performing
OLALEYE DAVID LEKAN,"=""22395361593""",2a Shittu Street Alagbado Adura Bus Stop,"=""07016193456""","=""10805798""","=""8024350""","=""10464911""",Personal fixed term loan,2023-06-01 00:00:00,5000.00,0.00,,0.00,6000.00,NGN,0,Closed,2023-06-16 00:00:00,Performing
OLALEYE DAVID LEKAN,"=""22395361593""",2a Shittu Street Alagbado Adura Bus Stop,"=""07016193456""","=""10805798""","=""8024350""","=""10563090""",Personal fixed term loan,2023-06-11 00:00:00,5000.00,0.00,,0.00,6075.00,NGN,0,Closed,2023-06-26 00:00:00,Performing
UKWUSIKE GLORIA,"=""22322012772""",BLK 2 RM 8 NIG ARMED FORCES,"=""08062672127""","=""10920732""","=""35576301""","=""10128310""",Personal fixed term loan,2023-04-30 00:00:00,40000.00,47880.00,,0.00,47880.00,NGN,0,Open,2023-05-15 00:00:00,Performing
Kelechi Ibelechi,"=""22198061818""",10 CHINWO CLOSE RUMUODARA PORTHARCOURT,"=""08036712486""","=""10951991""","=""42738728""","=""38087742""",Personal fixed term loan,2023-04-26 00:00:00,250000.00,375000.00,,0.00,62500.00,NGN,0,Open,2023-10-23 00:00:00,Performing
OYEJOBI OLUWAFEMI AKINOLA,"=""22164222779""",Off Kayode Street Onipanu 39 Mafoluku Oshodi Lagos Nigeria,"=""08096704363""","=""9874627""","=""67551""","=""9779336""",Personal fixed term loan,2023-03-27 00:00:00,7500.00,0.00,,0.00,9750.00,NGN,0,Closed,2023-04-26 00:00:00,Performing
OKUNADE HAKEEM DAMILOLA,"=""22169527592""",Nigeria,"=""08027612974""","=""10042421""","=""100083""","=""139496809""",Personal fixed term loan,2021-01-11 00:00:00,15000.00,0.00,,0.00,19500.00,NGN,0,Open,2021-02-10 00:00:00,Performing
FAKIDOUMA STELLA,"=""22241241413""",ETEGWE MBIAMA YENAGOA ROAD YENAGOA Yenagoa Bayelsa State,,"=""10086575""","=""9595283""","=""3042054881""",Personal fixed term loan,2021-01-30 00:00:00,10000.00,0.00,,0.00,12000.00,NGN,0,Open,2021-02-15 00:00:00,Performing
AGBO RAPHAEL,"=""22248186533""",NO54 IORKYAAAKPOI STREET HIGH LEVEL,"=""07031300301""","=""10258762""","=""6085430""","=""2255267719""",Personal fixed term loan,2021-01-05 00:00:00,30000.00,0.00,,0.00,38280.00,NGN,0,Open,2021-02-04 00:00:00,Performing
OLADEPO OLANIKE FISAYO,"=""22243095041""",IJETU OLOWOKERE STREET OSOGBO,"=""08065332320""","=""10636081""","=""44117979""","=""10641081""",Personal fixed term loan,2023-06-19 00:00:00,7500.00,0.00,,0.00,8625.00,NGN,0,Closed,2023-07-04 00:00:00,Performing
YAHAYA RAKIYA,"=""22174967561""",n0 101 dogo street,"=""2348029945253""","=""10706771""","=""4839503""","=""3137456247""",Personal fixed term loan,2020-01-10 00:00:00,1500.00,0.00,,0.00,1950.00,NGN,0,Open,2020-02-10 00:00:00,Performing
ADAMS FAROUK,"=""22418966282""",Nigeria,"=""2347064997288""","=""10781009""","=""8654416""","=""3029477984""",Personal fixed term loan,2020-09-18 00:00:00,5000.00,0.00,,0.00,6500.00,NGN,0,Open,2020-10-19 00:00:00,Performing
BARKA SARAH SETH,"=""22184776300""",NEAR ECWA GOODNESS CHURCH KUMO,"=""2348158494398""","=""10901322""","=""25413237""","=""14200273""",Personal fixed term loan,2024-06-26 00:00:00,500000.00,343744.00,,0.00,57292.00,NGN,394,Open,2026-06-16 00:00:00,Performing
AKINOLA LANRE,"=""22293028857""",29 MOSQUEROADANGWAN HAUSAWANEW NYANYA,"=""2348051167205""","=""10983095""","=""35432930""","=""10060340""",Personal fixed term loan,2023-04-23 00:00:00,22500.00,28575.00,,0.00,28575.00,NGN,0,Open,2023-05-23 00:00:00,Performing
ADEOMI OLAJIDE OLUBUNMI,"=""22364917965""",ORISUNMIBARE STREET ONDO ROAD,,"=""10734164""","=""678316""","=""8583318""",Personal fixed term loan,2022-11-13 00:00:00,15000.00,0.00,,0.00,18000.00,NGN,0,Closed,2022-11-28 00:00:00,Performing
ADEOMI OLAJIDE OLUBUNMI,"=""22364917965""",ORISUNMIBARE STREET ONDO ROAD,,"=""10734164""","=""678316""","=""8717937""",Personal fixed term loan,2022-11-27 00:00:00,40000.00,0.00,,0.00,51800.00,NGN,0,Closed,2023-04-27 00:00:00,Performing
BANJO OLUWATOSIN ADEMOLA,"=""22176132246""",Nigeria,"=""2348023162507""","=""10984316""","=""8320771""","=""9661089""",Personal fixed term loan,2023-03-14 00:00:00,20000.00,23860.00,,0.00,11930.00,NGN,0,Open,2023-05-15 00:00:00,Performing
ABIODUN GRACE OLUWATOSIN,"=""22264834003""",7 Akeke bodewasimi Ibadan,"=""08138410583""","=""9999658""","=""675194""","=""1788999""",Personal fixed term loan,2020-03-10 00:00:00,2500.00,0.00,,0.00,3050.00,NGN,0,Closed,2020-04-09 00:00:00,Performing
ABIODUN GRACE OLUWATOSIN,"=""22264834003""",7 Akeke bodewasimi Ibadan,"=""08138410583""","=""9999658""","=""675194""","=""731490176""",Personal fixed term loan,2020-03-10 00:00:00,2500.00,0.00,,0.00,3050.00,NGN,0,Closed,2020-04-09 00:00:00,Performing
Adesola kemisola PRECIOU,,20 SOYEBO STREET AJEGUNLE BSTOP IGBOYA AREA IFE EAST Ife C,,"=""10136398""","=""781203""","=""162058290""",Personal fixed term loan,2020-02-11 00:00:00,15000.00,3379.00,,3379.00,18750.00,NGN,1299,Open,2020-03-12 00:00:00,Lost
EWUZIE EMEKA,"=""22213199917""",PLOT BNF 7410 KM 2 GBOKO RD BY CONOIL STATION MAKD Makurd,"=""08035190450""","=""10314343""","=""10134139""","=""2018067297""",Personal fixed term loan,2021-01-14 00:00:00,10000.00,0.00,,0.00,13000.00,NGN,0,Open,2021-02-15 00:00:00,Performing
IBRAHIM MUHAMMED BASHIR,"=""22142218619""",FLAT 3 BLK 2 IJAYE ESTATE MEDIUM PEN CENIMA Agege Lagos St,"=""08067991996""","=""10368159""","=""10226680""","=""4795476""",Personal fixed term loan,2021-10-06 00:00:00,100000.00,0.00,,0.00,26430.00,NGN,0,Closed,2022-04-04 00:00:00,Performing
AWOKOYA OLUKAYODE,"=""22230923236""",BLK 5 FLT 5 Femi Okunnu HSE EST SCH 3 off new shoprite rd,"=""08033270243""","=""10477791""","=""22230923236""","=""FMSME01814""",,2022-08-31 00:00:00,40000000.00,,,,20700000.00,NGN,0,Closed,2022-10-30 00:00:00,Performing
ADEPOJU SHINA,"=""22273712107""",264A OLD KUTUNKU COMPENSATION LAYOUT GWAGWALADA FCT ABUJA,"=""08037229571""","=""10614024""","=""12174903""","=""1004116021""",Personal fixed term loan,2022-03-18 00:00:00,250000.00,0.00,,0.00,178240.00,NGN,0,Closed,2022-05-17 00:00:00,Performing
OLULEKE AUGUSTUS AFOLABI,"=""22404149493""",OLADELE STREETILUPEJU BAPTIST CHURCH SANGOERUWAOYO,"=""08110895291""","=""10658487""","=""37519148""","=""9895060""",Personal fixed term loan,2023-04-07 00:00:00,5000.00,0.00,,0.00,7781.00,NGN,0,Closed,2023-04-22 00:00:00,Performing
MARIAM MUMUNI MODUPE,"=""22172004264""",1 PARAFA IKORODU LAGOS Ikorodu Lagos State,"=""08189463076""","=""10669540""","=""1139154""","=""64504086""",Personal fixed term loan,2019-05-03 00:00:00,1500.00,0.00,,0.00,1720.00,NGN,0,Open,2019-05-20 00:00:00,Performing
FUNSO AKINFEMISOYE W,,SOKA IB Oluyole Oyo State,"=""08071738081""","=""10772349""","=""2275616""","=""2262497671""",Personal fixed term loan,2019-10-04 00:00:00,2500.00,2875.00,,2875.00,3250.00,NGN,1428,Open,2019-11-04 00:00:00,Lost
DUNGS JOSEPHINE VOU,"=""22271440952""",NO 12 RWAMG PAM STREET WORKS AND HOUSING GWARIMPA Municipa,"=""2348034511574""","=""10983711""","=""8521442""","=""5314813""",Personal fixed term loan,2021-12-06 00:00:00,350000.00,0.00,,0.00,88687.00,NGN,0,Closed,2023-03-11 00:00:00,Performing
OMOLE ADEMUYIWA G,,PLOT 2 BLOCK 2 OGA OLOYE ESTATE IGBO GBO BAYEKU ROAD IKOR,"=""08030427747""","=""10984323""","=""4156514""","=""3027671125""",Personal fixed term loan,2021-01-14 00:00:00,10000.00,0.00,,0.00,13000.00,NGN,0,Open,2021-02-15 00:00:00,Performing
ISMAIL ABDULMUTALIB,"=""22150992248""",NAIBAWA YANKATAKO ZARIA ROAD,,"=""9827289""","=""7960699""","=""63401610""",Personal fixed term loan,2020-07-29 00:00:00,5000.00,3862.00,,3862.00,6000.00,NGN,1145,Open,2020-08-13 00:00:00,Lost
KOMOLAFE SOLA,"=""22187480998""",14B AEROPLANE DRIVEABULOMAOFF ODILI ROAD Port Harcourt Riv,"=""23408033097518""","=""10024811""","=""8468029""","=""6050000486""",Personal fixed term loan,2021-01-20 00:00:00,60000.00,0.00,,0.00,14750.00,NGN,0,Open,2021-07-19 00:00:00,Performing
AMEH ENOJO,,NO3 SUCESS CLOSE PEACE ESTATE UMUEBULE1,"=""23408023103407""","=""10178649""","=""40466599""","=""10090069""",Personal fixed term loan,2023-04-26 00:00:00,60000.00,72600.00,,0.00,72600.00,NGN,0,Open,2023-05-26 00:00:00,Performing
OKEMATTI ADEBOLA,"=""22354729905""",IYEKOGBA SECONDARY SCHOOL ROAD EBO QTRS BENIN CITY,"=""08053432948""","=""10238281""","=""1861269""","=""15305210""",Personal fixed term loan,2019-09-18 00:00:00,2500.00,0.00,,0.00,3250.00,NGN,0,Closed,2019-10-18 00:00:00,Performing
ICHENDU UNCLE KENNETH,"=""22345799331""",NO 21 MARKET ROAD RUMUOMASI  ObioAkpor Rivers State,"=""08030913763""","=""10411990""","=""6521729""","=""2787467""",Personal fixed term loan,2020-11-23 00:00:00,15000.00,0.00,,0.00,19500.00,NGN,0,Closed,2020-12-23 00:00:00,Performing
ICHENDU UNCLE KENNETH,"=""22345799331""",NO 21 MARKET ROAD RUMUOMASI  ObioAkpor Rivers State,"=""08030913763""","=""10411990""","=""6521729""","=""40264579""",Personal fixed term loan,2020-11-23 00:00:00,15000.00,21750.00,,21750.00,19500.00,NGN,1013,Open,2020-12-23 00:00:00,Lost
AHMED HASSAN,"=""22404675697""",NASARAWA LOCAL GOVERNMENT Nasarawa Kano State,"=""09030088441""","=""10448708""","=""10189491""","=""36271026""",Personal fixed term loan,2020-12-13 00:00:00,10000.00,11890.00,,11890.00,13000.00,NGN,993,Open,2021-01-12 00:00:00,Lost
JAMAICA THOMAS AMOS,"=""22161139229""",TALATAMAFARA CLOSE BLOCK M FLAT 3,"=""08036353225""","=""10468928""","=""12915338""","=""2012225024""",Personal fixed term loan,2021-05-03 00:00:00,15000.00,0.00,,0.00,17400.00,NGN,0,Open,2021-06-02 00:00:00,Performing
ALLISON TIMIPERE FELIX,"=""22174630836""",39 FIRST ROAD AKENFA,"=""23408034434337""","=""10515891""","=""15303124""","=""42401019""",Personal fixed term loan,2022-10-07 00:00:00,400000.00,0.00,,0.00,65000.00,NGN,0,Closed,2023-10-02 00:00:00,Performing
OLA MICHAEL TEMILADE,"=""22278238976""",5 ILESANMI IDOWU STREET OFF RAMART CRESCENT OGUDU,,"=""10713485""","=""63118""","=""21943""",Personal fixed term loan,2018-09-24 00:00:00,40000.00,0.00,,0.00,52000.00,NGN,0,Closed,2018-10-24 00:00:00,Performing
OLA MICHAEL TEMILADE,"=""22278238976""",5 ILESANMI IDOWU STREET OFF RAMART CRESCENT OGUDU,,"=""10713485""","=""63118""","=""3117697495""",Personal fixed term loan,2018-09-24 00:00:00,40000.00,0.00,,0.00,52000.00,NGN,0,Closed,2018-10-24 00:00:00,Performing
AKOMOLAFE MOTUNRAYO KEMISOLA,"=""22306034671""",OPOSSITE STATE HOSPITAL IKOLE EKITI,"=""09034759743""","=""10775167""","=""6241833""","=""6414009""",Personal fixed term loan,2022-04-09 00:00:00,10000.00,0.00,,0.00,12230.00,NGN,0,Closed,2022-04-25 00:00:00,Performing
GBARALE BARILEE APOLLOS,"=""22288878300""",VWMV3GM Igwe Street Rumuosi 500102 Rumuekini Rivers Nigeri,,"=""10825826""","=""794599""","=""11785401""",Personal fixed term loan,2020-04-18 00:00:00,2500.00,0.00,,0.00,3120.00,NGN,0,Closed,2020-05-18 00:00:00,Performing
ADEKUNLE YINKA,"=""22160923830""",OSOTA BUSSTOP IKD Ikorodu Lagos State,"=""2349095322180""","=""10895580""","=""18701375""","=""5295034""",Personal fixed term loan,2021-12-03 00:00:00,200000.00,155117.00,,155117.00,45990.00,NGN,797,Open,2022-10-28 00:00:00,Lost
TAMUNONIME ZECHARIAH ODIKIBIEBUMA,,MOQ 32B HAPPY VALLEY NAF BASE KADUNA,"=""2348028435564""","=""10984678""","=""23267288""","=""7892765""",Personal fixed term loan,2022-09-06 00:00:00,15000.00,0.00,,0.00,17955.00,NGN,0,Closed,2022-10-06 00:00:00,Performing
TAMUNONIME ZECHARIAH ODIKIBIEBUMA,,MOQ 32B HAPPY VALLEY NAF BASE KADUNA,"=""2348028435564""","=""10984678""","=""23267288""","=""8207108""",Personal fixed term loan,2022-10-06 00:00:00,10000.00,0.00,,0.00,11670.00,NGN,0,Closed,2022-11-07 00:00:00,Performing
TAMUNONIME ZECHARIAH ODIKIBIEBUMA,,MOQ 32B HAPPY VALLEY NAF BASE KADUNA,"=""2348028435564""","=""10984678""","=""23267288""","=""8656983""",Personal fixed term loan,2022-11-21 00:00:00,12500.00,0.00,,0.00,15075.00,NGN,0,Closed,2022-12-21 00:00:00,Performing
TAMUNONIME ZECHARIAH ODIKIBIEBUMA,,MOQ 32B HAPPY VALLEY NAF BASE KADUNA,"=""2348028435564""","=""10984678""","=""23267288""","=""8939321""",Personal fixed term loan,2022-12-20 00:00:00,20000.00,0.00,,0.00,23200.00,NGN,0,Closed,2023-01-19 00:00:00,Performing
