Name,BankVerificationNumber,Address,HomeTelephoneNumber,FirstCentralReferenceNo,customerid,AccountNo,TypeOfAccount,DateAccountOpened,OpeningBalanceAmt,CurrentBalanceAmt,CurrentBalanceDebitInd,AmountOverdue,InstalmentAmount,Currency,MonthsInArrears,AccountStatusCode,ClosedDate,loanclassification
AKPOSIBRUKE EJIRO ERIC,"=""22437660196""",HOUSE 24 C CLOSE UNITED ESTATE OJODU AKUTE RD ALAGBOLE Al,"=""08166552848""","=""11004950""","=""4450356""","=""130989551""",Personal fixed term loan,2019-12-24 00:00:00,2500.00,0.00,,0.00,2870.00,NGN,0,Open,2020-01-08 00:00:00,Performing
EBIGHE CONSTANCE ISAAC,"=""22231461368""",4DANIEL OBELE EKEKI YENAGOA Yenagoa Bayelsa State,"=""08063524553""","=""11082093""","=""6715322""","=""10044973""",Personal fixed term loan,2023-04-21 00:00:00,25000.00,0.00,,0.00,31875.00,NGN,0,Closed,2023-05-21 00:00:00,Performing
EBIGHE CONSTANCE ISAAC,"=""22231461368""",4DANIEL OBELE EKEKI YENAGOA Yenagoa Bayelsa State,"=""08063524553""","=""11082093""","=""6715322""","=""6708021""",Personal fixed term loan,2022-05-10 00:00:00,20000.00,0.00,,0.00,25400.00,NGN,0,Closed,2022-06-09 00:00:00,Performing
EBIGHE CONSTANCE ISAAC,"=""22231461368""",4DANIEL OBELE EKEKI YENAGOA Yenagoa Bayelsa State,"=""08063524553""","=""11082093""","=""6715322""","=""7025097""",Personal fixed term loan,2022-06-13 00:00:00,15000.00,0.00,,0.00,19500.00,NGN,0,Closed,2022-07-13 00:00:00,Performing
EBIGHE CONSTANCE ISAAC,"=""22231461368""",4DANIEL OBELE EKEKI YENAGOA Yenagoa Bayelsa State,"=""08063524553""","=""11082093""","=""6715322""","=""7193594""",Personal fixed term loan,2022-06-29 00:00:00,20000.00,0.00,,0.00,26000.00,NGN,0,Closed,2022-07-29 00:00:00,Performing
EBIGHE CONSTANCE ISAAC,"=""22231461368""",4DANIEL OBELE EKEKI YENAGOA Yenagoa Bayelsa State,"=""08063524553""","=""11082093""","=""6715322""","=""7212472""",Personal fixed term loan,2022-07-01 00:00:00,20000.00,0.00,,0.00,26000.00,NGN,0,Closed,2022-08-01 00:00:00,Performing
EBIGHE CONSTANCE ISAAC,"=""22231461368""",4DANIEL OBELE EKEKI YENAGOA Yenagoa Bayelsa State,"=""08063524553""","=""11082093""","=""6715322""","=""7483455""",Personal fixed term loan,2022-07-28 00:00:00,20000.00,0.00,,0.00,26000.00,NGN,0,Closed,2022-08-29 00:00:00,Performing
EBIGHE CONSTANCE ISAAC,"=""22231461368""",4DANIEL OBELE EKEKI YENAGOA Yenagoa Bayelsa State,"=""08063524553""","=""11082093""","=""6715322""","=""7745837""",Personal fixed term loan,2022-08-22 00:00:00,30000.00,0.00,,0.00,39000.00,NGN,0,Closed,2022-09-21 00:00:00,Performing
EBIGHE CONSTANCE ISAAC,"=""22231461368""",4DANIEL OBELE EKEKI YENAGOA Yenagoa Bayelsa State,"=""08063524553""","=""11082093""","=""6715322""","=""9613585""",Personal fixed term loan,2023-03-09 00:00:00,30000.00,0.00,,0.00,39000.00,NGN,0,Closed,2023-04-11 00:00:00,Performing
EKADE NOLOMA FAITH,"=""22286405018""",U P E COMP OGBIA TOWN OGBIA LGS,,"=""11082193""","=""12457501""","=""5294869""",Personal fixed term loan,2021-12-03 00:00:00,350000.00,0.00,,0.00,53950.00,NGN,0,Closed,2022-11-28 00:00:00,Performing
NWACHUKWU CHUKWUDI CHIDI,"=""22168036200""",2 OGBOYE CLOSE SALVATION OWEDE LAMGBASA ETIOSA LGA Eti Osa,"=""08033375480""","=""11153721""","=""6212364""","=""1908472""",Personal fixed term loan,2020-03-30 00:00:00,5000.00,0.00,,0.00,11500.00,NGN,0,Closed,2020-04-14 00:00:00,Performing
WAKAMA BENIAH BEN,,175 TOPEARL AVENUE ABULOMA,"=""08067444129""","=""11327665""","=""6102669""","=""7046776""",Personal fixed term loan,2022-06-15 00:00:00,40000.00,0.00,,0.00,50400.00,NGN,0,Closed,2022-07-15 00:00:00,Performing
WAKAMA BENIAH BEN,,175 TOPEARL AVENUE ABULOMA,"=""08067444129""","=""11327665""","=""6102669""","=""7141072""",Personal fixed term loan,2022-06-24 00:00:00,40000.00,0.00,,0.00,51120.00,NGN,0,Closed,2022-07-25 00:00:00,Performing
WAKAMA BENIAH BEN,,175 TOPEARL AVENUE ABULOMA,"=""08067444129""","=""11327665""","=""6102669""","=""7401713""",Personal fixed term loan,2022-07-20 00:00:00,150000.00,0.00,,0.00,43300.00,NGN,0,Closed,2023-03-02 00:00:00,Performing
WAKAMA BENIAH BEN,,175 TOPEARL AVENUE ABULOMA,"=""08067444129""","=""11327665""","=""6102669""","=""8718889""",Personal fixed term loan,2022-11-27 00:00:00,12500.00,0.00,,0.00,16250.00,NGN,0,Closed,2022-12-28 00:00:00,Performing
ADIE IMBUO SYLVESTER,"=""22263652170""",Idi Ayunre Nigeria,,"=""11004033""","=""9103354""","=""39829815""",Personal fixed term loan,2020-10-13 00:00:00,5000.00,0.00,,0.00,6500.00,NGN,0,Open,2020-11-12 00:00:00,Performing
GAMBO UMAR,"=""22183469560""",NO 26 ADO MAIKUSA ROAD KURNAR ASABE DALA LOCAL GOVT AREA,"=""08176195033""","=""11118063""","=""10358863""","=""1763019989""",Personal fixed term loan,2020-12-18 00:00:00,25000.00,0.00,,0.00,29500.00,NGN,0,Open,2021-01-04 00:00:00,Performing
NWAFOR FRANCIS EMEKA,,99 IFITE AWKA Awka South Anambra State,"=""23408032710428""","=""11156635""","=""10202853""","=""1017716065""",Personal fixed term loan,2020-12-21 00:00:00,15000.00,0.00,,0.00,19500.00,NGN,0,Open,2021-01-20 00:00:00,Performing
OKWERE CALEB VADUMESILA,"=""22255540465""",FLT2 46 AKWAKA PHASE2 ROAD,"=""08030598266""","=""11161090""","=""5073757""","=""40020003""",Personal fixed term loan,2020-03-17 00:00:00,25000.00,0.00,,0.00,28750.00,NGN,0,Closed,2020-04-01 00:00:00,Performing
OKWERE CALEB VADUMESILA,"=""22255540465""",FLT2 46 AKWAKA PHASE2 ROAD,"=""08030598266""","=""11161090""","=""5073757""","=""45363775""",Personal fixed term loan,2020-05-08 00:00:00,30000.00,0.00,,0.00,36600.00,NGN,0,Open,2020-06-08 00:00:00,Performing
OKWERE CALEB VADUMESILA,"=""22255540465""",FLT2 46 AKWAKA PHASE2 ROAD,"=""08030598266""","=""11161090""","=""5073757""","=""6321085303""",Personal fixed term loan,2020-03-28 00:00:00,15000.00,0.00,,0.00,18750.00,NGN,0,Open,2020-04-27 00:00:00,Performing
KOLAPO ABDULAZEEZ,,L 15 WORSHIPPER CLOSE OFF GHANA ROAD MALALI KADUNA Kaduna,"=""2348037134023""","=""11211576""","=""10003269""","=""21354293""",Personal fixed term loan,2021-01-29 00:00:00,10000.00,0.00,,0.00,6500.00,NGN,0,Open,2021-03-30 00:00:00,Performing
FOLORUNSHO LAWAL BILIAMINU,,4A JI MUTIU STR MOSAN INSIDE,"=""08099570438""","=""11258583""","=""9145631""","=""2214222429""",Personal fixed term loan,2021-01-24 00:00:00,10000.00,0.00,,0.00,11800.00,NGN,0,Open,2021-02-08 00:00:00,Performing
EKESAKUMOR EBIPADE,"=""22188812765""",BLK 4 FLAT 9 YELWA CLOSE AREA 11 GARKI ABU,,"=""11384595""","=""11771990""","=""6012791882""",Personal fixed term loan,2021-03-12 00:00:00,10000.00,0.00,,0.00,12200.00,NGN,0,Open,2021-04-12 00:00:00,Performing
PREH NELLY HELEN,"=""22245799402""",33 MARO STREET OFF JAKPA ROAD EFFURUN,"=""08023194631""","=""11483306""","=""41319215""","=""2004572282""",Personal fixed term loan,2023-03-29 00:00:00,300000.00,83150.00,,0.00,83150.00,NGN,0,Open,2023-10-17 00:00:00,Performing
LAWAL HALILU MAMMAN,"=""22156840305""",NO 2B LADIPO OLUKOYA STREET OFF OGUNDELE OYEMYI STREET AN,"=""2348032387636""","=""11495338""","=""10925560""","=""3036956510""",Personal fixed term loan,2021-01-19 00:00:00,30000.00,0.00,,0.00,36000.00,NGN,0,Open,2021-02-03 00:00:00,Performing
Ekundayo Ariyo,,CLOSE TO LATE OBAS PALACE OBAJANA Lokoja Kogi State,,"=""11595121""","=""9699837""","=""534811656""",Personal fixed term loan,2021-01-12 00:00:00,15000.00,0.00,,0.00,18000.00,NGN,0,Open,2021-01-27 00:00:00,Performing
ISMAIL KHALID,"=""22249241822""",NO 2F ADAMA ROAD UNGUWAN DOSA KADUNA Kaduna North Kaduna S,"=""08065639669""","=""11692585""","=""5636445""","=""10039355""",Personal fixed term loan,2023-04-21 00:00:00,5000.00,6500.00,,0.00,6500.00,NGN,0,Open,2023-05-21 00:00:00,Performing
ISMAIL KHALID,"=""22249241822""",NO 2F ADAMA ROAD UNGUWAN DOSA KADUNA Kaduna North Kaduna S,"=""08065639669""","=""11692585""","=""5636445""","=""10333946""",Personal fixed term loan,2023-05-19 00:00:00,22500.00,0.00,,0.00,29250.00,NGN,0,Closed,2023-06-18 00:00:00,Performing
BALOGUN SAKIRU ADEFOPE,"=""22161502205""",WILLIAMS STR BY FIRST GATE LIFE CAMP JUNCTION,"=""07052376621""","=""11714649""","=""4209587""","=""3097042940""",Personal fixed term loan,2020-12-18 00:00:00,10000.00,0.00,,0.00,13000.00,NGN,0,Open,2021-01-18 00:00:00,Performing
RAJI AKINWALE MIKAHEEL,"=""22223840407""",SALVATION OF ARMY  OJUELEGBA STREET MPAPE,"=""2348072378181""","=""11060061""","=""518661""","=""9340027""",Personal fixed term loan,2023-02-03 00:00:00,7500.00,0.00,,0.00,9525.00,NGN,0,Closed,2023-03-06 00:00:00,Performing
RAJI AKINWALE MIKAHEEL,"=""22223840407""",SALVATION OF ARMY  OJUELEGBA STREET MPAPE,"=""2348072378181""","=""11060061""","=""518661""","=""9554702""",Personal fixed term loan,2023-03-02 00:00:00,20000.00,0.00,,0.00,26000.00,NGN,0,Closed,2023-04-03 00:00:00,Performing
AZAZI AZANA PATRICK,"=""22180238673""",25 MIKE OKORKPOR STREET KPANSICI,"=""08057919326""","=""11080653""","=""4821813""","=""1003798961""",Personal fixed term loan,2020-02-19 00:00:00,10000.00,0.00,,0.00,12500.00,NGN,0,Open,2020-03-20 00:00:00,Performing
AGBACTV WILLIAMS INNOCENT,"=""22373505524""",No 2 king close Asesee,"=""2348162855966""","=""11135610""","=""6620729""","=""5293445""",Personal fixed term loan,2021-12-03 00:00:00,2500.00,0.00,,0.00,3160.00,NGN,0,Closed,2021-12-20 00:00:00,Performing
AGBACTV WILLIAMS INNOCENT,"=""22373505524""",No 2 king close Asesee,"=""2348162855966""","=""11135610""","=""6620729""","=""9155701""",Personal fixed term loan,2023-01-13 00:00:00,12500.00,0.00,,0.00,15000.00,NGN,0,Closed,2023-01-30 00:00:00,Performing
AGBACTV WILLIAMS INNOCENT,"=""22373505524""",No 2 king close Asesee,"=""2348162855966""","=""11135610""","=""6620729""","=""9223816""",Personal fixed term loan,2023-01-21 00:00:00,12500.00,0.00,,0.00,15000.00,NGN,0,Closed,2023-02-06 00:00:00,Performing
AGBACTV WILLIAMS INNOCENT,"=""22373505524""",No 2 king close Asesee,"=""2348162855966""","=""11135610""","=""6620729""","=""9383419""",Personal fixed term loan,2023-02-08 00:00:00,15000.00,0.00,,0.00,19500.00,NGN,0,Closed,2023-03-10 00:00:00,Performing
AGBACTV WILLIAMS INNOCENT,"=""22373505524""",No 2 king close Asesee,"=""2348162855966""","=""11135610""","=""6620729""","=""9488327""",Personal fixed term loan,2023-02-21 00:00:00,22500.00,0.00,,0.00,27000.00,NGN,0,Closed,2023-03-08 00:00:00,Performing
AGBACTV WILLIAMS INNOCENT,"=""22373505524""",No 2 king close Asesee,"=""2348162855966""","=""11135610""","=""6620729""","=""9536478""",Personal fixed term loan,2023-02-28 00:00:00,22500.00,0.00,,0.00,26550.00,NGN,0,Closed,2023-03-15 00:00:00,Performing
EGUNJOBI OLUSHINA,,16 emiloju street agege lagos,,"=""11135903""","=""12498621""","=""5330219167""",Personal fixed term loan,2021-08-01 00:00:00,200000.00,259300.00,,0.00,52860.00,NGN,0,Open,2022-01-28 00:00:00,Performing
ADO MUHAMMAD,"=""22179074259""",4A SHIKA ROAD OFF KAUNA AVENUE ABAKPA NEW EXT KADUNA,"=""08035891015""","=""11445760""","=""19781558""","=""3109984204""",Personal fixed term loan,2022-03-23 00:00:00,300000.00,0.00,,0.00,122774.00,NGN,0,Closed,2023-03-16 00:00:00,Performing
DOGIYE OTORUDIGIYO AYEBAKURO,,TABOSH STREET AKODO IBEJU LEKKI Ibeju Lekki Lagos State,"=""2348038748942""","=""11525712""","=""8035751""","=""3862011165""",Personal fixed term loan,2021-02-03 00:00:00,20000.00,0.00,,0.00,26000.00,NGN,0,Open,2021-03-05 00:00:00,Performing
Akinola Omolara,,9 MODELE CLOSE OFF AJILETE STREET Ifako Ijaiye Lagos Stat,,"=""11541849""","=""1551420""","=""3801199790""",Personal fixed term loan,2019-12-22 00:00:00,2500.00,0.00,,0.00,3250.00,NGN,0,Open,2020-01-21 00:00:00,Performing
AJAMU MATHEW ABIODUN,,1 ABONTA CLOSE VICTORIA ISLAND LAGOS Eti Osa Lagos State,,"=""11592623""","=""5468740""","=""13264767""",Personal fixed term loan,2020-12-24 00:00:00,15000.00,0.00,,0.00,19500.00,NGN,0,Open,2021-01-25 00:00:00,Performing
EYO EMMANUEL UDOBONG,"=""22336223861""",ekit Itam Road Uyo Akwa Ibom State,"=""08068587149""","=""11651758""","=""7324140""","=""10070325""",Personal fixed term loan,2023-04-24 00:00:00,10000.00,0.00,,0.00,12000.00,NGN,0,Closed,2023-05-09 00:00:00,Performing
RICHARD HANNAH SELEIPRE,,114 COLLEGE RD IGBOKODA Ilaje Ondo State,"=""08135807060""","=""11735381""","=""12196413""","=""27380461""",Personal fixed term loan,2021-07-02 00:00:00,300000.00,275408.00,,275408.00,57330.00,NGN,672,Open,2022-03-29 00:00:00,Lost
AWINOJE FAITH,"=""22413248077""",20 AFIEKI QUARTER EKPAN,,"=""11068013""","=""3922956""","=""10524031""",Personal fixed term loan,2023-06-07 00:00:00,40000.00,50400.00,,0.00,50400.00,NGN,0,Open,2023-07-07 00:00:00,Performing
ASANGA ASANGA EYO,"=""22269871308""",21 IKOT AWAK,,"=""11070502""","=""5292799""","=""6089144""",Personal fixed term loan,2022-03-06 00:00:00,15000.00,0.00,,0.00,19440.00,NGN,0,Closed,2022-04-05 00:00:00,Performing
ASANGA ASANGA EYO,"=""22269871308""",21 IKOT AWAK,,"=""11070502""","=""5292799""","=""7178296""",Personal fixed term loan,2022-06-28 00:00:00,10000.00,0.00,,0.00,12000.00,NGN,0,Closed,2022-07-13 00:00:00,Performing
ASANGA ASANGA EYO,"=""22269871308""",21 IKOT AWAK,,"=""11070502""","=""5292799""","=""8797481""",Personal fixed term loan,2022-12-05 00:00:00,10000.00,0.00,,0.00,13000.00,NGN,0,Closed,2023-01-04 00:00:00,Performing
MUSTAPHA ALIYU LAWAN,,Sharada phase iii Jaen shago Tara,"=""08036224136""","=""11684569""","=""8699528""","=""2068672625""",Personal fixed term loan,2020-10-23 00:00:00,130000.00,24910.00,,0.00,27080.00,NGN,0,Open,2021-04-21 00:00:00,Performing
MOHAMMED USMAN,,MAYFAIR AGENCIES LTD FBN NEW BAMA BRANCH Maiduguri Borno,"=""08064324994""","=""11716908""","=""10201746""","=""520768102""",Personal fixed term loan,2020-12-14 00:00:00,5000.00,0.00,,0.00,6000.00,NGN,0,Open,2020-12-29 00:00:00,Performing
AYORINDE JULIUS,,FIWASAYE AREA IFON-OSUN,"=""08060217951""","=""11737730""","=""6142562""","=""1010345776""",Personal fixed term loan,2021-01-20 00:00:00,80000.00,0.00,,0.00,100240.00,NGN,0,Open,2021-03-20 00:00:00,Performing
AROWELE OLUWATOYIN OLAJUMOKE,"=""22225857580""",D13 ILE GBE QUATERS IPE AKOKO Akoko SouthEast Ondo St,"=""08165796926""","=""11760343""","=""5891934""","=""6468956""",Personal fixed term loan,2022-04-14 00:00:00,40000.00,0.00,,0.00,50200.00,NGN,0,Closed,2022-05-16 00:00:00,Performing
AROWELE OLUWATOYIN OLAJUMOKE,"=""22225857580""",D13 ILE GBE QUATERS IPE AKOKO Akoko SouthEast Ondo St,"=""08165796926""","=""11760343""","=""5891934""","=""6503601""",Personal fixed term loan,2022-04-18 00:00:00,80000.00,0.00,,0.00,54470.00,NGN,0,Closed,2022-06-17 00:00:00,Performing
AROWELE OLUWATOYIN OLAJUMOKE,"=""22225857580""",D13 ILE GBE QUATERS IPE AKOKO Akoko SouthEast Ondo St,"=""08165796926""","=""11760343""","=""5891934""","=""6736692""",Personal fixed term loan,2022-05-13 00:00:00,1500.00,0.00,,0.00,1950.00,NGN,0,Closed,2022-06-13 00:00:00,Performing
AROWELE OLUWATOYIN OLAJUMOKE,"=""22225857580""",D13 ILE GBE QUATERS IPE AKOKO Akoko SouthEast Ondo St,"=""08165796926""","=""11760343""","=""5891934""","=""6736750""",Personal fixed term loan,2022-05-13 00:00:00,1500.00,0.00,,0.00,1917.00,NGN,0,Closed,2022-06-13 00:00:00,Performing
AROWELE OLUWATOYIN OLAJUMOKE,"=""22225857580""",D13 ILE GBE QUATERS IPE AKOKO Akoko SouthEast Ondo St,"=""08165796926""","=""11760343""","=""5891934""","=""6736859""",Personal fixed term loan,2022-05-13 00:00:00,20000.00,0.00,,0.00,25560.00,NGN,0,Closed,2022-06-13 00:00:00,Performing
AROWELE OLUWATOYIN OLAJUMOKE,"=""22225857580""",D13 ILE GBE QUATERS IPE AKOKO Akoko SouthEast Ondo St,"=""08165796926""","=""11760343""","=""5891934""","=""6826937""",Personal fixed term loan,2022-05-23 00:00:00,15000.00,0.00,,0.00,18000.00,NGN,0,Closed,2022-06-07 00:00:00,Performing
AROWELE OLUWATOYIN OLAJUMOKE,"=""22225857580""",D13 ILE GBE QUATERS IPE AKOKO Akoko SouthEast Ondo St,"=""08165796926""","=""11760343""","=""5891934""","=""6990540""",Personal fixed term loan,2022-06-09 00:00:00,5000.00,0.00,,0.00,6500.00,NGN,0,Closed,2022-07-25 00:00:00,Performing
AROWELE OLUWATOYIN OLAJUMOKE,"=""22225857580""",D13 ILE GBE QUATERS IPE AKOKO Akoko SouthEast Ondo St,"=""08165796926""","=""11760343""","=""5891934""","=""7944987""",Personal fixed term loan,2022-09-11 00:00:00,30000.00,0.00,,0.00,39000.00,NGN,0,Closed,2022-10-11 00:00:00,Performing
LAWAL KOREDE ABDULGHANY,"=""22348757903""",IJEBU ODE ABEOKUTA,"=""08035550196""","=""11030636""","=""10898401""","=""2013905190""",Personal fixed term loan,2021-01-18 00:00:00,15000.00,0.00,,0.00,18000.00,NGN,0,Open,2021-02-02 00:00:00,Performing
LUKMAN OLAWALE DUROSIMI,"=""22338538707""",26 IJERO ROAD OFF APAPA ROAD EBUTE METTA WEST,,"=""11098470""","=""3076951""","=""1019850391""",Personal fixed term loan,2019-11-25 00:00:00,5000.00,0.00,,0.00,6250.00,NGN,0,Closed,2019-12-27 00:00:00,Performing
AMADI GOWON,"=""22480353083""",GODS OWN CITY COMPOUND CHOBA,"=""07035296265""","=""11550010""","=""1785191""","=""73809798""",Personal fixed term loan,2020-08-21 00:00:00,5000.00,440.00,,440.00,6500.00,NGN,201,Open,2020-09-21 00:00:00,Lost
JEGEDE MICHAEL,"=""22161449320""",7 AKINLADE SAVAGE STREETFAGBALAGOS IfakoIjaiye Lagos State,"=""08035841578""","=""11784535""","=""5253862""","=""6667528""",Personal fixed term loan,2022-05-06 00:00:00,10000.00,0.00,,0.00,13000.00,NGN,0,Closed,2022-06-06 00:00:00,Performing
JEGEDE MICHAEL,"=""22161449320""",7 AKINLADE SAVAGE STREETFAGBALAGOS IfakoIjaiye Lagos State,"=""08035841578""","=""11784535""","=""5253862""","=""6986936""",Personal fixed term loan,2022-06-09 00:00:00,10000.00,0.00,,0.00,12000.00,NGN,0,Closed,2022-06-24 00:00:00,Performing
JEGEDE MICHAEL,"=""22161449320""",7 AKINLADE SAVAGE STREETFAGBALAGOS IfakoIjaiye Lagos State,"=""08035841578""","=""11784535""","=""5253862""","=""7094692""",Personal fixed term loan,2022-06-20 00:00:00,15000.00,0.00,,0.00,18000.00,NGN,0,Closed,2022-07-05 00:00:00,Performing
JEGEDE MICHAEL,"=""22161449320""",7 AKINLADE SAVAGE STREETFAGBALAGOS IfakoIjaiye Lagos State,"=""08035841578""","=""11784535""","=""5253862""","=""7272082""",Personal fixed term loan,2022-07-07 00:00:00,25000.00,0.00,,0.00,32500.00,NGN,0,Closed,2022-08-08 00:00:00,Performing
JEGEDE MICHAEL,"=""22161449320""",7 AKINLADE SAVAGE STREETFAGBALAGOS IfakoIjaiye Lagos State,"=""08035841578""","=""11784535""","=""5253862""","=""7640531""",Personal fixed term loan,2022-08-12 00:00:00,10000.00,0.00,,0.00,12000.00,NGN,0,Closed,2022-08-29 00:00:00,Performing
JEGEDE MICHAEL,"=""22161449320""",7 AKINLADE SAVAGE STREETFAGBALAGOS IfakoIjaiye Lagos State,"=""08035841578""","=""11784535""","=""5253862""","=""7944479""",Personal fixed term loan,2022-09-11 00:00:00,15000.00,0.00,,0.00,18000.00,NGN,0,Closed,2022-09-26 00:00:00,Performing
JEGEDE MICHAEL,"=""22161449320""",7 AKINLADE SAVAGE STREETFAGBALAGOS IfakoIjaiye Lagos State,"=""08035841578""","=""11784535""","=""5253862""","=""8112782""",,2022-09-27 00:00:00,20000.00,0.00,,0.00,26000.00,NGN,0,Closed,2022-10-27 00:00:00,Performing
JEGEDE MICHAEL,"=""22161449320""",7 AKINLADE SAVAGE STREETFAGBALAGOS IfakoIjaiye Lagos State,"=""08035841578""","=""11784535""","=""5253862""","=""8407408""",Personal fixed term loan,2022-10-27 00:00:00,25000.00,0.00,,0.00,30000.00,NGN,0,Closed,2022-11-11 00:00:00,Performing
JEGEDE MICHAEL,"=""22161449320""",7 AKINLADE SAVAGE STREETFAGBALAGOS IfakoIjaiye Lagos State,"=""08035841578""","=""11784535""","=""5253862""","=""8551751""",Personal fixed term loan,2022-11-10 00:00:00,30000.00,0.00,,0.00,39000.00,NGN,0,Closed,2022-12-12 00:00:00,Performing
JEGEDE MICHAEL,"=""22161449320""",7 AKINLADE SAVAGE STREETFAGBALAGOS IfakoIjaiye Lagos State,"=""08035841578""","=""11784535""","=""5253862""","=""8970588""",Personal fixed term loan,2022-12-23 00:00:00,17500.00,0.00,,0.00,22750.00,NGN,0,Closed,2023-01-23 00:00:00,Performing
JEGEDE MICHAEL,"=""22161449320""",7 AKINLADE SAVAGE STREETFAGBALAGOS IfakoIjaiye Lagos State,"=""08035841578""","=""11784535""","=""5253862""","=""9265766""",Personal fixed term loan,2023-01-26 00:00:00,40000.00,0.00,,0.00,52000.00,NGN,0,Closed,2023-02-27 00:00:00,Performing
ABAYOMI YINKA EBENEZER,"=""22255496896""",3 OLUMO STREET ADURA BUS STOP AGBADO Ifako Ijaiye Lagos S,,"=""10998479""","=""8405911""","=""9948605""",Personal fixed term loan,2023-04-13 00:00:00,25000.00,35010.00,,0.00,35010.00,NGN,0,Open,2023-05-13 00:00:00,Performing
ADEBOYEJO MOTUNRAYO DEBORAH,"=""22430005738""",IKOT AKPAN ABIA,"=""09091437431""","=""11029668""","=""19413714""","=""1130682291""",Personal fixed term loan,2021-10-24 00:00:00,15000.00,0.00,,0.00,17400.00,NGN,0,Closed,2021-11-23 00:00:00,Performing
CLEMENT AMUWA ADEWALE,"=""22334356237""",NO 391 FAGGE D2,"=""07067308226""","=""11151281""","=""3872289""","=""1130435095""",Personal fixed term loan,2019-12-23 00:00:00,5000.00,0.00,,0.00,5750.00,NGN,0,Closed,2020-01-07 00:00:00,Performing
MUSA KAZEEM OLANREWAJU,,4 lambe ikudais street jimon bus stop egbeda,"=""2348035825622""","=""11307478""","=""1938757""","=""34789598""",Personal fixed term loan,2021-01-06 00:00:00,30000.00,0.00,,0.00,39000.00,NGN,0,Open,2021-02-05 00:00:00,Performing
Okewunmi Mariam,"=""22373832097""",13 ODEWALE STREET ORILE AGEGE LAGOS STATE,"=""08120199798""","=""11522184""","=""12532013""","=""3023793949""",Personal fixed term loan,2021-04-13 00:00:00,15000.00,11700.00,,11700.00,16500.00,NGN,868,Open,2021-05-17 00:00:00,Lost
EBERENDU GEORGE,,NO 27 ADEBOLA OJOMU STREET AGUDA,"=""08023276464""","=""11723435""","=""39934948""","=""9641351""",Personal fixed term loan,2023-03-12 00:00:00,25000.00,16250.00,,0.00,10417.00,NGN,0,Open,2023-06-10 00:00:00,Performing
ABUA SAMUEL EGRINYA,"=""22271352112""",NO 64 ADEMOLA ADETOKUNBOWUSE 2ADDR,"=""23409123641774""","=""11728365""","=""5175163""","=""6491005""",Personal fixed term loan,2022-04-17 00:00:00,15000.00,0.00,,0.00,10210.00,NGN,0,Closed,2022-06-16 00:00:00,Performing
ABUA SAMUEL EGRINYA,"=""22271352112""",NO 64 ADEMOLA ADETOKUNBOWUSE 2ADDR,"=""23409123641774""","=""11728365""","=""5175163""","=""6768232""",Personal fixed term loan,2022-05-17 00:00:00,25000.00,0.00,,0.00,32500.00,NGN,0,Closed,2022-06-16 00:00:00,Performing
ABUA SAMUEL EGRINYA,"=""22271352112""",NO 64 ADEMOLA ADETOKUNBOWUSE 2ADDR,"=""23409123641774""","=""11728365""","=""5175163""","=""7226134""",Personal fixed term loan,2022-07-02 00:00:00,20000.00,0.00,,0.00,25900.00,NGN,0,Closed,2022-08-01 00:00:00,Performing
ABUA SAMUEL EGRINYA,"=""22271352112""",NO 64 ADEMOLA ADETOKUNBOWUSE 2ADDR,"=""23409123641774""","=""11728365""","=""5175163""","=""7581121""",Personal fixed term loan,2022-08-06 00:00:00,25000.00,0.00,,0.00,17625.00,NGN,0,Closed,2022-10-05 00:00:00,Performing
CHINONYE MADU OLIVIA,,13 HANSON STREET ALAKUKO LAGOS Ifako Ijaiye Lagos State,"=""08035863009""","=""11792492""","=""7979691""","=""6652564016""",Personal fixed term loan,2020-10-06 00:00:00,40000.00,0.00,,0.00,16000.00,NGN,0,Open,2021-01-04 00:00:00,Performing
OYEBANJI FALILAT ELETU,,34 james dayo street ikorodu,"=""08032501389""","=""11841606""","=""795416""","=""6686727""",Personal fixed term loan,2022-05-08 00:00:00,100000.00,0.00,,0.00,127000.00,NGN,0,Closed,2022-06-07 00:00:00,Performing
OYEBANJI FALILAT ELETU,,34 james dayo street ikorodu,"=""08032501389""","=""11841606""","=""795416""","=""6922927""",Personal fixed term loan,2022-06-02 00:00:00,10000.00,0.00,,0.00,12000.00,NGN,0,Closed,2022-06-17 00:00:00,Performing
OYEBANJI FALILAT ELETU,,34 james dayo street ikorodu,"=""08032501389""","=""11841606""","=""795416""","=""6964525""",Personal fixed term loan,2022-06-07 00:00:00,10000.00,0.00,,0.00,12000.00,NGN,0,Closed,2022-06-22 00:00:00,Performing
OYEBANJI FALILAT ELETU,,34 james dayo street ikorodu,"=""08032501389""","=""11841606""","=""795416""","=""7022446""",Personal fixed term loan,2022-06-13 00:00:00,10000.00,0.00,,0.00,12000.00,NGN,0,Closed,2022-06-28 00:00:00,Performing
OYEBANJI FALILAT ELETU,,34 james dayo street ikorodu,"=""08032501389""","=""11841606""","=""795416""","=""7220600""",Personal fixed term loan,2022-07-02 00:00:00,7500.00,0.00,,0.00,9000.00,NGN,0,Closed,2022-07-18 00:00:00,Performing
NDUBUISI ONYEDIKACHI CHRISTOPHER,"=""22237359951""",27 MOSHALASHI STREET SHOMOLU,,"=""11043506""","=""12401014""","=""170235074""",Personal fixed term loan,2021-05-12 00:00:00,100000.00,0.00,,0.00,26000.00,NGN,0,Closed,2021-11-08 00:00:00,Performing
OMOSEBI OLUWASEGUN SUNDAY,"=""22325922030""",PLOT 45 OSHAB STR DANJUMA AKURE,,"=""11652642""","=""690873""","=""13054539""",Personal fixed term loan,2024-02-23 00:00:00,25000.00,0.00,,0.00,32532.50,NGN,,Closed,2024-03-24 00:00:00,Performing
MUSA DALHATU DALHATU,,HOUSE 3 RD 203 GLOBAL ESTATE MBORO ABUJA Municipal Area C,"=""23408032611303""","=""11703327""","=""100080""","=""1006848454""",Personal fixed term loan,2021-01-31 00:00:00,35000.00,0.00,,0.00,45500.00,NGN,0,Open,2021-03-02 00:00:00,Performing
GARBA JUSTINA,,ABUJA,"=""08065458284""","=""11754718""","=""5367945""","=""4291147""",Personal fixed term loan,2021-07-30 00:00:00,80000.00,0.00,,0.00,11730.00,NGN,0,Closed,2022-08-09 00:00:00,Performing
GARBA JUSTINA,,ABUJA,"=""08065458284""","=""11754718""","=""5367945""","=""7374122""",Personal fixed term loan,2022-07-17 00:00:00,10000.00,0.00,,0.00,12000.00,NGN,0,Closed,2022-08-01 00:00:00,Performing
GARBA JUSTINA,,ABUJA,"=""08065458284""","=""11754718""","=""5367945""","=""7709812""",Personal fixed term loan,2022-08-19 00:00:00,5000.00,0.00,,0.00,6000.00,NGN,0,Closed,2022-09-05 00:00:00,Performing
GARBA JUSTINA,,ABUJA,"=""08065458284""","=""11754718""","=""5367945""","=""7963867""",Personal fixed term loan,2022-09-13 00:00:00,80000.00,0.00,,0.00,27616.00,NGN,0,Closed,2023-02-17 00:00:00,Performing
GARBA JUSTINA,,ABUJA,"=""08065458284""","=""11754718""","=""5367945""","=""9475837""",Personal fixed term loan,2023-02-20 00:00:00,110000.00,0.00,,0.00,138600.00,NGN,0,Closed,2023-06-02 00:00:00,Performing
ALIMAT SALIU,,108 VICTORY RD MEIRAN  Alimosho Lagos State,"=""08033520818""","=""11838717""","=""6877575""","=""7680749""",Personal fixed term loan,2022-08-16 00:00:00,10000.00,0.00,,0.00,12000.00,NGN,0,Closed,2022-08-31 00:00:00,Performing
ALIMAT SALIU,,108 VICTORY RD MEIRAN  Alimosho Lagos State,"=""08033520818""","=""11838717""","=""6877575""","=""7841269""",Personal fixed term loan,2022-09-01 00:00:00,7500.00,0.00,,0.00,9000.00,NGN,0,Closed,2022-09-16 00:00:00,Performing
ALIMAT SALIU,,108 VICTORY RD MEIRAN  Alimosho Lagos State,"=""08033520818""","=""11838717""","=""6877575""","=""7995973""",Personal fixed term loan,2022-09-16 00:00:00,15000.00,0.00,,0.00,18000.00,NGN,0,Closed,2022-10-03 00:00:00,Performing
OLUSANYA OLADUNNI ABIODUN,"=""22218050309""",NO 19 AKIN OSIYEMI STREET OFF ALLEN IKEJA LAGOS Ikeja Lago,,"=""11872042""","=""12081087""","=""5308695""",Personal fixed term loan,2021-12-05 00:00:00,50000.00,0.00,,0.00,18560.00,NGN,0,Closed,2022-11-18 00:00:00,Performing
OKORIE DAVID CHIMA,"=""22212611401""",Darachita,"=""08166018457""","=""11931820""","=""10845672""","=""6336940""",Personal fixed term loan,2022-04-01 00:00:00,50000.00,0.00,,0.00,36600.00,NGN,0,Closed,2022-05-31 00:00:00,Performing
OKORIE DAVID CHIMA,"=""22212611401""",Darachita,"=""08166018457""","=""11931820""","=""10845672""","=""7205488""",Personal fixed term loan,2022-06-30 00:00:00,90000.00,0.00,,0.00,115380.00,NGN,0,Closed,2022-08-01 00:00:00,Performing
OKORIE DAVID CHIMA,"=""22212611401""",Darachita,"=""08166018457""","=""11931820""","=""10845672""","=""7636892""",Personal fixed term loan,2022-08-12 00:00:00,30000.00,0.00,,0.00,39000.00,NGN,0,Closed,2022-09-12 00:00:00,Performing
OKORIE DAVID CHIMA,"=""22212611401""",Darachita,"=""08166018457""","=""11931820""","=""10845672""","=""7824169""",Personal fixed term loan,2022-08-30 00:00:00,20000.00,0.00,,0.00,26000.00,NGN,0,Closed,2022-09-29 00:00:00,Performing
OKORIE DAVID CHIMA,"=""22212611401""",Darachita,"=""08166018457""","=""11931820""","=""10845672""","=""7917214""",Personal fixed term loan,2022-09-08 00:00:00,25000.00,0.00,,0.00,32500.00,NGN,0,Closed,2022-10-10 00:00:00,Performing
UWAEMENIKE EMMANUEL CHIN,"=""22209088498""",96 OKE ODI STREET ISE EKITI,"=""2348083259388""","=""11027341""","=""12418624""","=""9836875""",Personal fixed term loan,2023-04-02 00:00:00,400000.00,527333.00,,0.00,105467.00,NGN,0,Open,2023-10-02 00:00:00,Performing
HAMMED LAWAL,,SUNDAY OKO IREMS COMPOUND  CLOSE TO PRESBYTARIAN CHU,"=""08058246655""","=""11151949""","=""40581486""","=""10523827""",Personal fixed term loan,2023-06-07 00:00:00,20000.00,41000.00,,0.00,50000.00,NGN,0,Open,2023-07-07 00:00:00,Performing
NKEM NWOSA NWOSA,,ONA ARA S HOUSE JAPO AREA ADIGBE ABEOKUTA Obafemi Owode O,"=""07036719939""","=""11316674""","=""8524437""","=""4731031976""",Personal fixed term loan,2020-09-21 00:00:00,60000.00,0.00,,0.00,15960.00,NGN,0,Open,2021-02-18 00:00:00,Performing
EJEH JOHN,"=""22166808401""",H Q ESR NAE OWODEOWODE IDIROKO ROAD NIGERIA,,"=""11475876""","=""7500273""","=""6150347""",Personal fixed term loan,2022-03-12 00:00:00,10000.00,0.00,,0.00,7340.00,NGN,0,Closed,2022-05-11 00:00:00,Performing
EJEH JOHN,"=""22166808401""",H Q ESR NAE OWODEOWODE IDIROKO ROAD NIGERIA,,"=""11475876""","=""7500273""","=""8558457""",Personal fixed term loan,2022-11-11 00:00:00,20000.00,0.00,,0.00,24000.00,NGN,0,Closed,2022-11-28 00:00:00,Performing
EJEH JOHN,"=""22166808401""",H Q ESR NAE OWODEOWODE IDIROKO ROAD NIGERIA,,"=""11475876""","=""7500273""","=""8921793""",Personal fixed term loan,2022-12-17 00:00:00,40000.00,0.00,,0.00,46280.00,NGN,0,Closed,2023-01-02 00:00:00,Performing
EJEH JOHN,"=""22166808401""",H Q ESR NAE OWODEOWODE IDIROKO ROAD NIGERIA,,"=""11475876""","=""7500273""","=""9138793""",Personal fixed term loan,2023-01-11 00:00:00,160000.00,0.00,,0.00,32889.00,NGN,,Closed,2023-10-13 00:00:00,Performing
AUGUSTINE NWEGBENE AUGUSTINE,"=""22209401385""",enugwuukwu Njikoka Anambra State,,"=""11525369""","=""3638583""","=""2004285126""",Personal fixed term loan,2019-11-24 00:00:00,1500.00,0.00,,0.00,1720.00,NGN,0,Closed,2019-12-09 00:00:00,Performing
IKEM IFEOMACHUKWU PHILIP,"=""22221159039""",Warri Nigeria,"=""08096949597""","=""11555253""","=""5893460""","=""2390260534""",,2022-09-01 00:00:00,600000.00,0.00,,0.00,756600.00,NGN,0,Closed,2022-10-03 00:00:00,Performing
IKEM IFEOMACHUKWU PHILIP,"=""22221159039""",Warri Nigeria,"=""08096949597""","=""11555253""","=""5893460""","=""6032114728""",Personal fixed term loan,2021-03-19 00:00:00,5000.00,,,0.00,,NGN,0,Open,,Lost
ONYEKWERE OPARA IGNATIUS,"=""22353313457""",460281 Owerri Nigeria,"=""08138594232""","=""11707346""","=""6216339""","=""4757607""",Personal fixed term loan,2021-10-01 00:00:00,300000.00,0.00,,0.00,79290.00,NGN,0,Closed,2022-10-26 00:00:00,Performing
TARNONGU KELVIN A,"=""22220148461""",Kanshio 970101 Asuir Benue Nigeria,"=""08062945009""","=""11799930""","=""20828954""","=""10029550""",Personal fixed term loan,2023-04-20 00:00:00,180000.00,233280.00,,0.00,77760.00,NGN,0,Open,2023-07-19 00:00:00,Performing
IRIEKPEN NELSON,"=""22265116386""",10 ALI RD AFUZE AREA EDO,"=""08095689346""","=""11931226""","=""6072220""","=""6622888""",Personal fixed term loan,2022-05-01 00:00:00,50000.00,0.00,,0.00,59000.00,NGN,0,Closed,2022-05-31 00:00:00,Performing
IRIEKPEN NELSON,"=""22265116386""",10 ALI RD AFUZE AREA EDO,"=""08095689346""","=""11931226""","=""6072220""","=""6868266""",Personal fixed term loan,2022-05-28 00:00:00,50000.00,0.00,,0.00,63650.00,NGN,0,Closed,2022-06-27 00:00:00,Performing
IRIEKPEN NELSON,"=""22265116386""",10 ALI RD AFUZE AREA EDO,"=""08095689346""","=""11931226""","=""6072220""","=""7158949""",Personal fixed term loan,2022-06-26 00:00:00,7500.00,0.00,,0.00,9472.50,NGN,0,Closed,2022-07-26 00:00:00,Performing
IRIEKPEN NELSON,"=""22265116386""",10 ALI RD AFUZE AREA EDO,"=""08095689346""","=""11931226""","=""6072220""","=""7180059""",Personal fixed term loan,2022-06-28 00:00:00,70000.00,0.00,,0.00,49350.00,NGN,0,Closed,2022-08-29 00:00:00,Performing
FRED ELVIS GODEN,,Not Available,"=""08064549306""","=""11027217""","=""13285930""","=""4772464""",Personal fixed term loan,2021-10-03 00:00:00,45000.00,65579.00,,65579.00,19610.00,NGN,1078,Open,2022-01-24 00:00:00,Lost
AKINNUGA ADEYINKA TEMITOPE,"=""22418135817""",10 ajayi bankole street agodo egbe Lagos,"=""08174090833""","=""11049779""","=""5788623""","=""8203468""",Personal fixed term loan,2022-10-06 00:00:00,5000.00,0.00,,0.00,6350.00,NGN,0,Closed,2022-11-07 00:00:00,Performing
OSIYEMI ADESANMI EMMANUEL,"=""22144261334""",1719 MUYILI OSHODE STREET OshodiIsolo Lagos State,"=""07063448564""","=""11206241""","=""8132919""","=""2060505477""",Personal fixed term loan,2021-02-22 00:00:00,10000.00,0.00,,0.00,11800.00,NGN,0,Closed,2021-03-09 00:00:00,Performing
AKINNIKU BABATUNDE EMMANUEL,,FLAT 15 BLOCK M2 NAF BASE IKEJA LAGOS Ikeja Lagos State,,"=""11238263""","=""5061717""","=""9951367""",Personal fixed term loan,2023-04-13 00:00:00,90000.00,124470.00,,0.00,20745.00,NGN,0,Open,2023-10-10 00:00:00,Performing
Musili Olasunkade,,CELE ARAROIWO OSUN STATE,"=""08107212009""","=""11358927""","=""678724""","=""6211604""",Personal fixed term loan,2022-03-18 00:00:00,7500.00,0.00,,0.00,9300.00,NGN,0,Closed,2022-04-19 00:00:00,Performing
Musili Olasunkade,,CELE ARAROIWO OSUN STATE,"=""08107212009""","=""11358927""","=""678724""","=""6493851""",Personal fixed term loan,2022-04-17 00:00:00,10000.00,0.00,,0.00,13000.00,NGN,0,Closed,2022-05-17 00:00:00,Performing
Musili Olasunkade,,CELE ARAROIWO OSUN STATE,"=""08107212009""","=""11358927""","=""678724""","=""6771887""",Personal fixed term loan,2022-05-17 00:00:00,10000.00,0.00,,0.00,12000.00,NGN,0,Closed,2022-06-01 00:00:00,Performing
Musili Olasunkade,,CELE ARAROIWO OSUN STATE,"=""08107212009""","=""11358927""","=""678724""","=""6987798""",Personal fixed term loan,2022-06-09 00:00:00,10000.00,0.00,,0.00,12000.00,NGN,0,Closed,2022-06-24 00:00:00,Performing
Musili Olasunkade,,CELE ARAROIWO OSUN STATE,"=""08107212009""","=""11358927""","=""678724""","=""7364551""",Personal fixed term loan,2022-07-16 00:00:00,10000.00,0.00,,0.00,12000.00,NGN,0,Closed,2022-08-01 00:00:00,Performing
Musili Olasunkade,,CELE ARAROIWO OSUN STATE,"=""08107212009""","=""11358927""","=""678724""","=""7585493""",Personal fixed term loan,2022-08-07 00:00:00,15000.00,0.00,,0.00,18000.00,NGN,0,Closed,2022-08-22 00:00:00,Performing
Musili Olasunkade,,CELE ARAROIWO OSUN STATE,"=""08107212009""","=""11358927""","=""678724""","=""9631392""",Personal fixed term loan,2023-03-11 00:00:00,15000.00,0.00,,0.00,19500.00,NGN,0,Closed,2023-04-11 00:00:00,Performing
ADEJUMO ADEWALE LAWRENCE,"=""22282850850""",NO 1 ALOBA CLOSE OMI ADIO  Ido  Oyo State,,"=""11596092""","=""8533050""","=""12963424""",Personal fixed term loan,2020-09-25 00:00:00,15000.00,0.00,,0.00,19200.00,NGN,0,Open,2020-10-26 00:00:00,Performing
NWANKWO IFEANYICHUKWU VICTOR,,Benin  Benin City  Nigeria,"=""07063062520""","=""11758187""","=""3607325""","=""2068744205""",Personal fixed term loan,2021-01-22 00:00:00,2500.00,0.00,,0.00,3000.00,NGN,0,Open,2021-02-08 00:00:00,Performing
JIMI OGUNDARE OLATUNBOSUN,"=""22307882752""",BLOCK C PLOT 1 LADERIN ESTATE OKE MOSAN,,"=""11792483""","=""787512""","=""8206176""",Personal fixed term loan,2022-10-06 00:00:00,20000.00,0.00,,0.00,24900.00,NGN,0,Closed,2022-11-07 00:00:00,Performing
JIMI OGUNDARE OLATUNBOSUN,"=""22307882752""",BLOCK C PLOT 1 LADERIN ESTATE OKE MOSAN,,"=""11792483""","=""787512""","=""9581824""",Personal fixed term loan,2023-03-05 00:00:00,100000.00,133488.00,,0.00,26748.00,NGN,0,Open,2023-09-04 00:00:00,Performing
FOLORUNSO KEMISOLA RACHEAL,,NO 34 FANIBI LAY OUT AKURE ONDO ST,"=""07034754001""","=""11981097""","=""8839339""","=""1011029785""",Personal fixed term loan,2020-11-05 00:00:00,20000.00,0.00,,0.00,25600.00,NGN,0,Closed,2020-12-07 00:00:00,Performing
CHRISTIANA OPE OLOPADE,"=""22292485778""",4 OLAINKAN STREET ARIJE CAMBELL DALEMO,,"=""12139601""","=""1782314""","=""2798151011""",Personal fixed term loan,2020-02-13 00:00:00,2500.00,3425.00,,3425.00,3050.00,NGN,1295,Open,2020-03-16 00:00:00,Lost
TARNONGU FADOON,,NYSC CAMP OKADA EDO STATE,"=""08069376827""","=""11062867""","=""5415007""","=""1681589""",Personal fixed term loan,2020-02-26 00:00:00,10000.00,0.00,,0.00,12500.00,NGN,,Closed,2020-03-27 00:00:00,Performing
TARNONGU FADOON,,NYSC CAMP OKADA EDO STATE,"=""08069376827""","=""11062867""","=""5415007""","=""3704281""",Personal fixed term loan,2021-05-10 00:00:00,30000.00,0.00,,0.00,36600.00,NGN,,Closed,2021-06-09 00:00:00,Performing
TARNONGU FADOON,,NYSC CAMP OKADA EDO STATE,"=""08069376827""","=""11062867""","=""5415007""","=""6347429""",Personal fixed term loan,2022-04-02 00:00:00,25000.00,0.00,,0.00,29070.00,NGN,0,Closed,2022-05-02 00:00:00,Performing
ADEDAYO OLUWAGBENGA A,,16 AKINHANMI STREET SURULERE Surulere Lagos State Lagos S,"=""08028359525""","=""11322928""","=""6279881""","=""158691481""",Personal fixed term loan,2021-01-10 00:00:00,15000.00,0.00,,0.00,19500.00,NGN,0,Open,2021-02-09 00:00:00,Performing
ADEYEMO ADEDOYIN ESTHER,"=""22353010356""",5 IGHALO CLOSE,"=""07065520473""","=""11329361""","=""51643128""","=""13952138""",Personal fixed term loan,2024-05-29 00:00:00,800000.00,0.00,,0.00,154667.00,NGN,0,Closed,2025-02-23 00:00:00,Performing
ADELEKE ADEYEMI O,,8 SURULERE STREET,"=""2348035073177""","=""11335998""","=""119620""","=""2017782771""",Personal fixed term loan,2019-10-29 00:00:00,7500.00,0.00,,0.00,9370.00,NGN,0,Open,2019-11-28 00:00:00,Performing
Ogunrinde Grace,,Not Available,,"=""11392269""","=""5177167""","=""8617429""",Personal fixed term loan,2022-11-17 00:00:00,5000.00,0.00,,0.00,6350.00,NGN,0,Closed,2022-12-19 00:00:00,Performing
PAUL AMUCHE AMUCHE,"=""22213513410""",NO135 BARDE WAY SKYE BANK PLC,"=""07069584007""","=""11485074""","=""1739286""","=""5036632""",Personal fixed term loan,2021-11-03 00:00:00,25000.00,0.00,,0.00,11750.00,NGN,0,Open,2022-02-01 00:00:00,Performing
OGBUERI LAWRENCE OGBUERI,,Police Barracks Minna,"=""2348036747409""","=""11543932""","=""1678055""","=""1003859121""",Personal fixed term loan,2020-12-28 00:00:00,60000.00,0.00,,0.00,75180.00,NGN,0,Open,2021-01-27 00:00:00,Performing
ANOZIE ANTHONY C,,NO 11 ALATISE STREET IKIJA ABEOKUTA Abeokuta North Ogun S,"=""07064638954""","=""11652666""","=""207399""","=""3088741669""",Personal fixed term loan,2020-08-17 00:00:00,7500.00,0.00,,0.00,9750.00,NGN,0,Open,2020-09-16 00:00:00,Performing
NWOKOLO NNEOMA EVELYN,"=""22158643157""",12 ODUNAIKE STREET ILASAMAJA LAGOS,,"=""11718761""","=""776837""","=""5005995""",Personal fixed term loan,2021-10-31 00:00:00,175000.00,0.00,,0.00,38490.00,NGN,0,Closed,2022-04-29 00:00:00,Performing
NWOKOLO NNEOMA EVELYN,"=""22158643157""",12 ODUNAIKE STREET ILASAMAJA LAGOS,,"=""11718761""","=""113085""","=""78940504""",Personal fixed term loan,2019-01-03 00:00:00,45000.00,0.00,,0.00,58050.00,NGN,0,Open,2019-02-01 00:00:00,Performing
ALESINLOYE OLAJUMOKE BUKONLA,,30 OSHINKOYA ATR OTA ONA IKORODU LAGOS Ikorodu Lagos Stat,"=""08108081308""","=""12034629""","=""1725521""","=""159263386""",Personal fixed term loan,2021-01-23 00:00:00,2500.00,0.00,,0.00,3190.00,NGN,0,Open,2021-02-22 00:00:00,Performing
OLATUNDE EMMANUEL AKINWOYE,,2 Iwajowa Street Ilasamaja Oshodi Isolo Lagos State,"=""2348023236473""","=""12127834""","=""2973426""","=""2136401700""",Personal fixed term loan,2021-02-19 00:00:00,15000.00,0.00,,0.00,16500.00,NGN,0,Open,2021-03-22 00:00:00,Performing
SOYEMI FUNMILAYO KEHINDE,,22 MAMUDU STR ALAPERE KETU,"=""07062027059""","=""12140117""","=""850264""","=""109203262""",Personal fixed term loan,2021-05-12 00:00:00,250000.00,0.00,,0.00,65000.00,NGN,0,Open,2021-11-08 00:00:00,Performing
KOSUOWEI INEIFIE EMMANUELA,,9B CHIEF GUDI LANE OFF OKILO RD ABULOMA Port Harcourt Riv,"=""08176103287""","=""12164670""","=""9107865""","=""2064123703""",Personal fixed term loan,2020-12-30 00:00:00,40000.00,0.00,,0.00,47360.00,NGN,0,Open,2021-01-14 00:00:00,Performing
YAHAYA TURAI,"=""22340473634""",ANGWAN GALADIMA WASE LGA PLATEAU ST,"=""07067515114""","=""11021792""","=""7875260""","=""1011086432""",,2020-11-25 00:00:00,5000.00,0.00,,0.00,6500.00,NGN,0,Closed,2020-12-25 00:00:00,Performing
YAHAYA TURAI,"=""22340473634""",ANGWAN GALADIMA WASE LGA PLATEAU ST,"=""07067515114""","=""11021792""","=""7875260""","=""2798168""",Personal fixed term loan,2020-11-25 00:00:00,5000.00,0.00,,0.00,6500.00,NGN,0,Closed,2020-12-25 00:00:00,Performing
ODEYEMI SEUN EMMANUEL,"=""22416078949""",IJEBU JEZA  RD,"=""08106747515""","=""11049961""","=""6199363""","=""7458392""",Personal fixed term loan,2022-07-26 00:00:00,5000.00,0.00,,0.00,6350.00,NGN,0,Closed,2022-08-25 00:00:00,Performing
ODEYEMI SEUN EMMANUEL,"=""22416078949""",IJEBU JEZA  RD,"=""08106747515""","=""11049961""","=""6199363""","=""7637110""",Personal fixed term loan,2022-08-12 00:00:00,5000.00,0.00,,0.00,6475.00,NGN,0,Closed,2022-09-12 00:00:00,Performing
ODEYEMI SEUN EMMANUEL,"=""22416078949""",IJEBU JEZA  RD,"=""08106747515""","=""11049961""","=""6199363""","=""7927262""",,2022-09-09 00:00:00,10000.00,0.00,,0.00,13000.00,NGN,0,Closed,2022-10-10 00:00:00,Performing
ODEYEMI SEUN EMMANUEL,"=""22416078949""",IJEBU JEZA  RD,"=""08106747515""","=""11049961""","=""6199363""","=""8221723""",Personal fixed term loan,2022-10-08 00:00:00,12500.00,0.00,,0.00,16250.00,NGN,0,Closed,2022-11-07 00:00:00,Performing
ODEYEMI SEUN EMMANUEL,"=""22416078949""",IJEBU JEZA  RD,"=""08106747515""","=""11049961""","=""6199363""","=""8723838""",Personal fixed term loan,2022-11-28 00:00:00,15000.00,0.00,,0.00,17580.00,NGN,0,Closed,2022-12-13 00:00:00,Performing
ODEYEMI SEUN EMMANUEL,"=""22416078949""",IJEBU JEZA  RD,"=""08106747515""","=""11049961""","=""6199363""","=""9355753""",Personal fixed term loan,2023-02-05 00:00:00,5000.00,0.00,,0.00,5985.00,NGN,0,Closed,2023-03-07 00:00:00,Performing
ODEYEMI SEUN EMMANUEL,"=""22416078949""",IJEBU JEZA  RD,"=""08106747515""","=""11049961""","=""6199363""","=""9478964""",Personal fixed term loan,2023-02-20 00:00:00,5000.00,0.00,,0.00,5915.00,NGN,0,Closed,2023-03-22 00:00:00,Performing
ONIOVOSA MONICA,"=""22169602080""",NO 89 IMOLA ESTATE IJU ROAD AGEGE,"=""08122702526""","=""11664002""","=""35405596""","=""10068579""",Personal fixed term loan,2023-04-24 00:00:00,20000.00,23340.00,,0.00,23340.00,NGN,0,Open,2023-05-24 00:00:00,Performing
LAWAL KAMALDEEN OLALEKAN,,10 OJUEJUN STREET IDI APE ILORIN Ilorin East Kwara State,"=""2348039020702""","=""11760012""","=""935041""","=""34802716""",Personal fixed term loan,2019-03-02 00:00:00,30000.00,34408.00,,34408.00,39000.00,NGN,1645,Open,2019-04-01 00:00:00,Lost
EGBEDEYI OLUKAYODE GRACE,"=""22302582510""",BLOCK D9 IFELAJULO AREA IBADANM,"=""08038060820""","=""11927415""","=""23055056""","=""10000906""",Personal fixed term loan,2023-04-17 00:00:00,20000.00,0.00,,0.00,24600.00,NGN,0,Closed,2023-05-17 00:00:00,Performing
UKALIKPE NAPOLEON,"=""22322372946""",NO 8 POLICE POST RD OFF G U AKE NEW AIR PORT,"=""08037087123""","=""11928215""","=""35091501""","=""10591264""",Personal fixed term loan,2023-06-14 00:00:00,180000.00,275940.00,,0.00,91980.00,NGN,0,Open,2023-09-12 00:00:00,Performing
IDOWU GBENGA JOSEPH,,3 ORIRE LANE ADEBAYO ADO EKITI Ado Ekiti Ekiti State,"=""08077667616""","=""11938704""","=""8710517""","=""178610468""",Personal fixed term loan,2021-01-31 00:00:00,200000.00,314158.00,,314158.00,96660.00,NGN,944,Open,2021-05-03 00:00:00,Lost
ANANI OLIVER,,NO 4 KING JESUS ROAD UJEMEN EKPOMA Esan West Edo State,"=""08067180612""","=""12111644""","=""1492658""","=""6016609663""",Personal fixed term loan,2019-07-23 00:00:00,2500.00,2875.00,,2875.00,3250.00,NGN,1498,Open,2019-08-26 00:00:00,Lost
ITIAT CHRISTOPHER ETEBOM,"=""22209291579""",PrimaryAddressLine1,"=""08068343623""","=""12163077""","=""22400797""","=""2008818090""",Personal fixed term loan,2022-02-17 00:00:00,250000.00,0.00,,0.00,129160.00,NGN,0,Closed,2022-05-18 00:00:00,Performing
OLAITO JOEL SUNKANMI,"=""22162051412""",No 3 Ojetola Street County No 3 Ojetola Street County,"=""07062737591""","=""11021120""","=""25480517""","=""1400174841""",Personal fixed term loan,2022-03-21 00:00:00,250000.00,0.00,,0.00,119080.00,NGN,0,Closed,2022-06-20 00:00:00,Performing
ADEBAYO AISHAT OMOTAYO,"=""22291976411""",NO 25 AGBAAKIN LAYOUT IDI APE IWO ROAD IBADAN,"=""08032461805""","=""11048871""","=""25880984""","=""10022375""",Personal fixed term loan,2023-04-19 00:00:00,2500.00,0.00,,0.00,2950.00,NGN,0,Closed,2023-05-04 00:00:00,Performing
ADELEYE OLUSANYA OMONIYI,"=""22218120271""",10 ABEEB STREET OLPOMEWA ELEYELE IBADAN,"=""08035668518""","=""11144285""","=""37645998""","=""9960848""",Personal fixed term loan,2023-04-14 00:00:00,80000.00,113120.00,,0.00,22624.00,NGN,0,Open,2023-09-11 00:00:00,Performing
Obukofe Onome,"=""22249694831""",198 ANIONTED LINE SAPELE MARKET SAPELE,"=""07061952384""","=""11236269""","=""7263332""","=""6109863""",Personal fixed term loan,2022-03-08 00:00:00,50000.00,0.00,,0.00,23750.00,NGN,0,Closed,2022-06-06 00:00:00,Performing
Obukofe Onome,"=""22249694831""",198 ANIONTED LINE SAPELE MARKET SAPELE,"=""07061952384""","=""11236269""","=""7263332""","=""6604226""",Personal fixed term loan,2022-04-29 00:00:00,15000.00,0.00,,0.00,19500.00,NGN,0,Closed,2022-05-30 00:00:00,Performing
Obukofe Onome,"=""22249694831""",198 ANIONTED LINE SAPELE MARKET SAPELE,"=""07061952384""","=""11236269""","=""7263332""","=""6621042""",Personal fixed term loan,2022-05-01 00:00:00,60000.00,0.00,,0.00,42000.00,NGN,0,Closed,2022-07-15 00:00:00,Performing
Obukofe Onome,"=""22249694831""",198 ANIONTED LINE SAPELE MARKET SAPELE,"=""07061952384""","=""11236269""","=""7263332""","=""7380361""",Personal fixed term loan,2022-07-18 00:00:00,25000.00,0.00,,0.00,32500.00,NGN,0,Closed,2022-09-01 00:00:00,Performing
Obukofe Onome,"=""22249694831""",198 ANIONTED LINE SAPELE MARKET SAPELE,"=""07061952384""","=""11236269""","=""7263332""","=""7836606""",Personal fixed term loan,2022-08-31 00:00:00,30000.00,0.00,,0.00,39000.00,NGN,0,Closed,2022-09-30 00:00:00,Performing
Obukofe Onome,"=""22249694831""",198 ANIONTED LINE SAPELE MARKET SAPELE,"=""07061952384""","=""11236269""","=""7263332""","=""8134589""",,2022-09-30 00:00:00,25000.00,0.00,,0.00,32500.00,NGN,0,Closed,2022-10-31 00:00:00,Performing
Obukofe Onome,"=""22249694831""",198 ANIONTED LINE SAPELE MARKET SAPELE,"=""07061952384""","=""11236269""","=""7263332""","=""8449943""",Personal fixed term loan,2022-10-31 00:00:00,45000.00,0.00,,0.00,58500.00,NGN,0,Closed,2022-12-15 00:00:00,Performing
SHOKUNBI OLUWADAMILOLA ESTHER,"=""22186364451""",24B AGURA SABO,"=""07036175602""","=""11265149""","=""23204056""","=""6324610951""",Personal fixed term loan,2022-02-02 00:00:00,300000.00,0.00,,0.00,64000.00,NGN,0,Closed,2022-08-01 00:00:00,Performing
JOHN OLASENI EKUNDAYO,"=""22219492946""",39 AJASA AVENUE,"=""07034448491""","=""11353107""","=""8502352""","=""2082773975""",Personal fixed term loan,2020-09-07 00:00:00,5000.00,0.00,,0.00,6000.00,NGN,0,Open,2020-09-22 00:00:00,Performing
AYELABOLA OLUWADARE IDRIS,,80 ADEKEYE STREET OFF OJO ROAD APAPA Apapa Lagos State,"=""08033532939""","=""11404958""","=""9830071""","=""18288385""",Personal fixed term loan,2020-11-30 00:00:00,35000.00,0.00,,0.00,15160.00,NGN,0,Open,2021-03-01 00:00:00,Performing
Kazeem Latifat,,Not Available,,"=""11438957""","=""8200401""","=""37749362""",Personal fixed term loan,2020-09-19 00:00:00,25000.00,0.00,,0.00,32500.00,NGN,0,Open,2020-10-19 00:00:00,Performing
OGBUOKIRI ELIJAH OBINECHE,,21 odofin street olodi Apapa lagos,,"=""12160319""","=""13018138""","=""32146005""",Personal fixed term loan,2021-04-29 00:00:00,5000.00,0.00,,0.00,5800.00,NGN,0,Open,2021-05-17 00:00:00,Performing
OLOYEDE BISOLA JOY,,9 ODEDIRE STR AJIDARA AREA ILE IFE Ife Central Osun State,"=""08149844584""","=""12165281""","=""1753451""","=""157215659""",Personal fixed term loan,2019-09-02 00:00:00,10000.00,11500.00,,11500.00,13000.00,NGN,1461,Open,2019-10-02 00:00:00,Lost
AGBOR YVONNE OMOM,,House B5 hortigraph Court Estate Karmo Abuja,"=""08066090789""","=""11029540""","=""19518097""","=""9940733""",Personal fixed term loan,2023-04-12 00:00:00,20000.00,0.00,,0.00,23240.00,NGN,0,Closed,2023-04-27 00:00:00,Performing
MOHAMMED YUSUF AYOTUNDE,"=""22189719423""",OPP TIMADEX HOTEL BAREKE EGBE,"=""08022629386""","=""11048209""","=""16687006""","=""2000839800""",Personal fixed term loan,2022-01-25 00:00:00,250000.00,0.00,,0.00,98120.00,NGN,0,Closed,2022-05-25 00:00:00,Performing
IHECHERE GOODNESS CHIOMA,"=""22201944604""",odosiobodo compound Rumuosi portharcourt rivers state Obi,"=""2348105608330""","=""11072943""","=""9719224""","=""216627557""",Personal fixed term loan,2021-01-26 00:00:00,30000.00,0.00,,0.00,39000.00,NGN,0,Open,2021-02-25 00:00:00,Performing
ARUWA MICHEAL OLUWASEUN,"=""22155568637""",Abeokuta Nigeria,"=""08146449216""","=""11084105""","=""4810273""","=""147965328""",Personal fixed term loan,2020-01-10 00:00:00,1500.00,0.00,,0.00,1950.00,NGN,0,Open,2020-02-10 00:00:00,Performing
ADEBANJO SAMUEL TEMILOLUWA,,Not Available,,"=""11149153""","=""4662542""","=""2087530500""",Personal fixed term loan,2021-03-04 00:00:00,5000.00,0.00,,0.00,5500.00,NGN,0,Open,2021-04-06 00:00:00,Performing
AKAIGWE DAVID OKECHUKWU,"=""22157951064""",4 WOKEAH STR ELIOWHANI PH RIVERS ST,,"=""11199876""","=""3611957""","=""39408405""",Personal fixed term loan,2021-01-19 00:00:00,30000.00,0.00,,0.00,39000.00,NGN,0,Open,2021-02-18 00:00:00,Performing
KOLAABIOLA REMI MODUPE,"=""22219751957""",19 JOEL ARUELEWE ALAFIA WAY MOSAN IPAJA Al,"=""08186044764""","=""11243158""","=""9476814""","=""10012580""",Personal fixed term loan,2023-04-18 00:00:00,150000.00,0.00,,0.00,51225.00,NGN,0,Closed,2023-08-16 00:00:00,Performing
OSAJEH IFEANYI JOHN,,47 CELE ROAD ISASHI Ojo Lagos State,"=""07066677722""","=""11298095""","=""7332666""","=""2004326063""",Personal fixed term loan,2021-01-30 00:00:00,120000.00,0.00,,0.00,29990.00,NGN,0,Open,2021-07-29 00:00:00,Performing
TERRY DAGI SIMON,,9B ROAD 22 FEDERAL HOUSING ESTATE WOJI OBIO AKPOR Obio Ak,"=""08034071178""","=""11359627""","=""9909202""","=""2018508716""",Personal fixed term loan,2021-01-24 00:00:00,15000.00,0.00,,0.00,19500.00,NGN,0,Open,2021-02-23 00:00:00,Performing
KPAGBAN KEHINDE,"=""22199116832""",GEM PRIVATE SCHOOL 453 OLUWADAMILOLA STOMOLE,"=""07039389220""","=""11596462""","=""41711571""","=""9670189""",Personal fixed term loan,2023-03-15 00:00:00,50000.00,63750.00,,0.00,31875.00,NGN,0,Open,2023-05-15 00:00:00,Performing
OLUWAFEMI SOLOMON DADA,"=""22362945313""",Not Available,"=""08162615444""","=""11836218""","=""13639665""","=""1529240182""",Personal fixed term loan,2023-04-05 00:00:00,225000.00,238292.00,,238292.00,77850.00,NGN,119,Open,2023-09-04 00:00:00,Watchlist
DOSUMU ADEYEMI OLUWASEYI,"=""22195659058""",154 ALENIBORO STREET TANKE OKE ODO BUS STOP ILORIN,"=""09030453016""","=""12117507""","=""6251805""","=""447951126""",Personal fixed term loan,2020-06-19 00:00:00,7500.00,0.00,,0.00,9370.00,NGN,0,Open,2020-07-20 00:00:00,Performing
DOSUMU ADEYEMI OLUWASEYI,"=""22195659058""",154 ALENIBORO STREET TANKE OKE ODO BUS STOP ILORIN,"=""09030453016""","=""12117507""","=""6251805""","=""7963181""",Personal fixed term loan,2022-09-13 00:00:00,15000.00,0.00,,0.00,19500.00,NGN,0,Closed,2022-10-29 00:00:00,Performing
LASISI IBRAHIM AKANBI,,3 OKESUNA STREET SURULERE LAGOS Surulere Lagos State Lago,"=""08093562651""","=""12169951""","=""4671097""","=""125474806""",Personal fixed term loan,2020-03-13 00:00:00,7500.00,0.00,,0.00,9370.00,NGN,0,Open,2020-04-14 00:00:00,Performing
LASISI IBRAHIM AKANBI,,3 OKESUNA STREET SURULERE LAGOS Surulere Lagos State Lago,"=""08093562651""","=""12169951""","=""4671097""","=""724111440""",Personal fixed term loan,2020-07-26 00:00:00,10000.00,0.00,,0.00,13000.00,NGN,0,Open,2020-08-25 00:00:00,Performing
NWAWE CHINEDU DAVID,"=""22357145092""",1 ABDULLAHI STREET FADEYI,"=""08021537844""","=""10988009""","=""31097344""","=""10011557""",Personal fixed term loan,2023-04-18 00:00:00,10000.00,0.00,,0.00,11500.00,NGN,0,Closed,2023-05-03 00:00:00,Performing
ZAMFARA PETER MADAKI,"=""22225839861""",PRIMARY HEALTH CAREJOS NORTH,"=""08037327055""","=""11213948""","=""8378254""","=""1741102979""",Personal fixed term loan,2021-01-11 00:00:00,10000.00,0.00,,0.00,13000.00,NGN,0,Open,2021-02-10 00:00:00,Performing
KAYODE OPEYEMI AKINTUNDE,"=""22175735952""",EDE SOUTH LGA,"=""08056065524""","=""11509054""","=""14609973""","=""10052107""",Personal fixed term loan,2023-04-22 00:00:00,22500.00,29025.00,,0.00,29025.00,NGN,0,Open,2023-05-22 00:00:00,Performing
ONIBUJE OLALEKAN ABRAHAM,,Block 2 Flat 13 302 Road Off 322 Road Festac Town Lagos A,"=""08159582782""","=""11555048""","=""1692659""","=""211416143""",Personal fixed term loan,2021-03-20 00:00:00,15000.00,0.00,,0.00,16500.00,NGN,0,Open,2021-04-19 00:00:00,Performing
ABDULKAREEM ZAINAB,"=""22351408603""",OPP CAMPUS AJILEYE STREET,,"=""11678720""","=""794325""","=""1781230""",Personal fixed term loan,2020-03-09 00:00:00,60000.00,0.00,,0.00,72000.00,NGN,0,Closed,2020-04-08 00:00:00,Performing
ABDULKAREEM ZAINAB,"=""22351408603""",OPP CAMPUS AJILEYE STREET,,"=""11678720""","=""794325""","=""5995789""",Personal fixed term loan,2022-02-24 00:00:00,300000.00,0.00,,0.00,46250.00,NGN,0,Closed,2023-04-30 00:00:00,Performing
ADEYINKA ADEWALE OLADIPO,"=""22146665257""",3 OGELUE CHUKWURAH STREET OFF OKPANAM ROAD ASABA,"=""07060500444""","=""11728775""","=""7443813""","=""7322885""",Personal fixed term loan,2022-07-12 00:00:00,40000.00,0.00,,0.00,50000.00,NGN,0,Closed,2022-08-11 00:00:00,Performing
ADEYINKA ADEWALE OLADIPO,"=""22146665257""",3 OGELUE CHUKWURAH STREET OFF OKPANAM ROAD ASABA,"=""07060500444""","=""11728775""","=""7443813""","=""7663142""",Personal fixed term loan,2022-08-15 00:00:00,100000.00,0.00,,0.00,41150.00,NGN,0,Closed,2022-12-13 00:00:00,Performing
ADEYINKA ADEWALE OLADIPO,"=""22146665257""",3 OGELUE CHUKWURAH STREET OFF OKPANAM ROAD ASABA,"=""07060500444""","=""11728775""","=""7443813""","=""8645058""",Personal fixed term loan,2022-11-19 00:00:00,60000.00,0.00,,0.00,76920.00,NGN,0,Closed,2023-03-19 00:00:00,Performing
ADEYINKA ADEWALE OLADIPO,"=""22146665257""",3 OGELUE CHUKWURAH STREET OFF OKPANAM ROAD ASABA,"=""07060500444""","=""11728775""","=""7443813""","=""9615458""",Personal fixed term loan,2023-03-09 00:00:00,100000.00,0.00,,0.00,26366.67,NGN,0,Closed,2023-09-05 00:00:00,Performing
SHOFOLUWE ISMAIL ADEBAYO,"=""22144818493""",Mushin Lagos Nigeria,"=""07030201615""","=""11766043""","=""10852789""","=""4942489""",Personal fixed term loan,2021-10-25 00:00:00,100000.00,0.00,,0.00,69240.00,NGN,0,Closed,2022-05-30 00:00:00,Performing
SHOFOLUWE ISMAIL ADEBAYO,"=""22144818493""",Mushin Lagos Nigeria,"=""07030201615""","=""11766043""","=""10852789""","=""6955764""",Personal fixed term loan,2022-06-06 00:00:00,200000.00,0.00,,0.00,68440.00,NGN,0,Closed,2022-11-03 00:00:00,Performing
YETUNDE IBIRONKE OKUYIGA,"=""22284709626""",9 IRETI OBASUYI STREET MAGODO Kosofe Lagos State,"=""08033110683""","=""12137676""","=""6603242""","=""5556383""",Personal fixed term loan,2022-01-05 00:00:00,200000.00,0.00,,0.00,45990.00,NGN,0,Closed,2022-08-02 00:00:00,Performing
SAOLAGBADE BOLANLE RUKAYAT,,awosonso road,"=""07065816372""","=""12165520""","=""1590931""","=""466886834""",Personal fixed term loan,2019-12-19 00:00:00,25000.00,18177.00,,18177.00,30500.00,NGN,1351,Open,2020-01-20 00:00:00,Lost
AFOLAYAN OLAWALE ADEBAYO,"=""22227773749""",194 ONIGBEDU STREET COMPLEX ITORI EWEKORO Ewekoro Ogun Sta,,"=""12171706""","=""897359""","=""5602365""",Personal fixed term loan,2022-01-10 00:00:00,200000.00,0.00,,0.00,254800.00,NGN,0,Open,2022-02-09 00:00:00,Performing
AFOLAYAN OLAWALE ADEBAYO,"=""22227773749""",194 ONIGBEDU STREET COMPLEX ITORI EWEKORO Ewekoro Ogun Sta,,"=""12171706""","=""897359""","=""5851278""",Personal fixed term loan,2022-02-07 00:00:00,200000.00,0.00,,0.00,254800.00,NGN,0,Open,2022-03-09 00:00:00,Performing
TINKO AKEEM,"=""22277855970""",EXXON MOBIL MOBIL HOUSE LEKKIVICTOR,"=""2348085650150""","=""11085048""","=""8385043""","=""1005748382""",Personal fixed term loan,2020-09-27 00:00:00,5000.00,0.00,,0.00,6500.00,NGN,0,Open,2020-10-27 00:00:00,Performing
ODUWOLE OMOTUNDE ABDULRAHIM,"=""22198787796""",26 AINA STREET,,"=""11234499""","=""753566""","=""1616173026""",Personal fixed term loan,2019-05-19 00:00:00,10000.00,0.00,,0.00,13000.00,NGN,0,Open,2019-06-18 00:00:00,Performing
IBRAHIM IBRAHIM J,"=""22292058091""",2FG6WVP Durumi 900103 Abuja Federal Capital Territory Nige,"=""2348037767394""","=""11250475""","=""305305""","=""6013806286""",Personal fixed term loan,2022-04-07 00:00:00,10000.00,0.00,,0.00,10837.00,NGN,0,Closed,2022-07-06 00:00:00,Performing
KINGS ANGELA EHIZELE,"=""22166199277""",5054 JEMTOK STREET AGO PALACE WAY OshodiIsolo Lagos State,"=""08036582300""","=""11343531""","=""8865047""","=""45759868""",Personal fixed term loan,2020-09-28 00:00:00,10000.00,0.00,,0.00,13000.00,NGN,0,Open,2020-10-28 00:00:00,Performing
IGE OLUWASEGUN JOHN,"=""22375927328""",ILE TEMIDAYO KUYE AREA OGBOMOSO,"=""09014846154""","=""11570669""","=""40268849""","=""10675118""",Personal fixed term loan,2023-06-22 00:00:00,50000.00,65100.00,,0.00,32550.00,NGN,0,Open,2023-08-21 00:00:00,Performing
OLUWATOSIN AJETUNMOBI,,DEPT OF EDUCATIONAL MANAGEMENT AGO IWOYE OGUN STATE Ijebu,"=""08033931190""","=""11762904""","=""5334306""","=""130542150""",Personal fixed term loan,2021-01-27 00:00:00,10000.00,0.00,,0.00,12000.00,NGN,0,Open,2021-02-11 00:00:00,Performing
OBUGO QUEEN OMAVOWAN,"=""22231887863""",14 15 Prince Alaba Road Oniru,"=""2348030885929""","=""11923880""","=""8209026""","=""24301651""",Personal fixed term loan,2020-09-24 00:00:00,5000.00,0.00,,0.00,6000.00,NGN,0,Open,2020-10-09 00:00:00,Performing
ABEKHALE VICTOR,,DR ABEKHALES RESIDENCE UNIVERSITY OF NKAR QUARETRS GBOKO,"=""2348098448803""","=""11957497""","=""9341861""","=""5255801014""",Personal fixed term loan,2020-12-01 00:00:00,80000.00,0.00,,0.00,36260.00,NGN,0,Open,2021-03-01 00:00:00,Performing
ADUAYI UGOCHUKWU,,Block G room 3B 31PMF Barracks Delt,"=""08052344050""","=""12131405""","=""524829""","=""1759507""",Personal fixed term loan,2020-03-06 00:00:00,30000.00,0.00,,0.00,36600.00,NGN,0,Closed,2020-04-06 00:00:00,Performing
NWACHUKWU ESTHER IJEOMA,,22 UGORJI STREET OKIGWE ROAD ABA,"=""07069744912""","=""12210364""","=""6682091""","=""6903155""",Personal fixed term loan,2022-06-01 00:00:00,30000.00,0.00,,0.00,34500.00,NGN,0,Closed,2022-06-16 00:00:00,Performing
NWACHUKWU ESTHER IJEOMA,,22 UGORJI STREET OKIGWE ROAD ABA,"=""07069744912""","=""12210364""","=""6682091""","=""7256154""",Personal fixed term loan,2022-07-05 00:00:00,10000.00,0.00,,0.00,12780.00,NGN,0,Closed,2022-08-04 00:00:00,Performing
NWACHUKWU ESTHER IJEOMA,,22 UGORJI STREET OKIGWE ROAD ABA,"=""07069744912""","=""12210364""","=""6682091""","=""7649621""",Personal fixed term loan,2022-08-13 00:00:00,5000.00,0.00,,0.00,6000.00,NGN,0,Closed,2022-08-29 00:00:00,Performing
NWACHUKWU ESTHER IJEOMA,,22 UGORJI STREET OKIGWE ROAD ABA,"=""07069744912""","=""12210364""","=""6682091""","=""7669537""",Personal fixed term loan,2022-08-15 00:00:00,20000.00,0.00,,0.00,25260.00,NGN,0,Closed,2022-09-14 00:00:00,Performing
NWACHUKWU ESTHER IJEOMA,,22 UGORJI STREET OKIGWE ROAD ABA,"=""07069744912""","=""12210364""","=""6682091""","=""7856094""",Personal fixed term loan,2022-09-02 00:00:00,2500.00,0.00,,0.00,3000.00,NGN,0,Closed,2022-09-19 00:00:00,Performing
NWACHUKWU ESTHER IJEOMA,,22 UGORJI STREET OKIGWE ROAD ABA,"=""07069744912""","=""12210364""","=""6682091""","=""7866539""",Personal fixed term loan,2022-09-03 00:00:00,100000.00,0.00,,0.00,34220.00,NGN,0,Closed,2023-01-31 00:00:00,Performing
NWACHUKWU ESTHER IJEOMA,,22 UGORJI STREET OKIGWE ROAD ABA,"=""07069744912""","=""12210364""","=""6682091""","=""9369242""",Personal fixed term loan,2023-02-07 00:00:00,300000.00,0.00,,0.00,47750.00,NGN,0,Closed,2024-02-12 00:00:00,Performing
ONWUCHEKWA MAY CHIDINMA,"=""22152869474""",MAILINGADDRESS1,"=""08035016061""","=""11156936""","=""37000325""","=""9792091""",Personal fixed term loan,2023-03-28 00:00:00,90000.00,124200.00,,0.00,31050.00,NGN,0,Open,2023-07-28 00:00:00,Performing
TUNDE ADEWUYI OLAWOYIN,"=""22300730706""",CECILIAS RESD BESIDE CHIMEX PLAZA ANGWAN ALI LAFIA RD,,"=""11213390""","=""1802188""","=""21712482""",Personal fixed term loan,2019-09-08 00:00:00,2500.00,0.00,,0.00,3250.00,NGN,0,Open,2019-10-08 00:00:00,Performing
ATUNWASE IFEOLUWA OLUMIDE,,SW993 ABIMBOLA STREET ODOONAIBADAN Ibadan North Oyo State,"=""07064298769""","=""11307539""","=""607074""","=""798378""",Personal fixed term loan,2019-10-09 00:00:00,70000.00,0.00,,0.00,84000.00,NGN,0,Closed,2019-11-08 00:00:00,Performing
OLANREWAJU OLATAYO ADEOLA,,NO 1 OKEKI COMPOUND OMURAN KWARA STATE Ifelodun Kwara Sta,"=""08060673798""","=""11814965""","=""3882010""","=""2024330202""",Personal fixed term loan,2020-12-31 00:00:00,35000.00,0.00,,0.00,17540.00,NGN,0,Open,2021-03-31 00:00:00,Performing
EJIGHIKEME DELIGHT OGECHI,"=""22174562283""",NO 9B SACRED HEART ROAD ABA,"=""07065195532""","=""12000682""","=""35401013""","=""3067310053""",Personal fixed term loan,2022-07-17 00:00:00,350000.00,0.00,,0.00,101617.00,NGN,0,Closed,2023-01-13 00:00:00,Performing
ALABI ADEDEJI JOSEPH,,OWERRIPORTHARCOURT ROADUMUANUNUOBINZE Owerri West Imo Stat,"=""08065176124""","=""12042364""","=""5793367""","=""6045107""",Personal fixed term loan,2022-03-01 00:00:00,150000.00,0.00,,0.00,194400.00,NGN,0,Closed,2022-05-02 00:00:00,Performing
ALABI ADEDEJI JOSEPH,,OWERRIPORTHARCOURT ROADUMUANUNUOBINZE Owerri West Imo Stat,"=""08065176124""","=""12042364""","=""5793367""","=""8070454""",,2022-09-23 00:00:00,15000.00,0.00,,0.00,18000.00,NGN,0,Closed,2022-10-10 00:00:00,Performing
ALABI ADEDEJI JOSEPH,,OWERRIPORTHARCOURT ROADUMUANUNUOBINZE Owerri West Imo Stat,"=""08065176124""","=""12042364""","=""5793367""","=""8306584""",Personal fixed term loan,2022-10-17 00:00:00,15000.00,0.00,,0.00,18000.00,NGN,0,Closed,2022-11-01 00:00:00,Performing
ALABI ADEDEJI JOSEPH,,OWERRIPORTHARCOURT ROADUMUANUNUOBINZE Owerri West Imo Stat,"=""08065176124""","=""12042364""","=""5793367""","=""8692269""",Personal fixed term loan,2022-11-24 00:00:00,20000.00,0.00,,0.00,26000.00,NGN,0,Closed,2022-12-28 00:00:00,Performing
ALABI ADEDEJI JOSEPH,,OWERRIPORTHARCOURT ROADUMUANUNUOBINZE Owerri West Imo Stat,"=""08065176124""","=""12042364""","=""5793367""","=""8833898""",Personal fixed term loan,2022-12-08 00:00:00,20000.00,0.00,,0.00,24000.00,NGN,0,Closed,2022-12-23 00:00:00,Performing
ALABI ADEDEJI JOSEPH,,OWERRIPORTHARCOURT ROADUMUANUNUOBINZE Owerri West Imo Stat,"=""08065176124""","=""12042364""","=""5793367""","=""8950995""",Personal fixed term loan,2022-12-21 00:00:00,50000.00,0.00,,0.00,60000.00,NGN,0,Closed,2023-01-05 00:00:00,Performing
OBUH INNOCENT EKWUTOR,"=""22194237873""",DANRAJJA CASSETE ZAMFARA STATE Gusau Zamfara State,"=""2348026711207""","=""12128123""","=""1883392""","=""2221050513""",Personal fixed term loan,2020-03-18 00:00:00,7500.00,0.00,,0.00,9750.00,NGN,0,Open,2020-04-17 00:00:00,Performing
BABAJIDE PATIENCE OMON,,9 Hausawa Road Malali Lowcost   Kaduna Kaduna North Kadun,"=""08073308185""","=""12166125""","=""4828136""","=""16634072""",Personal fixed term loan,2021-01-16 00:00:00,20000.00,0.00,,0.00,26000.00,NGN,0,Open,2021-02-15 00:00:00,Performing
BABAJIDE PATIENCE OMON,,9 Hausawa Road Malali Lowcost   Kaduna Kaduna North Kadun,"=""08073308185""","=""12166125""","=""4828136""","=""2083171729""",Personal fixed term loan,2020-09-26 00:00:00,20000.00,0.00,,0.00,14190.00,NGN,0,Open,2020-11-25 00:00:00,Performing
Dureke Charles Ikenna,,NO 20 POST OFFICE RD WOJI TOWN PH ObioAkpor Rivers State,,"=""12272860""","=""1637197""","=""9966616""",Personal fixed term loan,2023-04-14 00:00:00,60000.00,39060.00,,0.00,39060.00,NGN,0,Open,2023-06-13 00:00:00,Performing
SHEHU IBRAHIM,"=""22240504443""",CGSS RONI JIGAWA RONI KANHAWA RONI JG  DUTSE Roni Jigawa S,"=""08035936757""","=""10991833""","=""10400124""","=""2083409330""",Personal fixed term loan,2020-12-19 00:00:00,80000.00,53503.00,,53503.00,35730.00,NGN,957,Open,2021-03-19 00:00:00,Lost
ALIU OLATUNJI WASIU,,19 Akogun street olodi apapa,"=""08039618790""","=""11084596""","=""13040811""","=""2082516404""",Personal fixed term loan,2021-04-30 00:00:00,20000.00,0.00,,0.00,23200.00,NGN,0,Open,2021-05-31 00:00:00,Performing
SALAMI AMINAT,"=""22475076902""",6 ARAROMI STREET OFF ALAKUKO LAGOS Alimosho Lagos State,,"=""11125626""","=""11363546""","=""101746048""",Personal fixed term loan,2022-03-04 00:00:00,225000.00,0.00,,0.00,59470.00,NGN,0,Closed,2022-08-31 00:00:00,Performing
ILORI ABIODUN FESTUS,"=""22190967974""",8 ENGINEER ILORI STREETADETAN Obafemi Owode Ogun State,,"=""11192874""","=""8387890""","=""3068264249""",Personal fixed term loan,2020-09-17 00:00:00,7500.00,0.00,,0.00,9450.00,NGN,0,Open,2020-10-19 00:00:00,Performing
OGUNFOLU HAFEEZ OLADIPUPO,,6 RAJI CRESCENT BARUWA IPAJA Alimosho Lagos State,"=""07031664082""","=""11289074""","=""5614432""","=""170002007""",Personal fixed term loan,2021-01-18 00:00:00,10000.00,0.00,,0.00,13000.00,NGN,0,Open,2021-02-17 00:00:00,Performing
Ademokan Adeyeluwa,"=""22365433028""",PrimaryAddressLine1,"=""09038662541""","=""11651573""","=""9814153""","=""71967058""",Personal fixed term loan,2020-12-07 00:00:00,5000.00,7250.00,,7250.00,6500.00,NGN,999,Open,2021-01-06 00:00:00,Lost
OYELEYE OLADIPUPO STEVEN,,1 ADEYEMI ODUKOMAIYA STREET SHANGISHA LAGOS,"=""2348067252436""","=""11662205""","=""42474413""","=""9961185""",Personal fixed term loan,2023-04-14 00:00:00,35000.00,0.00,,0.00,44450.00,NGN,0,Closed,2023-05-14 00:00:00,Performing
EREWAMEGGISON EYITUOYO ORITSEWEYIMI,"=""22265543759""",47 OGUNKOYA STREET OFF KOLAYEMI STREET IKOSI KETU,,"=""11689009""","=""1445796""","=""127938575""",Personal fixed term loan,2020-01-01 00:00:00,10000.00,4670.00,,4670.00,13000.00,NGN,1340,Open,2020-01-31 00:00:00,Lost
ETIM SAMUEL,"=""22150859330""",gra road,"=""08086703979""","=""11943466""","=""1673413""","=""219042456""",Personal fixed term loan,2019-08-23 00:00:00,1500.00,0.00,,0.00,1950.00,NGN,0,Closed,2019-09-23 00:00:00,Performing
OYEBANJI FALILAT ELETU,,34 james dayo street ikorodu,"=""08032501389""","=""11841606""","=""795416""","=""7413579""",Personal fixed term loan,2022-07-21 00:00:00,10000.00,0.00,,0.00,12000.00,NGN,0,Closed,2022-08-05 00:00:00,Performing
OYEBANJI FALILAT ELETU,,34 james dayo street ikorodu,"=""08032501389""","=""11841606""","=""795416""","=""7758193""",Personal fixed term loan,2022-08-24 00:00:00,40000.00,0.00,,0.00,48000.00,NGN,0,Closed,2022-09-08 00:00:00,Performing
ODEYEMI ANUOLUWAPO SUKURAT,"=""22371825396""",BEHIND ADEPOJU HOSTEL AYEPE MORO Ife North Osun State,"=""09033633519""","=""11030309""","=""8059929""","=""5249661""",Personal fixed term loan,2021-11-29 00:00:00,25000.00,0.00,,0.00,32500.00,NGN,0,Closed,2021-12-29 00:00:00,Performing
ABUBAKAR LAWALI,,RES OF LAWALI ABUBAKARKOFARBI KOTORKOSHIBUNGUDU LGA ZAMFAR,"=""07061352194""","=""11137873""","=""1764332""","=""114534230""",Personal fixed term loan,2019-09-03 00:00:00,5000.00,5750.00,,5750.00,6500.00,NGN,1460,Open,2019-10-03 00:00:00,Lost
HITLER LOVELY,"=""22225723069""",NO 46 TINACIOUS ROAD YENAGOA BAYELSA STATE,,"=""11644593""","=""16282443""","=""3034799746""",Personal fixed term loan,2022-03-16 00:00:00,350000.00,0.00,,0.00,56870.00,NGN,0,Closed,2023-03-13 00:00:00,Performing
ONOJA CHRISTIANA ECHOCHE,"=""22348762817""",No6luckyoyangbodostreetokoribi,"=""07060899958""","=""11658633""","=""5769099""","=""112850147""",Personal fixed term loan,2020-03-17 00:00:00,10000.00,0.00,,0.00,11500.00,NGN,0,Closed,2020-04-01 00:00:00,Performing
ONOJA CHRISTIANA ECHOCHE,"=""22348762817""",No6luckyoyangbodostreetokoribi,"=""07060899958""","=""11658633""","=""5769099""","=""1834235""",Personal fixed term loan,2020-03-17 00:00:00,10000.00,0.00,,0.00,11500.00,NGN,0,Closed,2020-04-01 00:00:00,Performing
LUKE MARY JEROME,,HOUSE NO 4 NEPA QRTS LOWER USUMA DAM BWARI Bwari FCT,"=""08131141702""","=""11664479""","=""1943105""","=""5020509019""",Personal fixed term loan,2020-03-11 00:00:00,10000.00,0.00,,0.00,12500.00,NGN,0,Open,2020-04-14 00:00:00,Performing
AL HASSAN UDUOYA,,2 OFF HENRY KOJO SECOND TURNING ADEBA IBEJU LEKKI LAGOS,"=""08033477211""","=""11862555""","=""1874165""","=""2007191587""",Personal fixed term loan,2019-11-09 00:00:00,15000.00,0.00,,0.00,18750.00,NGN,0,Open,2019-12-09 00:00:00,Performing
DICKSON EDIGHEJI O,,NO 2B AIRPORT ROAD PORT HARCOURT ObioAkpor Rivers State,"=""08066721899""","=""11909904""","=""5167029""","=""2014552522""",Personal fixed term loan,2020-02-23 00:00:00,15000.00,0.00,,0.00,18750.00,NGN,0,Closed,2020-03-24 00:00:00,Performing
ABU MUHAMMED,"=""22231161781""",PrimaryAddressLine1,"=""23408061644591""","=""11042995""","=""11030833""","=""10088844""",Personal fixed term loan,2023-04-26 00:00:00,15000.00,18780.00,,0.00,6260.00,NGN,0,Open,2023-07-25 00:00:00,Performing
CHUKUNEME CLINTON CHINEDU,"=""22225360772""",13 INNIH STR SABOEDO ST Etsako West Edo State,,"=""11045018""","=""6044900""","=""158295889""",Personal fixed term loan,2020-03-18 00:00:00,1500.00,0.00,,0.00,1870.00,NGN,0,Closed,2020-04-17 00:00:00,Performing
CHUKUNEME CLINTON CHINEDU,"=""22225360772""",13 INNIH STR SABOEDO ST Etsako West Edo State,,"=""11045018""","=""6044900""","=""1838779""",Personal fixed term loan,2020-03-18 00:00:00,1500.00,0.00,,0.00,1870.00,NGN,0,Closed,2020-04-17 00:00:00,Performing
MOHAMMED ABUBAKAR SULEIMAN,"=""22400428590""",PrimaryAddressLine1,,"=""11238731""","=""4327321""","=""222910463""",Personal fixed term loan,2019-12-19 00:00:00,10000.00,11500.00,,11500.00,13000.00,NGN,1351,Open,2020-01-20 00:00:00,Lost
Timothy G Williams,,50C AHOLU COMPOUND ELELKAHIA PORT HARCOURT RIVERS STATE Po,"=""08037026347""","=""11418591""","=""3644901""","=""499904015""",Personal fixed term loan,2021-01-19 00:00:00,30000.00,13360.00,,0.00,13630.00,NGN,0,Open,2021-04-19 00:00:00,Performing
JUMBO OBIBI T,,12 Robert street Azikoro village,"=""08037979582""","=""11697187""","=""8244673""","=""2191276802""",Personal fixed term loan,2021-01-20 00:00:00,50000.00,0.00,,0.00,65000.00,NGN,0,Open,2021-02-19 00:00:00,Performing
Oluwafemi Joseph,"=""22244718367""",5 adeniyilola  adeola GRA area,,"=""11698559""","=""115593""","=""139089241""",Personal fixed term loan,2019-08-19 00:00:00,2500.00,0.00,,0.00,3250.00,NGN,0,Closed,2019-09-18 00:00:00,Performing
DOSUNMU ADERONKE FLORENCE,"=""22264542582""",5 shitta street ijegun ikotun Alimosho Lago,"=""08029305809""","=""11045414""","=""11072205""","=""10131473""",Personal fixed term loan,2023-04-30 00:00:00,20000.00,24200.00,,0.00,24200.00,NGN,0,Open,2023-05-30 00:00:00,Performing
DOSUNMU ADERONKE FLORENCE,"=""22264542582""",5 shitta street ijegun ikotun Alimosho Lago,"=""08029305809""","=""11045414""","=""11072205""","=""2030614194""",Personal fixed term loan,2021-01-28 00:00:00,10000.00,0.00,,0.00,13000.00,NGN,0,Open,2021-03-01 00:00:00,Performing
ADEDOKUN SHERIFF ADEGBOYEGA,"=""22343409933""",TETRA PAK AFRICA 8 SECRETARIAT ROAD,,"=""11212136""","=""24611370""","=""1001762737""",Personal fixed term loan,2022-11-08 00:00:00,500000.00,574272.00,,0.00,80375.00,NGN,0,Open,2024-05-16 00:00:00,Performing
UKACHI MARY AKUTA,"=""22190485410""",NO 23 STPHILIP STREET ASO MARARABA Karu Nasarawa State,"=""23408054313757""","=""11274333""","=""9008872""","=""2015269832""",Personal fixed term loan,2020-11-05 00:00:00,30000.00,0.00,,0.00,38400.00,NGN,0,Closed,2020-12-07 00:00:00,Performing
SOFEKUN BOLANLE BIODUN,"=""22191650741""",1ROBERT OLUDEKO CRESCENTIKORODU,"=""07065408897""","=""11396374""","=""9396217""","=""1017245473""",Personal fixed term loan,2020-10-29 00:00:00,20000.00,0.00,,0.00,9330.00,NGN,0,Closed,2021-01-27 00:00:00,Performing
SIMON SUNDAY MOSES,"=""22157112737""",NATIONAL DEFENCE COLLAGE BWARI LGA USHAFA FCT,,"=""11501462""","=""4960637""","=""787989014""",Personal fixed term loan,2020-01-16 00:00:00,1500.00,0.00,,0.00,1720.00,NGN,0,Open,2020-01-31 00:00:00,Performing
AJIYE OLALEKAN MICHAEL,"=""22194506667""",BLK 44 FLT 3 AMUWO ODOFIN EST MILE2,"=""08025762500""","=""11668654""","=""10762053""","=""2086866457""",Personal fixed term loan,2021-01-11 00:00:00,5000.00,0.00,,0.00,6500.00,NGN,0,Open,2021-02-10 00:00:00,Performing
MARUFU OLANREWAJU SANUSI,,NO31BALE STREETORILE IGANMULAGOS Surulere Lagos State Lago,"=""2348033247616""","=""11735102""","=""8554021""","=""3042513731""",Personal fixed term loan,2022-08-24 00:00:00,250000.00,0.00,,0.00,77084.00,NGN,0,Closed,2023-02-20 00:00:00,Performing
OKORIE DAVID CHIMA,"=""22212611401""",Darachita,"=""08166018457""","=""11931820""","=""10845672""","=""8309609""",Personal fixed term loan,2022-10-17 00:00:00,27500.00,0.00,,0.00,35750.00,NGN,0,Closed,2022-11-16 00:00:00,Performing
OKORIE DAVID CHIMA,"=""22212611401""",Darachita,"=""08166018457""","=""11931820""","=""10845672""","=""9189476""",Personal fixed term loan,2023-01-17 00:00:00,50000.00,0.00,,0.00,65000.00,NGN,0,Closed,2023-02-16 00:00:00,Performing
AKINYEMI MUDA AKANNI,"=""22169940719""",22 ENGR ALAGBE STREET ABEBI OTA,"=""08035728005""","=""11949871""","=""4632693""","=""2084914970""",Personal fixed term loan,2022-04-05 00:00:00,400000.00,0.00,,0.00,173060.00,NGN,0,Closed,2022-11-10 00:00:00,Performing
OGEGE OMOPELUMI BLESSING,"=""22357469831""",PrimaryAddressLine1,"=""08160432055""","=""10993862""","=""3274024""","=""3026904782""",Personal fixed term loan,2020-09-08 00:00:00,5000.00,113.00,,113.00,6500.00,NGN,1089,Open,2020-10-08 00:00:00,Lost
UMELI RAPHAEL OKWUDILI,"=""22146777602""",35 CHRISTDKING AVENUE EGAN IGANDO,"=""2348028316850""","=""11059403""","=""564776""","=""10569965""",Personal fixed term loan,2023-06-12 00:00:00,20000.00,25800.00,,0.00,25800.00,NGN,0,Open,2023-07-12 00:00:00,Performing
IUSANI ZAINAB,"=""22416909104""",LLINE 37 EWET HOUSING ESTATE UYO Uyo Akwa Ibom State,"=""9064318058""","=""11159893""","=""10147491""","=""2283032374""",Personal fixed term loan,2020-12-12 00:00:00,80000.00,101645.00,,101645.00,53600.00,NGN,994,Open,2021-02-10 00:00:00,Lost
OBIEKWE CHUKWUDI VINCENT,"=""22345643809""",CORPERS LODGE G S S MASAKA,,"=""11283969""","=""62599""","=""10229820""",Personal fixed term loan,2023-05-09 00:00:00,22500.00,0.00,,0.00,29250.00,NGN,,Closed,2023-06-08 00:00:00,Performing
OBIEKWE CHUKWUDI VINCENT,"=""22345643809""",CORPERS LODGE G S S MASAKA,,"=""11283969""","=""62599""","=""9492360""",Personal fixed term loan,2023-02-22 00:00:00,17500.00,0.00,,0.00,21000.00,NGN,0,Closed,2023-03-09 00:00:00,Performing
OBIEKWE CHUKWUDI VINCENT,"=""22345643809""",CORPERS LODGE G S S MASAKA,,"=""11283969""","=""62599""","=""9848965""",Personal fixed term loan,2023-04-03 00:00:00,22500.00,0.00,,0.00,27000.00,NGN,0,Closed,2023-04-18 00:00:00,Performing
ALOZIE CYRIL NDUDIRIM,"=""22288826002""",OGBOR ARONTA MBUTU Aboh Mbaise Imo State,,"=""11467669""","=""10143547""","=""38434833""",Personal fixed term loan,2020-12-11 00:00:00,5000.00,250.00,,250.00,6500.00,NGN,239,Open,2021-01-11 00:00:00,Lost
BASSEY EDONUGOM OGBO,"=""22204296508""",Atamunu 540253 Calabar Nigeria,"=""2348038337728""","=""11490908""","=""14405869""","=""217934597""",Personal fixed term loan,2021-08-27 00:00:00,500000.00,0.00,,0.00,132160.00,NGN,0,Closed,2022-02-23 00:00:00,Performing
OBADUN DEBORAH OLUWABUSOLA,"=""22176384878""",33C BOLORUNDURO STREET SANGO BASIN Ilorin East Kwara State,"=""08164050659""","=""11681564""","=""6554093""","=""9301233""",Personal fixed term loan,2023-01-30 00:00:00,2500.00,0.00,,0.00,3250.00,NGN,0,Closed,2023-03-01 00:00:00,Performing
OBADUN DEBORAH OLUWABUSOLA,"=""22176384878""",33C BOLORUNDURO STREET SANGO BASIN Ilorin East Kwara State,"=""08164050659""","=""11681564""","=""6554093""","=""9536994""",Personal fixed term loan,2023-02-28 00:00:00,12500.00,0.00,,0.00,16250.00,NGN,0,Closed,2023-03-30 00:00:00,Performing
AJANAKU OKHALE ALFRED,"=""22153605903""",16 MOBOLAJI STREET AGUDA OGBA,"=""07033147651""","=""11686187""","=""20203601""","=""5579378""",Personal fixed term loan,2022-01-07 00:00:00,60000.00,0.00,,0.00,27650.00,NGN,0,Open,2022-04-07 00:00:00,Performing
ESHUN EMMANUEL,"=""22246906779""",PrimaryAddressLine1,"=""08035124250""","=""11810595""","=""8287006""","=""6555318794""",Personal fixed term loan,2020-12-07 00:00:00,50000.00,66394.00,,66394.00,22330.00,NGN,999,Open,2021-03-08 00:00:00,Lost
USMAN MIKAILU,,PrimaryAddressLine1,"=""07066665560""","=""12114759""","=""1807387""","=""5331151266""",Personal fixed term loan,2019-09-08 00:00:00,15000.00,17250.00,,17250.00,19500.00,NGN,1455,Open,2019-10-08 00:00:00,Lost
CHANCE CLETUS JAMES,,Nigeria,"=""08065068584""","=""11023044""","=""13116445""","=""121972490""",Personal fixed term loan,2021-05-03 00:00:00,5000.00,0.00,,0.00,5800.00,NGN,0,Open,2021-06-02 00:00:00,Performing
IHONOR CLEMENT,,09 OFF YIDI AROLA ROAD YEKEBU AREA APETE IBADAN Ido Oyo S,"=""08036578812""","=""11075581""","=""10862109""","=""3094851534""",Personal fixed term loan,2021-01-16 00:00:00,25000.00,0.00,,0.00,18800.00,NGN,0,Open,2021-03-17 00:00:00,Performing
IBRAHIM HAUWAU ABDULLAHI,"=""22396247416""",2 UNGWAR GEZA ZOO ROADZOO ROAD BUS STOPKANOKAN Kumbotso Ka,"=""07065039886""","=""11152389""","=""6093893""","=""3028236034""",Personal fixed term loan,2020-12-15 00:00:00,80000.00,79386.00,,79386.00,36260.00,NGN,959,Open,2021-03-15 00:00:00,Lost
SUNDAY OLOWOOKERE ABAYOMI,,NO 2 REV JOHNSON ADEGUN STREET OFF IGANDO ROAD EGAN Alimos,"=""08034386303""","=""11254612""","=""8806914""","=""3065697486""",Personal fixed term loan,2021-02-02 00:00:00,30000.00,0.00,,0.00,39000.00,NGN,0,Open,2021-04-19 00:00:00,Performing
OLABIYI SERIFAT BOLATITO,,57 GABALEK AVENUE ONIKARA BADA AYOBO Alim,"=""08033619720""","=""11421518""","=""220413""","=""6500946""",Personal fixed term loan,2022-04-18 00:00:00,200000.00,0.00,,0.00,69990.00,NGN,0,Closed,2022-08-16 00:00:00,Performing
OLABIYI SERIFAT BOLATITO,,57 GABALEK AVENUE ONIKARA BADA AYOBO Alim,"=""08033619720""","=""11421518""","=""220413""","=""8401492""",Personal fixed term loan,2022-10-26 00:00:00,200000.00,0.00,,0.00,52867.00,NGN,0,Closed,2023-04-24 00:00:00,Performing
GEORGE OMOWUNMI A,"=""22301627937""",BLK 294 FLT 4 ABESAN ESTATE AKINYELE BSTP  ABESAN LAGOS,"=""08027523614""","=""11552928""","=""28194875""","=""10074287""",Personal fixed term loan,2023-04-25 00:00:00,70000.00,107380.00,,0.00,17897.00,NGN,0,Open,2023-10-22 00:00:00,Performing
ANISERE KHADIJAT ADEJOKE,"=""22309865214""",PLOT 3 ADELAKIN EBUN STREET OFF OKEIRA NLA AJAH,"=""2348168438721""","=""11761825""","=""28509804""","=""9735252""",Personal fixed term loan,2023-03-22 00:00:00,70000.00,80686.00,,0.00,40593.00,NGN,0,Open,2023-05-22 00:00:00,Performing
NWOKO THERESA C,"=""22232644810""",NO 13 DANIEL STREET SANGOTEDO LAGOS Eti Osa Lagos State,,"=""12007276""","=""1867598""","=""63276360""",Personal fixed term loan,2022-08-04 00:00:00,250000.00,0.00,,0.00,84700.00,NGN,0,Closed,2023-01-02 00:00:00,Performing
MARK MARY,"=""22172316260""",BK D1 GRACELAND ESTATE LUGBE AIRPORT ROAD ABUJA,"=""08039684258""","=""12011813""","=""4788985""","=""3015260977""",Personal fixed term loan,2021-10-30 00:00:00,350000.00,208692.00,,208692.00,92510.00,NGN,439,Open,2022-09-17 00:00:00,Lost
MARK MARY,"=""22172316260""",BK D1 GRACELAND ESTATE LUGBE AIRPORT ROAD ABUJA,"=""08039684258""","=""12011813""","=""4788985""","=""4788985""",Personal fixed term loan,2021-09-23 00:00:00,200000.00,0.00,,0.00,132890.00,NGN,0,Open,2021-11-22 00:00:00,Performing
AWE OLOLADE JANET,"=""22316486394""",OTUNLA STREET ROAD SAFETY OSOGBO Osogbo Osun State,"=""08147949273""","=""10992224""","=""6350535""","=""7882547""",Personal fixed term loan,2022-09-05 00:00:00,5000.00,0.00,,0.00,6155.00,NGN,0,Closed,2022-10-05 00:00:00,Performing
OLANLOKUN OYEWALE,"=""22146099643""",NO 5 OLORUNKEMI STREET Lagelu Oyo State,"=""07036316003""","=""11172077""","=""1897097""","=""3029266898""",Personal fixed term loan,2019-09-20 00:00:00,10000.00,0.00,,0.00,13000.00,NGN,0,Open,2019-10-21 00:00:00,Performing
ALIYU SULEIMAN,,NO NJOR LANE OLD REFINARY ROAD ELELENWO PH ObioAkpor River,"=""23408037440310""","=""11382196""","=""1462999""","=""5835474030""",Personal fixed term loan,2020-10-25 00:00:00,80000.00,91779.00,,91779.00,92800.00,NGN,1042,Open,2020-11-24 00:00:00,Lost
ABIP BENEDICT DAN,,92 AKPAN IDIOK STREET OFF IKOT EKPENE ROAD Uyo Akwa Ibom S,,"=""11607076""","=""352056""","=""6017137762""",Personal fixed term loan,2020-08-13 00:00:00,20000.00,21811.00,,21811.00,26000.00,NGN,1113,Open,2020-09-14 00:00:00,Lost
IKE OBUMNAEME JEROME,,7 ODUNSI STR BARIGA LAGOS Shomolu Lagos State,"=""08027480263""","=""11685778""","=""10200496""","=""221594413""",Personal fixed term loan,2022-10-20 00:00:00,250000.00,0.00,,0.00,86300.00,NGN,0,Closed,2023-03-20 00:00:00,Performing
ALUKO OLANIYI SAMSON,"=""22179544116""",Osogbo Nigeria,"=""08036677914""","=""11690029""","=""6480713""","=""6020459""",Personal fixed term loan,2022-02-26 00:00:00,30000.00,0.00,,0.00,8750.00,NGN,0,Closed,2022-10-09 00:00:00,Performing
IGWE PATRICK UTCHEY,"=""22168989971""",32 ISHOGA STREET MOSAFEJO ALAB LAGOS Ajeromi Ifelodun Lag,"=""08033225715""","=""11810193""","=""4962177""","=""1007962384""",Personal fixed term loan,2020-04-16 00:00:00,20000.00,0.00,,0.00,25000.00,NGN,0,Open,2020-05-18 00:00:00,Performing
ARIORI RAIMOT OMOWUNMI,,NO 10ASUELEME STREET OKE ODO Alimosho Lagos State,"=""08057785400""","=""11844589""","=""13135770""","=""10578395""",Personal fixed term loan,2023-06-13 00:00:00,20000.00,25800.00,,0.00,25800.00,NGN,0,Open,2023-07-13 00:00:00,Performing
POPOOLA ABIBAT ABIKE,"=""22191292491""",17 SANNI BALOGUN STREET ABULE EGBA,"=""08036890202""","=""11921733""","=""35178935""","=""9892827""",Personal fixed term loan,2023-04-07 00:00:00,275000.00,418000.00,,0.00,139334.00,NGN,0,Open,2023-07-07 00:00:00,Performing
YUSUF AHMED TIJANI,"=""22217790804""",14 ILE OMO ERUDA STREET BABOKO ILORIN  Ilorin West Kwara S,"=""07037823820""","=""11933122""","=""8078999""","=""9986653""",Personal fixed term loan,2023-04-16 00:00:00,30000.00,0.00,,0.00,36000.00,NGN,0,Closed,2023-05-01 00:00:00,Performing
AFOLAYAN FOLASADE ADENIKE,"=""22175546790""",FLAT1OKONDO LANE ARAROMI IKERE EKITI,,"=""11084353""","=""6765425""","=""2333312""",Personal fixed term loan,2020-08-21 00:00:00,30000.00,0.00,,0.00,20250.00,NGN,0,Closed,2020-10-20 00:00:00,Performing
LUCKY OLUSHOLA ADEBAYO,"=""22175740882""",FEDHOUSING NYANYA,"=""2347037092005""","=""11510921""","=""913637""","=""2281427590""",Personal fixed term loan,2022-01-04 00:00:00,100000.00,0.00,,0.00,42660.00,NGN,0,Open,2022-04-04 00:00:00,Performing
KUCHELI R HAMZA,"=""22174151155""",FCDA QUARTERS BLK M FLAT 5 PHASE II GARKI,"=""08102414880""","=""11550658""","=""20657338""","=""5276834""",Personal fixed term loan,2021-12-01 00:00:00,150000.00,0.00,,0.00,37490.00,NGN,0,Closed,2022-05-30 00:00:00,Performing
AGEBA GABRIEL GABRIEL,,Mobile police cam eric moore surulere lagos,"=""23408138276865""","=""11556649""","=""8121993""","=""2035459158""",Personal fixed term loan,2021-01-27 00:00:00,50000.00,0.00,,0.00,35990.00,NGN,0,Open,2021-03-29 00:00:00,Performing
SHAIRE OVIE,,Not Available,"=""08035083096""","=""11600819""","=""1524672""","=""5914236018""",Personal fixed term loan,2022-07-04 00:00:00,850000.00,0.00,,0.00,349350.00,NGN,0,Closed,2022-10-03 00:00:00,Performing
JOSEPH OLUSEGUN ADEREMI,"=""22297485090""",Not Available,"=""08035308726""","=""11755218""","=""13784295""","=""214850410""",Personal fixed term loan,2022-09-10 00:00:00,1000000.00,1324631.00,,0.00,189233.00,NGN,0,Open,2024-05-05 00:00:00,Performing
IBRAHIM HAMMED H,,26 OJA IYA ILORIN Ilorin West Kwara State,,"=""11943891""","=""488836""","=""24457816""",Personal fixed term loan,2020-11-28 00:00:00,45000.00,0.00,,0.00,19800.00,NGN,0,Open,2021-02-26 00:00:00,Performing
NWANGE NDIDI CHRISTOPHER,"=""22152002826""",PrimaryAddressLine1,"=""08036842174""","=""11983349""","=""13490110""","=""10077480""",Personal fixed term loan,2023-04-25 00:00:00,250000.00,288000.00,,0.00,288000.00,NGN,0,Open,2023-05-10 00:00:00,Performing
ABUBAKAR BELLO,"=""22420975988""",MABEA GIDAN JARIRI Sokoto South Sokoto State,"=""08064489550""","=""11027631""","=""10902845""","=""4857313881""",Personal fixed term loan,2021-01-18 00:00:00,5000.00,7250.00,,7250.00,6500.00,NGN,202,Open,2021-02-17 00:00:00,Lost
BENSON ENDURANCE ERALLE,"=""22320893674""",NO 36 BELLO ALAKA STREET OKOKO Ojo Lagos State,"=""08160250671""","=""11088256""","=""4992068""","=""5610305016""",Personal fixed term loan,2020-01-18 00:00:00,10000.00,0.00,,0.00,13000.00,NGN,0,Open,2020-02-17 00:00:00,Performing
OYEYEMI NAFISAT OMOTAYO,,Mobolaje oyo oyo state,"=""08162906959""","=""11263936""","=""14338115""","=""152347597""",Personal fixed term loan,2022-12-15 00:00:00,300000.00,709429.00,,0.00,101347.00,NGN,0,Open,2024-02-18 00:00:00,Performing
OYEYEMI NAFISAT OMOTAYO,,Mobolaje oyo oyo state,"=""08162906959""","=""11263936""","=""14338115""","=""5276628""",Personal fixed term loan,2021-12-01 00:00:00,100000.00,0.00,,0.00,37500.00,NGN,0,Open,2022-03-31 00:00:00,Performing
ALANI ADEKUNLE SAMSON,"=""22202012245""",10 12 FAGBENRO STREET,,"=""11512445""","=""774092""","=""69092290""",Personal fixed term loan,2019-07-07 00:00:00,80000.00,42964.00,,42964.00,53600.00,NGN,1488,Open,2019-09-05 00:00:00,Lost
ADERIBIGBE DAMILOLA ADENIKE,"=""22165532745""",NO 1 UNIQUE ESATE OFF OLORUNDA ABAA ROAD AKJOBO IBADAN Lag,"=""07069422810""","=""11758210""","=""8744733""","=""96845331""",Personal fixed term loan,2020-10-22 00:00:00,5000.00,0.00,,0.00,5600.00,NGN,0,Closed,2020-11-23 00:00:00,Performing
TIJJANI ABDULLAHI,,NO 06 OKWOROULA STREET OFF STADIUM ROAD PHC,,"=""11794692""","=""1795368""","=""3041885276""",Personal fixed term loan,2019-09-11 00:00:00,1500.00,0.00,,0.00,1950.00,NGN,0,Closed,2019-10-11 00:00:00,Performing
TIJJANI ABDULLAHI,,NO 06 OKWOROULA STREET OFF STADIUM ROAD PHC,,"=""11794692""","=""1795368""","=""638756""",Personal fixed term loan,2019-09-11 00:00:00,1500.00,0.00,,0.00,1950.00,NGN,0,Closed,2019-10-11 00:00:00,Performing
HADIZA HADIZA NUHU,"=""22196784746""",mopol barracksnyanya Municipal Area Council FCT,"=""08035723882""","=""12056126""","=""10385628""","=""21697080""",Personal fixed term loan,2020-12-19 00:00:00,80000.00,96000.00,,96000.00,99200.00,NGN,987,Open,2021-01-18 00:00:00,Lost
SENYO JOHN KODJO,"=""22325641199""",BLOCK 2 AGBOOLA ABULE IBESHEIKORODULA ID,"=""08102476046""","=""11153210""","=""7166399""","=""10470770""",Personal fixed term loan,2023-06-02 00:00:00,35000.00,0.00,,0.00,10664.00,NGN,0,Closed,2023-11-29 00:00:00,Performing
SENYO JOHN KODJO,"=""22325641199""",BLOCK 2 AGBOOLA ABULE IBESHEIKORODULA ID,"=""08102476046""","=""11153210""","=""7166399""","=""6305391""",Personal fixed term loan,2022-03-29 00:00:00,10000.00,0.00,,0.00,6800.00,NGN,0,Closed,2022-05-30 00:00:00,Performing
SENYO JOHN KODJO,"=""22325641199""",BLOCK 2 AGBOOLA ABULE IBESHEIKORODULA ID,"=""08102476046""","=""11153210""","=""7166399""","=""6413620""",Personal fixed term loan,2022-04-09 00:00:00,30000.00,0.00,,0.00,8450.00,NGN,0,Closed,2022-11-20 00:00:00,Performing
ZUBAIR KUBURA MOHAMMED,"=""22342415627""",PrimaryAddressLine1,"=""08036072488""","=""11235234""","=""10367293""","=""168365084""",Personal fixed term loan,2020-12-19 00:00:00,50000.00,60000.00,,60000.00,64000.00,NGN,987,Open,2021-01-18 00:00:00,Lost
IMAM MUBARAK SULEMAN,"=""22359736586""",19 ILUPEJU STREET OBADA OKO ABK Abeokuta South Ogun State,"=""07034622221""","=""11425613""","=""10083675""","=""3076467036""",Personal fixed term loan,2020-12-16 00:00:00,20000.00,17775.00,,17775.00,8930.00,NGN,959,Open,2021-03-16 00:00:00,Lost
DONATUS DAVID TAPGUN,,NO 4 AA UTAN LANE ROCK HEAVEN JOS Jos North Plateau State,"=""08066372255""","=""11431306""","=""9714100""","=""3025026099""",Personal fixed term loan,2021-01-12 00:00:00,5000.00,0.00,,0.00,6000.00,NGN,0,Open,2021-01-27 00:00:00,Performing
Ajayi Omowumi Esther,,9 HIGH STREET EXTENTION SHAG ARI ESTATE Ak,,"=""11456465""","=""6493469""","=""9250108""",Personal fixed term loan,2023-01-24 00:00:00,17500.00,0.00,,0.00,22750.00,NGN,0,Closed,2023-02-23 00:00:00,Performing
UDONGWO GODWIN WILLIAM,,4 Dove Haven Close Eliozu Port Harcourt,"=""2348037403165""","=""11739182""","=""15711397""","=""2006085681""",Personal fixed term loan,2022-11-08 00:00:00,400000.00,168885.00,,0.00,84445.00,NGN,0,Open,2023-11-14 00:00:00,Performing
APOCHI EMMANUEL,"=""22143828398""",20 oduguwa street ladi lak barga Shomolu Lagos State,"=""07065723331""","=""11788284""","=""6773830""","=""2262305""",Personal fixed term loan,2020-08-04 00:00:00,5000.00,0.00,,0.00,6500.00,NGN,0,Closed,2020-09-03 00:00:00,Performing
YUNUSA ABDUL HUSSEINI,"=""22228418364""",NO9B YEM KPOP STREET BEHIND NUHU ALIYU STREET BARNAWA KADUNA,"=""08034521651""","=""11818534""","=""5557404""","=""2015881618""",Personal fixed term loan,2021-07-01 00:00:00,250000.00,0.00,,0.00,36660.00,NGN,0,Closed,2022-06-27 00:00:00,Performing
YUNUSA ABDUL HUSSEINI,"=""22228418364""",NO9B YEM KPOP STREET BEHIND NUHU ALIYU STREET BARNAWA KADUNA,"=""08034521651""","=""11818534""","=""5557404""","=""4076129""",Personal fixed term loan,2021-07-01 00:00:00,250000.00,0.00,,0.00,36660.00,NGN,0,Closed,2022-06-27 00:00:00,Performing
OPEYEMI OLADIMEJI ALANI,,NO 12 FAGBAYI STREET IYANAIPAJA,"=""08090804782""","=""11862211""","=""18058528""","=""261684400""",Personal fixed term loan,2021-12-30 00:00:00,10000.00,0.00,,0.00,11900.00,NGN,0,Open,2022-01-31 00:00:00,Performing
JEGEDE MICHAEL,"=""22161449320""",7 AKINLADE SAVAGE STREETFAGBALAGOS IfakoIjaiye Lagos State,"=""08035841578""","=""11784535""","=""5253862""","=""9472306""",Personal fixed term loan,2023-02-19 00:00:00,60000.00,0.00,,0.00,72600.00,NGN,0,Closed,2023-03-21 00:00:00,Performing
AGBAJI ANDREW,"=""22175464153""",ABRAKA POLICE BARRACKABRAKADELTA S,"=""23408063884464""","=""11802134""","=""664876""","=""6736779""",Personal fixed term loan,2022-05-13 00:00:00,5000.00,0.00,,0.00,6410.00,NGN,0,Closed,2022-06-30 00:00:00,Performing
AGBAJI ANDREW,"=""22175464153""",ABRAKA POLICE BARRACKABRAKADELTA S,"=""23408063884464""","=""11802134""","=""664876""","=""7295546""",Personal fixed term loan,2022-07-09 00:00:00,10000.00,0.00,,0.00,11790.00,NGN,0,Closed,2022-07-25 00:00:00,Performing
AGBAJI ANDREW,"=""22175464153""",ABRAKA POLICE BARRACKABRAKADELTA S,"=""23408063884464""","=""11802134""","=""664876""","=""7322205""",,2022-07-12 00:00:00,50000.00,0.00,,0.00,35250.00,NGN,0,Closed,2022-09-12 00:00:00,Performing
AGBAJI ANDREW,"=""22175464153""",ABRAKA POLICE BARRACKABRAKADELTA S,"=""23408063884464""","=""11802134""","=""664876""","=""8162104""",Personal fixed term loan,2022-10-02 00:00:00,7500.00,0.00,,0.00,9000.00,NGN,0,Closed,2022-10-17 00:00:00,Performing
TOM CHARITY PRINCE,"=""22158668750""",26 MOLUSI AVENUE LAWANSON,"=""08169799889""","=""12098928""","=""6664692""","=""6059481""",Personal fixed term loan,2022-03-03 00:00:00,60000.00,0.00,,0.00,44090.00,NGN,0,Closed,2022-05-30 00:00:00,Performing
TOM CHARITY PRINCE,"=""22158668750""",26 MOLUSI AVENUE LAWANSON,"=""08169799889""","=""12098928""","=""6664692""","=""701667320""",Personal fixed term loan,2020-07-25 00:00:00,15000.00,0.00,,0.00,19050.00,NGN,0,Open,2020-08-24 00:00:00,Performing
SOLOMON DAVID UDOFIA,,KM 17 IDEDO NEW SITE ATAN OTA,,"=""11116615""","=""18165425""","=""2072914470""",Personal fixed term loan,2021-10-27 00:00:00,2500.00,0.00,,0.00,2500.00,NGN,0,Open,2021-11-11 00:00:00,Performing
FRANCIS DANIEL,"=""22365033525""",no 8 namana road gonin gora kaduna Kaduna South Kaduna Sta,,"=""11789536""","=""10480426""","=""16366528""",Personal fixed term loan,2021-01-24 00:00:00,5000.00,0.00,,0.00,6000.00,NGN,0,Open,2021-02-08 00:00:00,Performing
IKWUAGWU ELVIS CHINOYE,,1 ikunna street ikotun egbe Oshodi Isolo Lagos State,"=""08186525956""","=""11839297""","=""127030""","=""17583133""",Personal fixed term loan,2020-12-16 00:00:00,20000.00,0.00,,0.00,26000.00,NGN,0,Open,2021-01-15 00:00:00,Performing
ATTA MUNIRAT,"=""22183760397""",PrimaryAddressLine1,"=""08033143241""","=""12119474""","=""13023367""","=""162127484""",Personal fixed term loan,2021-11-24 00:00:00,300000.00,0.00,,0.00,80440.00,NGN,0,Closed,2022-05-23 00:00:00,Performing
ODUMUYIWA OLUWAFEMI TEMITOPE,,9VC6 8Q Ibadan Nigeria,"=""08164873398""","=""12171039""","=""2032903""","=""768913750""",Personal fixed term loan,2019-09-25 00:00:00,15000.00,0.00,,0.00,19500.00,NGN,0,Open,2019-10-25 00:00:00,Performing
ISAAC ABIODUN OJO ABIODUN,"=""22198155269""",2 MODUPE ORIDUPA STREET IFO Ifo Ogun State,"=""2348023674971""","=""11081674""","=""4876997""","=""5061024135""",Personal fixed term loan,2020-01-12 00:00:00,1500.00,0.00,,0.00,1720.00,NGN,0,Open,2020-01-27 00:00:00,Performing
David Offiong Stone,,jennifer tobias flat 1,,"=""11332780""","=""21092536""","=""9873242""",Personal fixed term loan,2023-04-05 00:00:00,22500.00,0.00,,0.00,28575.00,NGN,0,Closed,2023-05-05 00:00:00,Performing
OLUSOLA ERINOSO SULAIMON,,42 KEHINDE COMPOUND OKEBODE ABEOKUTA Abeokuta South Ogun S,"=""08162320923""","=""11657671""","=""1482648""","=""2085650679""",Personal fixed term loan,2019-08-15 00:00:00,4000.00,0.00,,0.00,5000.00,NGN,0,Open,2019-09-16 00:00:00,Performing
MAKU SUNDAY,"=""22261752955""",9 BADEJO STR OTUBU BUS STOP AGEGE Agege Lagos State,"=""2347062882020""","=""11829876""","=""2099450""","=""115338882""",Personal fixed term loan,2020-10-06 00:00:00,15000.00,0.00,,0.00,19500.00,NGN,0,Open,2020-11-05 00:00:00,Performing
ADESINA ADEROPO SYLVESTER,"=""22146263037""",Nigeria,"=""08075224885""","=""11911449""","=""229235""","=""130786774""",Personal fixed term loan,2022-09-09 00:00:00,250000.00,0.00,,0.00,291250.00,NGN,0,Closed,2022-09-26 00:00:00,Performing
ADESINA ADEROPO SYLVESTER,"=""22146263037""",Nigeria,"=""08075224885""","=""11911449""","=""229235""","=""9893888""",Personal fixed term loan,2023-04-07 00:00:00,160000.00,0.00,,0.00,108480.00,NGN,0,Closed,2023-06-07 00:00:00,Performing
OKPARAJIAK LILIAN IFEOMA,,OWERRI EBEIRI ORLU Orlu Imo State,"=""2347033244996""","=""11944774""","=""10984933""","=""2004459965""",Personal fixed term loan,2021-01-23 00:00:00,10000.00,0.00,,0.00,13000.00,NGN,0,Open,2021-02-22 00:00:00,Performing
OWOLABI ABIMBOLA CHRISTIANAH,,4 ENUGU STREET TOWN Port Harcourt Rivers State,"=""08167567222""","=""12098343""","=""224810""","=""119153759""",Personal fixed term loan,2021-01-28 00:00:00,30000.00,0.00,,0.00,39000.00,NGN,0,Open,2021-03-01 00:00:00,Performing
OGUNJIMI O,,BLK H FLAT 18 AOCOED STAFF QUATERS IBEREKO BADAGRY Badagr,"=""08033912362""","=""11032409""","=""9891825""","=""230910291""",Personal fixed term loan,2020-12-03 00:00:00,40000.00,0.00,,0.00,27190.00,NGN,0,Open,2021-02-01 00:00:00,Performing
SAM CHINONSO NNAWUBA,"=""22221796975""",Warri Nigeria,"=""08037185970""","=""11107782""","=""46749""","=""3029510512""",Personal fixed term loan,2020-12-03 00:00:00,120000.00,0.00,,0.00,80400.00,NGN,0,Closed,2021-02-01 00:00:00,Performing
ADEJUMO OMOLARA IYABO,"=""22175285826""",JUBILLEE HOUSE OTA EFUN OSOGBO Olorunda Osu,"=""08035709841""","=""11594731""","=""11708612""","=""4371866""",Personal fixed term loan,2021-08-09 00:00:00,90000.00,0.00,,0.00,23780.00,NGN,0,Open,2022-03-09 00:00:00,Performing
MOHAMMED IBRAHIM,"=""22200785039""",10 DANFODIO STREET OFF LIVERPOOL APAPA LAGOS Apapa Lagos S,"=""08035047191""","=""11030563""","=""790679""","=""2080965242""",Personal fixed term loan,2022-12-13 00:00:00,1800000.00,0.00,,0.00,163200.00,NGN,0,Closed,2024-12-02 00:00:00,Performing
MOHAMMED IBRAHIM,"=""22200785039""",10 DANFODIO STREET OFF LIVERPOOL APAPA LAGOS Apapa Lagos S,"=""08035047191""","=""11030563""","=""790679""","=""9794095""",Personal fixed term loan,2023-03-29 00:00:00,50000.00,0.00,,0.00,60250.00,NGN,0,Closed,2023-04-28 00:00:00,Performing
OGUNDIRAN MOSES OLUWASEUN,"=""22206899246""",PrimaryAddressLine1,"=""08028476159""","=""11179616""","=""6270028""","=""6282158""",,2022-03-26 00:00:00,100000.00,0.00,,0.00,33080.00,NGN,0,Closed,2022-10-12 00:00:00,Performing
OGUNDIRAN MOSES OLUWASEUN,"=""22206899246""",PrimaryAddressLine1,"=""08028476159""","=""11179616""","=""6270028""","=""8604009""",Personal fixed term loan,2022-11-15 00:00:00,22500.00,0.00,,0.00,29250.00,NGN,0,Closed,2022-12-15 00:00:00,Performing
MUHAMMED SULEIMAN ADAMS,"=""22252948756""",LAMBAMBA HOTEL STREET MPAPE ABUJA Bwari FCT,,"=""11207751""","=""6050360""","=""10265767""",Personal fixed term loan,2023-05-13 00:00:00,25000.00,0.00,,0.00,32500.00,NGN,0,Closed,2023-06-12 00:00:00,Performing
MUHAMMED SULEIMAN ADAMS,"=""22252948756""",LAMBAMBA HOTEL STREET MPAPE ABUJA Bwari FCT,,"=""11207751""","=""6050360""","=""10562995""",Personal fixed term loan,2023-06-11 00:00:00,27500.00,0.00,,0.00,35750.00,NGN,0,Closed,2023-07-11 00:00:00,Performing
MUHAMMED SULEIMAN ADAMS,"=""22252948756""",LAMBAMBA HOTEL STREET MPAPE ABUJA Bwari FCT,,"=""11207751""","=""6050360""","=""8956952""",Personal fixed term loan,2022-12-21 00:00:00,5000.00,0.00,,0.00,5750.00,NGN,0,Closed,2023-01-05 00:00:00,Performing
MUHAMMED SULEIMAN ADAMS,"=""22252948756""",LAMBAMBA HOTEL STREET MPAPE ABUJA Bwari FCT,,"=""11207751""","=""6050360""","=""9062427""",Personal fixed term loan,2023-01-03 00:00:00,17500.00,0.00,,0.00,22750.00,NGN,0,Closed,2023-02-02 00:00:00,Performing
MUHAMMED SULEIMAN ADAMS,"=""22252948756""",LAMBAMBA HOTEL STREET MPAPE ABUJA Bwari FCT,,"=""11207751""","=""6050360""","=""9209531""",Personal fixed term loan,2023-01-19 00:00:00,20000.00,0.00,,0.00,26000.00,NGN,0,Closed,2023-02-20 00:00:00,Performing
MUHAMMED SULEIMAN ADAMS,"=""22252948756""",LAMBAMBA HOTEL STREET MPAPE ABUJA Bwari FCT,,"=""11207751""","=""6050360""","=""9427534""",Personal fixed term loan,2023-02-14 00:00:00,20000.00,0.00,,0.00,25680.00,NGN,0,Closed,2023-03-16 00:00:00,Performing
MUHAMMED SULEIMAN ADAMS,"=""22252948756""",LAMBAMBA HOTEL STREET MPAPE ABUJA Bwari FCT,,"=""11207751""","=""6050360""","=""9641924""",Personal fixed term loan,2023-03-12 00:00:00,15000.00,0.00,,0.00,19500.00,NGN,0,Closed,2023-04-11 00:00:00,Performing
MUHAMMED SULEIMAN ADAMS,"=""22252948756""",LAMBAMBA HOTEL STREET MPAPE ABUJA Bwari FCT,,"=""11207751""","=""6050360""","=""9869082""",Personal fixed term loan,2023-04-05 00:00:00,25000.00,0.00,,0.00,30000.00,NGN,0,Closed,2023-04-20 00:00:00,Performing
MUHAMMED SULEIMAN ADAMS,"=""22252948756""",LAMBAMBA HOTEL STREET MPAPE ABUJA Bwari FCT,,"=""11207751""","=""6050360""","=""9979085""",Personal fixed term loan,2023-04-15 00:00:00,25000.00,0.00,,0.00,32500.00,NGN,0,Closed,2023-05-15 00:00:00,Performing
SULYMAN OLAIYA,,11 ADOGUNDURO COMPOUND OJU EKUN STREET IDI APE,"=""08137619614""","=""11759436""","=""931595""","=""129881486""",Personal fixed term loan,2019-02-28 00:00:00,30000.00,34496.00,,34496.00,39000.00,NGN,1645,Open,2019-04-01 00:00:00,Lost
ANTHONY RUTH TOYIN,,31B ALFA OLADOKUN STREET  AGBARA AREA Badagry Lagos State,"=""2347068843596""","=""12105452""","=""10097823""","=""156848700""",Personal fixed term loan,2021-01-04 00:00:00,5000.00,0.00,,0.00,6500.00,NGN,0,Open,2021-02-03 00:00:00,Performing
AMEH ISAH,"=""22146621578""",45 OBGUWANKOW STREET AJEGUNLE AjeromiIfelodun Lagos State,"=""08039129020""","=""11462728""","=""5666542""","=""1846927""",Personal fixed term loan,2020-03-19 00:00:00,5000.00,0.00,,0.00,5750.00,NGN,0,Closed,2020-04-03 00:00:00,Performing
AMEH ISAH,"=""22146621578""",45 OBGUWANKOW STREET AJEGUNLE AjeromiIfelodun Lagos State,"=""08039129020""","=""11462728""","=""5666542""","=""2009420""",Personal fixed term loan,2020-05-26 00:00:00,2500.00,0.00,,0.00,2870.00,NGN,0,Closed,2020-06-10 00:00:00,Performing
IMADE REGINA,"=""22174776132""",4 PEACE DRIVE RUMUNDURUOURT,"=""08033342326""","=""11796676""","=""20161442""","=""2086736495""",Personal fixed term loan,2022-03-04 00:00:00,250000.00,0.00,,0.00,66080.00,NGN,0,Closed,2022-09-07 00:00:00,Performing
IMADE REGINA,"=""22174776132""",4 PEACE DRIVE RUMUNDURUOURT,"=""08033342326""","=""11796676""","=""20161442""","=""5333688818""",Personal fixed term loan,2021-11-11 00:00:00,100000.00,0.00,,0.00,41330.00,NGN,0,Open,2022-02-24 00:00:00,Performing
IKUMI GIFT EMOSIORIAMHE,"=""22238648483""",Lekki Nigeria,"=""07037701457""","=""12034879""","=""7809079""","=""34256209""",Personal fixed term loan,2020-11-19 00:00:00,60000.00,0.00,,0.00,13400.00,NGN,0,Open,2021-05-18 00:00:00,Performing
MAKINDE BOLUWATIFE,,1 OREMEJI STREET ADEXSIN AREA ALONG IGANDO Alimosho Lagos,"=""08131275951""","=""12099055""","=""9997892""","=""3117912929""",Personal fixed term loan,2021-02-05 00:00:00,35000.00,30998.00,,30998.00,17500.00,NGN,909,Open,2021-05-06 00:00:00,Lost
ADEYEMI OLAYINKA OLUSHOLA,"=""22179162536""",lugbe Airport Road Abuja,"=""08139398815""","=""12116954""","=""6686588""","=""6753327""",Personal fixed term loan,2022-05-15 00:00:00,10000.00,0.00,,0.00,12000.00,NGN,0,Closed,2022-05-30 00:00:00,Performing
ADEYEMI OLAYINKA OLUSHOLA,"=""22179162536""",lugbe Airport Road Abuja,"=""08139398815""","=""12116954""","=""6686588""","=""6920024""",Personal fixed term loan,2022-06-02 00:00:00,25000.00,0.00,,0.00,30000.00,NGN,0,Closed,2022-06-17 00:00:00,Performing
PRINCEWILL TAMUNOTEIM SENIBO,"=""22229579772""",BLOCK H FLAT 2NIGERIAN PRINTING AND MINTING,"=""07019301755""","=""10986948""","=""5887092""","=""7547945""",Personal fixed term loan,2022-08-03 00:00:00,5000.00,0.00,,0.00,5750.00,NGN,0,Closed,2022-08-18 00:00:00,Performing
PRINCEWILL TAMUNOTEIM SENIBO,"=""22229579772""",BLOCK H FLAT 2NIGERIAN PRINTING AND MINTING,"=""07019301755""","=""10986948""","=""5887092""","=""7709114""",Personal fixed term loan,2022-08-19 00:00:00,5000.00,0.00,,0.00,6000.00,NGN,0,Closed,2022-09-05 00:00:00,Performing
PRINCEWILL TAMUNOTEIM SENIBO,"=""22229579772""",BLOCK H FLAT 2NIGERIAN PRINTING AND MINTING,"=""07019301755""","=""10986948""","=""5887092""","=""9079499""",Personal fixed term loan,2023-01-05 00:00:00,2500.00,0.00,,0.00,3025.00,NGN,0,Closed,2023-02-06 00:00:00,Performing
PRINCEWILL TAMUNOTEIM SENIBO,"=""22229579772""",BLOCK H FLAT 2NIGERIAN PRINTING AND MINTING,"=""07019301755""","=""10986948""","=""5887092""","=""9481388""",Personal fixed term loan,2023-02-20 00:00:00,5000.00,0.00,,0.00,6375.00,NGN,0,Closed,2023-03-22 00:00:00,Performing
PRINCEWILL TAMUNOTEIM SENIBO,"=""22229579772""",BLOCK H FLAT 2NIGERIAN PRINTING AND MINTING,"=""07019301755""","=""10986948""","=""5887092""","=""9798655""",Personal fixed term loan,2023-03-29 00:00:00,5000.00,0.00,,0.00,7995.00,NGN,0,Closed,2023-04-28 00:00:00,Performing
ADIMA THANKGOD,,PrimaryAddressLine1,"=""2347034529899""","=""11066335""","=""7515178""","=""245556497""",Personal fixed term loan,2020-09-24 00:00:00,5000.00,2493.00,,2493.00,5750.00,NGN,1088,Open,2020-10-09 00:00:00,Lost
ALIYU AMINU,,SHIYAR GALDIMA,,"=""11128890""","=""1762943""","=""115638032""",Personal fixed term loan,2019-09-03 00:00:00,1500.00,1725.00,,1725.00,1950.00,NGN,1460,Open,2019-10-03 00:00:00,Lost
AKANDE VICTOR,"=""22148884177""",18 PURPOSEFUL OLAMBE OGUN STATE Ifo Ogun State,"=""08027035289""","=""11398375""","=""8688658""","=""2132594242""",Personal fixed term loan,2020-10-03 00:00:00,25000.00,1500.00,,1500.00,31500.00,NGN,1064,Open,2020-11-02 00:00:00,Lost
OLAYINKA OLUTOSIN A,,No 31 Aredegbe street Regal hall Oluodo Ikorodu Lagos,"=""07061550195""","=""11568276""","=""12780308""","=""79091250""",Personal fixed term loan,2021-04-22 00:00:00,2500.00,0.00,,0.00,2750.00,NGN,0,Open,2021-05-07 00:00:00,Performing
BORISADE DEBORAH O,"=""22199625648""",22B IJEMO STREET OPP AGM CHURCH STDAVID PRY SCH AREA,"=""08169335111""","=""11682238""","=""42646003""","=""10061536""",Personal fixed term loan,2023-04-23 00:00:00,30000.00,37500.00,,0.00,37500.00,NGN,0,Open,2023-05-23 00:00:00,Performing
BANJO SIMISOLA AMAKA,"=""22235443546""",32 OJO STREET SALAMI SHASHA EGBEDA Alimosho Lagos State,"=""07011960772""","=""11808118""","=""17276183""","=""106522119""",Personal fixed term loan,2022-02-17 00:00:00,750000.00,0.00,,0.00,143330.00,NGN,0,Closed,2022-12-06 00:00:00,Performing
PAUL TEMITOPE TUNRAYO,"=""22334076164""",15 OLUOKEWUNMI STR IJEGUN IKOTUN,"=""07066265270""","=""11855832""","=""33044025""","=""2085550359""",Personal fixed term loan,2022-08-17 00:00:00,400000.00,0.00,,0.00,518000.00,NGN,0,Closed,2022-10-22 00:00:00,Performing
MOSES EMEKA OPUTA,"=""22145062374""",7 Edun Street Shogunle Oshodi,"=""2348035006905""","=""11991500""","=""20794931""","=""127510810""",Personal fixed term loan,2022-04-16 00:00:00,750000.00,0.00,,0.00,171120.00,NGN,0,Closed,2022-10-28 00:00:00,Performing
ONWUZURIKE STANLEY CHUKWU,,NO 25 SEASIDE ROAD OYIGBO Oyigbo Rivers State,"=""08028424147""","=""12137535""","=""245956""","=""2002836047""",Personal fixed term loan,2019-08-18 00:00:00,2500.00,999.00,,999.00,3120.00,NGN,1476,Open,2019-09-17 00:00:00,Lost
OGBANI EMMANUEL CHINONYEREM,"=""22221027963""",moranti opp 33 barracks,"=""07080353101""","=""11002308""","=""27481951""","=""10096519""",Personal fixed term loan,2023-04-27 00:00:00,40000.00,49200.00,,0.00,49200.00,NGN,0,Open,2023-05-27 00:00:00,Performing
YAKUBU ILIYA,,CHIEF PALACE GALADIMA AIRPORT ROAD,"=""07064480863""","=""11016965""","=""2950674""","=""154036392""",Personal fixed term loan,2019-10-30 00:00:00,1500.00,0.00,,0.00,1950.00,NGN,0,Closed,2019-11-29 00:00:00,Performing
MICHAEL TIMOTHY IDOWU,"=""22160476370""",14 15 Prince Alaba Oniru Road Victoria Island,"=""08032911808""","=""11033778""","=""7593759""","=""8790582""",Personal fixed term loan,2022-12-04 00:00:00,7500.00,0.00,,0.00,9375.00,NGN,0,Closed,2022-12-19 00:00:00,Performing
RAMANUS EMEKA SEUN,"=""22369675321""",24 OLUFEMI STREET ALABA OJO LAGOS Ojo Lagos State,,"=""11393112""","=""1760100""","=""804437176""",Personal fixed term loan,2019-09-03 00:00:00,1500.00,0.00,,0.00,1950.00,NGN,0,Closed,2019-10-03 00:00:00,Performing
ADEMOLA ADEKUNLE ADEDEJI,,14 JAWE SOLA ISASA OWODE YEWA,"=""2348068051985""","=""11411832""","=""2592271""","=""10608524""",Personal fixed term loan,2023-06-16 00:00:00,20000.00,25800.00,,0.00,25800.00,NGN,0,Open,2023-07-16 00:00:00,Performing
Digban Bukky Janet,,4c asata mine road,,"=""11651823""","=""8320132""","=""2085036510""",Personal fixed term loan,2020-11-21 00:00:00,20000.00,0.00,,0.00,9060.00,NGN,0,Open,2021-02-19 00:00:00,Performing
SANUSI SAIDAT,"=""22157434914""",19 WAMONTAOFIK STREET ABULE EGBA,,"=""11827503""","=""244230""","=""9668860""",Personal fixed term loan,2023-03-15 00:00:00,200000.00,246600.00,,0.00,123300.00,NGN,0,Open,2023-05-14 00:00:00,Performing
ORTUTU FECHI CELESTINA,,1 PARO OGBONDA STREET OFF APA MINI WOJI ObioAkpor Rivers S,"=""08064156422""","=""11928712""","=""5744912""","=""107226971""",Personal fixed term loan,2021-01-28 00:00:00,150000.00,0.00,,0.00,0.00,NGN,0,Closed,2021-04-28 00:00:00,Performing
ORTUTU FECHI CELESTINA,,1 PARO OGBONDA STREET OFF APA MINI WOJI ObioAkpor Rivers S,"=""08064156422""","=""11928712""","=""5744912""","=""1824112""",Personal fixed term loan,2020-03-15 00:00:00,35000.00,0.00,,0.00,40250.00,NGN,0,Closed,2020-03-30 00:00:00,Performing
ADESUJO OLUWATUMININU MARY,,NO 6 CLOSE B ISLAND CRESCENT OFF HALLELUYAH QUARTERS IBAFO,"=""08134153104""","=""12165721""","=""1173584""","=""229373""",Personal fixed term loan,2019-05-18 00:00:00,1500.00,0.00,,0.00,1950.00,NGN,0,Closed,2019-06-17 00:00:00,Performing
IBRAHIM MURTALA MUHAMMAD,"=""22267224072""",zarumi compound opposite federal government college ilori,"=""2348064689994""","=""11069375""","=""20197766""","=""77720529""",Personal fixed term loan,2022-01-05 00:00:00,250000.00,0.00,,0.00,38540.00,NGN,0,Closed,2023-02-15 00:00:00,Performing
TYOAKAA ANJA,"=""22249598045""",OPPOSITE DEEPER LIFE BIBLE CHURCH BURUKU Buruku Benue Stat,"=""2348111228695""","=""11208188""","=""6857458""","=""4712063486""",Personal fixed term loan,2020-10-04 00:00:00,2500.00,340.00,,340.00,3250.00,NGN,547,Open,2020-11-05 00:00:00,Lost
UMAR NAFIU,,UMAR RESIDENCE OPP KING,"=""08069822824""","=""11392378""","=""1771293""","=""45164973""",Personal fixed term loan,2019-09-04 00:00:00,1500.00,1725.00,,1725.00,1950.00,NGN,1459,Open,2019-10-04 00:00:00,Lost
DADA TIMILEHIN AYODELE,,OKE BOLA Ife Central Osun State,"=""08039453418""","=""11759700""","=""757179""","=""138597905""",Personal fixed term loan,2019-11-29 00:00:00,1500.00,979.00,,979.00,1720.00,NGN,1386,Open,2019-12-16 00:00:00,Lost
HENRY NNAMDI KINGSLEY,,Idimu 102213 Lagos Nigeria,,"=""11792374""","=""16818281""","=""9903530""",Personal fixed term loan,2023-04-08 00:00:00,60000.00,115500.00,,0.00,57750.00,NGN,0,Open,2023-06-07 00:00:00,Performing
ADEJIMI FADESOLA GIWA,"=""22244117144""",11 BAMGBOYE STREET OFF COMMUNITY ROAD JANKARA IJAIYE,,"=""11846789""","=""10582055""","=""78610791""",Personal fixed term loan,2021-01-24 00:00:00,15000.00,0.00,,0.00,19500.00,NGN,0,Open,2021-02-23 00:00:00,Performing
MBAGWU DECLAN CHIMECHEFULAM,,WOWO ST KAYADA KUJE ABUJA Kuje FCT,"=""2347080556407""","=""12214548""","=""8928074""","=""2080625953""",Personal fixed term loan,2021-01-15 00:00:00,50000.00,0.00,,0.00,61500.00,NGN,0,Open,2021-02-15 00:00:00,Performing
ERO RAINY GBEMISOLA,"=""22144056390""",1 AJOGBE STREET BARRACKS SURULERE LAGOS,"=""08051954274""","=""11263165""","=""41394309""","=""9748326""",Personal fixed term loan,2023-03-24 00:00:00,140000.00,0.00,,0.00,61180.00,NGN,0,Closed,2023-06-22 00:00:00,Performing
AMANYUNOSE SADE,,2 KADUPE STREET OFF UNITY AVE IJAYE OJOKORO   Alimosho La,"=""9094633082""","=""11303356""","=""4727028""","=""729925530""",Personal fixed term loan,2021-02-24 00:00:00,5000.00,0.00,,0.00,5500.00,NGN,0,Open,2021-03-26 00:00:00,Performing
ILESANMI OLUWASEUN OLAAYO,,NO 5 IGBALAYE STREET OSOGBO,"=""07032938783""","=""11822599""","=""6500147""","=""1011533644""",Personal fixed term loan,2020-12-18 00:00:00,80000.00,0.00,,0.00,35730.00,NGN,0,Closed,2021-03-18 00:00:00,Performing
ILESANMI OLUWASEUN OLAAYO,,NO 5 IGBALAYE STREET OSOGBO,"=""07032938783""","=""11822599""","=""6500147""","=""2947638""",Personal fixed term loan,2020-12-18 00:00:00,80000.00,0.00,,0.00,35730.00,NGN,0,Closed,2021-03-18 00:00:00,Performing
ILESANMI OLUWASEUN OLAAYO,,NO 5 IGBALAYE STREET OSOGBO,"=""07032938783""","=""11822599""","=""6500147""","=""6181520""",Personal fixed term loan,2022-03-15 00:00:00,120000.00,0.00,,0.00,32520.00,NGN,0,Closed,2022-09-12 00:00:00,Performing
ILESANMI OLUWASEUN OLAAYO,,NO 5 IGBALAYE STREET OSOGBO,"=""07032938783""","=""11822599""","=""6500147""","=""7944015""",Personal fixed term loan,2022-09-11 00:00:00,35000.00,0.00,,0.00,26128.00,NGN,0,Closed,2022-11-10 00:00:00,Performing
ILESANMI OLUWASEUN OLAAYO,,NO 5 IGBALAYE STREET OSOGBO,"=""07032938783""","=""11822599""","=""6500147""","=""8741777""",Personal fixed term loan,2022-11-29 00:00:00,27500.00,0.00,,0.00,31817.50,NGN,0,Closed,2022-12-14 00:00:00,Performing
OLABIRAN OLUWASEGUN MICHEAL,,No 18 tripple d avenue Ayobo Lagos,"=""08121654247""","=""12111006""","=""6683854""","=""8560302""",Personal fixed term loan,2022-11-11 00:00:00,7500.00,0.00,,0.00,9375.00,NGN,0,Closed,2022-11-28 00:00:00,Performing
OLABIRAN OLUWASEGUN MICHEAL,,No 18 tripple d avenue Ayobo Lagos,"=""08121654247""","=""12111006""","=""6683854""","=""8652315""",Personal fixed term loan,2022-11-20 00:00:00,7500.00,0.00,,0.00,9547.50,NGN,0,Closed,2022-12-20 00:00:00,Performing
OLABIRAN OLUWASEGUN MICHEAL,,No 18 tripple d avenue Ayobo Lagos,"=""08121654247""","=""12111006""","=""6683854""","=""9042516""",Personal fixed term loan,2022-12-31 00:00:00,35000.00,0.00,,0.00,45500.00,NGN,0,Closed,2023-01-30 00:00:00,Performing
ADEDOJA SUNDAY ADEBARE,,99 Ijagba Road Ijagba Round About Obasanjo Ota Ogu,"=""2348102901750""","=""12169215""","=""9746141""","=""115402301""",Personal fixed term loan,2021-11-15 00:00:00,140000.00,0.00,,0.00,32660.00,NGN,0,Closed,2022-05-16 00:00:00,Performing
IRIEKPEN NELSON,"=""22265116386""",10 ALI RD AFUZE AREA EDO,"=""08095689346""","=""11931226""","=""6072220""","=""8103046""",,2022-09-27 00:00:00,5000.00,0.00,,0.00,6410.00,NGN,0,Closed,2022-10-27 00:00:00,Performing
IRIEKPEN NELSON,"=""22265116386""",10 ALI RD AFUZE AREA EDO,"=""08095689346""","=""11931226""","=""6072220""","=""8555820""",Personal fixed term loan,2022-11-10 00:00:00,5000.00,0.00,,0.00,5825.00,NGN,0,Closed,2022-11-25 00:00:00,Performing
IRIEKPEN NELSON,"=""22265116386""",10 ALI RD AFUZE AREA EDO,"=""08095689346""","=""11931226""","=""6072220""","=""8614362""",Personal fixed term loan,2022-11-16 00:00:00,20000.00,0.00,,0.00,24000.00,NGN,0,Closed,2022-12-01 00:00:00,Performing
IRIEKPEN NELSON,"=""22265116386""",10 ALI RD AFUZE AREA EDO,"=""08095689346""","=""11931226""","=""6072220""","=""8801277""",Personal fixed term loan,2022-12-05 00:00:00,2500.00,0.00,,0.00,2912.50,NGN,0,Closed,2022-12-20 00:00:00,Performing
IRIEKPEN NELSON,"=""22265116386""",10 ALI RD AFUZE AREA EDO,"=""08095689346""","=""11931226""","=""6072220""","=""9107626""",Personal fixed term loan,2023-01-08 00:00:00,35000.00,0.00,,0.00,41930.00,NGN,0,Closed,2023-01-23 00:00:00,Performing
AKINYEMI JOSHUA AKINWANDE,"=""22167714352""",FEDERAL GOVERNMENT COLLEGE STAFF QTRS OGBOMOSO Ekiti State,"=""07030624317""","=""12171082""","=""35214899""","=""10057892""",Personal fixed term loan,2023-04-23 00:00:00,100000.00,149900.00,,0.00,24984.00,NGN,0,Open,2023-10-20 00:00:00,Performing
ONWUKA ISIOMA DONALD,"=""22265622458""",14 15 Prince Alaba Oniru road,,"=""11050566""","=""28296886""","=""10554238""",Personal fixed term loan,2023-06-10 00:00:00,30000.00,39720.00,,0.00,13240.00,NGN,0,Open,2023-09-08 00:00:00,Performing
TAIBAT TITILAYO ARE,,5 OLUFUNKE ABEKE STREET GREENVILLE ESTATE,"=""08029625360""","=""11105982""","=""1796808""","=""16642659""",Personal fixed term loan,2020-11-26 00:00:00,10000.00,0.00,,0.00,13000.00,NGN,0,Open,2020-12-28 00:00:00,Performing
TAIBAT TITILAYO ARE,,5 OLUFUNKE ABEKE STREET GREENVILLE ESTATE,"=""08029625360""","=""11105982""","=""1796808""","=""3091151831""",Personal fixed term loan,2021-01-04 00:00:00,20000.00,0.00,,0.00,26000.00,NGN,0,Open,2021-02-03 00:00:00,Performing
EGBUNU CHRIS A,"=""22246618621""",50 AWORI STR DOPEMU AGEGE,"=""08032162323""","=""11215265""","=""38428985""","=""10671957""",Personal fixed term loan,2023-06-22 00:00:00,30000.00,42810.00,,0.00,21405.00,NGN,0,Open,2023-08-21 00:00:00,Performing
ISHOLA ODUNAYO ODUNAYO,"=""22379474578""",15OLOOL STREET OKE AGBO IJB IGBO,"=""07050777262""","=""11474092""","=""39803640""","=""10719477""",Personal fixed term loan,2023-06-27 00:00:00,50000.00,63750.00,,0.00,63750.00,NGN,0,Open,2023-07-27 00:00:00,Performing
ZAKARIYAU IBRAHIM TOSIN,,E100 EMIR ROAD ILORIN Ilorin East Kwara State,"=""2348062621759""","=""12211699""","=""8067403""","=""2540667""",Personal fixed term loan,2020-10-04 00:00:00,10000.00,0.00,,0.00,13000.00,NGN,0,Closed,2020-11-03 00:00:00,Performing
AJI DANJUMA,"=""22391689594""",gwadenye obi lga Obi Nasarawa State,"=""23408069539706""","=""11020615""","=""1930483""","=""1019626836""",Personal fixed term loan,2019-09-19 00:00:00,2500.00,0.00,,0.00,3250.00,NGN,0,Open,2019-10-21 00:00:00,Performing
MUSA ABDULLAHI A,"=""22402602028""",GRA QTRS HADEJIAGRA QTRS HADEJIAHADEJIAJGW,"=""07067968261""","=""11030243""","=""5868067""","=""1653303""",Personal fixed term loan,2020-02-21 00:00:00,2500.00,0.00,,0.00,2500.00,NGN,0,Closed,2020-03-23 00:00:00,Performing
MUSA ABDULLAHI A,"=""22402602028""",GRA QTRS HADEJIAGRA QTRS HADEJIAHADEJIAJGW,"=""07067968261""","=""11030243""","=""5868067""","=""3028742409""",Personal fixed term loan,2020-02-21 00:00:00,2500.00,0.00,,0.00,2500.00,NGN,0,Closed,2020-03-23 00:00:00,Performing
AKINLADE DEMILADE MICHAEL,,HOUSE 4 ABIARA VILLAGE ABESAN ESTATE IPAJA Alimosho Lagos,"=""08072045933""","=""11213913""","=""6122724""","=""142092711""",Personal fixed term loan,2021-02-11 00:00:00,5000.00,0.00,,0.00,5900.00,NGN,0,Open,2021-02-26 00:00:00,Performing
DAKPOKPO EHAIKHAYE GEORGINA,"=""22161675934""",m273 cherry lane sunnyvale homes dakwo district,"=""08033176317""","=""11363589""","=""1672173""","=""23005128""",Personal fixed term loan,2022-01-08 00:00:00,300000.00,0.00,,0.00,167878.00,NGN,0,Closed,2022-07-22 00:00:00,Performing
AKORODA JOY EKIOMADO,,GOVERNMENT QUATERS UMUAHIA Umuahia North Abia State,"=""9022801841""","=""11394941""","=""1873763""","=""3165815643""",Personal fixed term loan,2020-12-29 00:00:00,10000.00,0.00,,0.00,12530.00,NGN,0,Open,2021-01-28 00:00:00,Performing
EKPO ENO FRIDAY,,AKINOLA KOLAWOLE STREET Akure South Ondo State,"=""23408023431624""","=""11470868""","=""8365350""","=""43892492""",Personal fixed term loan,2021-02-27 00:00:00,15000.00,0.00,,0.00,16500.00,NGN,0,Open,2021-03-29 00:00:00,Performing
ADERINOYE ADEYINKA ADENIOLA,,Not Available,"=""07037660760""","=""11729125""","=""8040125""","=""3023626488""",Personal fixed term loan,2020-11-28 00:00:00,25000.00,0.00,,0.00,32500.00,NGN,0,Open,2020-12-28 00:00:00,Performing
BOULOERE STEPHEN COMFORT,"=""22238742811""",NWAZIKI UDA LAY ASABA Oshimili South Delta State,"=""08034963795""","=""11731414""","=""10833255""","=""2002484334""",Personal fixed term loan,2021-01-14 00:00:00,20000.00,0.00,,0.00,26000.00,NGN,0,Open,2021-02-15 00:00:00,Performing
YUSUF ABDULAZEEZ AKOREDE,"=""22324089073""",2 TAIWO STREET IKORODU,"=""08170667483""","=""11846096""","=""42229107""","=""10011190""",Personal fixed term loan,2023-04-18 00:00:00,40000.00,0.00,,0.00,46000.00,NGN,0,Closed,2023-05-03 00:00:00,Performing
USMAN GARKO BASHIRU,"=""22298585593""",NO 2778 UNGUWA UKU TARAUNI Tarauni Kano State,"=""08032149300""","=""11132144""","=""10273088""","=""151599973""",Personal fixed term loan,2020-12-16 00:00:00,25000.00,19081.00,,19081.00,32500.00,NGN,990,Open,2021-01-15 00:00:00,Lost
AREGBESOLA TAIWO OLADELE,"=""22313374852""",7 ABIODUN ODUEKE STREET BALOGUN,"=""08168698395""","=""11707284""","=""1665999""","=""9892339""",Personal fixed term loan,2023-04-07 00:00:00,120000.00,215040.00,,0.00,23894.00,NGN,0,Open,2024-01-02 00:00:00,Performing
OYEMADE OLADELE ISAIAH,,1 OPONSUN STREET AJIBODE SANGO OTA,"=""2348133034129""","=""11895211""","=""1006345""","=""0019413158""",Personal fixed term loan,2022-04-15 00:00:00,150000.00,0.00,,0.00,67490.00,NGN,0,Closed,2022-07-14 00:00:00,Performing
ADARAMOLA JONATHAN O,,NO 2B OFF ASADAM RD ILORIN,"=""08130562511""","=""11930907""","=""935895""","=""3118383955""",Personal fixed term loan,2019-03-01 00:00:00,30000.00,29029.00,,29029.00,39000.00,NGN,1645,Open,2019-04-01 00:00:00,Lost
INNOCENT CHINEDU CHRISTIAN,,188 AGEGE MOTOR ROAD MUSHIN,,"=""11965253""","=""21549967""","=""5814861""",Personal fixed term loan,2022-02-03 00:00:00,150000.00,0.00,,0.00,93000.00,NGN,0,Open,2022-04-04 00:00:00,Performing
BROWN UTIBEABASI UFOT,,51 PIPELINE ROAD AKPAJO ELEME,"=""08104800281""","=""12164454""","=""1704079""","=""129552373""",Personal fixed term loan,2019-08-27 00:00:00,1500.00,1725.00,,1725.00,1950.00,NGN,1467,Open,2019-09-26 00:00:00,Lost
THOMAS EKEBO SUNDAY,,NO 6 DANIEL BASSEY STREET Uyo Akwa Ibom State,"=""2348029718904""","=""12187211""","=""10170968""","=""2301221143""",Personal fixed term loan,2021-01-29 00:00:00,5000.00,0.00,,0.00,6000.00,NGN,0,Open,2021-02-15 00:00:00,Performing
EKENG ASUQUO JOSEPH,"=""22371179147""",83 OJODU AKUTE ROAD OGUN STATE,"=""23408026304104""","=""11676426""","=""44396217""","=""10749627""",Personal fixed term loan,2023-06-30 00:00:00,7500.00,8850.00,,0.00,8850.00,NGN,0,Open,2023-07-15 00:00:00,Performing
OTAIDE FETA DEREK,"=""22355027015""",12 ANISERE ST OFF GOVERNOR ROAD IKOTUN  Alimosho Lagos Sta,"=""08038976197""","=""11848430""","=""3620101""","=""9914404""",Personal fixed term loan,2023-04-09 00:00:00,22500.00,0.00,,0.00,28575.00,NGN,0,Closed,2023-05-09 00:00:00,Performing
OLUWASEGUN OLUSEYI ABIOLA,"=""22184130245""",Not Available,"=""08061174806""","=""12172688""","=""13630616""","=""6675359""",Personal fixed term loan,2022-05-06 00:00:00,25000.00,0.00,,0.00,32500.00,NGN,0,Closed,2022-06-06 00:00:00,Performing
JOHNSON OYINLOLA JULIET,"=""22174894191""",1 ADEBO ADEMEHIN STR OLOWORA,"=""08147437340""","=""11057613""","=""3988732""","=""119427353""",Personal fixed term loan,2022-01-07 00:00:00,100000.00,0.00,,0.00,42660.00,NGN,0,Closed,2022-04-07 00:00:00,Performing
ADAMU ABUBAKAR SADIQ,"=""22249151297""",,,"=""11126312""","=""1964374""","=""2041442412""",Personal fixed term loan,2019-09-22 00:00:00,1500.00,0.00,,0.00,1720.00,NGN,0,Open,2019-10-07 00:00:00,Performing
RAJI AHMED KOLAWOLE,"=""22145035608""",blk w2 flat 6  senior rate quaters navy town ojo,"=""08037637585""","=""11133689""","=""40852432""","=""10663107""",Personal fixed term loan,2023-06-21 00:00:00,90000.00,123390.00,,0.00,61695.00,NGN,0,Open,2023-08-20 00:00:00,Performing
ABDULHAMIDU USMAN,"=""22288441982""",L 6 DR AMINU EVERNU USANUSI KADUNA Kaduna South Kaduna Sta,"=""08160087359""","=""11299434""","=""5830303""","=""22019689""",Personal fixed term loan,2020-08-07 00:00:00,5000.00,7250.00,,7250.00,6500.00,NGN,1120,Open,2020-09-07 00:00:00,Lost
AJAYI SUNDAY BABATUNDE,"=""22144395402""",19 ILASAN LEKKI,,"=""11309569""","=""21167183""","=""122806424""",Personal fixed term loan,2022-02-06 00:00:00,450000.00,371615.00,,371615.00,69370.00,NGN,363,Open,2023-02-01 00:00:00,Lost
AJAYI SUNDAY BABATUNDE,"=""22144395402""",19 ILASAN LEKKI,,"=""11309569""","=""21167183""","=""5845033""",Personal fixed term loan,2022-02-06 00:00:00,450000.00,358665.00,,358665.00,69370.00,NGN,763,Open,2023-02-01 00:00:00,Lost
Oboh Joseoh Omirigbe,"=""22341130189""",Dr ALIYU KOLO HOUSE BEHIND ECWA GOSPEL CHURCH KARU FCT ABU,"=""08069748255""","=""11401071""","=""22341130189""","=""FMSME01222""",,2022-06-28 00:00:00,1000000.00,,,,366810.10,NGN,0,Closed,2022-09-26 00:00:00,Performing
Oboh Joseoh Omirigbe,"=""22341130189""",Dr ALIYU KOLO HOUSE BEHIND ECWA GOSPEL CHURCH KARU FCT ABU,"=""08069748255""","=""11401071""","=""22341130189""","=""FMSME01880""",,2022-09-07 00:00:00,1300000.00,,,,693290.00,NGN,0,Closed,2022-11-06 00:00:00,Performing
OLUWOLE REBECCA,,SP 414 APO MECHANIC VILLAGE Municipal Area Council FCT,"=""08032317603""","=""11859370""","=""513521""","=""152792812""",Personal fixed term loan,2021-02-03 00:00:00,60000.00,0.00,,0.00,76800.00,NGN,0,Open,2021-03-05 00:00:00,Performing
OLABIRAN OLAYINKA ADEWALE,"=""22165427025""",MR ADEBAYO S HOUSE AGORO ROAD,,"=""11881848""","=""6029817""","=""7239042""",Personal fixed term loan,2022-07-04 00:00:00,20000.00,0.00,,0.00,26000.00,NGN,0,Closed,2022-08-03 00:00:00,Performing
ONU KEVIN AYALIBE,"=""22333996353""",394 OGUEJIOFOR STREET NEW GRA TRANS EKULU,"=""2348126195652""","=""11915140""","=""42196589""","=""128106834""",Personal fixed term loan,2023-04-03 00:00:00,250000.00,312500.00,,0.00,62500.00,NGN,0,Open,2023-09-30 00:00:00,Performing
AJADI SAMSON OLALEKAN,"=""22289737589""",BELLO SURAJUDEENS HOUSE,"=""08060344745""","=""12163495""","=""4885329""","=""112739543""",Personal fixed term loan,2020-12-14 00:00:00,5000.00,0.00,,0.00,6400.00,NGN,0,Open,2021-01-13 00:00:00,Performing
OLAWUYI OLUWOLE SAMSON,"=""22317411616""",75A TOS BENSON EST OWUTU IKORODU,,"=""11274108""","=""1113616""","=""15405402""",Personal fixed term loan,2019-10-10 00:00:00,25000.00,0.00,,0.00,31250.00,NGN,0,Open,2019-11-11 00:00:00,Performing
FARUK ENDURANCE ENDURANCE,"=""22285301249""",AE 19Jos RoadBy Lagos StreetKaduna,"=""08172749779""","=""11388511""","=""1281255""","=""1066879""",Personal fixed term loan,2019-11-25 00:00:00,20000.00,0.00,,0.00,24400.00,NGN,0,Closed,2019-12-27 00:00:00,Performing
FARUK ENDURANCE ENDURANCE,"=""22285301249""",AE 19Jos RoadBy Lagos StreetKaduna,"=""08172749779""","=""11388511""","=""1281255""","=""3030190276""",Personal fixed term loan,2019-11-25 00:00:00,20000.00,0.00,,0.00,24400.00,NGN,0,Closed,2019-12-27 00:00:00,Performing
YAKUBU HAYATU,"=""22200996862""",C J 12 ZANGO ROAD TUDUN WADA KADUNA Kaduna South Kaduna,,"=""11516999""","=""8484933""","=""3211009614""",Personal fixed term loan,2020-12-05 00:00:00,100000.00,0.00,,0.00,43330.00,NGN,0,Open,2021-03-05 00:00:00,Performing
AKINTAYO STEPHEN OLAYINKA,"=""22239677136""",AJIKEOLA VILLA GENERAL HOSPITAL AREA OGBOMOSO Ogbomosho No,,"=""11608547""","=""6433590""","=""64888335""",Personal fixed term loan,2020-03-19 00:00:00,2500.00,0.00,,0.00,2870.00,NGN,0,Closed,2020-04-03 00:00:00,Performing
FREDRICK FLORENCE,,LOKUWA WARD Mubi South Adamawa State,"=""08056551122""","=""11739550""","=""17934172""","=""18029968""",Personal fixed term loan,2021-10-25 00:00:00,5000.00,0.00,,0.00,5800.00,NGN,0,Open,2021-11-24 00:00:00,Performing
FAYOMI OLUSOLA,,SVENGALI DESIGNS LIMITED  Lagos Mainland,"=""07036529323""","=""11757057""","=""4119126""","=""17020032""",Personal fixed term loan,2020-02-10 00:00:00,25000.00,0.00,,0.00,30500.00,NGN,0,Closed,2020-02-11 00:00:00,Performing
KPRAKE DENNIS,"=""22214962455""",PrimaryAddressLine1,"=""08037252002""","=""11796604""","=""36073414""","=""9860917""",Personal fixed term loan,2023-04-04 00:00:00,250000.00,242625.00,,0.00,80875.00,NGN,0,Open,2023-08-04 00:00:00,Performing
IRABOR PATRICIA IKEHIANOSEN,,50 BABATUNDE STREET OLODI APAPA,"=""08055608697""","=""11854955""","=""12502293""","=""3004653632""",Personal fixed term loan,2021-07-29 00:00:00,200000.00,333770.00,,333770.00,38220.00,NGN,735,Open,2022-04-25 00:00:00,Lost
ARIKPO ETIM,,FCT  Abuja,"=""2348065643733""","=""12040397""","=""8572578""","=""2253311011""",Personal fixed term loan,2020-12-28 00:00:00,20000.00,0.00,,0.00,26000.00,NGN,0,Open,2021-01-27 00:00:00,Performing
AKABUA EKENE CHUKWUNONYE,,38 BROWN ROAD AGUDA SURULERE Surulere Lagos State Lagos S,,"=""12077306""","=""10632219""","=""24146860""",Personal fixed term loan,2020-12-31 00:00:00,15000.00,0.00,,0.00,19500.00,NGN,0,Open,2021-02-01 00:00:00,Performing
BABATUNDE JUMOKE ADIJAT,"=""22155937156""",6 MARIN ORISAN CLOSE IGBOGBO IKORODU Ikorodu Lagos State,,"=""12099627""","=""1388294""","=""122548441""",Personal fixed term loan,2019-07-10 00:00:00,20000.00,16061.00,,16061.00,25000.00,NGN,1515,Open,2019-08-09 00:00:00,Lost
DARE FLORENCE F,"=""22153980165""",27 OKE ISANMI LAYOUT  ILORA AREA Atiba Oyo State,"=""08146176083""","=""12101608""","=""12064712""","=""9665488""",Personal fixed term loan,2023-03-15 00:00:00,650000.00,801450.00,,0.00,267150.00,NGN,0,Open,2023-06-14 00:00:00,Performing
ABORISADE JANET OLANREWAJU,"=""22186540196""",11 ENIOLA CRESCENT ILO AWELA OTA,,"=""11046440""","=""12565990""","=""112376830""",Personal fixed term loan,2021-04-14 00:00:00,30000.00,0.00,,0.00,12000.00,NGN,0,Open,2021-07-13 00:00:00,Performing
ADAMU JALALUDEEN,,BE BIRNIN YARO RD TWADA KADUNA,"=""08162947463""","=""11063824""","=""5306930""","=""1721976""",Personal fixed term loan,2020-03-02 00:00:00,10000.00,0.00,,0.00,12500.00,NGN,0,Closed,2020-04-01 00:00:00,Performing
ADAMU JALALUDEEN,,BE BIRNIN YARO RD TWADA KADUNA,"=""08162947463""","=""11063824""","=""5306930""","=""21856151""",Personal fixed term loan,2020-03-02 00:00:00,10000.00,0.00,,0.00,12500.00,NGN,0,Closed,2020-04-01 00:00:00,Performing
OLADEJO OLAWUMI OPEYEMI,"=""22214118654""",ALAFIA ESTATE OJU IRIN AKOBO IBADAN,,"=""11199678""","=""42631393""","=""10701494""",Personal fixed term loan,2023-06-25 00:00:00,20000.00,23600.00,,0.00,24100.00,NGN,0,Open,2023-07-25 00:00:00,Performing
OLADUNNI MURITALA,"=""22346797628""",9 ayinde street ikotun,"=""2348037727448""","=""11215004""","=""35649456""","=""10107030""",Personal fixed term loan,2023-04-28 00:00:00,100000.00,123300.00,,0.00,61650.00,NGN,0,Open,2023-06-27 00:00:00,Performing
NDUBUSI UCHENNA,,PLOT 56B KARU SITE ABUJA Municipal Area Council FCT,"=""08164445561""","=""11287311""","=""2707447""","=""2086019215""",Personal fixed term loan,2020-10-14 00:00:00,5000.00,5031.00,,5031.00,6000.00,NGN,1068,Open,2020-10-29 00:00:00,Lost
AHIARA MICHAEL CHUKWUDI,,Ozu egbema ozubulu,,"=""11320092""","=""10863414""","=""2321173095""",Personal fixed term loan,2021-01-30 00:00:00,5000.00,0.00,,0.00,6000.00,NGN,0,Open,2021-02-15 00:00:00,Performing
OLAOGUN OLAGOKE JONATHAN,"=""22355189009""",21 DARLINGTON STREET MOKOLA IBADAN,,"=""11517464""","=""18347295""","=""5894309""",Personal fixed term loan,2022-02-11 00:00:00,200000.00,0.00,,0.00,30830.00,NGN,0,Closed,2023-02-25 00:00:00,Performing
AKERELE TEMITAYO OLAITAN,"=""22182963539""",DEPT OF ACCOUNTING UNI OF ABUJAGWAGWALADAA,"=""08085020352""","=""11548616""","=""16494361""","=""24834666""",Personal fixed term loan,2022-04-06 00:00:00,300000.00,0.00,,0.00,70290.00,NGN,0,Closed,2022-10-03 00:00:00,Performing
ADETONA KEHINDE,"=""22160412035""",ACCESS BANK PLC HEAD OFFICE LAGOS,"=""08037010473""","=""11733406""","=""8059198""","=""36426914""",Personal fixed term loan,2020-09-21 00:00:00,15000.00,0.00,,0.00,19500.00,NGN,0,Open,2020-10-21 00:00:00,Performing
ALAWODE JOSEPH TAIWO,,24 ALBERT ALAWODE STRT LAFENWA ITELE OTA Ado Odo Ota Ogun,"=""08070668550""","=""11748675""","=""6238239""","=""216091185""",Personal fixed term loan,2020-12-30 00:00:00,20000.00,0.00,,0.00,23680.00,NGN,0,Open,2021-01-14 00:00:00,Performing
SANUSI OLUWATOSIN TABITHA,"=""22185624093""",Not Available,"=""07065182912""","=""12101114""","=""13581596""","=""5532491""",Personal fixed term loan,2022-01-01 00:00:00,120000.00,0.00,,0.00,152880.00,NGN,0,Open,2022-01-31 00:00:00,Performing
OPELOYERU MUHAMED MAHROOF,,Not Available,"=""2348056432768""","=""12207774""","=""1140287""","=""2772002461""",Personal fixed term loan,2020-06-19 00:00:00,10000.00,0.00,,0.00,13000.00,NGN,0,Open,2020-07-20 00:00:00,Performing
DIONGOLI GEORGE IGONIDERIGHA,"=""22174380762""",ROAD 8 BLOCK1 FLAT2 HOUSING ESTATE EKEKI YENAGOA,"=""08179784213""","=""11021610""","=""42737432""","=""10072086""",Personal fixed term loan,2023-04-24 00:00:00,20000.00,25000.00,,0.00,25000.00,NGN,0,Open,2023-05-24 00:00:00,Performing
OKEILE BENJAMIN OLATUNDE,,Not Available,,"=""11109136""","=""12433105""","=""108122898""",Personal fixed term loan,2021-05-07 00:00:00,7500.00,10880.00,,10880.00,9750.00,NGN,92,Open,2021-06-07 00:00:00,Lost
OLAIYA BUKOLA,"=""22207269877""",30IWOROKO ROADSUZYPAT HOSTELOSEKITA ADO EKITI Ado Ekiti Ek,,"=""11435981""","=""8578696""","=""8578696""",Personal fixed term loan,2021-12-14 00:00:00,80000.00,0.00,,0.00,101200.00,NGN,0,Open,2021-12-29 00:00:00,Performing
OGINNI LEKAN,,22 IRE AKARI STREET IMO ILESHA  Ilesa East Osun State,"=""08038552813""","=""11575998""","=""2300832""","=""49085467""",Personal fixed term loan,2019-10-17 00:00:00,5000.00,3500.00,,3500.00,6250.00,NGN,509,Open,2019-11-18 00:00:00,Lost
OKESOLA AINA,"=""22164679151""",Not Available,"=""08162301817""","=""11616842""","=""6263168""","=""8560811""",Personal fixed term loan,2022-11-11 00:00:00,5000.00,0.00,,0.00,6350.00,NGN,0,Closed,2022-12-12 00:00:00,Performing
ADELOYE OLUBUKOLA OPEYEMI,"=""22146805716""",1 SHAGAMU AVENUE ILUPEJU,,"=""12030809""","=""14308071""","=""2108107366""",Personal fixed term loan,2021-09-30 00:00:00,300000.00,0.00,,0.00,79290.00,NGN,0,Closed,2022-04-13 00:00:00,Performing
MOMOH MAMILETU,"=""22176698135""",AIR FORCE BASE IKEJA MOQ 144,,"=""12089569""","=""42071084""","=""10573270""",Personal fixed term loan,2023-06-12 00:00:00,7500.00,9675.00,,0.00,9675.00,NGN,0,Open,2023-07-12 00:00:00,Performing
UCHENDU CLEMENT,,ISLAND PH OgbaEgbemaNdoni Rivers State,"=""07036262106""","=""12170844""","=""2688557""","=""731373118""",Personal fixed term loan,2019-10-21 00:00:00,10000.00,11500.00,,11500.00,13000.00,NGN,1412,Open,2019-11-20 00:00:00,Lost
AKANDE MARIAM OLUWAKEMI,,Nigeria,"=""07030234169""","=""11263793""","=""4706983""","=""700858271""",,2021-12-28 00:00:00,200000.00,0.00,,0.00,62545.00,NGN,0,Closed,2022-10-31 00:00:00,Performing
OLADIPUPO OMOLAYO OLAOLUWA,,3 alazia street ilogbo road sango ota ogun state,"=""2347030327063""","=""12195895""","=""5263142""","=""3026361249""",Personal fixed term loan,2021-01-13 00:00:00,30000.00,0.00,,0.00,39000.00,NGN,0,Open,2021-02-12 00:00:00,Performing
FIEDJOR ISRAEL NYERHOVIWO,,NO2 CHURCH STREET OFF FUNSHOOWOYEMI STREET FAGBA IJU LAGOS,"=""08112705749""","=""12212994""","=""41518979""","=""10097185""",Personal fixed term loan,2023-04-27 00:00:00,20000.00,0.00,,0.00,23140.00,NGN,0,Closed,2023-05-12 00:00:00,Performing
FIEDJOR ISRAEL NYERHOVIWO,,NO2 CHURCH STREET OFF FUNSHOOWOYEMI STREET FAGBA IJU LAGOS,"=""08112705749""","=""12212994""","=""41518979""","=""10134375""",Personal fixed term loan,2023-04-30 00:00:00,20000.00,23240.00,,0.00,23240.00,NGN,0,Open,2023-05-15 00:00:00,Performing
ORIOLE VIVIAN,"=""22230411016""",shehu shagari road,"=""08037960979""","=""11054477""","=""4435425""","=""2031665461""",Personal fixed term loan,2019-12-23 00:00:00,2500.00,0.00,,0.00,3250.00,NGN,0,Open,2020-01-22 00:00:00,Performing
OGOLOMA MILLION CHUKWUEMEKA,"=""22170214243""",23 OGOLOMA STREET OROWORUKWO TOWN PHC Port Harcourt Rivers,,"=""11088701""","=""3659813""","=""2012285923""",Personal fixed term loan,2020-11-12 00:00:00,20000.00,8588.00,,8588.00,9330.00,NGN,964,Open,2021-02-10 00:00:00,Lost
KAREEM HAMMED OLANREWAJU,,Nigeria,"=""2349068421130""","=""11289636""","=""2042115""","=""122502609""",Personal fixed term loan,2020-12-07 00:00:00,15000.00,0.00,,0.00,18000.00,NGN,0,Open,2020-12-22 00:00:00,Performing
AKINYOSOYE DIPO TOSIN,"=""22267775222""",NO 12 OKE OLORO RD OMI ADIO IBADAN,"=""08056492787""","=""11321890""","=""5647937""","=""9864304""",Personal fixed term loan,2023-04-04 00:00:00,35000.00,43750.00,,0.00,43750.00,NGN,0,Open,2023-05-11 00:00:00,Performing
ALUWONG DOGARA,,PLOT A7 NCCE QTRS DANTATA RD KARMO Municipal Area Council,"=""08033367074""","=""11571676""","=""4153404""","=""4153404""",Personal fixed term loan,2021-10-10 00:00:00,100000.00,0.00,,0.00,44460.00,NGN,0,Open,2022-01-10 00:00:00,Performing
ALUWONG DOGARA,,PLOT A7 NCCE QTRS DANTATA RD KARMO Municipal Area Council,"=""08033367074""","=""11571676""","=""4153404""","=""5846427""",Personal fixed term loan,2022-02-06 00:00:00,100000.00,0.00,,0.00,41790.00,NGN,0,Closed,2022-05-09 00:00:00,Performing
HASSAN OMOBOLAJI AKEEM,"=""22243719684""",No4b,"=""08062611744""","=""11688298""","=""40540684""","=""10103291""",Personal fixed term loan,2023-04-27 00:00:00,15000.00,18810.00,,0.00,9405.00,NGN,0,Open,2023-06-26 00:00:00,Performing
ADEKUNBI CECILIA ARIYO,,2 TAYO KEHINDE STREET EGBEDA Alimosho Lagos State,"=""08023231844""","=""11823266""","=""4546384""","=""2005008487""",Personal fixed term loan,2020-10-12 00:00:00,15000.00,0.00,,0.00,19500.00,NGN,0,Open,2020-11-11 00:00:00,Performing
AKINLEYE BENEDICT BOSUN,,ODOGBOLU LOCAL GOVT QTRS ODOGBOLU OGUN Abeokuta North Og,"=""2348156286436""","=""11868539""","=""4091063""","=""139605692""",Personal fixed term loan,2021-05-10 00:00:00,225000.00,0.00,,0.00,95990.00,NGN,0,Open,2021-08-09 00:00:00,Performing
WILLIAMS EFIONG O,"=""22166908071""",Not Available,"=""23408030900603""","=""11977103""","=""16776095""","=""5582168""",Personal fixed term loan,2022-01-08 00:00:00,45000.00,0.00,,0.00,55260.00,NGN,0,Open,2022-02-07 00:00:00,Performing
COSMOS C EGENTI,,6 adowo street off atunse bstop iyana era  Ojo Lagos State,"=""08030481661""","=""12057208""","=""1057220""","=""1005852""",Personal fixed term loan,2019-11-14 00:00:00,1500.00,0.00,,0.00,1720.00,NGN,0,Closed,2019-11-29 00:00:00,Performing
ADEBAYO TAIWO WUMI,"=""22366265741""",2 Teaching hospital Oye Ekiti,"=""08061672104""","=""11811015""","=""4978631""","=""24851043""",Personal fixed term loan,2020-04-12 00:00:00,1500.00,0.00,,0.00,1720.00,NGN,0,Closed,2020-04-27 00:00:00,Performing
ADEGOKE OLATUNJI JIMOH,"=""22208747325""",29 TAIWO ADELEKE STREET AYETORO ITELE OGUN STATE  AdoOdoOt,"=""08023807705""","=""11965222""","=""4690123""","=""459920466""",Personal fixed term loan,2020-01-09 00:00:00,2500.00,0.00,,0.00,3250.00,NGN,0,Open,2020-02-10 00:00:00,Performing
FASHANU EBUNLOMO OLUWASEYI,,5 KILANKO ROAD OFFA GARAGE ILORIN Ilorin East Kwara State,"=""08177271314""","=""12165170""","=""3142976""","=""153958307""",Personal fixed term loan,2019-11-06 00:00:00,1500.00,0.00,,0.00,1950.00,NGN,0,Open,2019-12-06 00:00:00,Performing
AJALA OLATOMIWA EMMANUEL,,10 OLUKEMI STREET AFINIYANU OLOGUNERU ELEYELE AREA,"=""08160623000""","=""12215340""","=""786571""","=""220578403""",Personal fixed term loan,2022-01-05 00:00:00,10000.00,0.00,,0.00,10000.00,NGN,0,Open,2022-01-20 00:00:00,Performing
AJALA OLATOMIWA EMMANUEL,,10 OLUKEMI STREET AFINIYANU OLOGUNERU ELEYELE AREA,"=""08160623000""","=""12215340""","=""786571""","=""6441340""",Personal fixed term loan,2022-04-12 00:00:00,5000.00,0.00,,0.00,5950.00,NGN,0,Closed,2022-04-27 00:00:00,Performing
AJALA OLATOMIWA EMMANUEL,,10 OLUKEMI STREET AFINIYANU OLOGUNERU ELEYELE AREA,"=""08160623000""","=""12215340""","=""786571""","=""6483428""",Personal fixed term loan,2022-04-16 00:00:00,20000.00,0.00,,0.00,24740.00,NGN,0,Closed,2022-05-16 00:00:00,Performing
AJALA OLATOMIWA EMMANUEL,,10 OLUKEMI STREET AFINIYANU OLOGUNERU ELEYELE AREA,"=""08160623000""","=""12215340""","=""786571""","=""7115845""",Personal fixed term loan,2022-06-22 00:00:00,40000.00,0.00,,0.00,48000.00,NGN,0,Closed,2022-07-07 00:00:00,Performing
AJALA OLATOMIWA EMMANUEL,,10 OLUKEMI STREET AFINIYANU OLOGUNERU ELEYELE AREA,"=""08160623000""","=""12215340""","=""786571""","=""7248916""",Personal fixed term loan,2022-07-05 00:00:00,5000.00,0.00,,0.00,5980.00,NGN,0,Closed,2022-07-20 00:00:00,Performing
AJALA OLATOMIWA EMMANUEL,,10 OLUKEMI STREET AFINIYANU OLOGUNERU ELEYELE AREA,"=""08160623000""","=""12215340""","=""786571""","=""7403387""",Personal fixed term loan,2022-07-20 00:00:00,20000.00,0.00,,0.00,23920.00,NGN,0,Closed,2022-08-04 00:00:00,Performing
AJALA OLATOMIWA EMMANUEL,,10 OLUKEMI STREET AFINIYANU OLOGUNERU ELEYELE AREA,"=""08160623000""","=""12215340""","=""786571""","=""8350970""",Personal fixed term loan,2022-10-21 00:00:00,20000.00,0.00,,0.00,25260.00,NGN,0,Closed,2022-11-21 00:00:00,Performing
AJALA OLATOMIWA EMMANUEL,,10 OLUKEMI STREET AFINIYANU OLOGUNERU ELEYELE AREA,"=""08160623000""","=""12215340""","=""786571""","=""8706312""",Personal fixed term loan,2022-11-26 00:00:00,22500.00,0.00,,0.00,26617.50,NGN,0,Closed,2022-12-28 00:00:00,Performing
AJALA OLATOMIWA EMMANUEL,,10 OLUKEMI STREET AFINIYANU OLOGUNERU ELEYELE AREA,"=""08160623000""","=""12215340""","=""786571""","=""9032915""",Personal fixed term loan,2022-12-30 00:00:00,22500.00,0.00,,0.00,27112.50,NGN,0,Closed,2023-01-30 00:00:00,Performing
AJALA OLATOMIWA EMMANUEL,,10 OLUKEMI STREET AFINIYANU OLOGUNERU ELEYELE AREA,"=""08160623000""","=""12215340""","=""786571""","=""9187090""",Personal fixed term loan,2023-01-17 00:00:00,40000.00,0.00,,0.00,48400.00,NGN,0,Closed,2023-04-04 00:00:00,Performing
UZOAHIA DARLINGTON CHUKWUDI,,Otamiri South Extension Opposite Royal Spring Palm,"=""2348068548434""","=""12259128""","=""3202476""","=""4317372""",Personal fixed term loan,2021-08-02 00:00:00,400000.00,665071.00,,665071.00,76440.00,NGN,1128,Open,2022-04-29 00:00:00,Lost
NWAORU NWAORU CHRISTIANA NMADINO,"=""22288239475""",sangere FUTY Girei L G A Adamawa state,"=""2348055144663""","=""11060849""","=""7902940""","=""10698775""",Personal fixed term loan,2023-06-25 00:00:00,5000.00,0.00,,0.00,6000.00,NGN,0,Closed,2023-07-10 00:00:00,Performing
OSIA SUNNY JESSEY,"=""22221658486""",FLAT 15  BLOCK A NEW BGS QUARTERS  AYA  ASOKORO,"=""08038878666""","=""11093278""","=""27655538""","=""10022075""",Personal fixed term loan,2023-04-19 00:00:00,150000.00,195000.00,,0.00,48750.00,NGN,0,Open,2023-08-17 00:00:00,Performing
MUHAMMAD SAIFULLAH,,A T 8 JADA ROAD BY PRP TUDUN WADA KADUNA Kaduna South Kadu,,"=""11123460""","=""1615384""","=""706753512""",Personal fixed term loan,2019-08-17 00:00:00,1500.00,1725.00,,1725.00,1950.00,NGN,1477,Open,2019-09-16 00:00:00,Lost
OJILERE NKIRUKA EMMANUEL,"=""22225443190""",Not Available,,"=""11186836""","=""14379576""","=""9934185""",Personal fixed term loan,2023-04-11 00:00:00,40000.00,0.00,,0.00,46680.00,NGN,0,Closed,2023-05-11 00:00:00,Performing
OFFIAH SCHOLASTICA OGOCHUKWU,"=""22255072364""",NUMBER 8 ABAKALIKI CLOSE GRA ENUGU ENUGU STATE,"=""08037439920""","=""11355791""","=""6144772""","=""4048856""",Personal fixed term loan,2021-06-28 00:00:00,100000.00,0.00,,0.00,26430.00,NGN,0,Closed,2023-05-27 00:00:00,Performing
INKO  TARIAH,"=""22213665977""",10 ALLAGOA CLOSE MINGI ESTATE TRANS AMADI PHC Port Harcour,,"=""11597526""","=""7980931""","=""29119526""",Personal fixed term loan,2020-07-28 00:00:00,10000.00,0.00,,0.00,11700.00,NGN,0,Open,2020-08-27 00:00:00,Performing
IDIONG ANIEBIET SUNDAY,"=""22192998578""",NO 1 VOLTA STREET MAITAMA  ABUJA  Municipal Area Council F,"=""07033115378""","=""11672657""","=""8743104""","=""45840232""",Personal fixed term loan,2020-12-18 00:00:00,15000.00,0.00,,0.00,18600.00,NGN,0,Open,2021-01-18 00:00:00,Performing
KAZEEM KAZEEM KAMORUDEEN,,18 OGUNELEGI STREET OKE SOPIN IJEBU IGBO OGUN STATE Ijebu,"=""08026661198""","=""11740075""","=""9395""","=""562351591""",Personal fixed term loan,2021-01-30 00:00:00,5000.00,0.00,,0.00,6000.00,NGN,0,Open,2021-02-15 00:00:00,Performing
ODUBULE OMOTOSHO MOSES,"=""22205771600""",UNILEVER NIG PLC AGBARA IND ESTATE,,"=""12190979""","=""789342""","=""1002580370""",Personal fixed term loan,2020-04-17 00:00:00,15000.00,0.00,,0.00,18300.00,NGN,0,Closed,2020-05-18 00:00:00,Performing
ODUBULE OMOTOSHO MOSES,"=""22205771600""",UNILEVER NIG PLC AGBARA IND ESTATE,,"=""12190979""","=""789342""","=""1952565""",Personal fixed term loan,2020-04-17 00:00:00,15000.00,0.00,,0.00,18300.00,NGN,0,Closed,2020-05-18 00:00:00,Performing
ODEWOYE YEMISI ADEWUMI,"=""22275951764""",O B H S IJAGBO,"=""08038971208""","=""12310880""","=""8690014""","=""3042122248""",Personal fixed term loan,2021-03-28 00:00:00,200000.00,0.00,,0.00,51990.00,NGN,0,Open,2021-08-25 00:00:00,Performing
OTUN AYOMIDE SAMUEL,"=""22347024590""",Victoria Estate Poultry bus stop Ijoko Rd IfakoIjaiye Ota,"=""9051677584""","=""10996797""","=""7721993""","=""4143010129""",Personal fixed term loan,2020-12-23 00:00:00,5000.00,0.00,,0.00,6500.00,NGN,0,Open,2021-01-22 00:00:00,Performing
OGUNJIMI OLASUNKANMI REMILEKUN,,21 ODO STREET OBALENDE Eti Osa Lagos State,"=""08053859790""","=""11060816""","=""8394502""","=""16087476""",Personal fixed term loan,2020-09-24 00:00:00,25000.00,0.00,,0.00,32000.00,NGN,0,Open,2020-10-26 00:00:00,Performing
IROHA ESTHER NKECHI,"=""22316559874""",JUJI ROAD SABON TASHA KADUNA,,"=""11239404""","=""2621398""","=""6021285376""",Personal fixed term loan,2019-10-18 00:00:00,5000.00,0.00,,0.00,6500.00,NGN,0,Closed,2019-11-18 00:00:00,Performing
OLUDAISI BUKOLA ELIZABETH,"=""22204047542""",6 OLORUNSOGO ADOEKITI,"=""07033715120""","=""11262861""","=""37176279""","=""9975790""",Personal fixed term loan,2023-04-15 00:00:00,150000.00,237300.00,,0.00,39550.00,NGN,0,Open,2023-10-12 00:00:00,Performing
ADEDAYO RASHEED OLUWADAMILARE,,Not Available,"=""08033708505""","=""11313290""","=""8447502""","=""3083073307""",Personal fixed term loan,2021-06-28 00:00:00,200000.00,347161.00,,347161.00,52860.00,NGN,796,Open,2021-12-27 00:00:00,Lost
OSEFAGBORHO FLORENCE OLUBUNMI,,COMMAND SECONDARY SCHOOL KADUNA,"=""08033709504""","=""11390377""","=""1313506""","=""211168088""",Personal fixed term loan,2021-04-29 00:00:00,60000.00,0.00,,0.00,78000.00,NGN,0,Open,2021-05-31 00:00:00,Performing
MOYINLORUN BOSEDE VICTORIA,"=""22175024975""",14 15 Prince Alaba Oniru Road Victoria Island,,"=""11427602""","=""10717423""","=""3046858477""",Personal fixed term loan,2021-01-20 00:00:00,30000.00,0.00,,0.00,38100.00,NGN,0,Open,2021-02-19 00:00:00,Performing
AWOYEMI BABATUNDE A,"=""22158464684""",Not Available,"=""08135447947""","=""11916517""","=""6707480""","=""6570160""",Personal fixed term loan,2022-04-25 00:00:00,5000.00,0.00,,0.00,6500.00,NGN,0,Closed,2022-05-25 00:00:00,Performing
AWOYEMI BABATUNDE A,"=""22158464684""",Not Available,"=""08135447947""","=""11916517""","=""6707480""","=""6896815""",Personal fixed term loan,2022-05-31 00:00:00,20000.00,0.00,,0.00,26000.00,NGN,0,Closed,2022-06-30 00:00:00,Performing
AWOYEMI BABATUNDE A,"=""22158464684""",Not Available,"=""08135447947""","=""11916517""","=""6707480""","=""7207075""",Personal fixed term loan,2022-07-01 00:00:00,20000.00,0.00,,0.00,26000.00,NGN,0,Closed,2022-08-01 00:00:00,Performing
AWOYEMI BABATUNDE A,"=""22158464684""",Not Available,"=""08135447947""","=""11916517""","=""6707480""","=""8362531""",,2022-10-22 00:00:00,1500.00,0.00,,0.00,1794.00,NGN,0,Closed,2022-11-07 00:00:00,Performing
AKINNAGBE REBECCA SEYI,"=""22201938621""",27 AGULERI STREET AGODOEGBE CELE EGBE BSTOP IKOTUN Alimosh,"=""08166694238""","=""12214912""","=""7780785""","=""3284904""",Personal fixed term loan,2021-02-27 00:00:00,60000.00,0.00,,0.00,42590.00,NGN,0,Closed,2021-04-28 00:00:00,Performing
ACHUGWO BONIFACE KELECHI,"=""22249710568""",OUR LADY OF FATIMA HOSP BWARI,,"=""11922157""","=""3499300""","=""10002394""",Personal fixed term loan,2023-04-18 00:00:00,100000.00,0.00,,0.00,115700.00,NGN,0,Closed,2023-05-03 00:00:00,Performing
PRECIOUS MARTHA ONYINYECHI,,12 BOLARIN EGBE ALIMOSHO  LAG  Alimosho Lagos State,"=""2348035106668""","=""12143931""","=""6127341""","=""170358261""",Personal fixed term loan,2021-07-26 00:00:00,200000.00,0.00,,0.00,93600.00,NGN,0,Open,2021-10-25 00:00:00,Performing
AMADI QUEEN CHIMENEM,"=""22174135632""",AMADIS COMPOUND RUMUODOMAYA PORT HARCOURT Obio Akpor Rive,,"=""12154227""","=""2974820""","=""110357107""",Personal fixed term loan,2020-03-11 00:00:00,45000.00,51750.00,,51750.00,54900.00,NGN,1266,Open,2020-04-14 00:00:00,Lost
MOHAMMED ABUBAKAR,,8b ezeolu close rumuomasi Port Harcourt Rivers State,"=""23408035859811""","=""11503956""","=""5040825""","=""2032555406""",Personal fixed term loan,2021-01-21 00:00:00,30000.00,0.00,,0.00,39000.00,NGN,0,Open,2021-02-22 00:00:00,Performing
AKINNIYI ELIZABETH,"=""22250373044""",3 AJANGBOJU ROAD HOUSING ESTATE AKOBO IBADAN Lagelu Oyo St,"=""08033055686""","=""11545072""","=""6801138""","=""3030290623""",Personal fixed term loan,2020-04-07 00:00:00,2500.00,0.00,,0.00,2870.00,NGN,0,Closed,2020-04-22 00:00:00,Performing
JOSEPH TERNA BEBA,,NO 3 KASHIM IBRAHIM STREET GBOKO SOUTH Gboko Benue State,"=""08168194093""","=""11671501""","=""10639676""","=""48690156""",Personal fixed term loan,2021-01-31 00:00:00,5000.00,0.00,,0.00,6400.00,NGN,0,Open,2021-03-02 00:00:00,Performing
ADEDAYO ESTHER OMOWUNMI,,10 makanjuola street roundabout,"=""08068325903""","=""11861655""","=""12993293""","=""6232420794""",Personal fixed term loan,2021-05-03 00:00:00,5000.00,0.00,,0.00,6000.00,NGN,0,Open,2021-06-02 00:00:00,Performing
ODIOWEI OYINBULUNIMIBOFA DORCA,,YENGOA,"=""08135216020""","=""12005081""","=""599922""","=""3111188364""",Personal fixed term loan,2022-04-08 00:00:00,120000.00,0.00,,0.00,59550.00,NGN,0,Closed,2022-08-21 00:00:00,Performing
ODIOWEI OYINBULUNIMIBOFA DORCA,,YENGOA,"=""08135216020""","=""12005081""","=""599922""","=""6409508""",Personal fixed term loan,2022-04-08 00:00:00,120000.00,0.00,,0.00,59550.00,NGN,0,Closed,2022-08-21 00:00:00,Performing
ODIOWEI OYINBULUNIMIBOFA DORCA,,YENGOA,"=""08135216020""","=""12005081""","=""599922""","=""8271282""",Personal fixed term loan,2022-10-13 00:00:00,100000.00,0.00,,0.00,34520.00,NGN,0,Closed,2023-04-06 00:00:00,Performing
BAMIKOLE GBENGA JOSEPH,,UPPER KILANKO OFFA GARAGE VIA BRAM INDUSTRY ILORIN Ilorin,"=""08037169806""","=""12320094""","=""3633056""","=""3153128364""",Personal fixed term loan,2021-03-19 00:00:00,5000.00,0.00,,0.00,5500.00,NGN,0,Open,2021-04-19 00:00:00,Performing
RIDWAN AYAGI ABDULLAHI,"=""22254082829""",NO 175A AYAGI DALA KANO  Dala Kano State,"=""07033919137""","=""11152287""","=""10117755""","=""128782627""",Personal fixed term loan,2020-12-10 00:00:00,50000.00,59300.00,,59300.00,64000.00,NGN,994,Open,2021-01-11 00:00:00,Lost
FAKOREDE TAIWO ISAAC,"=""22228357326""",70A HOSPITAL ROADAKURE ONDO STATE Akure South Ondo State,"=""08032138565""","=""11228814""","=""4681461""","=""34259925""",Personal fixed term loan,2020-09-03 00:00:00,40000.00,0.00,,0.00,44800.00,NGN,0,Open,2020-09-18 00:00:00,Performing
MICHEAL AGBAI OGBONNA,"=""22216194737""",MIN OF EDUCATION LAFIA NASARAWA,,"=""11441079""","=""542920""","=""1003156132""",Personal fixed term loan,2021-04-27 00:00:00,5000.00,490.00,,490.00,5500.00,NGN,166,Open,2021-05-27 00:00:00,Lost
ADEBISI ALATISE FADEKE,,4 AKIN AKINNIRAN STREET IGBOGBO IKORODU Ikorodu Lagos Sta,,"=""11461399""","=""10842674""","=""1242069574""",Personal fixed term loan,2021-01-15 00:00:00,5000.00,0.00,,0.00,6500.00,NGN,0,Open,2021-02-15 00:00:00,Performing
ADEYI TOYIN CAROLINE,,6 FAGBENRO STREET MATOGUN ROAD OKEARO OGUN STATE Ifo Ogun,"=""08168024045""","=""11549626""","=""10090996""","=""115707972""",Personal fixed term loan,2021-02-03 00:00:00,80000.00,0.00,,0.00,38390.00,NGN,0,Open,2021-05-04 00:00:00,Performing
OJO OLUMIDE JOHN,"=""22158852263""",GHXXR3 Ajaokuta Forest Res Nigeria,"=""2348030662204""","=""11630595""","=""723331""","=""8049526""",Personal fixed term loan,2022-09-21 00:00:00,5000.00,0.00,,0.00,6350.00,NGN,0,Closed,2022-10-21 00:00:00,Performing
ADEBANJO ELIZABETH ELO,"=""22187963055""",15 ASHABI SHONUYI,,"=""11790750""","=""10952974""","=""3169231704""",Personal fixed term loan,2022-10-19 00:00:00,500000.00,512997.00,,432622.00,80375.00,NGN,138,Open,2023-10-16 00:00:00,Watchlist
UMAR IBRAHIM KASIMU,,GIDAN GAYAM AZARA DEV AREA Awe Nasarawa State,"=""08026695449""","=""11794243""","=""8914268""","=""2473462016""",Personal fixed term loan,2021-01-26 00:00:00,10000.00,0.00,,0.00,13000.00,NGN,0,Open,2021-02-25 00:00:00,Performing
OGUNDELE FEMI FAROUK,,12 DAUDU LANE STREET APAPA ROAD EBUTE METTA Lagos Mainland,"=""08134865711""","=""11849864""","=""5998938""","=""3065103727""",Personal fixed term loan,2020-02-27 00:00:00,2500.00,3625.00,,3625.00,3250.00,NGN,1281,Open,2020-03-30 00:00:00,Lost
BASSEY KUFRE,"=""22324895832""",71 FAGBENRO SQUARE,,"=""11898881""","=""843819""","=""79424012""",Personal fixed term loan,2019-07-25 00:00:00,2500.00,0.00,,0.00,3250.00,NGN,0,Open,2019-08-26 00:00:00,Performing
ONYEAGHALA CHIBUIKEM OREVAOGHENE,"=""22294067561""",NO 10 ICHA STREET ELIOPARAWO PH Oshimili South Rivers Stat,"=""2348063203042""","=""12326185""","=""3455927""","=""3065450854""",Personal fixed term loan,2020-02-19 00:00:00,15000.00,0.00,,0.00,15000.00,NGN,0,Closed,2020-03-20 00:00:00,Performing
ABAM BELIEVE DAGOGO,"=""22195878345""",No 3 princess akenzue off Oromo off eye he G R A Benin ci,"=""07030094036""","=""11020440""","=""8081401""","=""110399628""",Personal fixed term loan,2020-09-24 00:00:00,20000.00,0.00,,0.00,26000.00,NGN,0,Open,2020-10-26 00:00:00,Performing
OKE OLAWALE ISAAC,,P2 IMILA STREET IFAKI ROAD IDO EKITI Ido Osi Ekiti State,"=""08062993094""","=""11167126""","=""1404275""","=""2177018545""",Personal fixed term loan,2020-08-18 00:00:00,7500.00,0.00,,0.00,9750.00,NGN,0,Open,2020-09-17 00:00:00,Performing
IBRAHIM SHEHU ABUBAKAR,"=""22253349633""",BO 8 GODMON OFFOKOTA ISOLO OshodiIsolo Lagos State,"=""08066394192""","=""11908744""","=""10060131""","=""23525288""",Personal fixed term loan,2020-12-07 00:00:00,50000.00,55948.00,,55948.00,64000.00,NGN,999,Open,2021-01-06 00:00:00,Lost
ADEBISI SAHEED YEMI,"=""22196946326""",,"=""08039413600""","=""12172549""","=""5587015""","=""2612092380""",Personal fixed term loan,2020-03-09 00:00:00,15000.00,0.00,,0.00,18750.00,NGN,0,Open,2020-04-08 00:00:00,Performing
WIKO THERESA YORKO,,flat 11 chindaH estate choba rivers state Obio Akpor Rive,"=""2348037325924""","=""12335361""","=""7277724""","=""523001514""",Personal fixed term loan,2020-12-14 00:00:00,30000.00,0.00,,0.00,13600.00,NGN,0,Open,2021-03-15 00:00:00,Performing
EYIMOFE ROY MOFE,"=""22297294357""",5 NEW WORLD CITYOFF UGBANGUE  Warri South Delta State,"=""07031842502""","=""12171326""","=""13122886""","=""6624394""",Personal fixed term loan,2022-05-01 00:00:00,7500.00,0.00,,0.00,9412.50,NGN,0,Closed,2022-05-31 00:00:00,Performing
AHULA ANYOR JOSEPH,,PLOT 823B ACLOSE OFF 64 CRESENT ABUJA,"=""23408033326705""","=""12181643""","=""35220453""","=""33068724""",Personal fixed term loan,2022-06-20 00:00:00,300000.00,0.00,,0.00,148800.00,NGN,0,Closed,2022-09-19 00:00:00,Performing
ALI DORIS IYE,"=""22360054682""",Wada Estate Gidadoya Primary School lokoja Kogi State,"=""2348069616179""","=""12238399""","=""15446270""","=""5904780""",Personal fixed term loan,2022-02-13 00:00:00,20000.00,0.00,,0.00,14250.00,NGN,0,Closed,2022-04-14 00:00:00,Performing
MADUEKWE OFFOR COMFORT,,BOYS QUARTER BLOCK 21 IJORA OLOPA Apapa Lagos State,,"=""11163788""","=""403258""","=""3087693503""",Personal fixed term loan,2020-06-10 00:00:00,5000.00,0.00,,0.00,6100.00,NGN,0,Closed,2020-07-10 00:00:00,Performing
Agboola Theresa Toyin,"=""22230632266""",NO,"=""08038071270""","=""11468424""","=""11369""","=""2058286652""",Personal fixed term loan,2021-02-28 00:00:00,200000.00,0.00,,0.00,134000.00,NGN,0,Open,2021-05-06 00:00:00,Performing
DAVID DESTINY IFEANYICHUK DAVID DESTINY,"=""22213925772""",113 SECOND CEMETRY ROAD Oredo Edo State,"=""07065342430""","=""11573269""","=""3666782""","=""8529436015""",Personal fixed term loan,2022-05-13 00:00:00,400000.00,0.00,,0.00,191894.00,NGN,0,Closed,2023-05-08 00:00:00,Performing
OSATOAGHIMIEN OSARUESE C,"=""22303075574""",15 UYO STREET RUMUOMASI PH PORT HARCOURT Po,"=""07088305706""","=""11766299""","=""5801590""","=""164431578""",Personal fixed term loan,2021-02-07 00:00:00,7500.00,0.00,,0.00,9600.00,NGN,0,Open,2021-03-09 00:00:00,Performing
MFON EDET NKEREUWEM,"=""22342347456""",ETUBOM GEORGE DUKE HENSHAW ESTATE OFF ATIMBO ROAD Calabar,,"=""12024705""","=""585534""","=""43219161""",Personal fixed term loan,2020-04-01 00:00:00,30000.00,26033.00,,26033.00,13990.00,NGN,1218,Open,2020-06-30 00:00:00,Lost
ELISHA NYAM CHOJI,"=""22297006510""",10 PAM DUNG JIK STREET HWOLSHE JOS,"=""2348034510261""","=""12168208""","=""14565904""","=""699626503""",Personal fixed term loan,2021-07-22 00:00:00,300000.00,0.00,,0.00,142500.00,NGN,0,Closed,2021-11-04 00:00:00,Performing
OKORIE EMENIKE BENJAMIN,"=""22159264665""",31 AFRICA LANE LEKKI PHASE 1,,"=""12172075""","=""1604846""","=""79655504""",Personal fixed term loan,2019-11-29 00:00:00,1500.00,1622.00,,1622.00,1720.00,NGN,1386,Open,2019-12-16 00:00:00,Lost
UKACHI ONUOHA TEMITOPE,,OBAFEMI AWOLOWO UNIVERSITY Ikorodu Lagos State,"=""07080522465""","=""12212119""","=""1637456""","=""122620231""",Personal fixed term loan,2019-08-28 00:00:00,1500.00,1725.00,,1725.00,1950.00,NGN,1466,Open,2019-09-27 00:00:00,Lost
SANUSI OLABISI TEMILADE,"=""22241636659""",Nigeria,"=""08168185354""","=""12218378""","=""6589102""","=""10585074""",Personal fixed term loan,2023-06-13 00:00:00,12500.00,0.00,,0.00,15187.50,NGN,0,Closed,2023-06-28 00:00:00,Performing
ABDULLAHI HADIZA,"=""22176014889""",PrimaryAddressLine1,"=""08036378405""","=""11082875""","=""10237204""","=""5330316860""",Personal fixed term loan,2020-12-15 00:00:00,80000.00,95600.00,,95600.00,99200.00,NGN,991,Open,2021-01-14 00:00:00,Lost
OSUNDEKO OLUWASEGUN,,QWXJ 64 Ijebu Ode Nigeria,,"=""11120445""","=""6569412""","=""11590704""",Personal fixed term loan,2022-01-19 00:00:00,400000.00,382395.00,,382395.00,169990.00,NGN,560,Open,2022-04-19 00:00:00,Lost
OBAJE GODWIN,"=""22272279436""",PrimaryAddressLine1,"=""07036896264""","=""11206883""","=""2225698""","=""1005625113""",Personal fixed term loan,2020-08-14 00:00:00,30000.00,0.00,,0.00,38100.00,NGN,0,Open,2020-09-14 00:00:00,Performing
KALU IKECHUKWU,,31 OLADIPO STREET RAINBOW ESTATE BY JACKCROSS IYESI OTA A,"=""08059708195""","=""11211134""","=""3418444""","=""1003902869""",Personal fixed term loan,2021-01-26 00:00:00,25000.00,0.00,,0.00,32500.00,NGN,0,Open,2021-02-25 00:00:00,Performing
AKPORE,"=""22220074951""",Karshi Nigeria,"=""08057203430""","=""11287344""","=""9158741""","=""2007839926""",Personal fixed term loan,2020-10-16 00:00:00,5000.00,0.00,,0.00,6000.00,NGN,0,Open,2020-11-02 00:00:00,Performing
AJAYI OLADAYO TEMITOPE,,12 Zionist estate Oluyole Oyo,"=""2348161879671""","=""11560117""","=""5216408""","=""9799878""",Personal fixed term loan,2023-03-29 00:00:00,15000.00,0.00,,0.00,19050.00,NGN,0,Closed,2023-04-28 00:00:00,Performing
COLLINS EMMANUEL,"=""22251332903""",FAVOUR ELECTRONICS LTD 102 IBRAHIM TAIWO RD ILORIN,"=""08032316972""","=""11694585""","=""20175057""","=""5832378""",Personal fixed term loan,2022-02-05 00:00:00,600000.00,0.00,,0.00,92500.00,NGN,0,Open,2023-03-17 00:00:00,Performing
BASHIR ZAITUNA,"=""22256947775""",GAMBO HALL ROOM 43 ADSU MUBI ADAMAWA STATE Hong Adamawa St,"=""07065757672""","=""12098966""","=""10388543""","=""126199614""",Personal fixed term loan,2020-12-19 00:00:00,50000.00,50249.00,,50249.00,22660.00,NGN,957,Open,2021-03-19 00:00:00,Lost
THOMAS LUCY AWAN,"=""22371301896""",16 DIC road maonday market,"=""234803505458""","=""12104975""","=""6230611""","=""1779766""",Personal fixed term loan,2020-03-09 00:00:00,10000.00,0.00,,0.00,13000.00,NGN,0,Closed,2020-04-08 00:00:00,Performing
ADAMU JOYCE EZINNE,,1520 IMMAN DAUDA STREET ERIC MOORE SURULERE Surulere Lagos,"=""08033238319""","=""12132992""","=""1680575""","=""3106956330""",Personal fixed term loan,2021-01-22 00:00:00,100000.00,0.00,,0.00,26930.00,NGN,0,Closed,2021-09-20 00:00:00,Performing
OMENAI MATTHEW EHINON,,NIGERIA,"=""2348066735118""","=""12250782""","=""9075881""","=""3601028850""",Personal fixed term loan,2020-12-07 00:00:00,20000.00,0.00,,0.00,8930.00,NGN,0,Open,2021-03-08 00:00:00,Performing
URUAKPA FORWARD UCHEAKOLAM,"=""22147824262""",243 FAULKS ROAD ABA  Lagos Mainland Lagos State,"=""2347067405682""","=""12339517""","=""5063518""","=""3097019986""",Personal fixed term loan,2020-02-17 00:00:00,10000.00,0.00,,0.00,11500.00,NGN,0,Open,2020-03-03 00:00:00,Performing
SAMSON SHOBANDE OLAKUNLE,"=""22186820285""",12 wawuna street off obiwali rd rumuigbo phc Obio Akpor R,,"=""11254108""","=""8235354""","=""3015725371""",Personal fixed term loan,2020-08-21 00:00:00,10000.00,0.00,,0.00,12000.00,NGN,0,Open,2020-09-07 00:00:00,Performing
ADEYERI TOLULOPE O,"=""22155056226""",WITHIN NWOSU ETATE DIAMOND SPORT JUNCTION,"=""08065272223""","=""11367301""","=""38794072""","=""9776437""",Personal fixed term loan,2023-03-27 00:00:00,600000.00,976200.00,,0.00,81350.00,NGN,0,Open,2024-03-21 00:00:00,Performing
AJEIGBE OLALEKAN MOSES,"=""22375661310""",26 Irepo Street Ibadan Nigeria,"=""2349056732409""","=""11556702""","=""552949""","=""7399277""",,2022-07-20 00:00:00,10000.00,0.00,,0.00,12700.00,NGN,0,Closed,2022-10-03 00:00:00,Performing
AJEIGBE OLALEKAN MOSES,"=""22375661310""",26 Irepo Street Ibadan Nigeria,"=""2349056732409""","=""11556702""","=""552949""","=""8386448""",Personal fixed term loan,2022-10-25 00:00:00,20000.00,0.00,,0.00,26000.00,NGN,0,Closed,2022-12-09 00:00:00,Performing
AJEIGBE OLALEKAN MOSES,"=""22375661310""",26 Irepo Street Ibadan Nigeria,"=""2349056732409""","=""11556702""","=""552949""","=""8844543""",Personal fixed term loan,2022-12-09 00:00:00,20000.00,0.00,,0.00,26000.00,NGN,0,Closed,2023-01-30 00:00:00,Performing
AJEIGBE OLALEKAN MOSES,"=""22375661310""",26 Irepo Street Ibadan Nigeria,"=""2349056732409""","=""11556702""","=""552949""","=""9294572""",Personal fixed term loan,2023-01-30 00:00:00,140000.00,0.00,,0.00,56958.00,NGN,0,Closed,2023-07-31 00:00:00,Performing
OKWARA CHUKWUDI FRANCIS,,Plot 4 phase 4 nyanya fct,"=""08065502431""","=""11778293""","=""47441""","=""112852022""",Personal fixed term loan,2021-04-21 00:00:00,10000.00,0.00,,0.00,11000.00,NGN,0,Open,2021-05-21 00:00:00,Performing
AMUSA OLASUNKANM ISAAC,,Not Available,"=""08025626206""","=""11924293""","=""7527118""","=""10202693""",Personal fixed term loan,2023-05-07 00:00:00,20000.00,0.00,,0.00,26000.00,NGN,0,Closed,2023-06-06 00:00:00,Performing
AMUSA OLASUNKANM ISAAC,,Not Available,"=""08025626206""","=""11924293""","=""7527118""","=""5623378""",Personal fixed term loan,2022-01-13 00:00:00,50000.00,0.00,,0.00,13400.00,NGN,0,Closed,2022-07-12 00:00:00,Performing
AMUSA OLASUNKANM ISAAC,,Not Available,"=""08025626206""","=""11924293""","=""7527118""","=""8727951""",Personal fixed term loan,2022-11-28 00:00:00,10000.00,0.00,,0.00,11343.00,NGN,0,Closed,2022-12-13 00:00:00,Performing
AMUSA OLASUNKANM ISAAC,,Not Available,"=""08025626206""","=""11924293""","=""7527118""","=""9344952""",Personal fixed term loan,2023-02-04 00:00:00,25000.00,0.00,,0.00,31875.00,NGN,0,Closed,2023-03-06 00:00:00,Performing
AMUSA OLASUNKANM ISAAC,,Not Available,"=""08025626206""","=""11924293""","=""7527118""","=""9757890""",Personal fixed term loan,2023-03-25 00:00:00,20000.00,0.00,,0.00,25500.00,NGN,0,Closed,2023-04-24 00:00:00,Performing
WILLIAMS INNOCENT,"=""22172984782""",N0 9 Baha Street UBulus Sabo Tasha Opekwe Kaduna,"=""08069777432""","=""11986712""","=""9215852""","=""182036441""",Personal fixed term loan,2020-12-04 00:00:00,5000.00,0.00,,0.00,6500.00,NGN,0,Open,2021-01-04 00:00:00,Performing
OBASI SUNDAY,"=""22284868057""",Rumuomasi,"=""07035517868""","=""12259694""","=""42343171""","=""9910321""",Personal fixed term loan,2023-04-09 00:00:00,30000.00,0.00,,0.00,30000.00,NGN,0,Closed,2023-04-24 00:00:00,Performing
DANTORO ZAID HALIRU,,Federal Inland Revenue Service firs,"=""8109912383""","=""11352788""","=""41719890""","=""10009734""",Personal fixed term loan,2023-04-18 00:00:00,35000.00,41895.00,,0.00,41895.00,NGN,0,Open,2023-05-18 00:00:00,Performing
AREMU BLESSING NIYI,,15 OLATOYE ALATISHE AGBADO IJAIYE Ifako Ijaiye Lagos Stat,,"=""11610898""","=""3278131""","=""12721901""",Personal fixed term loan,2021-01-15 00:00:00,20000.00,0.00,,0.00,25060.00,NGN,0,Open,2021-02-15 00:00:00,Performing
AZER EMMANUEL MSUEAN,"=""22203577998""",Km 17 Ughelli patani road ughelli,"=""23408060773627""","=""11704577""","=""8370566""","=""1007081889""",Personal fixed term loan,2020-10-29 00:00:00,10000.00,0.00,,0.00,12700.00,NGN,0,Open,2020-11-30 00:00:00,Performing
ANWOLOJU OLASUNKANMI EMMANUEL,,ANWOLOJU HOUSE BIDA ROAD KPANUKUNGU AREA Chanchaga Niger,"=""08166604742""","=""11769296""","=""515799""","=""122829522""",Personal fixed term loan,2020-12-30 00:00:00,20000.00,0.00,,0.00,26000.00,NGN,0,Open,2021-01-29 00:00:00,Performing
EDEM RAMSEY FRIDAY,"=""22351356926""",PrimaryAddressLine1,"=""08134878479""","=""12107851""","=""20181340""","=""114796782""",Personal fixed term loan,2021-11-11 00:00:00,30000.00,0.00,,0.00,12790.00,NGN,0,Open,2022-02-09 00:00:00,Performing
OMODARA OLUWABUNMI,"=""22187293534""",G9R4452 Agege Motor Rd Oshodi 102215 Lagos Nigeria,"=""08030573920""","=""12157160""","=""2413200""","=""26111684""",Personal fixed term loan,2020-01-17 00:00:00,10000.00,0.00,,0.00,13000.00,NGN,0,Closed,2020-02-17 00:00:00,Performing
MUHAMMED ZAINAB BIDEMI,"=""22197736650""",8 MARKET STREET OJO,"=""07087041549""","=""12213012""","=""19980470""","=""5793931""",Personal fixed term loan,2022-02-01 00:00:00,200000.00,0.00,,0.00,80350.00,NGN,0,Closed,2022-06-16 00:00:00,Performing
OBADARA SAUDAT OLATEJU,"=""22153981140""",71 FAGBA STREET EMIRS PALACE ROAD Ilorin West Kwara S,"=""08079057880""","=""12217885""","=""7809547""","=""5409941""",Personal fixed term loan,2021-12-17 00:00:00,30000.00,0.00,,0.00,12740.00,NGN,0,Closed,2022-04-08 00:00:00,Performing
OBADARA SAUDAT OLATEJU,"=""22153981140""",71 FAGBA STREET EMIRS PALACE ROAD Ilorin West Kwara S,"=""08079057880""","=""12217885""","=""7809547""","=""7658258""",Personal fixed term loan,2022-08-14 00:00:00,10000.00,0.00,,0.00,11790.00,NGN,0,Closed,2022-08-29 00:00:00,Performing
OBADARA SAUDAT OLATEJU,"=""22153981140""",71 FAGBA STREET EMIRS PALACE ROAD Ilorin West Kwara S,"=""08079057880""","=""12217885""","=""7809547""","=""7971166""",Personal fixed term loan,2022-09-13 00:00:00,10000.00,0.00,,0.00,11650.00,NGN,0,Closed,2022-09-28 00:00:00,Performing
ONUCHE CHRISTIAN DAN,"=""22240258315""",OPP 200 UNIT GADUMO KOGI LKJ,"=""2348067798942""","=""12308776""","=""8198728""","=""2041424869""",Personal fixed term loan,2020-10-10 00:00:00,10000.00,0.00,,0.00,13000.00,NGN,0,Open,2020-11-09 00:00:00,Performing
OLALUSI ANUOLUWAPO IFEOLUWA,"=""22154722865""",22 LAWAL CLOSE SANGOTEDO LEKKIEPE EXPRESSWAYLAGOS Eti Osa,"=""08023449235""","=""11107059""","=""6016201""","=""107917185""",Personal fixed term loan,2020-03-02 00:00:00,10000.00,0.00,,0.00,13000.00,NGN,0,Closed,2020-04-01 00:00:00,Performing
OLALUSI ANUOLUWAPO IFEOLUWA,"=""22154722865""",22 LAWAL CLOSE SANGOTEDO LEKKIEPE EXPRESSWAYLAGOS Eti Osa,"=""08023449235""","=""11107059""","=""6016201""","=""1724120""",Personal fixed term loan,2020-03-02 00:00:00,10000.00,0.00,,0.00,13000.00,NGN,0,Closed,2020-04-01 00:00:00,Performing
MUAZU JUMMAI,"=""22240503785""",KAZAURE LGC  DUTSE Kazaure Jigawa State,"=""08069380337""","=""11269269""","=""10188234""","=""1004443433""",Personal fixed term loan,2020-12-14 00:00:00,25000.00,6900.00,,6900.00,32500.00,NGN,992,Open,2021-01-13 00:00:00,Lost
BAMIDURO ABOSEDE ELIZABETH,,57 SHOGBESAN STREET MOSALASI BUS STOP ALAGBADO LAGOS Alim,"=""2348067794048""","=""12326633""","=""9235244""","=""12526137""",Personal fixed term loan,2021-01-17 00:00:00,10000.00,0.00,,0.00,12000.00,NGN,0,Open,2021-02-01 00:00:00,Performing
NWONYE CHINWEORU MBAH,,no 5 are salawu st ikola Alimosho Lagos State,"=""08152653888""","=""12186395""","=""6948747""","=""6303277""",Personal fixed term loan,2022-03-29 00:00:00,30000.00,0.00,,0.00,34950.00,NGN,0,Closed,2022-04-13 00:00:00,Performing
ADEOKUN TEMITOPE OLAYINKA,"=""22263236549""",Nigeria,"=""08066444678""","=""12260697""","=""42394087""","=""9929265""",Personal fixed term loan,2023-04-11 00:00:00,35000.00,43750.00,,0.00,43750.00,NGN,0,Open,2023-05-11 00:00:00,Performing
NDIFE ARIZECHUKW THANKGOD,,ABAYOMI HOUSE IGBOTE ILOGBO EREMI Badagry Lagos State,"=""2347068986865""","=""12187299""","=""5085779""","=""3098908333""",Personal fixed term loan,2020-12-08 00:00:00,15000.00,0.00,,0.00,19500.00,NGN,0,Open,2021-01-07 00:00:00,Performing
ALIYU SHAMSU,,KOFAR KOLA AREA Birnin Kebbi Kebbi State,,"=""12338245""","=""1576385""","=""803833850""",Personal fixed term loan,2019-08-11 00:00:00,10000.00,3163.00,,3163.00,13000.00,NGN,1483,Open,2019-09-10 00:00:00,Lost
ADENIJI NURAT TEMITOPE,,Unnamed Road Abeokuta Nigeria,"=""08134479397""","=""12214401""","=""1569597""","=""126745389""",Personal fixed term loan,2020-08-25 00:00:00,60000.00,83762.00,,83762.00,27990.00,NGN,1103,Open,2020-11-23 00:00:00,Lost
ADEDOYIN ADEOLA JOSEPH,"=""22209620054""",Nigeria,,"=""11049139""","=""6147708""","=""8643821""",Personal fixed term loan,2022-11-19 00:00:00,20000.00,0.00,,0.00,22800.00,NGN,0,Closed,2022-12-04 00:00:00,Performing
ADAMU ABUBAKAR,"=""22206106904""",ATAFI QUATERS HADEJIA Hadejia Jigawa State,"=""2348065201666""","=""11110593""","=""10092032""","=""4832034733""",Personal fixed term loan,2020-12-09 00:00:00,20000.00,0.00,,0.00,26000.00,NGN,0,Open,2021-01-08 00:00:00,Performing
AJIBOYE GBENGA AYODEJI,"=""22360695645""",NO 30 OLADEMEJI STREET OMOLAYO ESTATEOKE IJEBU AKURE Akure,"=""9038313644""","=""11230103""","=""312140""","=""449703477""",Personal fixed term loan,2020-10-17 00:00:00,5000.00,0.00,,0.00,6000.00,NGN,0,Closed,2020-11-02 00:00:00,Performing
UCHENNA VALENTINE EKE,,NO 46 JONAH JAHI ROAD PEYI BWARI Bwari FCT,"=""08057967742""","=""11709540""","=""2742353""","=""2522046095""",Personal fixed term loan,2021-02-02 00:00:00,40000.00,0.00,,0.00,52000.00,NGN,0,Open,2021-03-04 00:00:00,Performing
ARIYO OLALEKAN STEPHEN,,LAST HOUSE ON IGBESI STRT SANRAB TANKE Ilorin South Kwara,"=""08133585951""","=""11753514""","=""1614968""","=""123609677""",Personal fixed term loan,2019-08-17 00:00:00,15000.00,16779.00,,16779.00,19500.00,NGN,1477,Open,2019-09-16 00:00:00,Lost
SANI B ABUBAKAR,,01 MALAWI CRESCENT BARNAWAJU JUNCTION KADUNA SOUTH Chikun,"=""08025710899""","=""11908270""","=""1291453""","=""3296820""",Personal fixed term loan,2021-01-25 00:00:00,40000.00,0.00,,0.00,52000.00,NGN,0,Open,2021-02-24 00:00:00,Performing
OLADIPUPO MUIDEEN MUIDEEN,"=""22183323659""",no 4 lokongoma phase 1 lokoja Lokoja Kogi State,"=""2348028182436""","=""12322431""","=""1943879""","=""3088756025""",Personal fixed term loan,2019-09-20 00:00:00,1500.00,0.00,,0.00,1720.00,NGN,0,Open,2019-10-07 00:00:00,Performing
NWORAH PETER,,SS QUARTERS MUSA YARADUA WAY ABUJA Municipal Area Council,"=""08033737161""","=""11077236""","=""9660746""","=""129639186""",Personal fixed term loan,2021-01-18 00:00:00,15000.00,0.00,,0.00,19500.00,NGN,0,Open,2021-02-17 00:00:00,Performing
OYELUDE YETUNDE JASMINE,"=""22149698320""",Not Available,"=""08033600907""","=""11401724""","=""14306253""","=""5835983""",Personal fixed term loan,2022-02-05 00:00:00,175000.00,0.00,,0.00,41470.00,NGN,0,Closed,2022-08-04 00:00:00,Performing
IFABIYI OLAKUNLE OLUSHOLA,,21C OLORUNDA COMMUNITY ITA ALAMU AREA Ilorin South Kwara,"=""08187879222""","=""11564070""","=""3941548""","=""127584099""",Personal fixed term loan,2020-11-22 00:00:00,100000.00,0.00,,0.00,44660.00,NGN,0,Open,2021-02-22 00:00:00,Performing
AYENI OLUSOLA JACOB,"=""22355552742""",NO 7 IDOKA STREET IGOGO EKITI Moba Ekiti State,"=""08142596665""","=""11659657""","=""10061543""","=""2088082402""",Personal fixed term loan,2020-12-08 00:00:00,5000.00,0.00,,0.00,6500.00,NGN,0,Open,2021-01-07 00:00:00,Performing
MORUF KEHINDE AYINDE,"=""22332545332""",Somolu Lagos Nigeria,"=""08088115911""","=""11839222""","=""8485557""","=""3851088729""",Personal fixed term loan,2020-09-20 00:00:00,5000.00,0.00,,0.00,6000.00,NGN,0,Open,2020-10-05 00:00:00,Performing
FAGBUYI TOSIN,"=""22324447420""",19 ALHAJI JIMOH STR OFF ADENIYI JONES IKEJA,"=""08034256280""","=""11947018""","=""10281638""","=""2020283403""",Personal fixed term loan,2021-11-01 00:00:00,400000.00,0.00,,0.00,248400.00,NGN,0,Closed,2022-03-06 00:00:00,Performing
DOSUMU OLUWATOSIN OPEYEMI,"=""22148833951""",NO 7  ALADE AREA  ODO ONA KEKERE  MOLETE,"=""08111121941""","=""12101442""","=""6871386""","=""159659228""",Personal fixed term loan,2020-04-10 00:00:00,7500.00,0.00,,0.00,8620.00,NGN,0,Closed,2020-04-27 00:00:00,Performing
DOSUMU OLUWATOSIN OPEYEMI,"=""22148833951""",NO 7  ALADE AREA  ODO ONA KEKERE  MOLETE,"=""08111121941""","=""12101442""","=""6871386""","=""1930891""",Personal fixed term loan,2020-04-10 00:00:00,7500.00,0.00,,0.00,8620.00,NGN,0,Closed,2020-04-27 00:00:00,Performing
MALACHI DANIEL ETUKUDOH,,21 ATOLAGBE STREET AMUKOKO LAGOS Apapa Lagos State,,"=""12290519""","=""325431""","=""3873980010""",Personal fixed term loan,2020-11-16 00:00:00,20000.00,0.00,,0.00,8930.00,NGN,0,Open,2021-02-15 00:00:00,Performing
LALA F,"=""22287754412""",Nigeria,"=""08027952739""","=""11444136""","=""7180153""","=""1040757601""",Personal fixed term loan,2020-12-15 00:00:00,10000.00,0.00,,0.00,13000.00,NGN,0,Open,2021-01-14 00:00:00,Performing
OBIJIAKU LOUIS KEZIE,,SITE G PLOT 9 SATELITTE TOWN,"=""23408033222384""","=""11504553""","=""12560459""","=""4739689""",Personal fixed term loan,2021-09-30 00:00:00,50000.00,0.00,,0.00,65000.00,NGN,0,Closed,2021-11-22 00:00:00,Performing
OBIJIAKU LOUIS KEZIE,,SITE G PLOT 9 SATELITTE TOWN,"=""23408033222384""","=""11504553""","=""12560459""","=""93928433""",Personal fixed term loan,2021-04-23 00:00:00,10000.00,0.00,,0.00,11000.00,NGN,0,Open,2021-05-10 00:00:00,Performing
JOHN DARAMOLA A,,2 BOBOYE AVENUE  OKO  GRA BENIN CITY,"=""08060343975""","=""11658391""","=""28949149""","=""3014624439""",Personal fixed term loan,2022-09-05 00:00:00,350000.00,341782.00,,18033.00,107917.00,NGN,18,Open,2023-12-14 00:00:00,Watchlist
AGBONMA SHERIFF,"=""22281229310""",7MCF3C Benin City Nigeria,"=""08182282943""","=""11771867""","=""43690913""","=""10644197""",Personal fixed term loan,2023-06-19 00:00:00,7500.00,0.00,,0.00,9675.00,NGN,0,Closed,2023-07-19 00:00:00,Performing
NNAMDI CHIAMAKA KINDNESS,"=""22265562712""",30 VONGO STREET ABA,"=""08101718867""","=""12167333""","=""7940466""","=""2184798452""",Personal fixed term loan,2020-08-29 00:00:00,35000.00,0.00,,0.00,45500.00,NGN,0,Open,2020-09-28 00:00:00,Performing
ANTHONY AUGUSTINE OGAJI,"=""22163970880""",10 ODEDAIRO STREET NUD ROAD OKE IJEUN ABEOKUTA Abeokuta So,"=""08028941704""","=""12327488""","=""6216293""","=""1923458""",Personal fixed term loan,2020-04-04 00:00:00,2500.00,0.00,,0.00,2870.00,NGN,0,Closed,2020-04-20 00:00:00,Performing
CALEB JOSHUA ONYINYECHI,"=""22265327902""",PrimaryAddressLine1,"=""2348130970299""","=""12198412""","=""3481534""","=""9677612""",Personal fixed term loan,2023-03-16 00:00:00,100000.00,153000.00,,0.00,12750.00,NGN,0,Open,2024-03-15 00:00:00,Performing
ADERINTO ADENIRAN AYOBAMI,,PrimaryAddressLine1,"=""2348131503805""","=""12354172""","=""1710184""","=""126728915""",Personal fixed term loan,2019-08-28 00:00:00,1500.00,1725.00,,1725.00,1950.00,NGN,1466,Open,2019-09-27 00:00:00,Lost
AKANO HANNAH,"=""22194870346""",DEPT OF MASS COMMUNICATION BOWEN UNIVERSITY IWO Iwo Osun S,"=""07080572700""","=""10987694""","=""17646776""","=""5873315""",Personal fixed term loan,2022-02-09 00:00:00,150000.00,0.00,,0.00,191100.00,NGN,0,Closed,2022-05-07 00:00:00,Performing
MOHAMMED ISMAILA SAAD,"=""22349582674""",NO 4 DEKINA ROAD U RIMI Kaduna North Kaduna State,"=""23408065955543""","=""11784244""","=""9211356""","=""3112759303""",Personal fixed term loan,2020-11-20 00:00:00,5000.00,0.00,,0.00,6000.00,NGN,0,Open,2020-07-12 00:00:00,Performing
TAHIR ABDULLAHI,"=""22165485885""",NO 2 ZAKARI CLOSE BADARAWA KWARU KADUNA Kaduna North Kadun,"=""08038066708""","=""11830970""","=""5819543""","=""13571312""",Personal fixed term loan,2020-09-10 00:00:00,5000.00,0.00,,0.00,6500.00,NGN,0,Closed,2020-10-12 00:00:00,Performing
TAHIR ABDULLAHI,"=""22165485885""",NO 2 ZAKARI CLOSE BADARAWA KWARU KADUNA Kaduna North Kadun,"=""08038066708""","=""11830970""","=""5819543""","=""2425374""",Personal fixed term loan,2020-09-10 00:00:00,5000.00,0.00,,0.00,6500.00,NGN,0,Closed,2020-10-12 00:00:00,Performing
YUSUF OPEYEMI ABDULWASIU,,53 DADA ESTATE CAPITAL AREA Osogbo Osun State,"=""08034632476""","=""11932314""","=""18508""","=""129177521""",Personal fixed term loan,2019-11-22 00:00:00,1500.00,0.00,,0.00,1720.00,NGN,0,Open,2019-12-09 00:00:00,Performing
TAI OJOMO OMOLOLU,"=""22160036396""",243 BORNA WAY EBUTE METTA LAGOS  Lagos Mainland Lagos Stat,"=""08183061690""","=""12217898""","=""5928549""","=""2143586638""",Personal fixed term loan,2021-01-12 00:00:00,7500.00,0.00,,0.00,8880.00,NGN,0,Closed,2021-01-27 00:00:00,Performing
TAI OJOMO OMOLOLU,"=""22160036396""",243 BORNA WAY EBUTE METTA LAGOS  Lagos Mainland Lagos Stat,"=""08183061690""","=""12217898""","=""5928549""","=""3050733""",Personal fixed term loan,2021-01-12 00:00:00,7500.00,0.00,,0.00,8880.00,NGN,0,Closed,2021-01-27 00:00:00,Performing
TAI OJOMO OMOLOLU,"=""22160036396""",243 BORNA WAY EBUTE METTA LAGOS  Lagos Mainland Lagos Stat,"=""08183061690""","=""12217898""","=""5928549""","=""5484413""",Personal fixed term loan,2021-12-27 00:00:00,150000.00,0.00,,0.00,97270.00,NGN,0,Closed,2022-04-03 00:00:00,Performing
OLUWAGBEMI OLUGBOLAHANMI,,14 15 Prince Alaba Road Oniru,"=""2348166651068""","=""12248363""","=""6609334""","=""724273157""",Personal fixed term loan,2020-03-27 00:00:00,10000.00,11500.00,,11500.00,13000.00,NGN,1253,Open,2020-04-27 00:00:00,Lost
CALEB AJALA BOLAJI,"=""22201820089""",Bamidele house under g ogbomoso,"=""2347030941416""","=""11347305""","=""7414806""","=""8816229""",Personal fixed term loan,2022-12-07 00:00:00,5000.00,0.00,,0.00,6000.00,NGN,0,Closed,2022-12-22 00:00:00,Performing
JIBRIN YUSUF,,NO 6 ZARIA ROAD TYPE B Chanchaga Niger State,"=""08038215922""","=""11536858""","=""1962069""","=""6016092982""",Personal fixed term loan,2019-09-23 00:00:00,10000.00,11500.00,,11500.00,13000.00,NGN,1440,Open,2019-10-23 00:00:00,Lost
KAYODE OLUWALOGBON BEN,,NO12 AJAGBONNA HOUSE 2ND ECWA YARD EGBE,"=""07035034384""","=""12090791""","=""16474947""","=""3046854905""",Personal fixed term loan,2022-02-23 00:00:00,300000.00,0.00,,0.00,200250.00,NGN,0,Closed,2022-04-25 00:00:00,Performing
KAYODE OLUWALOGBON BEN,,NO12 AJAGBONNA HOUSE 2ND ECWA YARD EGBE,"=""07035034384""","=""12090791""","=""16474947""","=""9834846""",Personal fixed term loan,2023-04-01 00:00:00,20000.00,0.00,,0.00,22860.00,NGN,0,Closed,2023-04-17 00:00:00,Performing
DIETE ABITE IP,,NO 52 GREEN VILLA ROAD BAYELSA STATE Yenagoa Bayelsa Stat,"=""08034073689""","=""12169122""","=""7577623""","=""6517073015""",Personal fixed term loan,2020-12-11 00:00:00,10000.00,0.00,,0.00,13000.00,NGN,0,Open,2021-01-11 00:00:00,Performing
EKWUGHE EMEKA UGOCHUKWU,"=""22295966661""",NO 10 NKWA ALLEY STREET EMENE ENUGU Enugu East Enugu Stat,,"=""12187523""","=""10795302""","=""2256094916""",Personal fixed term loan,2021-01-26 00:00:00,20000.00,27800.00,,27800.00,24800.00,NGN,949,Open,2021-02-25 00:00:00,Lost
OKIRIGWE IYEMEWE,,NO 2 MBIAMA AHOADA ROAD IHUGBO  Port Harcourt Rivers State,"=""2348063599802""","=""12340425""","=""714637""","=""3040655667""",Personal fixed term loan,2020-06-14 00:00:00,1500.00,1945.00,,1945.00,1720.00,NGN,1190,Open,2020-06-29 00:00:00,Lost
AKINWALE AYOMIKUN HANNAH,,12LAWRENCE LANE EREKO BALOGUN LAGOS,,"=""12153274""","=""21864114""","=""1228243565""",Personal fixed term loan,2021-12-16 00:00:00,100000.00,0.00,,0.00,42660.00,NGN,0,Closed,2022-03-31 00:00:00,Performing
OYEKUNBI KAYODE WALE,,NO 28B QUEENS CLOSE GRA ENUGU Enugu North Enugu State,"=""2347036541861""","=""12207690""","=""8092255""","=""4141237416""",Personal fixed term loan,2020-11-02 00:00:00,40000.00,0.00,,0.00,13990.00,NGN,0,Open,2021-03-02 00:00:00,Performing
OHIA EFFORT IKECHUKWU,"=""22269216141""",Not Available,"=""08030582841""","=""12289046""","=""3720351""","=""10004331""",Personal fixed term loan,2023-04-18 00:00:00,60000.00,75240.00,,0.00,37620.00,NGN,0,Open,2023-06-17 00:00:00,Performing
AYENI ADEBOWALE ABIODUN,"=""22223351312""",NO 12KM 4ONDO ROAD Akure South Ondo State,,"=""11179242""","=""6096752""","=""1728139""",Personal fixed term loan,2020-03-02 00:00:00,5000.00,0.00,,0.00,5750.00,NGN,0,Closed,2020-03-17 00:00:00,Performing
ALUKO SUSAN TITLAYO,"=""22386680636""",15 AWOTILE STR ROAD 7 ILE IFE Ife Central Osun State,,"=""11216627""","=""1555955""","=""218861230""",Personal fixed term loan,2019-08-19 00:00:00,2500.00,0.00,,0.00,3120.00,NGN,0,Closed,2019-09-18 00:00:00,Performing
AJOSE OLATUNDE ADEDEJI,"=""22147967277""",2 AJOSE STREET MENDE,,"=""11217831""","=""1097676""","=""76500474""",Personal fixed term loan,2020-11-14 00:00:00,15000.00,0.00,,0.00,19500.00,NGN,0,Closed,2020-12-14 00:00:00,Performing
MATHEW FEMI,,11 EKET STREET CALABAR Calabar South Cross River State,"=""08054235942""","=""11440644""","=""5006383""","=""3094748083""",Personal fixed term loan,2021-01-11 00:00:00,15000.00,0.00,,0.00,18790.00,NGN,0,Open,2021-02-10 00:00:00,Performing
MATHEW FEMI,,11 EKET STREET CALABAR Calabar South Cross River State,"=""08054235942""","=""11440644""","=""5006383""","=""709881740""",Personal fixed term loan,2020-01-22 00:00:00,2500.00,0.00,,0.00,3250.00,NGN,0,Open,2020-02-21 00:00:00,Performing
OLORUNFEMI FUNKE CHRISTIANA,"=""22162434996""",NO 28 DIRAN ALAKE STR LADIPO SHOGUNLE LAGOS,"=""07068198106""","=""11770730""","=""39825876""","=""9712522""",Personal fixed term loan,2023-03-20 00:00:00,200000.00,269400.00,,0.00,67350.00,NGN,0,Open,2023-07-18 00:00:00,Performing
AWOBELLO DAMILOLA JULIANA,,38 OLAJIDE STREET AYETORO ITELE Alimosho Lagos State,"=""08163886229""","=""11847355""","=""10438601""","=""691731313""",Personal fixed term loan,2020-12-20 00:00:00,10000.00,0.00,,0.00,13000.00,NGN,0,Open,2021-01-19 00:00:00,Performing
NDUBUISI IFEOMA JULIANA,"=""22345444165""",3 OLOWASEYI STREET WHITE SAND ISHERI OSHUN LAGOS Alimosho,"=""2348066298186""","=""12065219""","=""7780088""","=""2494894""",Personal fixed term loan,2020-09-26 00:00:00,25000.00,0.00,,0.00,31250.00,NGN,0,Closed,2020-10-26 00:00:00,Performing
NDUBUISI IFEOMA JULIANA,"=""22345444165""",3 OLOWASEYI STREET WHITE SAND ISHERI OSHUN LAGOS Alimosho,"=""2348066298186""","=""12065219""","=""7780088""","=""6583350010""",Personal fixed term loan,2020-09-26 00:00:00,25000.00,0.00,,0.00,31250.00,NGN,0,Closed,2020-10-26 00:00:00,Performing
AIGOSANORIA ISITOKHAE ASLEM,"=""22214580891""",Not Available,"=""2348252144556""","=""12301617""","=""20381684""","=""5559718""",Personal fixed term loan,2022-01-05 00:00:00,120000.00,0.00,,0.00,152880.00,NGN,0,Closed,2022-03-01 00:00:00,Performing
WURUS REX OYINS,,14 St Marys junction Uvwie Delta,"=""2347068470112""","=""12339657""","=""10981157""","=""3093944307""",Personal fixed term loan,2021-01-24 00:00:00,5000.00,0.00,,0.00,5500.00,NGN,0,Open,2021-02-23 00:00:00,Performing
DISEYI EMMANUEL PAUL,"=""22298701609""",1 RCCG EDO PROVINCE GRA ObioAkpor Rivers State,,"=""11250262""","=""7742765""","=""32123884""",Personal fixed term loan,2020-10-07 00:00:00,25000.00,0.00,,0.00,30500.00,NGN,0,Closed,2020-11-06 00:00:00,Performing
JAIYEOLA AYOOLUWA CHINOSO,,Customary Court Road Jiwa Und St Jiwa Area Office,"=""2349090576809""","=""11664815""","=""1554051""","=""431047857""",Personal fixed term loan,2020-01-09 00:00:00,60000.00,69000.00,,69000.00,73200.00,NGN,1330,Open,2020-02-10 00:00:00,Lost
OGUNDARE STEPHEN OLAKANMI,"=""22349313609""",PrimaryAddressLine1,"=""07033109050""","=""11770656""","=""7018555""","=""6671644""",Personal fixed term loan,2022-05-06 00:00:00,90000.00,0.00,,0.00,90000.00,NGN,0,Closed,2022-06-07 00:00:00,Performing
OGUNDARE STEPHEN OLAKANMI,"=""22349313609""",PrimaryAddressLine1,"=""07033109050""","=""11770656""","=""7018555""","=""6933538""",Personal fixed term loan,2022-06-03 00:00:00,60000.00,0.00,,0.00,75780.00,NGN,0,Closed,2022-07-04 00:00:00,Performing
ALABI RAIMI ASIWAJU,"=""22309473466""",SW1734A ILEIBA OJAOBA IBADAN OYO STATE Ibadan SouthWest Oy,"=""08055069118""","=""12046744""","=""6408275""","=""1837085""",Personal fixed term loan,2020-03-17 00:00:00,2500.00,0.00,,0.00,2870.00,NGN,0,Closed,2020-04-01 00:00:00,Performing
ALABI RAIMI ASIWAJU,"=""22309473466""",SW1734A ILEIBA OJAOBA IBADAN OYO STATE Ibadan SouthWest Oy,"=""08055069118""","=""12046744""","=""6408275""","=""29226811""",Personal fixed term loan,2020-03-17 00:00:00,2500.00,0.00,,0.00,2870.00,NGN,0,Closed,2020-04-01 00:00:00,Performing
ALI AHMAD USMAN,,8 THOMPSON ADEDOJA STREET JIMOH B STOP SHASHA EGBEDA Alim,"=""08062843394""","=""12161009""","=""2149025""","=""700841787""",Personal fixed term loan,2020-10-14 00:00:00,10000.00,0.00,,0.00,12000.00,NGN,0,Open,2020-11-13 00:00:00,Performing
AKOR OCHIGBO,,NO 6A OLUMENI STREET OLD GRA Port Harcourt Rivers State,"=""23408066273333""","=""12293471""","=""1945818""","=""2059848598""",Personal fixed term loan,2020-04-01 00:00:00,30000.00,0.00,,0.00,36600.00,NGN,0,Closed,2020-05-04 00:00:00,Performing
AKOR OCHIGBO,,NO 6A OLUMENI STREET OLD GRA Port Harcourt Rivers State,"=""23408066273333""","=""12293471""","=""1945818""","=""2084811018""",Personal fixed term loan,2021-01-03 00:00:00,25000.00,0.00,,0.00,30500.00,NGN,0,Closed,2021-02-02 00:00:00,Performing
DUTTA KUSHAL,"=""22226666592""",1004 Federal housing street Lagos Nigeria,"=""07088460452""","=""10997779""","=""98259""","=""16499293""",Personal fixed term loan,2019-02-07 00:00:00,5000.00,0.00,,0.00,6500.00,NGN,0,Open,2019-03-11 00:00:00,Performing
ISELOBHOR JOY OKANE,"=""22292029336""",4 DLA ROAD ASABA,,"=""11040563""","=""44367853""","=""10736730""",Personal fixed term loan,2023-06-29 00:00:00,750000.00,1125000.00,,0.00,93750.00,NGN,0,Open,2024-06-23 00:00:00,Performing
ODIMEGWU ERNEST ONYEKA,,NO 25 MALAWI CRESCENT NORTH BARNAWA KADUNA Kaduna South Ka,"=""08033525511""","=""11058362""","=""1205034""","=""1003885766""",Personal fixed term loan,2022-03-03 00:00:00,600000.00,0.00,,0.00,120000.00,NGN,0,Closed,2022-12-31 00:00:00,Performing
E EKPEWU FREDRICK,,BLOCK 10 FLAT 1 BRUME ESTATE DSC Udu Delta State,"=""08052006043""","=""11367310""","=""9962457""","=""3017458244""",Personal fixed term loan,2021-01-11 00:00:00,10000.00,0.00,,0.00,13000.00,NGN,0,Open,2021-02-10 00:00:00,Performing
OKAFOR CHUKWUDUM EMMANUEL,"=""22287520923""",13 Owode Oyelaja Drive Ketu,"=""08142227119""","=""11397090""","=""37159782""","=""2088146735""",Personal fixed term loan,2022-11-29 00:00:00,250000.00,223025.00,,223025.00,72375.00,NGN,187,Open,2023-05-29 00:00:00,Lost
ALAKIJA IKEOLUWA FEHINTOLA,"=""22142011155""",96 AGEGE MOTOR ROAD,"=""08037310645""","=""11905331""","=""FMSME00950""","=""FMSME00950""",,2022-05-24 00:00:00,1000000.00,0.00,,0.00,367209.00,,,Closed,2022-08-22 00:00:00,Performing
UWANIKONE OMASAN RUTH,"=""22178038441""",25 DAVID STR IJEGUN IMOORE OFF NAVY GATE SATELLITE TOWN,"=""08065902854""","=""11906103""","=""5371134""","=""6832535""",Personal fixed term loan,2022-05-24 00:00:00,20000.00,0.00,,0.00,23000.00,NGN,0,Closed,2022-06-08 00:00:00,Performing
UWANIKONE OMASAN RUTH,"=""22178038441""",25 DAVID STR IJEGUN IMOORE OFF NAVY GATE SATELLITE TOWN,"=""08065902854""","=""11906103""","=""5371134""","=""7319668""",Personal fixed term loan,2022-07-12 00:00:00,40000.00,0.00,,0.00,48240.00,NGN,0,Closed,2022-08-11 00:00:00,Performing
UWANIKONE OMASAN RUTH,"=""22178038441""",25 DAVID STR IJEGUN IMOORE OFF NAVY GATE SATELLITE TOWN,"=""08065902854""","=""11906103""","=""5371134""","=""9112279""",Personal fixed term loan,2023-01-08 00:00:00,60000.00,0.00,,0.00,17600.00,NGN,0,Closed,2023-07-13 00:00:00,Performing
HAMZAT AISHETU,,muhammad kw aro11gmail com,,"=""12158328""","=""1910165""","=""6384706010""",Personal fixed term loan,2019-09-21 00:00:00,2500.00,2875.00,,2875.00,3250.00,NGN,1442,Open,2019-10-21 00:00:00,Lost
JULIUS ABIGAIL OLUWAKEMI,,122 ISOLO ROAD MADU BUS STOP IJEGUN Alimosho Lagos State,"=""08103013856""","=""12212958""","=""1807794""","=""4767271""",Personal fixed term loan,2021-10-03 00:00:00,50000.00,0.00,,0.00,12920.00,NGN,0,Closed,2022-07-09 00:00:00,Performing
OGUNMODEDE KEHINDE,"=""22338097453""",NO 2 POWERLINE IGIRIGIRI ROAD ODOADO Ado Ekiti Ekiti State,"=""2348034247950""","=""11370152""","=""6716038""","=""5616827""",Personal fixed term loan,2022-01-12 00:00:00,200000.00,0.00,,0.00,30830.00,NGN,0,Closed,2024-01-09 00:00:00,Performing
OLUBUKOLA SAMUEL,,10 MUDASHIRU CLOSE VICTORY ESTATE EJIGBO LAGOS,"=""08023127101""","=""11590624""","=""35070742""","=""0256800503""",Personal fixed term loan,2022-05-31 00:00:00,200000.00,0.00,,0.00,82200.00,NGN,0,Closed,2022-08-29 00:00:00,Performing
OSEGHALE DAVID OGBEIDE,"=""22257661717""",22 AJAKAOYE STREET AFROMEDIA STREET OKOKOMAKO LAGOS Ojo L,"=""2348068483222""","=""12298432""","=""10104049""","=""138758498""",Personal fixed term loan,2021-01-26 00:00:00,60000.00,0.00,,0.00,27200.00,NGN,0,Open,2021-04-26 00:00:00,Performing
SOWEMIMO SEMIU OLUKOREDE,"=""22327472045""",BLOCK 4 RUFAI CLOSE ORI OKUTA OFF ISAWO ROAD Ikorodu Lagos,"=""23408023944255""","=""11138135""","=""5342956""","=""2036593""",Personal fixed term loan,2020-06-04 00:00:00,2500.00,0.00,,0.00,2870.00,NGN,0,Closed,2020-06-19 00:00:00,Performing
ABIOYE AZEEZ ADEYEMI,"=""22225142185""",NO 21 BOGIJE BARBO STREET ELEMORO TOWN IBEJU LEKKI,,"=""11174417""","=""1993394""","=""106366241""",Personal fixed term loan,2022-06-11 00:00:00,300000.00,0.00,,0.00,214350.00,NGN,0,Closed,2022-09-01 00:00:00,Performing
OKONKWO CHIMALUME IFY,,No 8 Omolara ojo Street Ejigbo Oshodi Isolo Lagos State,"=""2348060275958""","=""11272003""","=""10815202""","=""3035040665""",Personal fixed term loan,2021-01-22 00:00:00,10000.00,0.00,,0.00,11800.00,NGN,0,Open,2021-02-08 00:00:00,Performing
KIMBA BUBA,"=""22143407843""",26 AYO AKINYEMI STREET DALEMO ALAKUKO Mushin Lagos State,,"=""11606401""","=""8253238""","=""24779531""",Personal fixed term loan,2020-09-15 00:00:00,7500.00,0.00,,0.00,9750.00,NGN,0,Open,2020-10-15 00:00:00,Performing
JOODA EMMANUEL O,"=""22331057797""",BLOCK 2 FLAT 1 OPPOSITE AMBASSADORS NP SCHOOL OKE OROKI,"=""07066237754""","=""11660324""","=""755458""","=""6256772""",Personal fixed term loan,2022-03-23 00:00:00,10000.00,0.00,,0.00,13000.00,NGN,0,Closed,2022-04-22 00:00:00,Performing
IBRAHIM NOFISAT ALABA,,owalagba agba oka akoko,"=""08131175473""","=""11931632""","=""1771422""","=""693112752""",Personal fixed term loan,2020-01-04 00:00:00,1500.00,0.00,,0.00,1720.00,NGN,0,Open,2020-01-20 00:00:00,Performing
HARCOURT REGINALD CHIDI,,ITAMERIN IBADAN 17 OLORUNSOGO,,"=""12356700""","=""1767846""","=""2097985262""",Personal fixed term loan,2020-02-03 00:00:00,2500.00,0.00,,0.00,3250.00,NGN,0,Closed,2020-03-04 00:00:00,Performing
