Name,BankVerificationNumber,Address,HomeTelephoneNumber,FirstCentralReferenceNo,customerid,AccountNo,TypeOfAccount,DateAccountOpened,OpeningBalanceAmt,CurrentBalanceAmt,CurrentBalanceDebitInd,AmountOverdue,InstalmentAmount,Currency,MonthsInArrears,AccountStatusCode,ClosedDate,loanclassification
Samuel Margret shola,,YELWAN TUDUBEHIND COCIN CHURCH YELWA,,"=""21998196""","=""44348827""","=""10729306""",Personal fixed term loan,2023-06-28 00:00:00,5000.00,6000.00,,0.00,6000.00,NGN,0,Open,2023-07-13 00:00:00,Performing
FRIDAY JOSEPH,"=""22507426343""",NO10AYEGBAMI STORE Odigbo Ondo State,,"=""22097359""","=""5974407""","=""10577572""",Personal fixed term loan,2023-06-13 00:00:00,1500.00,0.00,,0.00,1950.00,NGN,0,Closed,2023-07-13 00:00:00,Performing
ALICE PETER,"=""22693764506""",DAWAKI LAGOS STREET 6945,,"=""22097366""","=""42284598""","=""10715790""",Personal fixed term loan,2023-06-27 00:00:00,5000.00,5900.00,,0.00,5900.00,NGN,0,Open,2023-07-12 00:00:00,Performing
mudashiru adeagbo,,10olaside salami street sango ota,,"=""22097768""","=""5912635""","=""10701056""",Personal fixed term loan,2023-06-25 00:00:00,7500.00,0.00,,0.00,8625.00,NGN,0,Closed,2023-07-10 00:00:00,Performing
CHISOM OKAFOR,"=""22541639970""",OKAFOR CHARLESS COMPOUND AMAIFEKE ORLU,,"=""22099331""","=""43960193""","=""10661083""",Personal fixed term loan,2023-06-21 00:00:00,10000.00,12500.00,,0.00,12500.00,NGN,0,Open,2023-07-21 00:00:00,Performing
ELKANAH YOHANNA,"=""22326673793""",OPP BAPTIST CHURCH UNG YANSHI KAFANCHAN,,"=""22101203""","=""43338971""","=""10525566""",Personal fixed term loan,2023-06-07 00:00:00,10000.00,25400.00,,0.00,38400.00,NGN,0,Open,2023-07-07 00:00:00,Performing
PATIENCE ARIGUZO,"=""22325380775""",1 BELLO STREET AGRIC OJO,,"=""22103075""","=""43591113""","=""10615047""",Personal fixed term loan,2023-06-16 00:00:00,20000.00,25800.00,,0.00,25800.00,NGN,0,Open,2023-07-16 00:00:00,Performing
UCHENNA NWODOM,"=""22167449465""",4 CHURCH CLOSE ILAJE EBUTE METTA LAGOS,,"=""22104277""","=""43866252""","=""10543751""",Personal fixed term loan,2023-06-09 00:00:00,7500.00,9675.00,,0.00,9675.00,NGN,0,Open,2023-07-09 00:00:00,Performing
MOHAMMED ISAH,,NO 50 LOKONGOMA PHASE 1 LOKOJA,,"=""22104347""","=""857265""","=""10733631""",Personal fixed term loan,2023-06-29 00:00:00,7500.00,9525.00,,0.00,9525.00,NGN,0,Open,2023-07-29 00:00:00,Performing
DANIEL BAGOS,"=""22585270942""",NUMBER 8 BRIGHTER FUTURE KUDENDA KADUNA,,"=""22104554""","=""43735512""","=""10494513""",Personal fixed term loan,2023-06-04 00:00:00,7500.00,0.00,,0.00,9675.00,NGN,0,Closed,2023-07-04 00:00:00,Performing
FRIDA OGBALA,"=""22584965269""",34 GOZI IBEH CHIGRACE CRESCENT WBHE,,"=""22104654""","=""44052204""","=""10638752""",Personal fixed term loan,2023-06-19 00:00:00,7500.00,9675.00,,0.00,9675.00,NGN,0,Open,2023-07-19 00:00:00,Performing
JESSICA ODEN,,NO 26 EKPO ISO CALABAR,,"=""22105826""","=""44169003""","=""10660012""",Personal fixed term loan,2023-06-21 00:00:00,30000.00,0.00,,0.00,37500.00,NGN,0,Closed,2023-07-21 00:00:00,Performing
CHIZURUM NKEMNEME,"=""22705159786""",GWARINPA HOMES ESTATE,,"=""22106349""","=""44111169""","=""10647451""",Personal fixed term loan,2023-06-20 00:00:00,20000.00,0.00,,0.00,23000.00,NGN,0,Closed,2023-07-05 00:00:00,Performing
FAITH NNAH,"=""22480599043""",BRIGHT COMPOUND AGUANWA OMAGWA RS,,"=""22107321""","=""43972698""","=""10595098""",Personal fixed term loan,2023-06-14 00:00:00,7500.00,9675.00,,0.00,9675.00,NGN,0,Open,2023-07-14 00:00:00,Performing
WILLIAM HEMBA,"=""22546577619""",KUNGWA STREET NO17,,"=""22107519""","=""44062452""","=""10744144""",Personal fixed term loan,2023-06-30 00:00:00,5000.00,6000.00,,0.00,6000.00,NGN,0,Open,2023-07-15 00:00:00,Performing
MUINAT RAHEEM,"=""22292978582""",9 OLAYIWOLA OMOLAOLU STREET AJEGUNLE BUSTOP ABULE IROKO,,"=""22107619""","=""28439922""","=""10750593""",Personal fixed term loan,2023-06-30 00:00:00,7500.00,8850.00,,0.00,8850.00,NGN,0,Open,2023-07-15 00:00:00,Performing
JOHNSON HUMPHREY,"=""22353281491""",7JK EZRA STREETALAGBADO,,"=""22108221""","=""43454592""","=""10586807""",Personal fixed term loan,2023-06-13 00:00:00,20000.00,25800.00,,0.00,25800.00,NGN,0,Open,2023-07-13 00:00:00,Performing
OLABODE OLUWAPELUMI,,PASEDA STREET OLEYO ROAD ORITA CHALLENGE IBADAN Oluyole Oy,,"=""21978427""","=""7762187""","=""10175454""",Personal fixed term loan,2023-05-04 00:00:00,7500.00,0.00,,0.00,9000.00,NGN,0,Closed,2023-05-19 00:00:00,Performing
OLABODE OLUWAPELUMI,,PASEDA STREET OLEYO ROAD ORITA CHALLENGE IBADAN Oluyole Oy,,"=""21978427""","=""7762187""","=""10183392""",Personal fixed term loan,2023-05-05 00:00:00,7500.00,0.00,,0.00,9000.00,NGN,0,Closed,2023-05-20 00:00:00,Performing
OLABODE OLUWAPELUMI,,PASEDA STREET OLEYO ROAD ORITA CHALLENGE IBADAN Oluyole Oy,,"=""21978427""","=""7762187""","=""10230842""",Personal fixed term loan,2023-05-10 00:00:00,7500.00,0.00,,0.00,9112.50,NGN,0,Closed,2023-05-25 00:00:00,Performing
OLABODE OLUWAPELUMI,,PASEDA STREET OLEYO ROAD ORITA CHALLENGE IBADAN Oluyole Oy,,"=""21978427""","=""7762187""","=""10230877""",Personal fixed term loan,2023-05-10 00:00:00,7500.00,0.00,,0.00,9112.50,NGN,0,Closed,2023-05-25 00:00:00,Performing
OLABODE OLUWAPELUMI,,PASEDA STREET OLEYO ROAD ORITA CHALLENGE IBADAN Oluyole Oy,,"=""21978427""","=""7762187""","=""10293813""",Personal fixed term loan,2023-05-16 00:00:00,7500.00,0.00,,0.00,9750.00,NGN,0,Closed,2023-06-15 00:00:00,Performing
Chioma Nwaogbo,"=""22451348566""",5YANYA STREET OFF FAGBILE ESTATE Alimosho Lagos State,"=""09037192926""","=""22078249""","=""5231918""","=""10592925""",Personal fixed term loan,2023-06-14 00:00:00,22500.00,0.00,,0.00,29250.00,NGN,,Closed,2023-07-14 00:00:00,Performing
BLESSING AKOR,"=""22627946949""",Nigeria,,"=""22098062""","=""43705514""","=""10496566""",Personal fixed term loan,2023-06-04 00:00:00,7500.00,9675.00,,0.00,9675.00,NGN,0,Open,2023-07-04 00:00:00,Performing
FAVOUR EMMANUEL,"=""22557969393""",09 EGINI UDU LGA,,"=""22098862""","=""44351366""","=""10730212""",Personal fixed term loan,2023-06-28 00:00:00,30000.00,38400.00,,0.00,38400.00,NGN,0,Open,2023-07-28 00:00:00,Performing
ADEYIGA ADEOLA,"=""22464165383""",19 ODUNBURU HOSSANA ESTATE APPLE JUNCTION LAGOS AmuwoOdofi,,"=""22099398""","=""7043075""","=""10509061""",Personal fixed term loan,2023-06-05 00:00:00,7500.00,0.00,,0.00,9675.00,NGN,0,Closed,2023-07-05 00:00:00,Performing
HASSANAT ABIOYE,"=""22653798785""",1 OREBIYI STREET ABEOKUTA OGUN STATE,,"=""22099573""","=""44396888""","=""10749210""",Personal fixed term loan,2023-06-30 00:00:00,7500.00,8850.00,,0.00,8850.00,NGN,0,Open,2023-07-15 00:00:00,Performing
DANIEL AYOZIE,,NO 24 UCHE STREET OFF MCC ABA,,"=""22101756""","=""43760811""","=""10595122""",Personal fixed term loan,2023-06-14 00:00:00,7500.00,9675.00,,0.00,9675.00,NGN,0,Open,2023-07-14 00:00:00,Performing
EZRA GODWIN,,12 BENUE STREET CHIKA AIRPORT ROAD ABUJA,,"=""22102049""","=""44174919""","=""10662514""",Personal fixed term loan,2023-06-21 00:00:00,20000.00,25800.00,,0.00,25800.00,NGN,0,Open,2023-07-21 00:00:00,Performing
JOSHUA UVER,,14 SOWEMIMO STREET GRA IKEJA,,"=""22102899""","=""39991416""","=""10686003""",Personal fixed term loan,2023-06-23 00:00:00,20000.00,0.00,,0.00,25800.00,NGN,0,Closed,2023-07-23 00:00:00,Performing
ONYINYECHI KENNEDY,"=""22455413165""",NO 1O KENNEDY STREET NIGERCAT,,"=""22103317""","=""44041197""","=""10611220""",Personal fixed term loan,2023-06-16 00:00:00,7500.00,9675.00,,0.00,9675.00,NGN,0,Open,2023-07-16 00:00:00,Performing
UKAMAKA idogwu,"=""22308946163""",ekwegbe igbo etiti enugu,,"=""22103542""","=""43562592""","=""10696572""",Personal fixed term loan,2023-06-25 00:00:00,7500.00,8850.00,,0.00,8850.00,NGN,0,Open,2023-07-10 00:00:00,Performing
SHADRACH OKPATA,"=""22468710088""",58B OBAFEMI AWOLOWO WAY IKEJA Ikeja Lagos State,,"=""22106750""","=""41473941""","=""10676743""",Personal fixed term loan,2023-06-23 00:00:00,15000.00,17300.00,,0.00,19200.00,NGN,0,Open,2023-07-23 00:00:00,Performing
CHIDERA UDEH,"=""22651080547""",Nsukka,,"=""22107647""","=""41498223""","=""10711410""",Personal fixed term loan,2023-06-26 00:00:00,7500.00,0.00,,0.00,8850.00,NGN,0,Closed,2023-07-11 00:00:00,Performing
AMINAT SALAWUDEEN,"=""22622323516""",NO 6 MERCY LAND SAYO AREA IBADAN,,"=""22097627""","=""43776364""","=""10509038""",Personal fixed term loan,2023-06-05 00:00:00,7500.00,0.00,,0.00,9675.00,NGN,0,Closed,2023-07-05 00:00:00,Performing
ELIZABETH ADUROJAIYE,"=""22194994563""",126 Sapele road Benin City,"=""08053015398""","=""22098129""","=""44093483""","=""10653658""",Personal fixed term loan,2023-06-20 00:00:00,7500.00,9675.00,,0.00,9675.00,NGN,0,Open,2023-07-20 00:00:00,Performing
GODSTIME MONDAY,"=""22447211032""",6 UJOMI ROAD JESSE TOWN,,"=""22100842""","=""44279714""","=""10740687""",Personal fixed term loan,2023-06-29 00:00:00,7500.00,150.00,,0.00,8850.00,NGN,0,Open,2023-07-14 00:00:00,Performing
WISDOM NKWAZEMA,"=""22731339721""",20 CHIEJINA STREET OFF PALACE ROAD,,"=""22101271""","=""44382752""","=""10742308""",Personal fixed term loan,2023-06-30 00:00:00,7500.00,9175.00,,0.00,9675.00,NGN,0,Open,2023-07-30 00:00:00,Performing
EMEKA IDIMOGU,,NO 4 ONUOHA STREET BY NO 1 P H,,"=""22101778""","=""44122836""","=""10647734""",Personal fixed term loan,2023-06-20 00:00:00,7500.00,0.00,,0.00,9675.00,NGN,0,Closed,2023-07-20 00:00:00,Performing
MIRABEL AMINU,"=""22641594494""",NO 01 SO AMINU CLOSE,,"=""22102207""","=""42397008""","=""10639315""",Personal fixed term loan,2023-06-19 00:00:00,7500.00,0.00,,0.00,8850.00,NGN,0,Closed,2023-07-04 00:00:00,Performing
TAOREED KASALI,,NO 41BOLUWAJI STREETAJEGUNLE,,"=""22103007""","=""44315013""","=""10715839""",Personal fixed term loan,2023-06-27 00:00:00,7500.00,0.00,,0.00,9675.00,NGN,0,Closed,2023-07-27 00:00:00,Performing
GLORIA CHUKWUMA,"=""22376929897""",5ToochukwuAnyarogbustreetNkwelleEzunanka,"=""09040461690""","=""22103750""","=""43176390""","=""10620092""",Personal fixed term loan,2023-06-17 00:00:00,7500.00,0.00,,0.00,9675.00,NGN,0,Closed,2023-07-17 00:00:00,Performing
HAPPINESS AIGBEDION,,50 IVIE STREET LIT FOODS LTD BENIN,,"=""22104681""","=""4948146""","=""10748887""",Personal fixed term loan,2023-06-30 00:00:00,7500.00,9675.00,,0.00,9675.00,NGN,0,Open,2023-07-30 00:00:00,Performing
CHEDU CHEDU,"=""22419801571""",17 AYEDUN STR OJODU BERGA,,"=""22104979""","=""44100948""","=""10635793""",Personal fixed term loan,2023-06-19 00:00:00,7500.00,0.00,,0.00,8850.00,NGN,0,Closed,2023-07-04 00:00:00,Performing
CHIEMERIE NNAMANI,,WIN FAVOUR STREET RAFINSENYI SULEJA NIGER STATE Suleja Nig,,"=""22105381""","=""1484193""","=""809674057""",Personal fixed term loan,2019-10-17 00:00:00,25000.00,0.00,,0.00,28750.00,NGN,0,Closed,2019-11-01 00:00:00,Performing
CHIEMERIE NNAMANI,,WIN FAVOUR STREET RAFINSENYI SULEJA NIGER STATE Suleja Nig,,"=""22105381""","=""1484193""","=""845622""",Personal fixed term loan,2019-10-17 00:00:00,25000.00,0.00,,0.00,28750.00,NGN,0,Closed,2019-11-01 00:00:00,Performing
STANLEY GAULDEN,"=""22710176114""",227 Temsite Awka North Anambra,,"=""22105622""","=""43191285""","=""10561681""",Personal fixed term loan,2023-06-11 00:00:00,7500.00,9675.00,,0.00,9675.00,NGN,0,Open,2023-07-11 00:00:00,Performing
SEKINAT SHOMUYIWA,"=""22464430199""",25 IREPODUN STREET KOLAB BUS STOP AYOBO,,"=""22105815""","=""44091690""","=""10630843""",Personal fixed term loan,2023-06-18 00:00:00,7500.00,9675.00,,0.00,9675.00,NGN,0,Open,2023-07-18 00:00:00,Performing
MUHAMMAD SHUAIBU,,PHASE BB ROAD NO B3 ABUJA,,"=""22109402""","=""43599679""","=""10730115""",Personal fixed term loan,2023-06-28 00:00:00,10000.00,12750.00,,0.00,12750.00,NGN,0,Open,2023-07-28 00:00:00,Performing
OGHENEYAVWERHE TONUKARI,"=""22612446218""",27 GBAGA OFF IJEDE ROAD IKORODU,,"=""22109659""","=""42427117""","=""10706383""",Personal fixed term loan,2023-06-26 00:00:00,7500.00,9675.00,,0.00,9675.00,NGN,0,Open,2023-07-26 00:00:00,Performing
oyewunmi muhammed,"=""22304414642""",NO 5 EPE STREET ABIJO IBEJU LEKKI LAGOS,,"=""22109868""","=""43800754""","=""10546371""",Personal fixed term loan,2023-06-09 00:00:00,7500.00,9675.00,,0.00,9675.00,NGN,0,Open,2023-07-09 00:00:00,Performing
Oladepo Abiola David,"=""22390906115""",IfakoIjaiye Ojokoro Nigeria,,"=""21989251""","=""6239587""","=""10069571""",Personal fixed term loan,2023-04-24 00:00:00,5000.00,0.00,,0.00,6000.00,NGN,0,Closed,2023-05-09 00:00:00,Performing
Oladepo Abiola David,"=""22390906115""",IfakoIjaiye Ojokoro Nigeria,,"=""21989251""","=""6239587""","=""10228060""",Personal fixed term loan,2023-05-09 00:00:00,7500.00,0.00,,0.00,9112.50,NGN,0,Closed,2023-05-24 00:00:00,Performing
AFOKHAI LAWAL ILAVBARE,"=""22353794078""",NO 10 AKINSAYA STREET AJAO ESTATE LAGOS OshodiIsolo Lagos,"=""23408135741293""","=""22023794""","=""5784089""","=""1841961""",Personal fixed term loan,2020-03-18 00:00:00,10000.00,0.00,,0.00,13000.00,NGN,0,Closed,2020-04-17 00:00:00,Performing
AFOKHAI LAWAL ILAVBARE,"=""22353794078""",NO 10 AKINSAYA STREET AJAO ESTATE LAGOS OshodiIsolo Lagos,"=""23408135741293""","=""22023794""","=""5784089""","=""2069506219""",Personal fixed term loan,2020-03-18 00:00:00,10000.00,0.00,,0.00,13000.00,NGN,0,Closed,2020-04-17 00:00:00,Performing
ABDULRAZAQ AWWAL,"=""22695515827""",NO 76 MORADEUN ALABI CRESENT MAGODO GRA 11 LAGOS STATE,,"=""22097497""","=""44139012""","=""10676666""",Personal fixed term loan,2023-06-23 00:00:00,30000.00,31200.00,,0.00,34500.00,NGN,0,Open,2023-07-08 00:00:00,Performing
MODINATU KEHINDE,,2 OSHO STREET BARIGA,,"=""22097683""","=""44070475""","=""10622698""",Personal fixed term loan,2023-06-17 00:00:00,20000.00,25800.00,,0.00,25800.00,NGN,0,Open,2023-07-17 00:00:00,Performing
NGOZIKA NWANKPA,"=""22408312152""",AMUZUKWU LAYOUT,,"=""22097730""","=""44245324""","=""10689859""",Personal fixed term loan,2023-06-24 00:00:00,7500.00,9675.00,,0.00,9675.00,NGN,0,Open,2023-07-24 00:00:00,Performing
ANTHONY EKERIA,"=""22710890812""",Nigeria,,"=""22098083""","=""43828169""","=""10528843""",Personal fixed term loan,2023-06-07 00:00:00,7500.00,9675.00,,0.00,9675.00,NGN,0,Open,2023-07-07 00:00:00,Performing
EAMES PAT,,31 William bassey Street uyo,"=""2348038906390""","=""22099738""","=""43908767""","=""10659805""",Personal fixed term loan,2023-06-21 00:00:00,7500.00,8850.00,,0.00,8850.00,NGN,0,Open,2023-07-06 00:00:00,Performing
ONYINYECHI NDUBUISI,,63 AMINAT BURGDE STR ADEXSON BUS STOP IGANDO,,"=""22103045""","=""39845208""","=""10672056""",Personal fixed term loan,2023-06-22 00:00:00,20000.00,0.00,,0.00,25800.00,NGN,0,Closed,2023-07-22 00:00:00,Performing
BLESSING MOSES,"=""22258739293""",NANTA STRT OPP AKAS STRT RUMUEKINI,,"=""22104418""","=""43741815""","=""10496662""",Personal fixed term loan,2023-06-04 00:00:00,7500.00,9675.00,,0.00,9675.00,NGN,0,Open,2023-07-04 00:00:00,Performing
FAITH EGBONYI,"=""22359116025""",16 SEASIDE GRACE AVENUE,,"=""22105971""","=""44341371""","=""10741725""",Personal fixed term loan,2023-06-29 00:00:00,10000.00,12700.00,,0.00,12700.00,NGN,0,Open,2023-07-29 00:00:00,Performing
DEBBIE IYAHA,"=""22681194265""",NO 7 ONOVROKE LANE IMIOUVIE STREET,,"=""22106789""","=""43947516""","=""10574253""",Personal fixed term loan,2023-06-12 00:00:00,10000.00,12500.00,,0.00,12900.00,NGN,0,Open,2023-07-12 00:00:00,Performing
SAMINU INUWA,,014 MIKE AHIGBE CLOSE JABI,,"=""22107375""","=""38400795""","=""10745382""",Personal fixed term loan,2023-06-30 00:00:00,7500.00,9675.00,,0.00,9675.00,NGN,0,Open,2023-07-30 00:00:00,Performing
ADEYINKA OMOWUNMI,"=""22350666990""",10 Agbara Ewekoro Ogun,,"=""22109780""","=""44198557""","=""10671544""",Personal fixed term loan,2023-06-22 00:00:00,30000.00,38400.00,,0.00,38400.00,NGN,0,Open,2023-07-22 00:00:00,Performing
EBIWARI KOSIPRE,,BEHIND DEEPER LIFE BIBLE CHURCH OKUTUKUTU YENAGOA,,"=""22110766""","=""27597718""","=""10549950""",Personal fixed term loan,2023-06-09 00:00:00,20000.00,25800.00,,0.00,25800.00,NGN,0,Open,2023-07-09 00:00:00,Performing
Goodness  Ukwu,"=""22189830689""",NO 54 Clegy Street Ojuelegba,,"=""22111069""","=""43881025""","=""10549956""",Personal fixed term loan,2023-06-09 00:00:00,7500.00,9675.00,,0.00,9675.00,NGN,0,Open,2023-07-09 00:00:00,Performing
Gbenga Alokonigbo Gideon,"=""22216008580""",3 OLORUNSHOLA STREET ODI OLOWO MUSHIN,"=""07081456988""","=""22071479""","=""2857831""","=""2078084340""",Personal fixed term loan,2019-11-02 00:00:00,1500.00,0.00,,0.00,1720.00,NGN,0,Closed,2019-11-18 00:00:00,Performing
Abiodun Aderibigbe,"=""22316502416""",PRINCE AGBAJE STREETOLUGBODE ITELE,"=""08143235740""","=""22073701""","=""44111290""","=""10680415""",Personal fixed term loan,2023-06-23 00:00:00,20000.00,0.00,,0.00,25400.00,NGN,0,Closed,2023-07-23 00:00:00,Performing
ERNEST ODUBA,"=""22403171121""",AKUGOM COMPOUND ADIM,,"=""22097812""","=""43651129""","=""10460870""",Personal fixed term loan,2023-06-01 00:00:00,5000.00,6350.00,,6350.00,6350.00,NGN,3,Open,2023-07-01 00:00:00,Watchlist
OYINDAMOLA OLADIPUPO,"=""22410446788""",110115 Ibadan Oyo Nigeria,,"=""22098837""","=""44096981""","=""10632748""",Personal fixed term loan,2023-06-18 00:00:00,10000.00,12900.00,,0.00,12900.00,NGN,0,Open,2023-07-18 00:00:00,Performing
KHADIJAH KIKELOMO ABDULRAHMAN,"=""22433710589""",42 OYESILE STR CELE EGBE BUS STOP ILE IWE AREA IKOTUN,,"=""22099491""","=""44111096""","=""10638237""",Personal fixed term loan,2023-06-19 00:00:00,10000.00,11800.00,,0.00,11800.00,NGN,0,Open,2023-07-04 00:00:00,Performing
CHIDERA EZEKIEL,"=""22680858634""",UMUNKARU ALIKE UMULU,,"=""22099998""","=""43381619""","=""10543681""",Personal fixed term loan,2023-06-09 00:00:00,10000.00,15330.00,,0.00,5110.00,NGN,0,Open,2023-09-07 00:00:00,Performing
SAMSOM JOSEPH,,ATAMEH IBANDU AGBARA,,"=""22100913""","=""43937285""","=""10571329""",Personal fixed term loan,2023-06-12 00:00:00,7500.00,6897.00,,6897.00,8850.00,NGN,7,Open,2023-06-27 00:00:00,Watchlist
AUDRAGANIRU OKOLO,"=""22203462867""",NO 85 AFIKPO ROAD CHRIST THE KINGS HOSPITAL ABAKALIKI Abak,,"=""22101352""","=""3662864""","=""44044261""",Personal fixed term loan,2020-03-13 00:00:00,15000.00,0.00,,0.00,18750.00,NGN,0,Closed,2020-04-14 00:00:00,Performing
YETUNDE OLALERE,,7 OPEOLUWA STR ABULE IROKO SANGO OGUN STATE AdoOdoOta Ogun,,"=""22101938""","=""534867""","=""10722881""",Personal fixed term loan,2023-06-27 00:00:00,7500.00,9675.00,,0.00,9675.00,NGN,0,Open,2023-07-27 00:00:00,Performing
SODIQ SALAU,"=""22529819019""",IMOTA STREET ORU IJEBU,,"=""22102581""","=""41709498""","=""10641260""",Personal fixed term loan,2023-06-19 00:00:00,7500.00,0.00,,0.00,8850.00,NGN,0,Closed,2023-07-04 00:00:00,Performing
JUDE CHUKS,"=""22662913753""",NO19 AKUNNIA OKWUSOGU STREET OSHA,,"=""22104521""","=""33789183""","=""10665738""",Personal fixed term loan,2023-06-21 00:00:00,7500.00,9675.00,,0.00,9675.00,NGN,0,Open,2023-07-21 00:00:00,Performing
DANIEL ATU,"=""22386954302""",MOPOL ZONE SAPELE,"=""08167316218""","=""22105107""","=""6132441""","=""10689902""",Personal fixed term loan,2023-06-24 00:00:00,5000.00,0.00,,0.00,12000.00,NGN,,Closed,2023-07-09 00:00:00,Performing
ENDURANCE ABIODUN,"=""22255007892""",25 ISIENERO STREET OFF SAKPONBA ROAD BENIN,,"=""22105389""","=""5928966""","=""1914064""",Personal fixed term loan,2020-03-31 00:00:00,15000.00,0.00,,0.00,17250.00,NGN,0,Closed,2020-04-15 00:00:00,Performing
CHISOM MATHIAS,"=""22646318550""",DIKE COMP AMANSEA AWKA,,"=""22106754""","=""42886524""","=""10492432""",Personal fixed term loan,2023-06-04 00:00:00,30000.00,0.00,,0.00,38400.00,NGN,0,Closed,2023-07-04 00:00:00,Performing
ABDULMAJEED ABDULKAREEM,"=""22357654905""",Nigeria,,"=""22107104""","=""44147877""","=""10652425""",Personal fixed term loan,2023-06-20 00:00:00,7500.00,9675.00,,0.00,9675.00,NGN,0,Open,2023-07-20 00:00:00,Performing
CHIBUIKE MICHAEL,,OKPIRIKPI ISIOKPO,,"=""22108558""","=""44333029""","=""10727339""",Personal fixed term loan,2023-06-28 00:00:00,20000.00,25300.00,,0.00,25800.00,NGN,0,Open,2023-07-28 00:00:00,Performing
ADAM EYIOWUAWI,"=""22232453313""",5 IBIOSIN STREET MUSHIN,,"=""22110655""","=""39392164""","=""10711087""",Personal fixed term loan,2023-06-26 00:00:00,30000.00,2400.00,,0.00,35400.00,NGN,0,Open,2023-07-11 00:00:00,Performing
Yusuf Taiwo Rofiat,"=""22595000694""",65 ogunmokun street mushin,"=""08144603944""","=""22068631""","=""44379796""","=""10741475""",Personal fixed term loan,2023-06-29 00:00:00,30000.00,38400.00,,0.00,38400.00,NGN,0,Open,2023-07-29 00:00:00,Performing
ESTHER ETUK,"=""22255153845""",1 ETIM INYANG STREET,"=""09077284531""","=""22097341""","=""44344197""","=""10727545""",Personal fixed term loan,2023-06-28 00:00:00,20000.00,25800.00,,0.00,25800.00,NGN,0,Open,2023-07-28 00:00:00,Performing
FAIZAH ADEGBOYE,"=""22552193874""",WORU AREA OKINNI OSOGBO,,"=""22099383""","=""44263328""","=""10704263""",Personal fixed term loan,2023-06-25 00:00:00,10000.00,12800.00,,0.00,12800.00,NGN,0,Open,2023-07-25 00:00:00,Performing
QUEEN WILLIAMS,"=""22525969910""",40 OSHUKULE STREET ILEEPO BSTOP,,"=""22101923""","=""44273559""","=""10700372""",Personal fixed term loan,2023-06-25 00:00:00,7500.00,9525.00,,0.00,9525.00,NGN,0,Open,2023-07-25 00:00:00,Performing
BLESSING SOLOMON,"=""22179910881""",1 TOURISM ROAD ALPHA BEACH LEKKI,,"=""22101932""","=""44372964""","=""10738705""",Personal fixed term loan,2023-06-29 00:00:00,7500.00,9675.00,,0.00,9675.00,NGN,0,Open,2023-07-29 00:00:00,Performing
OYINDAMOLA OMOSEBI,"=""22736356800""",ATOSIN IDANRE,,"=""22103234""","=""44051700""","=""10616204""",Personal fixed term loan,2023-06-16 00:00:00,5000.00,6350.00,,0.00,6350.00,NGN,0,Open,2023-07-31 00:00:00,Performing
TAMARADIMENE AWIPI,,TAMUKUNOU QUARTERS BOMADI,,"=""22104229""","=""43221099""","=""10510389""",Personal fixed term loan,2023-06-06 00:00:00,30000.00,38400.00,,0.00,38400.00,NGN,0,Open,2023-07-06 00:00:00,Performing
GBEMISOLA LAWAL,"=""22282182548""",25 OKUNOWO STREET IKOSI KETU,,"=""22104429""","=""43824912""","=""10527848""",Personal fixed term loan,2023-06-07 00:00:00,20000.00,0.00,,0.00,25800.00,NGN,0,Closed,2023-07-07 00:00:00,Performing
BLESSED OGIE,"=""22408971261""",151 UPPER ERUMSE,"=""2348149325628""","=""22105676""","=""43958367""","=""10577778""",Personal fixed term loan,2023-06-13 00:00:00,20000.00,25800.00,,0.00,25800.00,NGN,0,Open,2023-07-13 00:00:00,Performing
FESTUS MARSHALL,"=""22241283886""",9 SHONGOTOLA CLOSE,,"=""22107076""","=""43953843""","=""10577794""",Personal fixed term loan,2023-06-13 00:00:00,5000.00,6450.00,,0.00,6450.00,NGN,0,Open,2023-07-13 00:00:00,Performing
ELIZABETH EDIKE,"=""22533040845""",1 EKHIATON CLOSE SIGN BOARD OJO LAGOS,,"=""22107271""","=""40571115""","=""10734843""",Personal fixed term loan,2023-06-29 00:00:00,7500.00,9525.00,,0.00,9525.00,NGN,0,Open,2023-07-29 00:00:00,Performing
MICHAEL NIM,,11 ROYAL COLLEGE STREET ANGI JUNCTION BS MASAKA KARU,,"=""22108480""","=""1689289""","=""10620366""",Personal fixed term loan,2023-06-17 00:00:00,30000.00,0.00,,0.00,38400.00,NGN,0,Closed,2023-07-17 00:00:00,Performing
CHINONSO IKWUOGU,,FEGGE,,"=""22109411""","=""43683838""","=""10652648""",Personal fixed term loan,2023-06-20 00:00:00,30000.00,38400.00,,0.00,38400.00,NGN,0,Open,2023-07-20 00:00:00,Performing
SHEDRACK NWAKPA,"=""22552584838""",FLAT 2 CHINEDU OGAH AVENUE ABAKALIKI,,"=""22111020""","=""44019610""","=""10602270""",Personal fixed term loan,2023-06-15 00:00:00,20000.00,25800.00,,0.00,25800.00,NGN,0,Open,2023-07-15 00:00:00,Performing
AKINPELU BELLO,"=""22454445864""",AJOKAKA STREET ELEBU IBADAN,,"=""22111424""","=""44320933""","=""10719980""",Personal fixed term loan,2023-06-27 00:00:00,7500.00,8850.00,,0.00,8850.00,NGN,0,Open,2023-07-12 00:00:00,Performing
PATIENCE OCHINWU,"=""22719224375""",JAHI ONE BEHIND PLATINUM PLAZA,,"=""22111815""","=""43377886""","=""10475971""",Personal fixed term loan,2023-06-02 00:00:00,1500.00,1240.00,,1240.00,1725.00,NGN,17,Open,2023-06-17 00:00:00,Watchlist
BLESSING EDOMWONYI,,14 Igbinosa street in Erediauwa off ekehuan roadoredo Be,,"=""22111917""","=""44056873""","=""10617377""",Personal fixed term loan,2023-06-16 00:00:00,20000.00,23900.00,,0.00,25400.00,NGN,0,Open,2023-07-16 00:00:00,Performing
Muhammad Yakubu Ibrahim,"=""22388865149""",02 RIMIN DAKO JUMAT MOSQUE,"=""07042453478""","=""22071533""","=""7804747""","=""10708847""",Personal fixed term loan,2023-06-26 00:00:00,5000.00,0.00,,0.00,6500.00,NGN,0,Closed,2023-07-26 00:00:00,Performing
Shanono Uthman Mukhtar,"=""22565778635""",NO 49 NAIBAWA MOTOR PARK KANO STATE NIGERIA,"=""08131099172""","=""22073375""","=""549391""","=""10655987""",Personal fixed term loan,2023-06-21 00:00:00,5000.00,0.00,,0.00,6500.00,NGN,0,Closed,2023-07-21 00:00:00,Performing
Enamiroro Oghenemeru Gladys,"=""22461228867""",8 EMENEJUWA STREET WARRI,"=""09073088053""","=""22080561""","=""44151416""","=""10653937""",Personal fixed term loan,2023-06-20 00:00:00,7500.00,9675.00,,0.00,9675.00,NGN,0,Open,2023-07-20 00:00:00,Performing
BLESSING PATRICK,,EBIS MECHANICS ROADAMARATAYENGOA,,"=""22097239""","=""36581373""","=""10609839""",Personal fixed term loan,2023-06-16 00:00:00,20000.00,25800.00,,0.00,25800.00,NGN,0,Open,2023-07-16 00:00:00,Performing
DAMIAN MMADUAKOR,"=""22531098901""",UMUDUNU VILLAGE ABAGANA,,"=""22099979""","=""43534103""","=""10677702""",Personal fixed term loan,2023-06-23 00:00:00,27500.00,38940.00,,0.00,19470.00,NGN,0,Open,2023-08-22 00:00:00,Performing
EMMANUEL BENSON,"=""22681498396""",KELVINS COURT LODGE EZIOBODO,,"=""22101736""","=""38922606""","=""10642855""",Personal fixed term loan,2023-06-19 00:00:00,7500.00,0.00,,0.00,9525.00,NGN,0,Closed,2023-07-19 00:00:00,Performing
MAGDALINE LANAAN,"=""22399724114""",NO 4748 STATE LOWCOST SHENDAM,,"=""22104123""","=""43915437""","=""10563248""",Personal fixed term loan,2023-06-11 00:00:00,30000.00,38400.00,,0.00,38400.00,NGN,0,Open,2023-07-11 00:00:00,Performing
PRISCA KUSIMI,"=""22454655227""",NO 14 OKOTOKU STRT WARRI SAPELE ROAD,,"=""22104374""","=""40937322""","=""10535301""",Personal fixed term loan,2023-06-08 00:00:00,7500.00,9675.00,,0.00,9675.00,NGN,0,Open,2023-07-08 00:00:00,Performing
DANIEL ONOKO,"=""22549543004""",49 OBARIASE STREET OKO CENTRAL BENIN CITY,,"=""22105276""","=""39486810""","=""10596430""",Personal fixed term loan,2023-06-14 00:00:00,7500.00,3889.00,,3889.00,8850.00,NGN,5,Open,2023-06-29 00:00:00,Watchlist
peace adebayo,"=""22551655014""",kilanko offa garage abuja lane 2 ilorin kwara state,,"=""22105327""","=""42904890""","=""10636078""",Personal fixed term loan,2023-06-19 00:00:00,5000.00,4650.00,,0.00,6450.00,NGN,0,Open,2023-07-19 00:00:00,Performing
MACVINCENT ODIH,"=""22499105444""",C M ONYECHERE COMPD AREA N ZONE 5 WBHE UMUGUMA,,"=""22106229""","=""28768539""","=""10721936""",Personal fixed term loan,2023-06-27 00:00:00,2500.00,9349.00,,0.00,9349.00,NGN,0,Open,2023-07-12 00:00:00,Performing
GANIU JIMOH,"=""22229450835""",6 IREPODUN STREET SANGO OTA,,"=""22107067""","=""43879566""","=""10551464""",Personal fixed term loan,2023-06-10 00:00:00,7500.00,9675.00,,0.00,9675.00,NGN,0,Open,2023-07-10 00:00:00,Performing
KIKELOMO OGUNJUWON,"=""22373791398""",16 Adenuga street Ajagonnobe Epe lagos state,,"=""22107969""","=""42506322""","=""10466858""",Personal fixed term loan,2023-06-01 00:00:00,20000.00,25800.00,,25800.00,25800.00,NGN,3,Open,2023-07-01 00:00:00,Watchlist
OPEYEMI BABATUNDE,"=""22546317594""",911 FUNSHO OKA STREET OBAWOLE,,"=""22108118""","=""43833756""","=""10530877""",Personal fixed term loan,2023-06-08 00:00:00,7500.00,0.00,,0.00,9675.00,NGN,0,Closed,2023-07-08 00:00:00,Performing
TAWA OTEGBOLA,,TEMIDIRE QUARTERS OWODE,,"=""22109624""","=""1328671""","=""10686381""",Personal fixed term loan,2023-06-23 00:00:00,20000.00,25800.00,,0.00,25800.00,NGN,0,Open,2023-07-23 00:00:00,Performing
TAMUOKURO DOKUBO,,15 CHEETAM WEST BUGARA CITY,,"=""22109671""","=""43352926""","=""10580005""",Personal fixed term loan,2023-06-13 00:00:00,7500.00,9675.00,,0.00,9675.00,NGN,0,Open,2023-07-13 00:00:00,Performing
CHINAELO ANYAOHA,"=""22691255002""",OPARA OBINODU,,"=""22109773""","=""44150371""","=""10653344""",Personal fixed term loan,2023-06-20 00:00:00,7500.00,9750.00,,0.00,9750.00,NGN,0,Open,2023-07-20 00:00:00,Performing
Udom Elisha Solomon,"=""22532654649""",No 20 Ikot Edem Etim Road,"=""08081842988""","=""22081288""","=""44085343""","=""10628023""",Personal fixed term loan,2023-06-18 00:00:00,7500.00,9525.00,,0.00,9525.00,NGN,0,Open,2023-07-18 00:00:00,Performing
ANIETE EKENOMEN,,OUR SAVIOUR RD UMUOBA OSISIOMA ABAYI ABA,,"=""22089676""","=""43948206""","=""16636456""",Personal fixed term loan,2025-04-30 00:00:00,500000.00,180125.00,,0.00,180125.00,NGN,0,Open,2025-08-28 00:00:00,Performing
PAUL OLUWADARE,,20 OSHO CLOSE OFF PIPELINE AN WO BUS STOP AKUTE,,"=""22097750""","=""44303908""","=""10711830""",Personal fixed term loan,2023-06-26 00:00:00,30000.00,0.00,,0.00,38400.00,NGN,0,Closed,2023-07-26 00:00:00,Performing
MOTUNRAYO ONI,"=""22389090627""",49 premier grammer school ogunradio abeokuta,,"=""22097849""","=""7870321""","=""10628299""",Personal fixed term loan,2023-06-18 00:00:00,7500.00,0.00,,0.00,9675.00,NGN,0,Closed,2023-07-18 00:00:00,Performing
BILIKISU SODIQ,,57 TAIWO ADELOPO STREET ODONLA,,"=""22098785""","=""43185359""","=""10623978""",Personal fixed term loan,2023-06-17 00:00:00,30000.00,38400.00,,0.00,38400.00,NGN,0,Open,2023-07-17 00:00:00,Performing
CHIKA CHRISTOPHER,"=""22482068037""",EZEDIBIA EMEKUKU MISSION OWERRI,,"=""22099371""","=""44212847""","=""10714608""",Personal fixed term loan,2023-06-26 00:00:00,15000.00,19350.00,,0.00,19350.00,NGN,0,Open,2023-07-26 00:00:00,Performing
EVELYN OFOROFUO,"=""22158350321""",17 OSAGHAE STR TRADE FAIR BENIN CITY Oredo Edo State,,"=""22102680""","=""7517847""","=""2135510""",Personal fixed term loan,2020-07-02 00:00:00,15000.00,0.00,,0.00,18750.00,NGN,0,Closed,2020-08-03 00:00:00,Performing
EVELYN OFOROFUO,"=""22158350321""",17 OSAGHAE STR TRADE FAIR BENIN CITY Oredo Edo State,,"=""22102680""","=""7517847""","=""33677432""",Personal fixed term loan,2020-07-02 00:00:00,15000.00,0.00,,0.00,18750.00,NGN,0,Closed,2020-08-03 00:00:00,Performing
FRANKLIN ACHA,"=""22371836138""",9 CP DANIEL ANYOGO SATELLITE TOWN CALABAR,,"=""22108160""","=""38151210""","=""10523213""",Personal fixed term loan,2023-06-07 00:00:00,7500.00,8905.00,,8905.00,8850.00,NGN,12,Open,2023-06-22 00:00:00,Watchlist
OJOBENACHE UCHOLA,"=""22266882532""",NO11 NEW HEAVEN STREET TOMBIA EXTENSION GRA PHASE 3,,"=""22108359""","=""43503913""","=""10554236""",Personal fixed term loan,2023-06-10 00:00:00,7500.00,9675.00,,0.00,9675.00,NGN,0,Open,2023-07-10 00:00:00,Performing
ELVIS CHRISTIAN,"=""22527380289""",12 24 Adeola Odeku Vi,"=""2349021363442""","=""22109395""","=""43411579""","=""10529385""",Personal fixed term loan,2023-06-07 00:00:00,7500.00,9675.00,,0.00,9675.00,NGN,0,Open,2023-07-07 00:00:00,Performing
PATIENCE ORUPABO,"=""22339761351""",67 CREEK RDPH,"=""08037971669""","=""22110968""","=""44199940""","=""10717970""",Personal fixed term loan,2023-06-27 00:00:00,7500.00,9675.00,,0.00,9675.00,NGN,0,Open,2023-07-27 00:00:00,Performing
AFOLASHADE OMOTUNDE,,CLOSE TO DEEPER LIFE BIBLE CHURCHMAKERA,,"=""22111653""","=""44258317""","=""10727240""",Personal fixed term loan,2023-06-28 00:00:00,20000.00,25800.00,,0.00,25800.00,NGN,0,Open,2023-07-28 00:00:00,Performing
JOY OSUNBOR,,DUMAS COMPOUND AKIAMA COMMUNITY BY IGBANISE HALL BONNY ISL,,"=""22112239""","=""3530491""","=""10678700""",Personal fixed term loan,2023-06-23 00:00:00,7500.00,0.00,,0.00,9675.00,NGN,0,Closed,2023-07-23 00:00:00,Performing
JOSHUA ZAMANI,,near skye bank fha lugbe abuja,,"=""22113640""","=""43058170""","=""10619930""",Personal fixed term loan,2023-06-17 00:00:00,7500.00,9675.00,,0.00,9675.00,NGN,0,Open,2023-07-17 00:00:00,Performing
ESTHER OSHO,"=""22643042957""",1 AJAKAIYE STREET ABULE EGBA LAGOS,,"=""22125557""","=""44241272""","=""10688107""",Personal fixed term loan,2023-06-24 00:00:00,20000.00,25800.00,,0.00,25800.00,NGN,0,Open,2023-07-24 00:00:00,Performing
OLUWABUKUNOLA ODUKOYA,"=""22614131855""",3 ADEBOYE ROAD OKE AGBO,,"=""22125693""","=""43564181""","=""10715685""",Personal fixed term loan,2023-06-27 00:00:00,7500.00,9525.00,,0.00,9525.00,NGN,0,Open,2023-07-27 00:00:00,Performing
TUKUR ZAINAB,"=""22444084123""",kofar soro new cps police station,,"=""22018920""","=""718712""","=""3118485024""",Personal fixed term loan,2018-11-26 00:00:00,2500.00,0.00,,0.00,3000.00,NGN,0,Open,2018-12-14 00:00:00,Performing
Isong Emem Effiong,"=""22411793711""",Nigeria,"=""07060839365""","=""22072991""","=""44391507""","=""10746863""",Personal fixed term loan,2023-06-30 00:00:00,30000.00,38400.00,,0.00,38400.00,NGN,0,Open,2023-07-30 00:00:00,Performing
Ohienmhen Nelly,"=""22509481555""",No1 oyomon road,,"=""22080958""","=""6182189""","=""105625486""",Personal fixed term loan,2020-03-06 00:00:00,2500.00,0.00,,0.00,3250.00,NGN,0,Closed,2020-04-06 00:00:00,Performing
Ohienmhen Nelly,"=""22509481555""",No1 oyomon road,,"=""22080958""","=""6182189""","=""1762381""",Personal fixed term loan,2020-03-06 00:00:00,2500.00,0.00,,0.00,3250.00,NGN,0,Closed,2020-04-06 00:00:00,Performing
ORIGHOMISAN AJUWAGHAN,"=""22542728026""",14 UPPER UWA STREET OFF ALA MUHAMMED WAY BENIN,,"=""22098436""","=""44308238""","=""10719088""",Personal fixed term loan,2023-06-27 00:00:00,30000.00,26500.00,,0.00,34500.00,NGN,0,Open,2023-07-12 00:00:00,Performing
RACHEL CHUKWUEMEKA,"=""22548773268""",OKOROS COMPOUND OKPAKO CAMP,,"=""22101814""","=""38760081""","=""10660193""",Personal fixed term loan,2023-06-21 00:00:00,20000.00,25800.00,,0.00,25800.00,NGN,0,Open,2023-07-21 00:00:00,Performing
MARYANN EZEJI,"=""22274577521""",Abakpa 400103 Enugu Nigeria,,"=""22101837""","=""43704957""","=""10507217""",Personal fixed term loan,2023-06-05 00:00:00,7500.00,0.00,,0.00,9675.00,NGN,0,Closed,2023-07-05 00:00:00,Performing
TEMITOPE OLUSEGUN,"=""22436349728""",95 YISA JINADU STR SABO ALABA LAGOS,,"=""22105124""","=""43873269""","=""10546602""",Personal fixed term loan,2023-06-09 00:00:00,7500.00,0.00,,0.00,9675.00,NGN,0,Closed,2023-07-09 00:00:00,Performing
UGOCHUKWU EJECHI,"=""22428431985""",NO 12 MISSIONARY ROAD IYIOWA ODEKPE OGBARU,,"=""22106753""","=""42622824""","=""10667569""",Personal fixed term loan,2023-06-22 00:00:00,20000.00,23000.00,,0.00,25800.00,NGN,0,Open,2023-07-22 00:00:00,Performing
FATIMO ADEBOWALE,"=""22347962124""",BLK 2 FLAT 8 RABIATU THOMPSON SHITTA,,"=""22108232""","=""43758366""","=""10503095""",Personal fixed term loan,2023-06-05 00:00:00,7500.00,0.00,,0.00,9675.00,NGN,0,Closed,2023-07-05 00:00:00,Performing
ANTHONY ANJORIN,"=""22298035713""",85 MAINDAN ROAD MATOGUN OKEARO,,"=""22109166""","=""44303335""","=""10712490""",Personal fixed term loan,2023-06-26 00:00:00,7500.00,9675.00,,0.00,9675.00,NGN,0,Open,2023-07-26 00:00:00,Performing
IKECHUKWU OWHOR,"=""22218715259""",NO158 UNIPORT ROAD CHOBA PHC,,"=""22109325""","=""42333058""","=""10486477""",Personal fixed term loan,2023-06-03 00:00:00,7500.00,9475.00,,9475.00,9525.00,NGN,1,Open,2023-07-03 00:00:00,Watchlist
LOVETH IDOGUN,"=""22158154172""",1 FADARE STREET KOSOFE MILE 12,,"=""22110102""","=""44273380""","=""10700939""",Personal fixed term loan,2023-06-25 00:00:00,20000.00,23600.00,,0.00,23600.00,NGN,0,Open,2023-07-10 00:00:00,Performing
CHIRE HENRY,"=""22375017830""",20 NEW KUTUNKU RD BY NEW TRANSFORMER GWAGWALADA Gwagwalada,,"=""22110138""","=""5591005""","=""10719082""",Personal fixed term loan,2023-06-27 00:00:00,5000.00,0.00,,0.00,6000.00,NGN,0,Closed,2023-07-12 00:00:00,Performing
AKINTAYO AKINNEYE,"=""22222197399""",MAILINGADDRESS1,,"=""22111440""","=""8467822""","=""10744591""",Personal fixed term loan,2023-06-30 00:00:00,7500.00,8850.00,,0.00,8850.00,NGN,0,Open,2023-07-15 00:00:00,Performing
Shamsu Haruna,"=""22727197771""",Funakaye main road Gombe,,"=""22111697""","=""43933771""","=""10573129""",Personal fixed term loan,2023-06-12 00:00:00,5000.00,6050.00,,6050.00,6000.00,NGN,7,Open,2023-06-27 00:00:00,Watchlist
IHEANYICHUKWU ENYIOHA,"=""22546891212""",NO 17A GASLINE ABA OFF 183 FAULKS ROAD,,"=""22113739""","=""44269033""","=""10738237""",Personal fixed term loan,2023-06-29 00:00:00,30000.00,37500.00,,0.00,37500.00,NGN,0,Open,2023-07-29 00:00:00,Performing
ALANI ONIYIDE,"=""22148226072""",17 JOHN ABATI STREET AYEDE BUSTOP IFO,,"=""22097699""","=""44145175""","=""10682462""",Personal fixed term loan,2023-06-23 00:00:00,20000.00,25800.00,,0.00,25800.00,NGN,0,Open,2023-07-23 00:00:00,Performing
IBAYA UDOUMO,"=""22159585207""",14  ZONE 6  GOODLUCK ESTATE PURE WATER BUS STOP  OFF LAGOS,"=""8134545570""","=""22098114""","=""44027978""","=""10647933""",Personal fixed term loan,2023-06-20 00:00:00,30000.00,38400.00,,0.00,38400.00,NGN,0,Open,2023-07-20 00:00:00,Performing
IJEOMA ODUBURU,,ODUBURUS COMPOUND IN ACHIARA EZZA SOUTH EBONYI STATE,,"=""22098300""","=""42049799""","=""10463057""",Personal fixed term loan,2023-06-01 00:00:00,7500.00,9675.00,,9675.00,9675.00,NGN,3,Open,2023-07-01 00:00:00,Watchlist
KOREDE KOYI,"=""22163464077""",NO 9OLOSAN STREET NEW GARAGE IBADAN,,"=""22099035""","=""43989518""","=""10590707""",Personal fixed term loan,2023-06-14 00:00:00,7500.00,9675.00,,0.00,9675.00,NGN,0,Open,2023-07-14 00:00:00,Performing
OGHENEKARO EMMANUEL,"=""22601987869""",13 agbamu street bendelestate airport road,,"=""22099136""","=""13362443""","=""10729865""",Personal fixed term loan,2023-06-28 00:00:00,10000.00,12900.00,,0.00,12900.00,NGN,0,Open,2023-07-28 00:00:00,Performing
MARYAM MUSA,"=""22718168807""",STATE HOUSE QUARTERS JIKWOYI,,"=""22099536""","=""44235155""","=""10685873""",Personal fixed term loan,2023-06-23 00:00:00,30000.00,,,0.00,35400.00,NGN,0,Open,2023-07-15 00:00:00,Performing
EMMANUEL OSOGIM,"=""22554923622""",AFTER EVEN BUST STOP AZUOBA,,"=""22101793""","=""44378829""","=""10744287""",Personal fixed term loan,2023-06-30 00:00:00,20000.00,25400.00,,0.00,25400.00,NGN,0,Open,2023-07-30 00:00:00,Performing
VERONICA UDOTONG,,53 AGUNBIADE STREET ONIPANU BU,,"=""22103565""","=""43872333""","=""10735165""",Personal fixed term loan,2023-06-29 00:00:00,5000.00,5985.00,,0.00,5985.00,NGN,0,Open,2023-07-14 00:00:00,Performing
OLUCHI DINNEYA,"=""22550442835""",41 UGBENE ROAD ABAKPA NIKE ENUGU,,"=""22104616""","=""42978735""","=""10683068""",Personal fixed term loan,2023-06-23 00:00:00,7500.00,9675.00,,0.00,9675.00,NGN,0,Open,2023-07-23 00:00:00,Performing
GRACE EMMANUEL,,16 OBOH STREET OLODI APAPA,,"=""22105001""","=""44146023""","=""10651683""",Personal fixed term loan,2023-06-20 00:00:00,20000.00,23600.00,,0.00,23600.00,NGN,0,Open,2023-07-05 00:00:00,Performing
IDONGESIT EMMANUEL,"=""22573453854""",1 BAPTIST AVENUE EWET HOUSING  STATEMENT,,"=""22107323""","=""43977393""","=""10585972""",Personal fixed term loan,2023-06-13 00:00:00,20000.00,25400.00,,0.00,25400.00,NGN,0,Open,2023-07-13 00:00:00,Performing
SANDRA OMORIENRIEN,"=""22497290470""",Nigeria,,"=""22108345""","=""42409492""","=""10526420""",Personal fixed term loan,2023-06-07 00:00:00,7500.00,9675.00,,0.00,9675.00,NGN,0,Open,2023-07-07 00:00:00,Performing
KEHINDE FATUNSIN,"=""22301343145""",AK 28 WASIMI STREET,"=""08109398030""","=""22108410""","=""43891054""","=""10553814""",Personal fixed term loan,2023-06-10 00:00:00,7500.00,9675.00,,0.00,9675.00,NGN,0,Open,2023-07-10 00:00:00,Performing
MICHEAL  AKHILO,"=""22152825999""",32 ANISERE ST EGBI RD AYOBO IPAJA,,"=""22108546""","=""44208427""","=""10675404""",Personal fixed term loan,2023-06-22 00:00:00,7500.00,9525.00,,0.00,9525.00,NGN,0,Open,2023-07-22 00:00:00,Performing
OMOWUNMI ADENIRAN,"=""22231464879""",17 EMMANUEL STREET ALAPERE KETU,,"=""22109731""","=""43933207""","=""10568741""",Personal fixed term loan,2023-06-12 00:00:00,30000.00,38400.00,,0.00,38400.00,NGN,0,Open,2023-07-12 00:00:00,Performing
SEGUN ADETONA,"=""22341100232""",Nigeria,,"=""22112039""","=""39582055""","=""10648309""",Personal fixed term loan,2023-06-20 00:00:00,15000.00,19350.00,,0.00,19350.00,NGN,0,Open,2023-07-20 00:00:00,Performing
ONYEBUCHI EZE,"=""22663212673""",JIM NWOBODO STREET,,"=""22112439""","=""43917259""","=""10563842""",Personal fixed term loan,2023-06-11 00:00:00,20000.00,25800.00,,0.00,25800.00,NGN,0,Open,2023-07-11 00:00:00,Performing
UCHECHUKWU AMALOKWU,"=""22199941243""",Not Available,,"=""22101143""","=""15022739""","=""4182232""",Personal fixed term loan,2021-07-15 00:00:00,50000.00,0.00,,0.00,60600.00,NGN,0,Closed,2021-09-06 00:00:00,Performing
JIMOH SODIQ,"=""22404917184""",22 BELLO STREET LADIPO BST OSHODI,,"=""22103344""","=""44318202""","=""10747633""",Personal fixed term loan,2023-06-30 00:00:00,30000.00,37500.00,,0.00,37500.00,NGN,0,Open,2023-07-30 00:00:00,Performing
BLOSSOM OMOVBUDE,"=""22375053663""",Ikorodu Nigeria,,"=""22104437""","=""43844214""","=""10535732""",Personal fixed term loan,2023-06-08 00:00:00,20000.00,25800.00,,0.00,25800.00,NGN,0,Open,2023-07-08 00:00:00,Performing
OLALEKAN EZEKIEL,"=""22319703265""",IKOGA ZEBBE BADAGRY,,"=""22105609""","=""39751998""","=""10613659""",Personal fixed term loan,2023-06-16 00:00:00,5000.00,6450.00,,0.00,6450.00,NGN,0,Open,2023-07-16 00:00:00,Performing
Hassan Abubakar,"=""22572015680""",SHUWAKI KASUWAR MATA FUNTUA LGA,,"=""22106859""","=""13959687""","=""10577671""",Personal fixed term loan,2023-06-13 00:00:00,7500.00,9675.00,,0.00,9675.00,NGN,0,Open,2023-07-13 00:00:00,Performing
SODIQ ADENIYI,"=""22506992454""",no 1 divine bustop,,"=""22107831""","=""8023251""","=""10662389""",Personal fixed term loan,2023-06-21 00:00:00,2500.00,0.00,,0.00,3000.00,NGN,0,Closed,2023-07-06 00:00:00,Performing
BUSOLA OLADUNMOYE,,LIBERTY ROAD OPEYEMI CLOSE NUMBER 3 IBDAN,,"=""22108438""","=""44091046""","=""10714420""",Personal fixed term loan,2023-06-26 00:00:00,7500.00,9675.00,,0.00,9675.00,NGN,0,Open,2023-07-26 00:00:00,Performing
YETUNDE ADEWUYI,"=""22294807268""",23 SALIMONU AYINDE STR OFF GOV RD IKOTUN LAGOS,,"=""22110739""","=""23750623""","=""10592653""",Personal fixed term loan,2023-06-14 00:00:00,20000.00,22278.00,,22278.00,23240.00,NGN,5,Open,2023-06-29 00:00:00,Watchlist
onyemauche nwosu,,adunas compd umumba,,"=""22110989""","=""35187955""","=""10546269""",Personal fixed term loan,2023-06-09 00:00:00,7500.00,9675.00,,0.00,9675.00,NGN,0,Open,2023-07-09 00:00:00,Performing
MONDAY ATIM,,EWUOLIWO STREET,,"=""22111439""","=""6573310""","=""10689316""",Personal fixed term loan,2023-06-24 00:00:00,2500.00,0.00,,0.00,3000.00,NGN,0,Closed,2023-07-09 00:00:00,Performing
NDIFON EFFIONG,"=""22573926992""",52 WHITE HOUSE STREET,,"=""22112182""","=""44077282""","=""10625422""",Personal fixed term loan,2023-06-17 00:00:00,7500.00,9675.00,,0.00,9675.00,NGN,0,Open,2023-07-17 00:00:00,Performing
JOHN AKPAN,"=""22235176071""",Nigeria,,"=""22112218""","=""44337238""","=""10724722""",Personal fixed term loan,2023-06-27 00:00:00,20000.00,25800.00,,0.00,25800.00,NGN,0,Open,2023-07-27 00:00:00,Performing
EMMANUEL ABAH,"=""22306688148""",49 MORADEYO STREET,"=""08033355466""","=""22113154""","=""44066266""","=""10621139""",Personal fixed term loan,2023-06-17 00:00:00,7500.00,8850.00,,8850.00,8850.00,NGN,2,Open,2023-07-02 00:00:00,Watchlist
BOLUWATIFE OJELABI,"=""22619506427""",Not Available,,"=""22113604""","=""16854874""","=""10619273""",Personal fixed term loan,2023-06-17 00:00:00,20000.00,25800.00,,0.00,25800.00,NGN,0,Open,2023-07-17 00:00:00,Performing
BLESSING SILAS,"=""22513496068""",IKOT NTUEN NSIT  ROSE COMPOUND,,"=""22124736""","=""43498589""","=""10614603""",Personal fixed term loan,2023-06-16 00:00:00,7500.00,3675.00,,0.00,9675.00,NGN,0,Open,2023-07-16 00:00:00,Performing
CHIZOBA EZEOKAFOR,"=""22551831678""",CHINENYE UFEAROHS COMPOUND ODUMODU VILLAGE UMUNYA,,"=""22125343""","=""43728743""","=""10492152""",Personal fixed term loan,2023-06-04 00:00:00,7500.00,9675.00,,0.00,9675.00,NGN,0,Open,2023-07-04 00:00:00,Performing
CHRISTIANA AGENYI,"=""22328442704""",CHRIST POWER DELIVERENCE BIBLE CHURCH AGALIGA EFABO,,"=""22125672""","=""41293190""","=""10567192""",Personal fixed term loan,2023-06-11 00:00:00,7500.00,9675.00,,0.00,9675.00,NGN,0,Open,2023-07-11 00:00:00,Performing
GODWIN OKAN,"=""22638735644""",1 RIVER ROAD APIAPUM OBUBRA,,"=""22126065""","=""44284445""","=""10704049""",Personal fixed term loan,2023-06-25 00:00:00,30000.00,34500.00,,0.00,34500.00,NGN,0,Open,2023-07-10 00:00:00,Performing
CHUKWUDI OGBOLU,"=""22523075668""",NO 32 PALACE ROAD UMUNEDE,,"=""22100891""","=""43252109""","=""10636245""",Personal fixed term loan,2023-06-19 00:00:00,7500.00,8744.00,,0.00,8850.00,NGN,0,Open,2023-07-04 00:00:00,Performing
ABIODUN AKINDELE,"=""22267193541""",27 ABIODUN STREET MUSHIN BUS STOP OLOSHA,,"=""22101542""","=""15346490""","=""10505654""",Personal fixed term loan,2023-06-05 00:00:00,20000.00,0.00,,0.00,25800.00,NGN,0,Closed,2023-07-05 00:00:00,Performing
CARO CHIBUOGOR,"=""22219143653""",16 UWA STREER OLOGBO,,"=""22102546""","=""43716465""","=""10488649""",Personal fixed term loan,2023-06-03 00:00:00,10000.00,12900.00,,12900.00,12900.00,NGN,1,Open,2023-07-03 00:00:00,Watchlist
OLUWABUKOLA ABIODUN,,3 OPA ARO FAGBA,,"=""22103346""","=""44325579""","=""10720153""",Personal fixed term loan,2023-06-27 00:00:00,20000.00,25400.00,,0.00,25400.00,NGN,0,Open,2023-07-27 00:00:00,Performing
ADEYINKA SHAJOBI,,17 OLUKOSI STR AGEGE Agege Lagos State,,"=""22103746""","=""6771897""","=""10664220""",Personal fixed term loan,2023-06-21 00:00:00,5000.00,0.00,,0.00,6000.00,NGN,0,Closed,2023-07-06 00:00:00,Performing
FELICITY UCHECHUKWU,"=""22236523302""",10 KEHINDE STREETAGUDA,,"=""22105304""","=""43866546""","=""10548580""",Personal fixed term loan,2023-06-09 00:00:00,7500.00,2675.00,,0.00,9675.00,NGN,0,Open,2023-07-09 00:00:00,Performing
JIL ONYENWEAKU,"=""22631280231""",ONYEWEAKU COMPD UMUAROKO AZUEKE IBEU,,"=""22105453""","=""43743648""","=""10512280""",Personal fixed term loan,2023-06-06 00:00:00,2500.00,1970.00,,1970.00,2950.00,NGN,13,Open,2023-06-21 00:00:00,Watchlist
GLADYS ITIVEH,"=""22392739403""",Nigeria,,"=""22105853""","=""1347717""","=""10651978""",Personal fixed term loan,2023-06-20 00:00:00,5000.00,6350.00,,0.00,6350.00,NGN,0,Open,2023-07-20 00:00:00,Performing
IORHEN AKAAJIME,,PLOT 64 A LUGBE ACO ESTATE OFF AIRPORT ROAD,,"=""22107393""","=""43813650""","=""10523581""",Personal fixed term loan,2023-06-07 00:00:00,5000.00,6450.00,,0.00,6450.00,NGN,0,Open,2023-07-07 00:00:00,Performing
ONYEKA ENEGIDE,"=""22362823237""",99 IGILI ROAD UMUTU DELTA STATE,,"=""22108494""","=""43273168""","=""10649365""",Personal fixed term loan,2023-06-20 00:00:00,7500.00,9675.00,,0.00,9675.00,NGN,0,Open,2023-07-20 00:00:00,Performing
HAMMED ALIMI,"=""22313206542""",36 EKPEN STREET AJAMIMOGHA WARRI,,"=""22108779""","=""44368813""","=""10739323""",Personal fixed term loan,2023-06-29 00:00:00,30000.00,35400.00,,0.00,35400.00,NGN,0,Open,2023-07-14 00:00:00,Performing
ENEBI KUMOKOU,"=""22250364071""",AKENFA EPIE OPP PEPERONI,,"=""22109179""","=""44386240""","=""10744314""",Personal fixed term loan,2023-06-30 00:00:00,20000.00,25400.00,,0.00,25400.00,NGN,0,Open,2023-07-30 00:00:00,Performing
SADE AJIMOKO,"=""22320427080""",IFAKI EKITI,,"=""22110047""","=""44121301""","=""10641891""",Personal fixed term loan,2023-06-19 00:00:00,7500.00,8850.00,,0.00,8850.00,NGN,0,Open,2023-07-04 00:00:00,Performing
BUKUNMI SULE,,0 AYEGBAMI STREET SHAGAMU,,"=""22111652""","=""44253787""","=""10693419""",Personal fixed term loan,2023-06-24 00:00:00,7500.00,8850.00,,0.00,8850.00,NGN,0,Open,2023-07-09 00:00:00,Performing
IFENNA OKOYE,"=""22489145388""",13 OMADOGHO OFFUGBEYIYI ROAD SAPELE,,"=""22111937""","=""43768633""","=""10589173""",Personal fixed term loan,2023-06-14 00:00:00,1500.00,0.00,,0.00,1725.00,NGN,0,Closed,2023-06-29 00:00:00,Performing
TUNDE DARAMOLA,"=""22222775694""",68 Agura Road 121102 Sagamu Ogun State Nigeria,,"=""22112188""","=""44099773""","=""10634309""",Personal fixed term loan,2023-06-18 00:00:00,20000.00,25800.00,,0.00,25800.00,NGN,0,Open,2023-07-18 00:00:00,Performing
BANE BILSON,"=""22438999497""",LIVING FAITH CHURCH VINIKLANG GIREI,,"=""22124555""","=""44235872""","=""10686299""",Personal fixed term loan,2023-06-23 00:00:00,30000.00,7500.00,,0.00,37500.00,NGN,0,Open,2023-07-23 00:00:00,Performing
JUDE UDEZE,"=""22272912553""",NWAFOR STREET,,"=""22127214""","=""43900520""","=""10557811""",Personal fixed term loan,2023-06-10 00:00:00,20000.00,20000.00,,0.00,25400.00,NGN,0,Open,2023-07-10 00:00:00,Performing
HELI OKPERUME,"=""22621896954""",SAPELE,,"=""22100094""","=""35898746""","=""10629138""",Personal fixed term loan,2023-06-18 00:00:00,20000.00,23600.00,,23600.00,23600.00,NGN,1,Open,2023-07-03 00:00:00,Watchlist
OROMIDAYO EFUWAPE,,NO 1 AKINTUNDE WILLIAMS IYANA IPAJA,,"=""22102391""","=""44303352""","=""10711362""",Personal fixed term loan,2023-06-26 00:00:00,20000.00,23000.00,,0.00,23000.00,NGN,0,Open,2023-07-11 00:00:00,Performing
IDRIS KADIRI,"=""22249674563""",GOLF ESTATE,,"=""22102698""","=""43655190""","=""10461692""",Personal fixed term loan,2023-06-01 00:00:00,20000.00,8848.00,,8848.00,25800.00,NGN,3,Open,2023-07-01 00:00:00,Watchlist
BOLANLE OMOTAYO,"=""22347067456""",112104 Agege Ogun State Nigeria,,"=""22103761""","=""43640235""","=""10707806""",Personal fixed term loan,2023-06-26 00:00:00,20000.00,29420.00,,0.00,9807.00,NGN,0,Open,2023-09-24 00:00:00,Performing
KIKELOMO OMOLAJA,"=""22158035934""",Nigeria,"=""2348065759416""","=""22104361""","=""27285165""","=""10603019""",Personal fixed term loan,2023-06-15 00:00:00,20000.00,24050.00,,0.00,24050.00,NGN,0,Open,2023-07-15 00:00:00,Performing
EZEBUNWO OWIRIWA,"=""22362746080""",7 KPALUKWU STREET ST JOHN BUS STOP,"=""07064989363""","=""22104561""","=""43901259""","=""10558426""",Personal fixed term loan,2023-06-10 00:00:00,20000.00,0.00,,0.00,25800.00,NGN,0,Closed,2023-07-10 00:00:00,Performing
ADAEZE OBI,"=""22551455890""",238 PHABA EXPRESS WAY PHC,,"=""22104931""","=""43830009""","=""10529312""",Personal fixed term loan,2023-06-07 00:00:00,25000.00,0.00,,0.00,28750.00,NGN,0,Closed,2023-06-22 00:00:00,Performing
ADAEZE OBI,"=""22551455890""",238 PHABA EXPRESS WAY PHC,,"=""22104931""","=""43830009""","=""10692786""",Personal fixed term loan,2023-06-24 00:00:00,35000.00,41895.00,,0.00,41895.00,NGN,0,Open,2023-07-09 00:00:00,Performing
CHIMAOGE OSUJI,"=""22215556815""",FELIX ONWUKAS COMPD NEAR ST PAUL ANGLICAN CHURCH EBENESI N,,"=""22105633""","=""43582185""","=""10568050""",Personal fixed term loan,2023-06-12 00:00:00,5000.00,6325.00,,0.00,6325.00,NGN,0,Open,2023-07-12 00:00:00,Performing
VICTORY SUNDAY,"=""22422353618""",9 UWAGBOE STR UWELU BSTP BENIN EGOR LGA,,"=""22106642""","=""44121117""","=""10641972""",Personal fixed term loan,2023-06-19 00:00:00,7500.00,3650.00,,0.00,8850.00,NGN,0,Open,2023-07-04 00:00:00,Performing
FAITH CHINYERE,"=""22193777251""",CHIEF DI OKOROAFOR COMPOUND AVENUE AKANCHAWA CLOSE GRACE A,,"=""22107812""","=""44325054""","=""10721413""",Personal fixed term loan,2023-06-27 00:00:00,20000.00,23600.00,,0.00,23600.00,NGN,0,Open,2023-07-12 00:00:00,Performing
OLUWAFEMI FAGBOYO,,7 BOLORUNDURO STREET HIGH COURT OTA,,"=""22109084""","=""40477855""","=""10731129""",Personal fixed term loan,2023-06-28 00:00:00,30000.00,38400.00,,0.00,38400.00,NGN,0,Open,2023-07-28 00:00:00,Performing
MESHACH IDAMA,,ALONG OTU JEREMI JUNCTION OTOR UDU,,"=""22109182""","=""7389007""","=""10654530""",Personal fixed term loan,2023-06-20 00:00:00,2500.00,0.00,,0.00,3000.00,NGN,0,Closed,2023-07-05 00:00:00,Performing
MESHACH IDAMA,,ALONG OTU JEREMI JUNCTION OTOR UDU,,"=""22109182""","=""7389007""","=""10732433""",Personal fixed term loan,2023-06-28 00:00:00,2500.00,0.00,,0.00,3037.50,NGN,0,Closed,2023-07-28 00:00:00,Performing
YEMISI ALADE,,KM 42 LAGOS ABEOKUTA EXPRESS ROAD SANGO OTA,,"=""22111488""","=""40951657""","=""10613847""",Personal fixed term loan,2023-06-16 00:00:00,7500.00,9675.00,,0.00,9675.00,NGN,0,Open,2023-07-16 00:00:00,Performing
LUKE AGUOCHA,"=""22588582446""",OBIUBI OGBAKU IN OGBUJIOMA,,"=""22125655""","=""44350682""","=""10729967""",Personal fixed term loan,2023-06-28 00:00:00,20000.00,25400.00,,0.00,25400.00,NGN,0,Open,2023-07-28 00:00:00,Performing
CHIKAODILI EGWUATU,"=""22437430973""",NO 10 OSHODI OFF JIDEOFOR ONITSHA,,"=""22125664""","=""35841224""","=""10572607""",Personal fixed term loan,2023-06-12 00:00:00,7500.00,9675.00,,0.00,9675.00,NGN,0,Open,2023-07-12 00:00:00,Performing
UkusuQueenMlumun Queen Mlumun,,OTUKPO RD,,"=""21993441""","=""5669944""","=""1738515""",Personal fixed term loan,2020-03-04 00:00:00,2500.00,0.00,,0.00,3120.00,NGN,0,Closed,2020-04-03 00:00:00,Performing
UkusuQueenMlumun Queen Mlumun,,OTUKPO RD,,"=""21993441""","=""5669944""","=""1739033""",Personal fixed term loan,2020-03-04 00:00:00,2500.00,0.00,,0.00,3120.00,NGN,0,Closed,2020-04-03 00:00:00,Performing
muhammed Abdullahi omotosho,"=""22344669198""",13 Adelove Ibadan North West Oyo,"=""2348108169101""","=""22080588""","=""44285412""","=""10733233""",Personal fixed term loan,2023-06-29 00:00:00,7500.00,9675.00,,0.00,9675.00,NGN,0,Open,2023-07-29 00:00:00,Performing
OLADAYO OLADELE,"=""22437181350""",29 JAIFOUS STREET SEVENTH DAY BSTOP IBADAN,,"=""22097300""","=""43666068""","=""10475421""",Personal fixed term loan,2023-06-02 00:00:00,7500.00,9675.00,,9675.00,9675.00,NGN,2,Open,2023-07-02 00:00:00,Watchlist
UGOCHUKWU ANIKE,"=""22691086451""",ANIKE COMPOUND UGUOME NIKE ENUGU,,"=""22098063""","=""43728293""","=""10583916""",Personal fixed term loan,2023-06-13 00:00:00,5000.00,6375.00,,0.00,6375.00,NGN,0,Open,2023-07-13 00:00:00,Performing
BASSEY AGBOR,"=""22288813336""",NO 37 KONSHISHA STREET MAKURDI,,"=""22099308""","=""43840829""","=""10533919""",Personal fixed term loan,2023-06-08 00:00:00,7500.00,9675.00,,0.00,9675.00,NGN,0,Open,2023-07-08 00:00:00,Performing
CHUKWUEBUKA ALIOBU,"=""22706347553""",COLLIN STREET ENDING BY ODILI DRIVE ORAMMA,,"=""22101237""","=""43747310""","=""10498470""",Personal fixed term loan,2023-06-04 00:00:00,7500.00,675.00,,0.00,9675.00,NGN,0,Open,2023-07-04 00:00:00,Performing
RACHEAL DANGSMAFENG,,14 ECWA STAFF SCHOOL ROAD ECWA STAFF JUNCTION,,"=""22103052""","=""41877978""","=""10713364""",Personal fixed term loan,2023-06-26 00:00:00,30000.00,38400.00,,0.00,38400.00,NGN,0,Open,2023-07-26 00:00:00,Performing
MAXWELL EZEMAH,,5 EZIDIEKWU STR ODUKE,,"=""22103350""","=""5339451""","=""10732103""",Personal fixed term loan,2023-06-28 00:00:00,7500.00,9675.00,,0.00,9675.00,NGN,0,Open,2023-07-28 00:00:00,Performing
Stephen Afolabi,"=""22182649994""",24 Hassan Idowu Street Aguda Surulere,,"=""22104286""","=""43951464""","=""10578272""",Personal fixed term loan,2023-06-13 00:00:00,30000.00,38400.00,,0.00,38400.00,NGN,0,Open,2023-07-13 00:00:00,Performing
MICHAEL ERONNA,,132 LATIFE ADEBOYEGA OFF GRANDMATE STR AGO,,"=""22104788""","=""44224884""","=""10718264""",Personal fixed term loan,2023-06-27 00:00:00,20000.00,23600.00,,0.00,23600.00,NGN,0,Open,2023-07-12 00:00:00,Performing
AYOBAMI ADEALABI,"=""22620480040""",NO 74 SURULERE STREET IGOBA COMMUNITY AKURE,,"=""22105781""","=""43808142""","=""10528243""",Personal fixed term loan,2023-06-07 00:00:00,15000.00,0.00,,0.00,19350.00,NGN,0,Closed,2023-07-07 00:00:00,Performing
DAVID DEKERI,"=""22605694862""",OKPELLA ROAD,,"=""22106817""","=""44366403""","=""10736048""",Personal fixed term loan,2023-06-29 00:00:00,20000.00,25800.00,,0.00,25800.00,NGN,0,Open,2023-07-29 00:00:00,Performing
SAMUEL OLAOLUWA,"=""22654986125""",19 OLOWU STREET IKEJA LAGOS,,"=""22107094""","=""44082000""","=""10634222""",Personal fixed term loan,2023-06-18 00:00:00,7500.00,9675.00,,0.00,9675.00,NGN,0,Open,2023-07-18 00:00:00,Performing
CHRISTIANAH AINA,"=""22394202763""",Nigeria,,"=""22107230""","=""44142555""","=""10680027""",Personal fixed term loan,2023-06-23 00:00:00,20000.00,25800.00,,0.00,25800.00,NGN,0,Open,2023-07-23 00:00:00,Performing
YEMI AGBOLU,"=""22604390387""",Nigeria,,"=""22107387""","=""43735005""","=""10494260""",Personal fixed term loan,2023-06-04 00:00:00,7500.00,9675.00,,0.00,9675.00,NGN,0,Open,2023-07-04 00:00:00,Performing
PRECIOUS OMOBAWIRE,"=""22665619816""",J47 ALAFIA STREET AGBALUKU,,"=""22108087""","=""41184735""","=""10503411""",Personal fixed term loan,2023-06-05 00:00:00,10000.00,10900.00,,0.00,12800.00,NGN,0,Open,2023-07-05 00:00:00,Performing
ISAAC OMOIZIREIN,"=""22339689141""",PLOT 5 VIA NIGERIAN PORTS PLC SECOND OUTWARD GATE OPPOSITE,,"=""22108825""","=""42974239""","=""10684634""",Personal fixed term loan,2023-06-23 00:00:00,5000.00,6450.00,,0.00,6450.00,NGN,0,Open,2023-07-23 00:00:00,Performing
LUCY ADOCHE,"=""22401711725""",BEHIND UNITY BANK LOW LEVEL MAKURDI Makurdi Benue State,,"=""22098211""","=""7407527""","=""10567569""",Personal fixed term loan,2023-06-11 00:00:00,5000.00,0.00,,0.00,6500.00,NGN,0,Closed,2023-07-11 00:00:00,Performing
LUCY ADOCHE,"=""22401711725""",BEHIND UNITY BANK LOW LEVEL MAKURDI Makurdi Benue State,,"=""22098211""","=""7407527""","=""10672334""",Personal fixed term loan,2023-06-22 00:00:00,17500.00,0.00,,0.00,22750.00,NGN,0,Closed,2023-07-22 00:00:00,Performing
HARRY ERIC,"=""22717990780""",47 CATHOLIC MISSION STREET ABULE OSHUN BUS STOP LAGOS,,"=""22098454""","=""43726553""","=""10537496""",Personal fixed term loan,2023-06-08 00:00:00,20000.00,24850.00,,0.00,25400.00,NGN,0,Open,2023-07-08 00:00:00,Performing
EMMANUEL ISHAYA,,OPPOSITE COLLGE OF AGRIC MAIDUGURI,,"=""22099113""","=""44198540""","=""10678458""",Personal fixed term loan,2023-06-23 00:00:00,15000.00,19350.00,,0.00,19350.00,NGN,0,Open,2023-07-23 00:00:00,Performing
TREASURE ELECHI,"=""22704282386""",NO 4 CHINWO CLOSE RUMUIGBO OBIOAKPOR,,"=""22099356""","=""44122688""","=""10642398""",Personal fixed term loan,2023-06-19 00:00:00,20000.00,25800.00,,0.00,25800.00,NGN,0,Open,2023-07-19 00:00:00,Performing
BALIKIS MUKAILA,,104 COATES STREET EBUTE METTA,,"=""22099547""","=""44269634""","=""10707656""",Personal fixed term loan,2023-06-26 00:00:00,7500.00,8850.00,,0.00,8850.00,NGN,0,Open,2023-07-11 00:00:00,Performing
felix leesu,"=""22235260150""",25 rumuobiakanni phc,,"=""22101662""","=""43985306""","=""10588743""",Personal fixed term loan,2023-06-14 00:00:00,20000.00,25800.00,,0.00,25800.00,NGN,0,Open,2023-07-14 00:00:00,Performing
MUSLEEM ONIKE,"=""22145307741""",Not Available,,"=""22103759""","=""15367530""","=""10724768""",Personal fixed term loan,2023-06-27 00:00:00,170000.00,261120.00,,0.00,87040.00,NGN,0,Open,2023-09-25 00:00:00,Performing
chiadikaobi eke,"=""22476206773""",ndiegu eke ntsulakpa ezzamgbo,,"=""22105299""","=""43650777""","=""10479509""",Personal fixed term loan,2023-06-02 00:00:00,7500.00,9272.00,,9272.00,9525.00,NGN,2,Open,2023-07-02 00:00:00,Watchlist
BRENDA DICKSON,"=""22612579068""",8 GANIU MOGAJI STR CHECK POINT BADAGRY,,"=""22109443""","=""43983475""","=""10612520""",Personal fixed term loan,2023-06-16 00:00:00,7500.00,9675.00,,0.00,9675.00,NGN,0,Open,2023-07-16 00:00:00,Performing
promise eneghalu,"=""22459764043""",akabor umudim nnewi,,"=""22110447""","=""44334538""","=""10726068""",Personal fixed term loan,2023-06-28 00:00:00,7500.00,9675.00,,0.00,9675.00,NGN,0,Open,2023-07-28 00:00:00,Performing
OLAITAN OLAITANUMAR,"=""22549768355""",7 TEMIDIRE CLOSE OWUTU IKORODU,,"=""22110988""","=""27386272""","=""10533956""",Personal fixed term loan,2023-06-08 00:00:00,20000.00,25400.00,,0.00,25400.00,NGN,0,Open,2023-07-08 00:00:00,Performing
ADERONKE RAHMON,"=""22360536942""",57PRINCESS STREET,,"=""22111592""","=""44083708""","=""10696157""",Personal fixed term loan,2023-06-24 00:00:00,7500.00,8625.00,,0.00,8625.00,NGN,0,Open,2023-07-09 00:00:00,Performing
benjamin onitsha,"=""22371336081""",no 2 alaka close,,"=""22125828""","=""44001497""","=""10595425""",Personal fixed term loan,2023-06-14 00:00:00,7500.00,9675.00,,0.00,9675.00,NGN,0,Open,2023-07-14 00:00:00,Performing
KEMI OLOKODE,,NO 1 OLOKODE STREET IPAMESAN ROAD SANGO OTA,"=""2347088777045""","=""22126257""","=""44136191""","=""10647871""",Personal fixed term loan,2023-06-20 00:00:00,20000.00,23600.00,,0.00,23600.00,NGN,0,Open,2023-07-05 00:00:00,Performing
OLUWASOLA OYEBI,"=""22436689035""",6 OSENI CLOSEE AGUDA OGBA,,"=""22128168""","=""43920506""","=""10564888""",Personal fixed term loan,2023-06-11 00:00:00,20000.00,25800.00,,0.00,25800.00,NGN,0,Open,2023-07-11 00:00:00,Performing
ADEKUNLE ADETORO,"=""22472157655""",OLUWO,,"=""22128772""","=""44108438""","=""10637078""",Personal fixed term loan,2023-06-19 00:00:00,7500.00,8850.00,,0.00,8850.00,NGN,0,Open,2023-07-04 00:00:00,Performing
DANIEL EVOH,"=""22194273774""",7 AGHAYUBINI STREET OFF ADESUWA ROAD BENIN CITY,,"=""22097509""","=""43412802""","=""10473757""",Personal fixed term loan,2023-06-02 00:00:00,30000.00,7400.00,,0.00,38400.00,NGN,0,Open,2023-07-17 00:00:00,Performing
STELLA LIASU,"=""22448959540""",Olukoga street ijoko,"=""09037848089""","=""22097718""","=""44210050""","=""10675979""",Personal fixed term loan,2023-06-22 00:00:00,15000.00,17700.00,,0.00,17700.00,NGN,0,Open,2023-07-07 00:00:00,Performing
CHUKWUEMEKA UKA,,NO 3 AGULU STREETFEDERAL HOUSINGABAKPA,,"=""22099883""","=""44266121""","=""10711616""",Personal fixed term loan,2023-06-26 00:00:00,20000.00,23600.00,,0.00,23600.00,NGN,0,Open,2023-07-11 00:00:00,Performing
TEMITOPE AJAYI,"=""22201792771""",6 akamson street alapere ketu,,"=""22100385""","=""7751549""","=""10296278""",Personal fixed term loan,2023-05-16 00:00:00,5000.00,0.00,,0.00,6500.00,NGN,0,Closed,2023-06-15 00:00:00,Performing
TEMITOPE AJAYI,"=""22201792771""",6 akamson street alapere ketu,,"=""22100385""","=""7751549""","=""10456724""",Personal fixed term loan,2023-06-01 00:00:00,17500.00,0.00,,0.00,22750.00,NGN,0,Closed,2023-07-01 00:00:00,Performing
HABEEB ABDULSALAM,,32 OPARO STREET FAGBA,,"=""22102764""","=""43301031""","=""10708180""",Personal fixed term loan,2023-06-26 00:00:00,30000.00,0.00,,0.00,38400.00,NGN,0,Closed,2023-07-26 00:00:00,Performing
MUHAMMAD ISAH,"=""22715343292""",ABASHA WARD DAMATURU LOCAL GOVERNMENT YOBE STATE,,"=""22103261""","=""44305818""","=""10724897""",Personal fixed term loan,2023-06-27 00:00:00,20000.00,25800.00,,0.00,25800.00,NGN,0,Open,2023-07-27 00:00:00,Performing
CHRISTIANA OMOTOSHO,"=""22148450383""",NO 33B ADEGBOLA STREET AKURE,,"=""22103993""","=""43688466""","=""10477277""",Personal fixed term loan,2023-06-02 00:00:00,7500.00,2175.00,,2175.00,9675.00,NGN,2,Open,2023-07-02 00:00:00,Watchlist
EMMANUEL EZEH,"=""22549466679""",NO 23 DUSTE JI ABUJA,,"=""22104563""","=""43926522""","=""10566941""",Personal fixed term loan,2023-06-11 00:00:00,5000.00,6450.00,,0.00,6450.00,NGN,0,Open,2023-07-11 00:00:00,Performing
FRU SOLANGE,"=""22725277615""",NO 6 MARY HANNEY ROAD,,"=""22105776""","=""43763700""","=""10505429""",Personal fixed term loan,2023-06-05 00:00:00,30000.00,0.00,,0.00,38400.00,NGN,0,Closed,2023-07-05 00:00:00,Performing
OLUWAFUNMILAYO AYODELE,"=""22537474882""",LAGOS,,"=""22107303""","=""43759866""","=""10503595""",Personal fixed term loan,2023-06-05 00:00:00,7500.00,0.00,,0.00,9675.00,NGN,0,Closed,2023-07-05 00:00:00,Performing
AYISAT RAIMI,"=""22435787880""",2 OSUNWALE ZONE C ILEDU BUS STOP BADAGRY LAGOS STATE,,"=""22108741""","=""44221942""","=""10681264""",Personal fixed term loan,2023-06-23 00:00:00,7500.00,8850.00,,0.00,8850.00,NGN,0,Open,2023-07-08 00:00:00,Performing
ARINZE OKAFOR,"=""22286172756""",17 OKIGWE ROAD,,"=""22108809""","=""36541336""","=""10620873""",Personal fixed term loan,2023-06-17 00:00:00,7500.00,9525.00,,0.00,9525.00,NGN,0,Open,2023-07-17 00:00:00,Performing
Joseph David,"=""22172393504""",19BREMI FANIKAYODE AVENUE GRAIKEJA LAGOS IfakoIjaiye Lagos S,,"=""22109316""","=""8084896""","=""10493063""",Personal fixed term loan,2023-06-04 00:00:00,5000.00,0.00,,0.00,6500.00,NGN,0,Closed,2023-07-04 00:00:00,Performing
MONSURAT MEGIDA,"=""22620064927""",22 IDOWU AKERA STREET DALEMO,,"=""22113196""","=""43790785""","=""10514897""",Personal fixed term loan,2023-06-06 00:00:00,7500.00,8925.00,,8925.00,8850.00,NGN,13,Open,2023-06-21 00:00:00,Watchlist
TOLULOPE DIYAOLU,,19 IMOLE AYO STREET AGBEDE TRANSFORMER IKORODU LAGOS,,"=""22127827""","=""39155099""","=""10613656""",Personal fixed term loan,2023-06-16 00:00:00,20000.00,25800.00,,0.00,25800.00,NGN,0,Open,2023-07-16 00:00:00,Performing
CHIAMAKA NNAEMEZIE,"=""22723820244""",NNAEMEZIE COMPOUND CANNAN LAND ESTATE ODIDU OGIDI,,"=""22130201""","=""44119474""","=""10645305""",Personal fixed term loan,2023-06-20 00:00:00,10000.00,12800.00,,0.00,12800.00,NGN,0,Open,2023-07-20 00:00:00,Performing
Danjuma Isaac Garba,"=""22180958555""",No 23 block e nyanya area d,"=""08033744583""","=""22081502""","=""5962271""","=""10341375""",Personal fixed term loan,2023-05-20 00:00:00,5000.00,0.00,,0.00,6000.00,NGN,0,Closed,2023-06-04 00:00:00,Performing
Danjuma Isaac Garba,"=""22180958555""",No 23 block e nyanya area d,"=""08033744583""","=""22081502""","=""5962271""","=""10461651""",Personal fixed term loan,2023-06-01 00:00:00,12500.00,0.00,,0.00,16250.00,NGN,0,Closed,2023-07-01 00:00:00,Performing
THERESA NWAKIBU,,17 JOLAOSHO STREET BARIGA,,"=""22098935""","=""44109296""","=""10651575""",Personal fixed term loan,2023-06-20 00:00:00,30000.00,38400.00,,0.00,38400.00,NGN,0,Open,2023-07-20 00:00:00,Performing
MARVELLOUS JOSEPH,"=""22607052211""",40 JEJELAIYE STREET AJANGBADI,,"=""22099186""","=""41826839""","=""10744182""",Personal fixed term loan,2023-06-30 00:00:00,5000.00,6375.00,,0.00,6375.00,NGN,0,Open,2023-07-30 00:00:00,Performing
HELEN DICKSON,"=""22590645575""",NO 9 UDOETOKOTT STREET OFF AFAHA EKET ROAD EKET AKWA IBOM,,"=""22102143""","=""28022445""","=""10734861""",Personal fixed term loan,2023-06-29 00:00:00,7500.00,8625.00,,0.00,8625.00,NGN,0,Open,2023-07-14 00:00:00,Performing
FATIMAH ARILOMO,"=""22450174401""",OLORUNSOGO STREET ALUBATA APETE IBADAN,,"=""22102580""","=""7630647""","=""10699054""",Personal fixed term loan,2023-06-25 00:00:00,5000.00,0.00,,0.00,6000.00,NGN,0,Closed,2023-07-10 00:00:00,Performing
OLAMIDE HAMMED,,NO 4 AKIN ABAYOMI STREET SABO SAGAMU,,"=""22102744""","=""40085022""","=""10740487""",Personal fixed term loan,2023-06-29 00:00:00,20000.00,25800.00,,0.00,25800.00,NGN,0,Open,2023-07-29 00:00:00,Performing
Chukwudi Eneh,,25 OSHIOMAGBE STR OFF ATOE OFF ADOLOR COLLEGE RD BENIN,,"=""22102980""","=""44055393""","=""10634625""",Personal fixed term loan,2023-06-18 00:00:00,20000.00,25400.00,,0.00,25400.00,NGN,0,Open,2023-07-18 00:00:00,Performing
TOHEEB OJEKUNLE,"=""22528863091""",11 OLUWATOBI STREET IKOTUN LAGOS,,"=""22103265""","=""44388132""","=""10746545""",Personal fixed term loan,2023-06-30 00:00:00,30000.00,38400.00,,0.00,38400.00,NGN,0,Open,2023-07-30 00:00:00,Performing
CLEMENTINA ONYENOBI,,ONYENOBIS COMPOUND UMUOFO EGBU OWERRI,,"=""22104766""","=""44135085""","=""10647661""",Personal fixed term loan,2023-06-20 00:00:00,7500.00,8850.00,,0.00,8850.00,NGN,0,Open,2023-07-05 00:00:00,Performing
MODINAT OGUNTOYINBO,"=""22208718482""",5 SHOBAYO STREET ABULEEGBA LAGOS,,"=""22105738""","=""33820995""","=""10628747""",Personal fixed term loan,2023-06-18 00:00:00,30000.00,38400.00,,0.00,38400.00,NGN,0,Open,2023-07-18 00:00:00,Performing
YETUNDE AYINDE,,18 BANJO STREET OFF YABA ROAD  YABA,,"=""22106488""","=""13057686""","=""10714847""",Personal fixed term loan,2023-06-27 00:00:00,15000.00,0.00,,0.00,7680.00,NGN,0,Closed,2023-09-25 00:00:00,Performing
GLORIA ASUQUO,"=""22269814992""",NO 1 AKPAN ETUK LANE,,"=""22106938""","=""21491013""","=""10748619""",Personal fixed term loan,2023-06-30 00:00:00,30000.00,38070.00,,0.00,19035.00,NGN,0,Open,2023-08-29 00:00:00,Performing
JULIUS BISONG,,17 AKINOLA ROAD ABORU,,"=""22107074""","=""43920870""","=""10565204""",Personal fixed term loan,2023-06-11 00:00:00,20000.00,0.00,,0.00,25800.00,NGN,0,Closed,2023-07-11 00:00:00,Performing
BARNABAS ELUSADE,"=""22467049824""",IFEOLUWA STREET,,"=""22108496""","=""43314502""","=""10492520""",Personal fixed term loan,2023-06-04 00:00:00,7500.00,0.00,,0.00,9675.00,NGN,0,Closed,2023-07-04 00:00:00,Performing
LEVI GODWIN,"=""22420433934""",Opposite Methodist Primary School Okeletu Ijede road,"=""08166220136""","=""22108896""","=""44146390""","=""10668999""",Personal fixed term loan,2023-06-22 00:00:00,7500.00,9675.00,,0.00,9675.00,NGN,0,Open,2023-07-22 00:00:00,Performing
ANWANGAOBONG INOKON,,AFAHA IKOT EBAK,,"=""22109195""","=""44044060""","=""10612034""",Personal fixed term loan,2023-06-16 00:00:00,20000.00,5350.00,,0.00,25800.00,NGN,0,Open,2023-07-16 00:00:00,Performing
UGWUOKE FRANCIS IKE,"=""22189461403""",NO 1 OPEOLUWA STREETLagos State,,"=""22012558""","=""920937""","=""457285671""",Personal fixed term loan,2019-02-26 00:00:00,20000.00,23000.00,,23000.00,26000.00,NGN,1649,Open,2019-03-28 00:00:00,Lost
Ibrahim Munir Iya,"=""22605538683""",Demsa rd,,"=""22080342""","=""28658008""","=""9888364""",Personal fixed term loan,2023-04-06 00:00:00,5000.00,0.00,,0.00,6000.00,NGN,0,Closed,2023-04-21 00:00:00,Performing
Funke Afolabi Olubisola,"=""22189566308""",Nigeria,,"=""22081597""","=""1778918""","=""3091516586""",Personal fixed term loan,2019-11-25 00:00:00,15000.00,17250.00,,17250.00,18300.00,NGN,1375,Open,2019-12-27 00:00:00,Lost
Olubisi Ogunojo,"=""22202023414""",Mrs Comfort House Ajinikirun Area Off State Hospital Iwo,,"=""22098811""","=""43724792""","=""10568936""",Personal fixed term loan,2023-06-12 00:00:00,30000.00,38400.00,,0.00,38400.00,NGN,0,Open,2023-07-12 00:00:00,Performing
ADEWALE OKEGBEMI,"=""22353316162""",8 OYEGOKE STREET MAFOLUKU OSHODI,,"=""22099930""","=""7018748""","=""10711194""",Personal fixed term loan,2023-06-26 00:00:00,5000.00,0.00,,0.00,6000.00,NGN,0,Closed,2023-07-11 00:00:00,Performing
ONA ADOLE,"=""22201757033""",NO 11 IYORCHIA AYU ROAD WURUKUM MAKURDI,,"=""22102168""","=""10911264""","=""10671823""",Personal fixed term loan,2023-06-22 00:00:00,5000.00,6000.00,,0.00,6000.00,NGN,0,Open,2023-07-07 00:00:00,Performing
ARINZE ONODINGENE,,ABUJA APO DUSTE BEHIND LEA PRIMARY SCHOOL,,"=""22102738""","=""19941738""","=""10534815""",Personal fixed term loan,2023-06-08 00:00:00,30000.00,37750.00,,0.00,38250.00,NGN,0,Open,2023-07-08 00:00:00,Performing
raimot bankole,"=""22317875797""",WHITE HOUSE IYANA OLOKE ONIKOLOBO ABEOKUTA OGUN STATE,"=""07040168860""","=""22103721""","=""44328873""","=""10721788""",Personal fixed term loan,2023-06-27 00:00:00,7500.00,8850.00,,0.00,8850.00,NGN,0,Open,2023-07-12 00:00:00,Performing
CHINENYE NWAFOR,"=""22501573401""",NO 14 IGWE OGBOFIA STREET ABAKALIKI,,"=""22104474""","=""44047818""","=""10614300""",Personal fixed term loan,2023-06-16 00:00:00,7500.00,9675.00,,0.00,9675.00,NGN,0,Open,2023-07-16 00:00:00,Performing
OYEDELE OMOTOSHO,,NO 1 SCHOOL ROAD RUMUEKINI PHC ObioAkpor Rivers State,,"=""22106733""","=""1409037""","=""245387145""",Personal fixed term loan,2019-08-18 00:00:00,17000.00,0.00,,0.00,21250.00,NGN,0,Closed,2019-09-17 00:00:00,Performing
TOPE AJAYI,,30 OLUWABAMISHA STREET AGBO LAGOS,,"=""22108218""","=""42796788""","=""10624239""",Personal fixed term loan,2023-06-17 00:00:00,7500.00,9525.00,,0.00,9525.00,NGN,0,Open,2023-07-17 00:00:00,Performing
ginika umeti,"=""22530381231""",181 akarigbo street opp ijokun hall,,"=""22108469""","=""44387479""","=""10744969""",Personal fixed term loan,2023-06-30 00:00:00,7500.00,9675.00,,0.00,9675.00,NGN,0,Open,2023-07-30 00:00:00,Performing
IBRAHEEM SHAFIRIYU,"=""22521459905""",NO 1 YUSUFF STREET ARAROMI BSTOP IYANA IPAJA,,"=""22109154""","=""44237686""","=""10686604""",Personal fixed term loan,2023-06-23 00:00:00,5000.00,5900.00,,0.00,5900.00,NGN,0,Open,2023-07-08 00:00:00,Performing
chinagorom edeh,,24 obeleagu street onitsha,,"=""22110911""","=""43303918""","=""10644808""",Personal fixed term loan,2023-06-20 00:00:00,20000.00,25800.00,,0.00,25800.00,NGN,0,Open,2023-07-20 00:00:00,Performing
EMMANUEL AMAECHI,,OMUOKIRI ALUU DE TRINITY RESIDENT,,"=""22124998""","=""6756335""","=""10442231""",Personal fixed term loan,2023-05-30 00:00:00,5000.00,0.00,,0.00,6500.00,NGN,0,Closed,2023-06-29 00:00:00,Performing
EMMANUEL AMAECHI,,OMUOKIRI ALUU DE TRINITY RESIDENT,,"=""22124998""","=""6756335""","=""10739439""",Personal fixed term loan,2023-06-29 00:00:00,40000.00,0.00,,0.00,29000.00,NGN,0,Closed,2023-08-28 00:00:00,Performing
PHILIP FADEYI,"=""22326200694""",2 SODIMU CRESCENT MAKUN SAGAMU OGUN STATE,,"=""22130865""","=""37868683""","=""10745305""",Personal fixed term loan,2023-06-30 00:00:00,10000.00,11970.00,,0.00,11970.00,NGN,0,Open,2023-07-15 00:00:00,Performing
ayinde Hassan adebayo,,no 1 rahman ayinde str,,"=""21984756""","=""6378995""","=""10163431""",Personal fixed term loan,2023-05-03 00:00:00,5000.00,0.00,,0.00,6000.00,NGN,0,Closed,2023-05-18 00:00:00,Performing
Ujah Joseph,"=""22271528838""",OPP ASO SECONDARY SCH ASO PADA IN MARARABA,,"=""21985305""","=""40710373""","=""10507280""",Personal fixed term loan,2023-06-05 00:00:00,7500.00,0.00,,0.00,8625.00,NGN,0,Closed,2023-06-20 00:00:00,Performing
OPEYEMI FAMOKUN,"=""22152374396""",NO 1 RISEMOLA ESTATE ILARA MOKIN,,"=""22097281""","=""44061342""","=""10641143""",Personal fixed term loan,2023-06-19 00:00:00,20000.00,25800.00,,0.00,25800.00,NGN,0,Open,2023-07-19 00:00:00,Performing
PRECIOUS IGWEH,"=""22588237063""",MGB UNITY ESTATE OFF AMAGU STREET GRA ABAKALIKI,,"=""22097746""","=""44287015""","=""10704596""",Personal fixed term loan,2023-06-26 00:00:00,20000.00,23000.00,,0.00,23000.00,NGN,0,Open,2023-07-11 00:00:00,Performing
ENIIBUKUN LEKANTAIWO,"=""22549692076""",Tp06 nahuche road tudun wada,,"=""22098281""","=""44013827""","=""10599972""",Personal fixed term loan,2023-06-15 00:00:00,1500.00,1740.00,,1740.00,1725.00,NGN,4,Open,2023-06-30 00:00:00,Watchlist
SULAIMAN ABUBAKAR,"=""22727391876""",BBORZA STREET BAUCHI,,"=""22099253""","=""43367417""","=""10521318""",Personal fixed term loan,2023-06-07 00:00:00,7500.00,9675.00,,0.00,9675.00,NGN,0,Open,2023-07-07 00:00:00,Performing
MOTUNRAYO SHAIBU,,CHINAKAS COMPOUND CHOKOCHO ETCHE UMUOJIOHI PIPELINE JUNCTI,,"=""22102276""","=""44038251""","=""10609504""",Personal fixed term loan,2023-06-16 00:00:00,7500.00,8625.00,,0.00,8625.00,NGN,0,Open,2023-07-08 00:00:00,Performing
EMMANUEL GOBUM,"=""22568749371""",HWOLAZA VILLAGE JOS,,"=""22102411""","=""44362836""","=""10734308""",Personal fixed term loan,2023-06-29 00:00:00,20000.00,23600.00,,0.00,23600.00,NGN,0,Open,2023-07-14 00:00:00,Performing
maryann udezue,"=""22383499592""",mr anthony udezue comp anthony atta street okoti odekpe vi,,"=""22103648""","=""44187420""","=""10688247""",Personal fixed term loan,2023-06-24 00:00:00,15000.00,17700.00,,0.00,17700.00,NGN,0,Open,2023-07-09 00:00:00,Performing
OMOKAYODE BABATUNDE,"=""22422612014""",17 ISALE GANGAN STREET OFF ONALA LAGOSN ISLAND LAGOS,,"=""22104234""","=""43418361""","=""10564257""",Personal fixed term loan,2023-06-11 00:00:00,20000.00,25400.00,,0.00,25400.00,NGN,0,Open,2023-07-11 00:00:00,Performing
ANTHONIA UDOMA,"=""22660778446""",No 7 kastina street off abeokuta dsc,"=""09159145400""","=""22104383""","=""42769689""","=""10528776""",Personal fixed term loan,2023-06-07 00:00:00,20000.00,25400.00,,0.00,25400.00,NGN,0,Open,2023-07-07 00:00:00,Performing
PONYAK JOSIAH,"=""22457576453""",29 Harmony Crescent Ifako Ijaiye Lagos State,,"=""22104583""","=""44104113""","=""10672344""",Personal fixed term loan,2023-06-22 00:00:00,1500.00,1950.00,,0.00,1950.00,NGN,0,Open,2023-07-22 00:00:00,Performing
PRAISE GODFREY,"=""22531599169""",19A ST EUGENE RD ABA,,"=""22104634""","=""43811535""","=""10694677""",Personal fixed term loan,2023-06-24 00:00:00,5000.00,6375.00,,0.00,6375.00,NGN,0,Open,2023-07-24 00:00:00,Performing
MAXWELL DUYILE,"=""22163523217""",3 IWAYEMI STREET OKITIPUPA Okitipupa Ondo State,,"=""22107992""","=""5297007""","=""1851474""",Personal fixed term loan,2020-03-20 00:00:00,60000.00,0.00,,0.00,75000.00,NGN,0,Closed,2020-04-20 00:00:00,Performing
MAXWELL DUYILE,"=""22163523217""",3 IWAYEMI STREET OKITIPUPA Okitipupa Ondo State,,"=""22107992""","=""5297007""","=""2289063""",Personal fixed term loan,2020-08-10 00:00:00,50000.00,0.00,,0.00,33750.00,NGN,0,Closed,2020-10-09 00:00:00,Performing
CHRISTIANA TEGA EZEKIEL,"=""22384804641""",1 CHIEF KOLEOSHO STR AROROMI JUNCTION OYO TOWN,,"=""22108392""","=""43807891""","=""10521315""",Personal fixed term loan,2023-06-07 00:00:00,7500.00,9675.00,,0.00,9675.00,NGN,0,Open,2023-07-07 00:00:00,Performing
Emmanuel Ojei,"=""22659494728""",NO 23 EXMO STREET IGBANKE EDO STATE,"=""08157230767""","=""22073772""","=""44023865""","=""10604183""",Personal fixed term loan,2023-06-15 00:00:00,7500.00,9525.00,,0.00,9525.00,NGN,0,Open,2023-07-15 00:00:00,Performing
TITILAYO OMOJOWO,,1 ABUSORO  OFF IJOKA RD  Akure South Ondo State,,"=""22097506""","=""738873""","=""10486365""",Personal fixed term loan,2023-06-03 00:00:00,7500.00,0.00,,0.00,9675.00,NGN,0,Closed,2023-07-03 00:00:00,Performing
IKECHI OLUDI,"=""22476119785""",tombia extenstion GRA,,"=""22098191""","=""1518651""","=""815006163""",Personal fixed term loan,2019-07-29 00:00:00,5000.00,0.00,,0.00,6500.00,NGN,0,Open,2019-08-28 00:00:00,Performing
DESTINY AIGHOBAHI,,9 WISDOM STREET ISIHOR BENIN CITY EDO STATE,,"=""22099127""","=""44370557""","=""10743815""",Personal fixed term loan,2023-06-30 00:00:00,20000.00,25800.00,,0.00,25800.00,NGN,0,Open,2023-07-30 00:00:00,Performing
GODWIN ICHEKANI,"=""22412729238""",MAILINGADD1 Agege Lagos State,,"=""22099927""","=""5676110""","=""10669143""",Personal fixed term loan,2023-06-22 00:00:00,5000.00,0.00,,0.00,6000.00,NGN,0,Closed,2023-07-07 00:00:00,Performing
GODWIN ICHEKANI,"=""22412729238""",MAILINGADD1 Agege Lagos State,,"=""22099927""","=""5676110""","=""10687696""",Personal fixed term loan,2023-06-24 00:00:00,5000.00,0.00,,0.00,6075.00,NGN,0,Closed,2023-07-09 00:00:00,Performing
CHINAZA EZECHUKWU,"=""22482267315""",OREOKOPE,"=""8081611400""","=""22102301""","=""44123586""","=""10648735""",Personal fixed term loan,2023-06-20 00:00:00,7500.00,8850.00,,0.00,8850.00,NGN,0,Open,2023-07-05 00:00:00,Performing
IBITEIN SHADRACK,,NO 3 OBA LANE MARINE BASE ESTATE PHC,,"=""22102735""","=""16657413""","=""10736098""",Personal fixed term loan,2023-06-29 00:00:00,20000.00,0.00,,0.00,25400.00,NGN,0,Closed,2023-07-29 00:00:00,Performing
JOY NMOR,"=""22515624346""",ISSELE UKU,,"=""22103671""","=""44232774""","=""10688197""",Personal fixed term loan,2023-06-24 00:00:00,7500.00,8850.00,,0.00,8850.00,NGN,0,Open,2023-07-09 00:00:00,Performing
ABALAKA ATTAHDEGBE,,27 SURULERE STREET IBEREKODO LAGOS Eti Osa Lagos State,,"=""22104058""","=""6767223""","=""10465199""",Personal fixed term loan,2023-06-01 00:00:00,7500.00,0.00,,0.00,9112.50,NGN,0,Closed,2023-06-16 00:00:00,Performing
Udeh Igwe,"=""22457605160""",NO 1 OPOSITE MODEL LEARNING SAMARU ZARIA Ebonyi State nige,,"=""22105109""","=""7229697""","=""10631314""",Personal fixed term loan,2023-06-18 00:00:00,5000.00,0.00,,0.00,6000.00,NGN,0,Closed,2023-07-03 00:00:00,Performing
Udeh Igwe,"=""22457605160""",NO 1 OPOSITE MODEL LEARNING SAMARU ZARIA Ebonyi State nige,,"=""22105109""","=""7229697""","=""10695059""",Personal fixed term loan,2023-06-24 00:00:00,5000.00,0.00,,0.00,5985.00,NGN,0,Closed,2023-07-09 00:00:00,Performing
AJOKE ADEDOJA,,45 AGIODO ROAD OFF AKINJAGUNLA ONDO,,"=""22107232""","=""44160882""","=""10659097""",Personal fixed term loan,2023-06-21 00:00:00,7500.00,0.00,,0.00,9525.00,NGN,0,Closed,2023-07-21 00:00:00,Performing
olusegun Badejo,"=""22160191095""",48 College Road Poka Epe,,"=""22108602""","=""403120""","=""10734424""",Personal fixed term loan,2023-06-29 00:00:00,30000.00,35400.00,,0.00,35400.00,NGN,0,Open,2023-07-14 00:00:00,Performing
SYLVERLINE MADUKA,,MADUKA ANSELEM COMPD OHAEBA IN UBOMIRI MBAITOLI,,"=""22109674""","=""43414669""","=""10528914""",Personal fixed term loan,2023-06-07 00:00:00,20000.00,25800.00,,0.00,25800.00,NGN,0,Open,2023-07-07 00:00:00,Performing
ufuoma newyear,"=""22309295208""",today today street owhase,,"=""22109774""","=""44152051""","=""10654045""",Personal fixed term loan,2023-06-20 00:00:00,20000.00,25800.00,,0.00,25800.00,NGN,0,Open,2023-07-20 00:00:00,Performing
SIMEON AKANDE,"=""22348637531""",MILLENIUM HOUSING ESTATE IJAIYE OJOKORO,,"=""22111159""","=""43967479""","=""10609698""",Personal fixed term loan,2023-06-16 00:00:00,20000.00,25800.00,,0.00,25800.00,NGN,0,Open,2023-07-16 00:00:00,Performing
TREASURE NDAH,"=""22683600504""",OZORO,,"=""22098010""","=""43193123""","=""10692133""",Personal fixed term loan,2023-06-24 00:00:00,7500.00,9675.00,,0.00,9675.00,NGN,0,Open,2023-07-24 00:00:00,Performing
SOLOMON HENRY,"=""22545514824""",BESIDE DANTATA  SAWOE CAMP DEIDEI,,"=""22098503""","=""42948326""","=""10554681""",Personal fixed term loan,2023-06-10 00:00:00,10000.00,12750.00,,0.00,12750.00,NGN,0,Open,2023-07-10 00:00:00,Performing
tracy tumanu,"=""22649613818""",7 erugbere close off apala rd okumagba layout,,"=""22099375""","=""44224949""","=""10681960""",Personal fixed term loan,2023-06-23 00:00:00,20000.00,25800.00,,0.00,25800.00,NGN,0,Open,2023-07-23 00:00:00,Performing
aderonke ayeni,"=""22472546264""",No32 Afao Ikere Ekiti,"=""08101009976""","=""22102733""","=""14265915""","=""10563665""",Personal fixed term loan,2023-06-11 00:00:00,20000.00,25800.00,,0.00,25800.00,NGN,0,Open,2023-07-11 00:00:00,Performing
Beatrice Ekeanyanwu,"=""22490103281""",Obilubi Obazu Mbieri Mbaitoli Imo State,,"=""22104505""","=""44385420""","=""10744103""",Personal fixed term loan,2023-06-30 00:00:00,30000.00,38400.00,,0.00,38400.00,NGN,0,Open,2023-07-30 00:00:00,Performing
GODWIN AGBA,"=""22713352810""",46 OROK OROK STREET CALABAR,,"=""22105991""","=""41441304""","=""10746836""",Personal fixed term loan,2023-06-30 00:00:00,5000.00,6450.00,,0.00,6450.00,NGN,0,Open,2023-07-30 00:00:00,Performing
WISDOM DAVIDSON,"=""22622049481""",23 FHE SALOLO Alimosho Lagos State,,"=""22107863""","=""17835345""","=""10492716""",Personal fixed term loan,2023-06-04 00:00:00,7500.00,8925.00,,8925.00,8850.00,NGN,15,Open,2023-06-19 00:00:00,Watchlist
BABAJIDE KOLEOSHO,"=""22668652380""",16 Ifesowapo Community OkoErin Area Ilorin,,"=""22109149""","=""44202130""","=""10713724""",Personal fixed term loan,2023-06-26 00:00:00,5000.00,6450.00,,0.00,6450.00,NGN,0,Open,2023-07-26 00:00:00,Performing
OYINDAMOLA OMOLEWA,"=""22549234836""",19 AKINOLA IROKO STREET TOLL GATE BUS STOP ABEBI AREA OGUN,,"=""22110028""","=""44025103""","=""10654840""",Personal fixed term loan,2023-06-20 00:00:00,7500.00,8850.00,,0.00,8850.00,NGN,0,Open,2023-07-05 00:00:00,Performing
JOHNSON OSIKI,"=""22713831915""",8 MILES1 TAK IKOT CALABAR,,"=""22111507""","=""42850639""","=""10550242""",Personal fixed term loan,2023-06-09 00:00:00,1500.00,1920.00,,0.00,1920.00,NGN,0,Open,2023-07-09 00:00:00,Performing
BRIGHT ETUKUDO,"=""22695512549""",23 MKPOK ROAD EKET,,"=""22111914""","=""43953538""","=""10668508""",Personal fixed term loan,2023-06-22 00:00:00,7500.00,7500.00,,0.00,9675.00,NGN,0,Open,2023-07-22 00:00:00,Performing
BOLAJI  NURUDEEN,,5 BABAWA STREET OLD OJO ROAD MAZAMAZA LAGOS,"=""08033723892""","=""22112600""","=""44023324""","=""10730011""",Personal fixed term loan,2023-06-28 00:00:00,10000.00,0.00,,0.00,11800.00,NGN,0,Closed,2023-07-13 00:00:00,Performing
PRECIOUS KENNETH,"=""22537022832""",NO 16 OJULARI STREET IBA,,"=""22113472""","=""42925021""","=""10699106""",Personal fixed term loan,2023-06-25 00:00:00,15000.00,9350.00,,0.00,19350.00,NGN,0,Open,2023-07-25 00:00:00,Performing
Sarah Mustapha,"=""22314092186""",3 Idowu Mustapha Street Agbado Railway Station Ogun State,,"=""22113479""","=""3025204""","=""3028376805""",Personal fixed term loan,2020-03-05 00:00:00,10000.00,0.00,,0.00,12200.00,NGN,0,Closed,2020-04-06 00:00:00,Performing
RAMAT LAWAL,"=""22467179134""",35 OLOGUNDUDU STR IPAJA BSTOP IPAJA,,"=""22125704""","=""43752986""","=""10501769""",Personal fixed term loan,2023-06-05 00:00:00,7500.00,9675.00,,0.00,9675.00,NGN,0,Open,2023-07-05 00:00:00,Performing
MUHAMMAD SALEH,,AK 20 MAYIRI ROAD TUDUN WADA,"=""2347066560008""","=""22126290""","=""44199683""","=""10672064""",Personal fixed term loan,2023-06-22 00:00:00,5000.00,6000.00,,0.00,6000.00,NGN,0,Open,2023-07-07 00:00:00,Performing
CHIADIKOBI ONYEABOR,"=""22460087636""",NO 24 AKUNNE OKWUGOGU STREET ONITSHA,,"=""22127969""","=""43981073""","=""10588451""",Personal fixed term loan,2023-06-14 00:00:00,7500.00,9675.00,,0.00,9675.00,NGN,0,Open,2023-07-14 00:00:00,Performing
Ofugbudie Jerry,"=""22529376187""",Abraka Nigeria,,"=""21985807""","=""5739812""","=""237454143""",Personal fixed term loan,2020-03-12 00:00:00,2500.00,0.00,,0.00,2870.00,NGN,0,Closed,2020-03-27 00:00:00,Performing
OBONGIFREKE INYANG,"=""22658170124""",2XGGPMW Nwaniba Road 520101 Uyo Nigeria,"=""07035864677""","=""22097648""","=""43911316""","=""10684727""",Personal fixed term loan,2023-06-23 00:00:00,5000.00,5985.00,,0.00,5985.00,NGN,0,Open,2023-07-08 00:00:00,Performing
IBRAHIM OMOTAYO,"=""22325130750""",NO 106 KAJOLA STREET MESSIAH HIGH SCHOOL AKURE,,"=""22098583""","=""42813782""","=""10554652""",Personal fixed term loan,2023-06-10 00:00:00,170000.00,260610.00,,0.00,86870.00,NGN,0,Open,2023-09-08 00:00:00,Performing
FUNMILAYO ONOTORO,"=""22558408303""",Ayedire sooko,,"=""22102378""","=""44284863""","=""10713151""",Personal fixed term loan,2023-06-26 00:00:00,7500.00,8850.00,,0.00,8850.00,NGN,0,Open,2023-07-11 00:00:00,Performing
TERNENGE UNDE,,17 OWODE STREET ALPHA BEACH LEKKI EXP WAY LAGOS,,"=""22103332""","=""44179041""","=""10725544""",Personal fixed term loan,2023-06-28 00:00:00,5000.00,6250.00,,0.00,6250.00,NGN,0,Open,2023-07-28 00:00:00,Performing
UDOCHUKWU IWUCHUKWU,"=""22602971780""",Sindi Galamawa Limawa Dutse,,"=""22104518""","=""25809852""","=""10498697""",Personal fixed term loan,2023-06-05 00:00:00,7500.00,0.00,,0.00,9675.00,NGN,0,Closed,2023-07-05 00:00:00,Performing
FANEN BURA,"=""22325649689""",BESIDE ABECO MODEL COLLAGE MKD,,"=""22104867""","=""355833""","=""10740167""",Personal fixed term loan,2023-06-29 00:00:00,20000.00,23600.00,,0.00,23600.00,NGN,0,Open,2023-07-14 00:00:00,Performing
HELEN IJIOMA,"=""22634297001""",UMUANGA AMAKAMA,,"=""22105336""","=""43746999""","=""10500428""",Personal fixed term loan,2023-06-05 00:00:00,20000.00,0.00,,0.00,25800.00,NGN,0,Closed,2023-07-05 00:00:00,Performing
MUYIDEEN OGUNSANYA,"=""22435723558""",1 OLODO STREET SABO SAGAMU,,"=""22106471""","=""6169113""","=""10652674""",Personal fixed term loan,2023-06-20 00:00:00,5000.00,0.00,,0.00,6000.00,NGN,0,Closed,2023-07-05 00:00:00,Performing
BOSE OBANLA,"=""22643731680""",Q6MPGV Asha Nigeria,,"=""22107276""","=""41260542""","=""10737486""",Personal fixed term loan,2023-06-29 00:00:00,7500.00,9675.00,,0.00,9675.00,NGN,0,Open,2023-07-29 00:00:00,Performing
LOVETH CHIJEKWU,"=""22646939410""",AMUFIE ENUGU EZIKE,,"=""22108411""","=""43897123""","=""10556257""",Personal fixed term loan,2023-06-10 00:00:00,7500.00,9675.00,,0.00,9675.00,NGN,0,Open,2023-07-10 00:00:00,Performing
EBUBE OGBUAGU,"=""22666529208""",COMP OF OGBUAGU IN UHUEZE IHE AWGU ENUGU,,"=""22109880""","=""43881691""","=""10550066""",Personal fixed term loan,2023-06-09 00:00:00,7500.00,9675.00,,0.00,9675.00,NGN,0,Open,2023-07-09 00:00:00,Performing
ASHIONYE ODOBOR,"=""22500524574""",UMUOKOLO QUARTERS OSSISA,,"=""22111066""","=""43852063""","=""10538368""",Personal fixed term loan,2023-06-08 00:00:00,7500.00,9675.00,,0.00,9675.00,NGN,0,Open,2023-07-08 00:00:00,Performing
NSIMA INYANG,,NO 7 CHIDI AVENUE RUMUODOMAYA PH,,"=""22113610""","=""24961897""","=""10746534""",Personal fixed term loan,2023-06-30 00:00:00,20000.00,0.00,,0.00,25800.00,NGN,0,Closed,2023-07-30 00:00:00,Performing
HABU KAWU,,ZABURAN QTRS GUMEL,,"=""22126042""","=""44172617""","=""10665638""",Personal fixed term loan,2023-06-21 00:00:00,5000.00,6000.00,,0.00,6000.00,NGN,0,Open,2023-07-06 00:00:00,Performing
loveday nsirimovu,"=""22182243217""",6 airport road rukpokwu  ObioAkpor Rivers State,,"=""22127749""","=""6583286""","=""10605947""",Personal fixed term loan,2023-06-15 00:00:00,20000.00,26480.00,,0.00,8827.00,NGN,0,Open,2023-09-13 00:00:00,Performing
oyarebu eguoba,,17 olorogun str slere,,"=""22128582""","=""44328164""","=""10721194""",Personal fixed term loan,2023-06-27 00:00:00,30000.00,35400.00,,0.00,35400.00,NGN,0,Open,2023-07-12 00:00:00,Performing
MERCY COLMAN,"=""22578701633""",YELWAN KAGADAMA BAUCHI,,"=""22128782""","=""44132495""","=""10658432""",Personal fixed term loan,2023-06-21 00:00:00,7500.00,0.00,,0.00,8850.00,NGN,0,Closed,2023-07-06 00:00:00,Performing
KOSISOCHUKWU OKEKE,"=""22505775825""",no 5 Enu street nkwelle Awka,,"=""22098488""","=""43236698""","=""10466494""",Personal fixed term loan,2023-06-01 00:00:00,20000.00,25799.00,,25799.00,25800.00,NGN,3,Open,2023-07-01 00:00:00,Watchlist
AJOKE ADEYEMI,,23 OGIDAN STREET OLATEJU MUSHIN,,"=""22101696""","=""43825293""","=""10528169""",Personal fixed term loan,2023-06-07 00:00:00,7500.00,9675.00,,0.00,9675.00,NGN,0,Open,2023-07-07 00:00:00,Performing
GRACE OGUNLADE,,BOLORUNDURO STREET ILESA,,"=""22103032""","=""25212972""","=""10510763""",Personal fixed term loan,2023-06-06 00:00:00,20000.00,0.00,,0.00,25400.00,NGN,0,Closed,2023-07-06 00:00:00,Performing
JUSTINA KALU,"=""22408840002""",Nigeria,,"=""22105333""","=""43623627""","=""10458902""",Personal fixed term loan,2023-06-01 00:00:00,7500.00,5469.00,,5469.00,9675.00,NGN,3,Open,2023-07-01 00:00:00,Watchlist
MMESOMA EMENIKE,"=""22534987000""",Not Available,,"=""22108316""","=""16074571""","=""10684004""",Personal fixed term loan,2023-06-23 00:00:00,20000.00,25800.00,,0.00,25800.00,NGN,0,Open,2023-07-23 00:00:00,Performing
KELVLYN ANA,"=""22541642989""",29 ACADEMY STREET CALABAR,,"=""22109720""","=""43881322""","=""10660215""",Personal fixed term loan,2023-06-21 00:00:00,20000.00,25800.00,,0.00,25800.00,NGN,0,Open,2023-07-21 00:00:00,Performing
GRACE ALUGBIN,"=""22738275402""",NO 12 IREDE STREET ESUYARE AREA MODAKEKE OSUN STATE,,"=""22109809""","=""44384449""","=""10743670""",Personal fixed term loan,2023-06-30 00:00:00,7500.00,9675.00,,0.00,9675.00,NGN,0,Open,2023-07-30 00:00:00,Performing
OZIOMA UGWU,,Nigeria Umunya    6W84J5C,,"=""22113655""","=""43646662""","=""10458271""",Personal fixed term loan,2023-06-01 00:00:00,20000.00,25800.00,,0.00,25800.00,NGN,0,Open,2023-07-16 00:00:00,Performing
WALE KAROUNWI,,CBN ESTATE 1 FLAT 7 HOUSE 13,,"=""22125585""","=""37925525""","=""10560623""",Personal fixed term loan,2023-06-11 00:00:00,7500.00,0.00,,0.00,9675.00,NGN,0,Closed,2023-07-11 00:00:00,Performing
TAOFEEK FEYISITAN,"=""22647671786""",45 COMMUNITY ROAD PIPELINE LAGOS STATE,,"=""22125998""","=""44138810""","=""10648630""",Personal fixed term loan,2023-06-20 00:00:00,7500.00,9675.00,,0.00,9675.00,NGN,0,Open,2023-07-20 00:00:00,Performing
BASSEY EKPENYONG,"=""22563467421""",NO1 ADAK UKO STREET MBIAKONG,"=""09135034949""","=""22127402""","=""39713822""","=""10475229""",Personal fixed term loan,2023-06-02 00:00:00,10000.00,0.00,,0.00,21875.00,NGN,0,Closed,2023-06-17 00:00:00,Performing
SHAMSIYA MAIKUDI,"=""22460505525""",NO 20 USMAN JIKANTORO UNGWAN DOSA KADUNA,,"=""22127627""","=""43496021""","=""10575475""",Personal fixed term loan,2023-06-12 00:00:00,20000.00,25800.00,,0.00,25800.00,NGN,0,Open,2023-07-12 00:00:00,Performing
OLANREWAJU BADMUS,,12 LATEEF ADEGBOYEGA STREET AGO PALACE WAY OKOTA,,"=""22127993""","=""44177714""","=""10734460""",Personal fixed term loan,2023-06-29 00:00:00,20000.00,25800.00,,0.00,25800.00,NGN,0,Open,2023-07-29 00:00:00,Performing
VICTOR EMMANUEL,"=""22628194549""",Q34PPX Ogbogbo Nigeria,,"=""22128495""","=""43419953""","=""10716043""",Personal fixed term loan,2023-06-27 00:00:00,5000.00,5885.00,,0.00,5885.00,NGN,0,Open,2023-07-12 00:00:00,Performing
GAFARI ADEOSUN,"=""22582200728""",ADEOSUN HOUSE OPP CENTRAL MOSQUE AJEGUNLE,,"=""22129742""","=""43754600""","=""10501840""",Personal fixed term loan,2023-06-05 00:00:00,5000.00,2000.00,,0.00,6450.00,NGN,0,Open,2023-07-05 00:00:00,Performing
OGHENEKPARHOBOR IDAMADUDU,"=""22681537776""",13B IMOHWE STREET UGHELLI,,"=""22130333""","=""43571110""","=""10717855""",Personal fixed term loan,2023-06-27 00:00:00,7500.00,9675.00,,0.00,9675.00,NGN,0,Open,2023-07-27 00:00:00,Performing
PEACE OKEKE,"=""22524445480""",ISIAGU VILLAGE,,"=""22131078""","=""44115676""","=""10639995""",Personal fixed term loan,2023-06-19 00:00:00,7500.00,0.00,,0.00,8850.00,NGN,0,Closed,2023-07-04 00:00:00,Performing
JUDITH ANDAFA,,NO 2 SONIA CRESCENT BEFORE IZAKPA STREET,,"=""22131371""","=""41307691""","=""10705376""",Personal fixed term loan,2023-06-26 00:00:00,15000.00,21525.00,,0.00,7175.00,NGN,0,Open,2023-09-24 00:00:00,Performing
Abubakar Mutiat,"=""22310085386""",900102 Idon Kasa Federal Capital Territory Nigeria,,"=""21978855""","=""43133675""","=""10585742""",Personal fixed term loan,2023-06-13 00:00:00,180000.00,275940.00,,0.00,91980.00,NGN,0,Open,2023-09-11 00:00:00,Performing
AFOLABI ADENIJI,"=""22258182299""",Iju Lagos Nigeria,,"=""21984790""","=""7963098""","=""10196343""",Personal fixed term loan,2023-05-06 00:00:00,40000.00,0.00,,0.00,21694.00,NGN,0,Closed,2023-08-04 00:00:00,Performing
AFOLABI ADENIJI,"=""22258182299""",Iju Lagos Nigeria,,"=""21984790""","=""7963098""","=""9760198""",Personal fixed term loan,2023-03-25 00:00:00,5000.00,0.00,,0.00,6500.00,NGN,0,Closed,2023-04-24 00:00:00,Performing
AJIBOYE TOLU,"=""22309228226""",17 LUKE STREET EREKO IDUMOTA LAGOS Lagos Island Lagos Stat,,"=""21990573""","=""6300130""","=""1481004342""",Personal fixed term loan,2020-03-13 00:00:00,1500.00,0.00,,0.00,1720.00,NGN,0,Closed,2020-03-30 00:00:00,Performing
AJIBOYE TOLU,"=""22309228226""",17 LUKE STREET EREKO IDUMOTA LAGOS Lagos Island Lagos Stat,,"=""21990573""","=""6300130""","=""1811131""",Personal fixed term loan,2020-03-13 00:00:00,1500.00,0.00,,0.00,1720.00,NGN,0,Closed,2020-03-30 00:00:00,Performing
Ibrahim Timothy,"=""22451364461""",14 15 Prince Alaba Oniru Road Victoria Island,"=""08131955225""","=""22068035""","=""7612577""","=""10575290""",Personal fixed term loan,2023-06-12 00:00:00,5000.00,0.00,,0.00,6000.00,NGN,0,Closed,2023-06-27 00:00:00,Performing
AISHA LAWAN,"=""22677201731""",ZABURAN QUARTERS GUMEL LOCAL GOVERNMENT,,"=""22098133""","=""44111135""","=""10648466""",Personal fixed term loan,2023-06-20 00:00:00,5000.00,6000.00,,0.00,6000.00,NGN,0,Open,2023-07-05 00:00:00,Performing
precious nwabude,"=""22545901800""",ezi umunya umunya,,"=""22099252""","=""43355525""","=""10709883""",Personal fixed term loan,2023-06-26 00:00:00,15000.00,19350.00,,0.00,19350.00,NGN,0,Open,2023-07-26 00:00:00,Performing
FAUSTINA CHINWEUBA,"=""22524834219""",NO 12 EZEDIOKA STREET ABAKPA NIKE ENUGU Enugu East Enugu S,,"=""22100791""","=""7683425""","=""10214326""",Personal fixed term loan,2023-05-08 00:00:00,12500.00,0.00,,0.00,15875.00,NGN,0,Closed,2023-06-07 00:00:00,Performing
FAUSTINA CHINWEUBA,"=""22524834219""",NO 12 EZEDIOKA STREET ABAKPA NIKE ENUGU Enugu East Enugu S,,"=""22100791""","=""7683425""","=""10360855""",Personal fixed term loan,2023-05-22 00:00:00,7500.00,0.00,,0.00,18225.00,NGN,0,Closed,2023-06-06 00:00:00,Performing
EMMANUEL ANINWOKO,"=""22665737150""",3 Kiyesola Crescent Opp ESS Erin ile,,"=""22103263""","=""44359437""","=""10733003""",Personal fixed term loan,2023-06-28 00:00:00,20000.00,25800.00,,0.00,25800.00,NGN,0,Open,2023-07-28 00:00:00,Performing
PRECIOUS PRIESTHOOD,,Nigeria,,"=""22103796""","=""42040614""","=""10553892""",Personal fixed term loan,2023-06-10 00:00:00,20000.00,23200.00,,23200.00,23000.00,NGN,9,Open,2023-06-25 00:00:00,Watchlist
FRANK OKOOBOH,"=""22337923832""",52 Adewum,,"=""22106072""","=""44319426""","=""10718051""",Personal fixed term loan,2023-06-27 00:00:00,7500.00,9675.00,,0.00,9675.00,NGN,0,Open,2023-07-27 00:00:00,Performing
EKAEZUWA  NKEMCHOR,,Nigeria,,"=""22108544""","=""44204845""","=""10674126""",Personal fixed term loan,2023-06-22 00:00:00,30000.00,0.00,,0.00,38400.00,NGN,0,Closed,2023-07-22 00:00:00,Performing
CHUKWUEBUKA ODAH,"=""22410690891""",30 OLANIYI STREET LADY LAK BARIGA LAGOS,,"=""22108561""","=""5287306""","=""10623996""",Personal fixed term loan,2023-06-17 00:00:00,20000.00,25800.00,,0.00,25800.00,NGN,0,Open,2023-07-17 00:00:00,Performing
AISHA EMMANUEL,"=""22571840508""",RIJIYAR ZAKI LAYIN DORAWA YAN KIFI,,"=""22109947""","=""38500609""","=""10671447""",Personal fixed term loan,2023-06-22 00:00:00,5000.00,6000.00,,0.00,6000.00,NGN,0,Open,2023-07-07 00:00:00,Performing
CHIOMA OTUVICTOR,,EZI MBE POPERI AMASIRI AFIKPO,,"=""22110951""","=""43992433""","=""10591937""",Personal fixed term loan,2023-06-14 00:00:00,7500.00,9675.00,,0.00,9675.00,NGN,0,Open,2023-07-14 00:00:00,Performing
OLUWATAYO ADEWALE,"=""22150379836""",OdoUri Igede Ekiti,,"=""22097724""","=""44230699""","=""10684344""",Personal fixed term loan,2023-06-23 00:00:00,30000.00,0.00,,0.00,38400.00,NGN,0,Closed,2023-07-23 00:00:00,Performing
KEHINDE LAWAL,"=""22474732946""",11 GARUBA STREET AGEGE,,"=""22098073""","=""43779368""","=""10524399""",Personal fixed term loan,2023-06-07 00:00:00,5000.00,6450.00,,0.00,6450.00,NGN,0,Open,2023-07-07 00:00:00,Performing
RASAQ OLANREWAJU,"=""22292134991""",9 WHITE DISU CRESCENT EJIGBO LAGOS,,"=""22102000""","=""44332407""","=""10736289""",Personal fixed term loan,2023-06-29 00:00:00,20000.00,25800.00,,0.00,25800.00,NGN,0,Open,2023-07-29 00:00:00,Performing
DANIEL EKPENYONG,"=""22514124489""",19 ESSIEN ESSIEN STREET  OFF AFAHA UQUA OBOKIDEM,,"=""22102519""","=""7829568""","=""10582547""",Personal fixed term loan,2023-06-13 00:00:00,5000.00,0.00,,0.00,6000.00,NGN,0,Closed,2023-06-28 00:00:00,Performing
GODWIN EDAH,"=""22363225306""",Nigeria,,"=""22102838""","=""40078503""","=""10637703""",Personal fixed term loan,2023-06-19 00:00:00,7500.00,0.00,,0.00,8625.00,NGN,0,Closed,2023-07-04 00:00:00,Performing
SONIA IBEH,"=""22572662095""",Ifite Awka,"=""08108897411""","=""22104072""","=""34786290""","=""10655744""",Personal fixed term loan,2023-06-21 00:00:00,7500.00,9675.00,,0.00,9675.00,NGN,0,Open,2023-07-21 00:00:00,Performing
OLUWANIFEMI OJO,"=""22642922788""",Lusa gizaki,,"=""22106012""","=""43733790""","=""10494263""",Personal fixed term loan,2023-06-04 00:00:00,15000.00,19350.00,,0.00,19350.00,NGN,0,Open,2023-07-04 00:00:00,Performing
TEMITOPE ADEYEMI,"=""22422155849""",26OLAJUMOKE AWOYE IKOTUN,,"=""22109254""","=""5223472""","=""10519080""",Personal fixed term loan,2023-06-06 00:00:00,5000.00,0.00,,0.00,6000.00,NGN,0,Closed,2023-06-21 00:00:00,Performing
VIVIAN AZUBUIKE,"=""22376989031""",48 UMUOCHEALA OFF ARIARIA ABA,,"=""22109437""","=""43926325""","=""10638648""",Personal fixed term loan,2023-06-19 00:00:00,20000.00,25800.00,,0.00,25800.00,NGN,0,Open,2023-07-19 00:00:00,Performing
KEMI ADESOPE,"=""22501135652""",14OWOKONIRAN STREETISHAGA BUSSTOPSURULERENIGERIA,,"=""22109807""","=""44367883""","=""10739824""",Personal fixed term loan,2023-06-29 00:00:00,7500.00,9525.00,,0.00,9525.00,NGN,0,Open,2023-07-29 00:00:00,Performing
MUSA BULUS,"=""22717182961""",,,"=""22109875""","=""43842925""","=""10595897""",Personal fixed term loan,2023-06-14 00:00:00,7500.00,9675.00,,0.00,9675.00,NGN,0,Open,2023-07-14 00:00:00,Performing
OLUWAFEMI FADE,"=""22187403939""",orofo odogunyan,,"=""22110807""","=""43729387""","=""10728099""",Personal fixed term loan,2023-06-28 00:00:00,1500.00,1898.00,,0.00,1897.50,NGN,0,Open,2023-07-28 00:00:00,Performing
RAMON MUHAMMED,,ALABATA,,"=""22111309""","=""44058541""","=""10697532""",Personal fixed term loan,2023-06-25 00:00:00,7500.00,8850.00,,0.00,8850.00,NGN,0,Open,2023-07-10 00:00:00,Performing
DANIEL ADERIBOLE,"=""22551336348""",IGANMODE ST,,"=""22112228""","=""5643865""","=""10608343""",Personal fixed term loan,2023-06-16 00:00:00,7500.00,0.00,,0.00,9675.00,NGN,0,Closed,2023-07-16 00:00:00,Performing
SIMEON ADEDEJI,"=""22547990167""",PLOT 1 LGA OSOGBO OSUN STATE,"=""9016730418""","=""22112428""","=""43795288""","=""10694794""",Personal fixed term loan,2023-06-24 00:00:00,7500.00,9488.00,,0.00,9487.50,NGN,0,Open,2023-07-24 00:00:00,Performing
DALTON GOWON,,FARAH HOMES YENIZEUEGENE YENAGOA,,"=""22125583""","=""34808726""","=""10640209""",Personal fixed term loan,2023-06-19 00:00:00,7500.00,9675.00,,0.00,9675.00,NGN,0,Open,2023-07-19 00:00:00,Performing
EMEKA UZOMA,"=""22668348706""",OKPANAM,,"=""22125651""","=""44276162""","=""10701150""",Personal fixed term loan,2023-06-25 00:00:00,10000.00,12900.00,,0.00,12900.00,NGN,0,Open,2023-07-25 00:00:00,Performing
IDRIS MOSOBALAJE,,S4684C AYEDADE ELEKURO IBADAN,,"=""22126336""","=""44331998""","=""10722759""",Personal fixed term loan,2023-06-27 00:00:00,7500.00,8625.00,,0.00,8625.00,NGN,0,Open,2023-07-12 00:00:00,Performing
NWABUDE GRACE,"=""22363220589""",Lekki  Epe Expy Aja 106104 Lagos Nigeria,,"=""21984572""","=""43502144""","=""10595052""",Personal fixed term loan,2023-06-14 00:00:00,7500.00,9675.00,,0.00,9675.00,NGN,0,Open,2023-07-14 00:00:00,Performing
Nwoga Callista,,2 AMOBI STREET IYIENU OGIDI,,"=""21998225""","=""7810478""","=""10152178""",Personal fixed term loan,2023-05-02 00:00:00,5000.00,0.00,,0.00,6000.00,NGN,0,Closed,2023-05-17 00:00:00,Performing
Nwoga Callista,,2 AMOBI STREET IYIENU OGIDI,,"=""21998225""","=""7810478""","=""10255264""",Personal fixed term loan,2023-05-12 00:00:00,5000.00,0.00,,0.00,6500.00,NGN,0,Closed,2023-06-11 00:00:00,Performing
Nwoga Callista,,2 AMOBI STREET IYIENU OGIDI,,"=""21998225""","=""7810478""","=""10327597""",Personal fixed term loan,2023-05-19 00:00:00,5000.00,0.00,,0.00,6500.00,NGN,0,Closed,2023-06-18 00:00:00,Performing
Aku Emmanuel Carlo,,NO 3C POUND ROAD EXTENTION BY ASA RD ABAAbia State,"=""2348103718607""","=""22016323""","=""1637703""","=""6322799313""",Personal fixed term loan,2019-08-20 00:00:00,1500.00,0.00,,0.00,1950.00,NGN,0,Closed,2019-09-19 00:00:00,Performing
CECILIA IGBELE,"=""22605883532""",6 NZEKWE STREET NKALIKIABAKLAIKI EBONYI STATE,,"=""22099334""","=""43989563""","=""10591096""",Personal fixed term loan,2023-06-14 00:00:00,5000.00,6400.00,,0.00,6400.00,NGN,0,Open,2023-07-14 00:00:00,Performing
NAOMI UDEH,"=""22569679439""",OPPOSITE CHIEF PALACE DAKI BIYU JABI ABUJA,,"=""22103245""","=""44147211""","=""10658461""",Personal fixed term loan,2023-06-21 00:00:00,5000.00,5900.00,,0.00,6400.00,NGN,0,Open,2023-07-21 00:00:00,Performing
GIFT DOKUBO,"=""22353799824""",DOKUGBO COMPOUND IHUEJE COMMUNITY,,"=""22104568""","=""43984311""","=""10599282""",Personal fixed term loan,2023-06-15 00:00:00,7500.00,9675.00,,0.00,9675.00,NGN,0,Open,2023-07-15 00:00:00,Performing
AUGUSTA IZUOBI,,UBACHUKWU OKWUAKATTA ORU EAST,"=""8024262218""","=""22105436""","=""44393844""","=""10748116""",Personal fixed term loan,2023-06-30 00:00:00,7500.00,4675.00,,0.00,9675.00,NGN,0,Open,2023-07-30 00:00:00,Performing
MODINAT OLUWALE,"=""22283567326""",FLAT 2 NYSC QUARTERSMARABA OLD NYSC ROAD FCT,,"=""22105839""","=""44281674""","=""10720437""",Personal fixed term loan,2023-06-27 00:00:00,7500.00,9675.00,,0.00,9675.00,NGN,0,Open,2023-07-27 00:00:00,Performing
PRINCESS CHUKWU,"=""22703278634""",MONASTRY LAYOUT AMORJI NIKE,,"=""22105886""","=""43632033""","=""10734681""",Personal fixed term loan,2023-06-29 00:00:00,7500.00,9675.00,,0.00,9675.00,NGN,0,Open,2023-07-29 00:00:00,Performing
NIMOTA AFOLAYAN,,1 ADEOYE STREET AMUKOKO,,"=""22109112""","=""43945405""","=""10573362""",Personal fixed term loan,2023-06-12 00:00:00,7500.00,0.00,,0.00,9675.00,NGN,0,Closed,2023-07-12 00:00:00,Performing
BALIQEES RABIU,"=""22502937994""",NO 19 BODE OLUDE ELEGA ABEOKUTA,,"=""22109797""","=""44315878""","=""10716019""",Personal fixed term loan,2023-06-27 00:00:00,20000.00,25800.00,,0.00,25800.00,NGN,0,Open,2023-07-27 00:00:00,Performing
BLESSED OBOT,"=""22568845921""",NO 42 UMO OBOT ROAD,,"=""22110116""","=""44309035""","=""10739013""",Personal fixed term loan,2023-06-29 00:00:00,7500.00,8850.00,,0.00,8850.00,NGN,0,Open,2023-07-14 00:00:00,Performing
KABIRU SHOBOLA,"=""22316735629""",13 BABALOLA HUGHES COLLEGE ROAD IFAKO,,"=""22111251""","=""42678742""","=""10687499""",Personal fixed term loan,2023-06-24 00:00:00,7500.00,8850.00,,0.00,8850.00,NGN,0,Open,2023-07-09 00:00:00,Performing
DAVID UDOH,"=""22531450187""",kaduna,,"=""22112119""","=""43260562""","=""10654507""",Personal fixed term loan,2023-06-20 00:00:00,7500.00,9675.00,,0.00,9675.00,NGN,0,Open,2023-07-20 00:00:00,Performing
CALISTA UZOKWE,"=""22157252260""",NO 10 OGBUESHI NWACHUKWU ASABA,,"=""22113541""","=""39978451""","=""10518558""",Personal fixed term loan,2023-06-06 00:00:00,27500.00,35200.00,,0.00,35200.00,NGN,0,Open,2023-07-06 00:00:00,Performing
EMMANUEL UMUNNAKWE,,IFE UMUNAWIRI,,"=""22098599""","=""25929881""","=""10704315""",Personal fixed term loan,2023-06-25 00:00:00,20000.00,25800.00,,0.00,25800.00,NGN,0,Open,2023-07-25 00:00:00,Performing
EBUNOLA ODIDI,,4 CHAIRMAN STREET ERUWE IKORODU,,"=""22098850""","=""44200802""","=""10672506""",Personal fixed term loan,2023-06-22 00:00:00,20000.00,25800.00,,0.00,25800.00,NGN,0,Open,2023-07-22 00:00:00,Performing
SAMUEL halim,"=""22246015493""",39umuaji king street asaba,,"=""22099321""","=""43929968""","=""10610452""",Personal fixed term loan,2023-06-16 00:00:00,10000.00,12800.00,,0.00,12800.00,NGN,0,Open,2023-07-16 00:00:00,Performing
ABDULMALIKI FASHINA,"=""22737873016""",19 ALAKUKO AJULO LAGOS,,"=""22101993""","=""44174958""","=""10671455""",Personal fixed term loan,2023-06-22 00:00:00,20000.00,25800.00,,0.00,25800.00,NGN,0,Open,2023-07-22 00:00:00,Performing
ESTHER ANDITUNG,"=""22300688621""",10 LAWAL STREET OREPTAL BUS STOP ISHERI OLOFIN,,"=""22103279""","=""40085136""","=""10631713""",Personal fixed term loan,2023-06-18 00:00:00,20000.00,25400.00,,0.00,25400.00,NGN,0,Open,2023-07-18 00:00:00,Performing
CHINONSO AFOGU,,oriuzor,,"=""22104315""","=""44154834""","=""10655162""",Personal fixed term loan,2023-06-20 00:00:00,20000.00,25800.00,,0.00,25800.00,NGN,0,Open,2023-07-20 00:00:00,Performing
ABIBAT AKINYEMI,,14 ADELAJA STREET IJEBU ODE,,"=""22105502""","=""40899318""","=""10507891""",Personal fixed term loan,2023-06-05 00:00:00,30000.00,38400.00,,0.00,38400.00,NGN,0,Open,2023-07-05 00:00:00,Performing
KAYODE AYANYEMI,"=""22285456327""",56 ADEWALE AVENUE IFAKO IJAIYE,,"=""22105637""","=""43656534""","=""10661092""",Personal fixed term loan,2023-06-21 00:00:00,7500.00,9675.00,,0.00,9675.00,NGN,0,Open,2023-07-21 00:00:00,Performing
OLABISI OKENIYI,"=""22173588022""",65 PROPHET TOLA STR ABARANGE OKE RU,,"=""22105852""","=""11557215""","=""10663590""",Personal fixed term loan,2023-06-21 00:00:00,15000.00,18750.00,,0.00,18750.00,NGN,0,Open,2023-07-21 00:00:00,Performing
ECHECHI OPURUM,"=""22615910525""",IGWURUTA OMUNWEI OMACHI PHC,,"=""22107259""","=""28873383""","=""10641307""",Personal fixed term loan,2023-06-19 00:00:00,5000.00,6450.00,,0.00,6450.00,NGN,0,Open,2023-07-19 00:00:00,Performing
HAMED FASANMI,"=""22557432321""",ADESAN ROAD MOWE BUS STOP MOWE OGUN STATE,,"=""22108059""","=""43970706""","=""10583395""",Personal fixed term loan,2023-06-13 00:00:00,7500.00,6060.00,,6060.00,8625.00,NGN,6,Open,2023-06-28 00:00:00,Watchlist
OYELADUN AMINU,"=""22161600831""",23 KELEBE STREET OFF IRAGBIJI ROAD OSOGBO,,"=""22109931""","=""20051767""","=""10717834""",Personal fixed term loan,2023-06-27 00:00:00,7500.00,8850.00,,0.00,8850.00,NGN,0,Open,2023-07-12 00:00:00,Performing
FAHAD BABANGIDA,,MADALLA NEW SITE OPPOSITE ZION SCHOOL,,"=""22110432""","=""44134357""","=""10646929""",Personal fixed term loan,2023-06-20 00:00:00,20000.00,25800.00,,0.00,25800.00,NGN,0,Open,2023-07-20 00:00:00,Performing
OLOLADE OLASHILE,"=""22269162721""",15 OYEBAJO STREET FADEYI YABA,,"=""22112304""","=""43837705""","=""10532371""",Personal fixed term loan,2023-06-08 00:00:00,7500.00,9675.00,,0.00,9675.00,NGN,0,Open,2023-07-08 00:00:00,Performing
FLORENCE DADA,"=""22272423455""",FELELE PHASE II LOKOJA,,"=""22112440""","=""43918996""","=""10564581""",Personal fixed term loan,2023-06-11 00:00:00,5000.00,6400.00,,0.00,6400.00,NGN,0,Open,2023-07-11 00:00:00,Performing
HAUWA IBRAHIM,,MOPOL 20 BARRACK,"=""07068427779""","=""22125408""","=""35727626""","=""10665567""",Personal fixed term loan,2023-06-21 00:00:00,7500.00,9675.00,,0.00,9675.00,NGN,0,Open,2023-07-21 00:00:00,Performing
IKENNA NWAIWU,"=""22543082130""",NO 1517U URUNEBO STREET HOUSING FACE2,,"=""22125607""","=""43295237""","=""10504884""",Personal fixed term loan,2023-06-05 00:00:00,7500.00,9525.00,,0.00,9525.00,NGN,0,Open,2023-07-05 00:00:00,Performing
OGECHI NWANERI,"=""22649239346""",OKECHUKWU NWANERI COMPDNEKEDEImo State,,"=""22129937""","=""43948459""","=""10574836""",Personal fixed term loan,2023-06-12 00:00:00,20000.00,25800.00,,0.00,25800.00,NGN,0,Open,2023-07-12 00:00:00,Performing
JOKE AYENI,"=""22448642361""",1 SEBIOTIMO CLOSE OFF LIASU STREET AGBADO CROSSING,,"=""22100790""","=""559640""","=""10322802""",Personal fixed term loan,2023-05-18 00:00:00,5000.00,0.00,,0.00,6000.00,NGN,0,Closed,2023-06-02 00:00:00,Performing
EMMANUEL PATRICK,,Lekki  Epe Expy EtiOsa 106104 Lekki Lagos Nigeria,,"=""22102111""","=""44154906""","=""10655085""",Personal fixed term loan,2023-06-20 00:00:00,5000.00,5900.00,,0.00,5900.00,NGN,0,Open,2023-07-05 00:00:00,Performing
MOTUNRAYO OGUNGBEMI,"=""22667213597""",OGO OLUWA AREA IBADAN,,"=""22103148""","=""44133525""","=""10650033""",Personal fixed term loan,2023-06-20 00:00:00,7500.00,9675.00,,0.00,9675.00,NGN,0,Open,2023-07-20 00:00:00,Performing
TONYE DORGU,,DORGUS COMPOUND NONWA TAI RIVER S STATE,,"=""22103348""","=""44366106""","=""10740930""",Personal fixed term loan,2023-06-29 00:00:00,7500.00,9675.00,,0.00,9675.00,NGN,0,Open,2023-07-29 00:00:00,Performing
oluwase akinremi,"=""22371283905""",b4 okeojaosu,,"=""22103748""","=""7374339""","=""10703032""",Personal fixed term loan,2023-06-25 00:00:00,2500.00,0.00,,0.00,3000.00,NGN,0,Closed,2023-07-10 00:00:00,Performing
oluwase akinremi,"=""22371283905""",b4 okeojaosu,,"=""22103748""","=""7374339""","=""10725971""",Personal fixed term loan,2023-06-28 00:00:00,2500.00,0.00,,0.00,3037.50,NGN,0,Closed,2023-07-13 00:00:00,Performing
EUNICE SUKUBO,,2 IMEWOR CLOSE UNITY ESTATE  RUMUIGBO OBI WALI PH,,"=""22104083""","=""40946625""","=""10716704""",Personal fixed term loan,2023-06-27 00:00:00,30000.00,38400.00,,0.00,38400.00,NGN,0,Open,2023-07-27 00:00:00,Performing
CHIJIOKE IHEONU,,NO6 PARAFA STREET IKORODU,,"=""22104097""","=""43269018""","=""10626794""",Personal fixed term loan,2023-06-17 00:00:00,7500.00,9675.00,,0.00,9675.00,NGN,0,Open,2023-07-17 00:00:00,Performing
SULEIMAN AHMAD,"=""22722629882""",OLD MAIDUGURI ALONG FARIA ROAD JERE BORNO SATE,,"=""22105083""","=""44301495""","=""10710821""",Personal fixed term loan,2023-06-26 00:00:00,7500.00,0.00,,0.00,8850.00,NGN,0,Closed,2023-07-11 00:00:00,Performing
FUNMILOLA ILUPEJU,"=""22337516025""",EESA TITUN IDO OSUN,,"=""22107441""","=""44228184""","=""10683439""",Personal fixed term loan,2023-06-23 00:00:00,20000.00,25400.00,,0.00,25400.00,NGN,0,Open,2023-07-23 00:00:00,Performing
JOY ABIYE,,3 JILALU STREET ONDO,,"=""22108078""","=""37499289""","=""10641270""",Personal fixed term loan,2023-06-19 00:00:00,7500.00,9675.00,,0.00,9675.00,NGN,0,Open,2023-07-19 00:00:00,Performing
REBECCA ADEBAYO,"=""22549942276""",NO6 PHASE 2 YORUBA ROAD ILORIN,,"=""22110199""","=""44289739""","=""10706012""",Personal fixed term loan,2023-06-26 00:00:00,7500.00,9675.00,,0.00,9675.00,NGN,0,Open,2023-07-26 00:00:00,Performing
FIDELIA  UMUKORO,"=""22152130024""",NO 4 KOLA OLADIPO STREET ANTHONY UZUM ESTATE AKUTE,,"=""22111050""","=""4221154""","=""10554347""",Personal fixed term loan,2023-06-10 00:00:00,7500.00,9675.00,,0.00,9675.00,NGN,0,Open,2023-07-10 00:00:00,Performing
SAMSON JONAH,"=""22456568503""",ASHETABAZAR WAY SABON BWARI,,"=""22111385""","=""44248426""","=""10691247""",Personal fixed term loan,2023-06-24 00:00:00,7500.00,8850.00,,0.00,8850.00,NGN,0,Open,2023-07-09 00:00:00,Performing
OLUWAGBEMILEKE VERISSIMO,,BLK 481FLT 3FOURTH AVEGREEN LND ESTSCHOOL BSIYANA IPAJA,,"=""22113157""","=""806089""","=""10589998""",Personal fixed term loan,2023-06-14 00:00:00,5000.00,0.00,,0.00,6000.00,NGN,0,Closed,2023-06-29 00:00:00,Performing
BLESSING AKHAWINI,"=""22261539169""",SHARP CORNER MARARABA,,"=""22125626""","=""43694984""","=""10497248""",Personal fixed term loan,2023-06-04 00:00:00,30000.00,38400.00,,0.00,38400.00,NGN,0,Open,2023-07-04 00:00:00,Performing
LUCKY CHILAKA,"=""22545229779""",NO1 INDUSTRY ROAD PORT HARCOURT,,"=""22125640""","=""44087747""","=""10629113""",Personal fixed term loan,2023-06-18 00:00:00,7500.00,9675.00,,0.00,9675.00,NGN,0,Open,2023-07-18 00:00:00,Performing
CHUKWUEBUKA OGUZIE,"=""22388758016""",Emma Ohia street off Christiana junction Egbu,"=""08068021952""","=""22097711""","=""44188501""","=""10667617""",Personal fixed term loan,2023-06-22 00:00:00,20000.00,25800.00,,0.00,25800.00,NGN,0,Open,2023-07-22 00:00:00,Performing
OLUWAFEMI OLAJIDE,"=""22554504674""",Ojodu Lagos Nigeria,,"=""22098413""","=""43745435""","=""10497906""",Personal fixed term loan,2023-06-04 00:00:00,7500.00,5069.00,,5069.00,8850.00,NGN,8,Open,2023-06-26 00:00:00,Watchlist
AKEEM ADEBAYO,"=""22347144234""",OROKI ISALE OYO KY ERUKU,,"=""22099013""","=""43596398""","=""10606724""",Personal fixed term loan,2023-06-15 00:00:00,20000.00,25400.00,,0.00,25400.00,NGN,0,Open,2023-07-15 00:00:00,Performing
OLUWAWEMIMO OLUWOLE,,P 5 OKE ODI STREET USI EKITI,,"=""22102664""","=""43828434""","=""10528942""",Personal fixed term loan,2023-06-07 00:00:00,7500.00,0.00,,0.00,9675.00,NGN,0,Closed,2023-07-07 00:00:00,Performing
fidelia okuta,"=""22272507421""",13 IBIAM STREET UWANI NIGERIAENUGU,"=""08063305745""","=""22105297""","=""40715340""","=""10618026""",Personal fixed term loan,2023-06-17 00:00:00,7500.00,8295.00,,0.00,9525.00,NGN,0,Open,2023-07-17 00:00:00,Performing
PETER ALIFA,"=""22450701580""",H12IPERIDO CLOSEPOLICE STATIONDUTSE LGA,,"=""22107046""","=""43700181""","=""10667650""",Personal fixed term loan,2023-06-22 00:00:00,7500.00,9563.00,,0.00,9562.50,NGN,0,Open,2023-07-22 00:00:00,Performing
SYLVESTER OWOH,"=""22199627653""",12 AWOLOWO STREET UWANI ENUGU,,"=""22108943""","=""6686896""","=""13167156""",Personal fixed term loan,2024-03-07 00:00:00,25000.00,0.00,,0.00,59315.00,NGN,,Closed,2024-03-22 00:00:00,Performing
PRECIOUS ETACHERURE,"=""22296377949""",96 COMMUNITY ROAD,,"=""22109850""","=""43596682""","=""10579285""",Personal fixed term loan,2023-06-13 00:00:00,30000.00,38400.00,,0.00,38400.00,NGN,0,Open,2023-07-13 00:00:00,Performing
blessing ali,"=""22383300201""",area 10garki abujafire service qtrsabuja,,"=""22110445""","=""44276533""","=""10701627""",Personal fixed term loan,2023-06-25 00:00:00,7500.00,9675.00,,0.00,9675.00,NGN,0,Open,2023-07-25 00:00:00,Performing
EMMANUEL OYAREKHUA,"=""22604453107""",11 OKOTOR IYOGBE QTRS,,"=""22112190""","=""44104654""","=""10635375""",Personal fixed term loan,2023-06-19 00:00:00,7500.00,9675.00,,0.00,9675.00,NGN,0,Open,2023-07-19 00:00:00,Performing
KATER SAMU,"=""22513331657""",TSE CHIA MBAKURA MBAGEN BURUKU,,"=""22125119""","=""41700029""","=""10480923""",Personal fixed term loan,2023-06-02 00:00:00,7500.00,9675.00,,9675.00,9675.00,NGN,2,Open,2023-07-02 00:00:00,Watchlist
ISMAILA BALA,,BACK OF CRUSH ROCK MPAPE ABUJA,,"=""22126366""","=""38477885""","=""10688637""",Personal fixed term loan,2023-06-24 00:00:00,70000.00,99890.00,,0.00,49945.00,NGN,0,Open,2023-08-23 00:00:00,Performing
ESTHER MAMODU,"=""22183018362""",NO 1 BAKWUYE OCHEL STR AGBOR DELTA STATE,,"=""22127668""","=""5185640""","=""10355643""",Personal fixed term loan,2023-05-22 00:00:00,5000.00,0.00,,0.00,6000.00,NGN,0,Closed,2023-06-06 00:00:00,Performing
ESTHER MAMODU,"=""22183018362""",NO 1 BAKWUYE OCHEL STR AGBOR DELTA STATE,,"=""22127668""","=""5185640""","=""10568174""",Personal fixed term loan,2023-06-12 00:00:00,20000.00,0.00,,0.00,25500.00,NGN,0,Closed,2023-07-12 00:00:00,Performing
SANDRA BUTU,"=""22494386590""",MOSES BUTU HOUSE BEHIND NEW ERA NUR PRI SCH ROADBLOCK JALI,,"=""22129965""","=""44077417""","=""10626661""",Personal fixed term loan,2023-06-17 00:00:00,27500.00,35200.00,,0.00,35200.00,NGN,0,Open,2023-07-17 00:00:00,Performing
SOLOMON IYAMAH,,N6299ALAWODE STROKE ITUNUMOKOLA,,"=""22131812""","=""6020693""","=""10503201""",Personal fixed term loan,2023-06-05 00:00:00,7500.00,0.00,,0.00,9675.00,NGN,,Closed,2023-07-05 00:00:00,Performing
IREDIA OSADIAYE,"=""22577254732""",318 OFF SILOKO ROAD BENIN CITY EDO STATE,,"=""22132416""","=""41210245""","=""10478380""",Personal fixed term loan,2023-06-02 00:00:00,7500.00,487.00,,0.00,9525.00,NGN,0,Open,2023-07-23 00:00:00,Performing
FOWOSEKEMI AJOKE AROWOLO,"=""22276840968""",BACK 89 ODUDUWA COLLEGE ROADILE IFE ILE IFE,,"=""22011008""","=""6530986""","=""2171844478""",Personal fixed term loan,2022-04-29 00:00:00,350000.00,0.00,,0.00,92167.00,NGN,0,Closed,2022-10-26 00:00:00,Performing
FOWOSEKEMI AJOKE AROWOLO,"=""22276840968""",BACK 89 ODUDUWA COLLEGE ROADILE IFE ILE IFE,,"=""22011008""","=""6530986""","=""6317607""",Personal fixed term loan,2022-03-30 00:00:00,10000.00,0.00,,0.00,12370.00,NGN,0,Closed,2022-04-29 00:00:00,Performing
FOWOSEKEMI AJOKE AROWOLO,"=""22276840968""",BACK 89 ODUDUWA COLLEGE ROADILE IFE ILE IFE,,"=""22011008""","=""6530986""","=""6607800""",Personal fixed term loan,2022-04-29 00:00:00,350000.00,0.00,,0.00,92167.00,NGN,0,Closed,2022-10-26 00:00:00,Performing
DOOSE UERTAR,"=""22418238299""",NO 10 VICTOR KPOJIME STREET NEW GRA OFF FEDERAL ROAD SAFET,,"=""22097451""","=""44220216""","=""10682466""",Personal fixed term loan,2023-06-23 00:00:00,5000.00,6000.00,,0.00,6000.00,NGN,0,Open,2023-07-08 00:00:00,Performing
YUNUS ABDULLAHI,"=""22609429400""",GONI KACHALLALARI,,"=""22097762""","=""44356897""","=""10737392""",Personal fixed term loan,2023-06-29 00:00:00,20000.00,25800.00,,0.00,25800.00,NGN,0,Open,2023-07-29 00:00:00,Performing
REMI ORAYODE,"=""22457031891""",80 IFENAGBOR STRTAIWO BS OJODU,,"=""22102306""","=""44139276""","=""10678354""",Personal fixed term loan,2023-06-23 00:00:00,7500.00,8850.00,,0.00,8850.00,NGN,0,Open,2023-07-08 00:00:00,Performing
OLATUNDE ADENIYI,"=""22393228311""",NO 90 OLUWABUKUNMI STREET AGILITI MILE12,,"=""22104739""","=""43986303""","=""10699405""",Personal fixed term loan,2023-06-25 00:00:00,20000.00,23600.00,,0.00,23600.00,NGN,0,Open,2023-07-10 00:00:00,Performing
JOHN OMOTUNDE,"=""22567177087""",9 OLOMOWEWE STREET OFF OLATEJO YABA,,"=""22105264""","=""43828476""","=""10529008""",Personal fixed term loan,2023-06-07 00:00:00,5000.00,929.00,,929.00,5900.00,NGN,12,Open,2023-06-22 00:00:00,Watchlist
JOY ONYEKPE,"=""22209687855""",NO 280 OLD SAPELE AGBOR ROAD OBIARUKU,,"=""22105557""","=""43847484""","=""10539665""",Personal fixed term loan,2023-06-08 00:00:00,20000.00,23600.00,,0.00,23600.00,NGN,0,Open,2023-07-14 00:00:00,Performing
MAKUACHUKWU NWANKWO,"=""22195636143""",NWANKWOS COMPOUND IN AKPANA VILLAGE AWBA OFEMILI,"=""07018798593""","=""22106050""","=""44062878""","=""10619385""",Personal fixed term loan,2023-06-17 00:00:00,7500.00,9675.00,,0.00,9675.00,NGN,0,Open,2023-07-17 00:00:00,Performing
CHIBUOYIM IZUNOBI,"=""22358180485""",NO 1B NWOGO STREET GRACELAND ESTATE IRETE OWERRI IMO STATE,,"=""22106343""","=""44088876""","=""10701061""",Personal fixed term loan,2023-06-25 00:00:00,10000.00,11800.00,,0.00,11800.00,NGN,0,Open,2023-07-10 00:00:00,Performing
OLUEBUBE ANYIAM,"=""22374924010""",ROOM 24 DAVIDS LODGE FUTO ROAD EZIOBODO,,"=""22106943""","=""35984613""","=""10719323""",Personal fixed term loan,2023-06-27 00:00:00,20000.00,23000.00,,0.00,23000.00,NGN,0,Open,2023-07-12 00:00:00,Performing
YOHANNA ZACHARIA,,PANTISAWA YORRO LGA,,"=""22107143""","=""14490771""","=""10588254""",Personal fixed term loan,2023-06-14 00:00:00,20000.00,0.00,,0.00,25400.00,NGN,0,Closed,2023-07-14 00:00:00,Performing
JILIANO KOFFI,"=""22623707665""",Nigeria,,"=""22110594""","=""44287477""","=""10704871""",Personal fixed term loan,2023-06-26 00:00:00,7500.00,0.00,,0.00,9675.00,NGN,0,Closed,2023-07-26 00:00:00,Performing
AMAECHI OGUJAWA,"=""22233014690""",NNCHONU UMUNUKOR UKPOR,,"=""22111948""","=""43702729""","=""10483444""",Personal fixed term loan,2023-06-03 00:00:00,30000.00,19550.00,,19550.00,37500.00,NGN,1,Open,2023-07-03 00:00:00,Watchlist
COSMAS UZEZI,"=""22147282208""",5 IYEODE STR OFAGBE TOWN,,"=""22112645""","=""44275672""","=""10708031""",Personal fixed term loan,2023-06-26 00:00:00,7500.00,8850.00,,0.00,8850.00,NGN,0,Open,2023-07-11 00:00:00,Performing
AMINA KUMBO,"=""22295800644""",NO 6 ONILE STREET AJAH  LAGOS,,"=""22113134""","=""8053462""","=""10656383""",Personal fixed term loan,2023-06-21 00:00:00,5000.00,0.00,,0.00,6000.00,NGN,0,Closed,2023-07-06 00:00:00,Performing
ADEDOLAMU RIDWAN,,NO 1 BAGBOSE CLOSE IJEUNTITUN,,"=""21998598""","=""43280501""","=""10675380""",Personal fixed term loan,2023-06-22 00:00:00,5000.00,5985.00,,0.00,5985.00,NGN,0,Open,2023-07-07 00:00:00,Performing
MODUPE ADEJORIN,,52 OLORUN FEMI STREET AFAO EKITI,"=""08149082585""","=""22098899""","=""43178528""","=""10698421""",Personal fixed term loan,2023-06-25 00:00:00,50000.00,63750.00,,0.00,63750.00,NGN,0,Open,2023-07-25 00:00:00,Performing
CHIOMA UDE,"=""22545020404""",FLAT 3 BESIDE MASK STUDENT VILLA KUJE ROAD,,"=""22102750""","=""41638707""","=""10727531""",Personal fixed term loan,2023-06-28 00:00:00,7500.00,9675.00,,0.00,9675.00,NGN,0,Open,2023-07-28 00:00:00,Performing
QUADRI ALATISHE,,22 SHOLAGBERU AGBAJI ILORIN,,"=""22103016""","=""6461715""","=""10637739""",Personal fixed term loan,2023-06-19 00:00:00,7500.00,9675.00,,0.00,9675.00,NGN,0,Open,2023-07-19 00:00:00,Performing
FUNMISE bakinde,"=""22238907397""",3 OGO OLUWA STREET,,"=""22103150""","=""44160396""","=""10662439""",Personal fixed term loan,2023-06-21 00:00:00,30000.00,38400.00,,0.00,38400.00,NGN,0,Open,2023-07-21 00:00:00,Performing
BUKOLA LATEEF,"=""22642647173""",78 EDAGBESA DALEKO,,"=""22105458""","=""43051575""","=""10630479""",Personal fixed term loan,2023-06-18 00:00:00,7500.00,8625.00,,8625.00,8625.00,NGN,1,Open,2023-07-03 00:00:00,Watchlist
ELLEN EDOGHOR,,9 idisi street off akponana street iwrekpokpo,,"=""22107830""","=""676008""","=""10714544""",Personal fixed term loan,2023-06-26 00:00:00,7500.00,0.00,,0.00,8850.00,NGN,0,Closed,2023-07-11 00:00:00,Performing
SALIMOT AMUSA,"=""22630307395""",22 OLORUNTEDO AREA SOLANKE STREET,,"=""22108332""","=""36764647""","=""10492167""",Personal fixed term loan,2023-06-04 00:00:00,7500.00,0.00,,0.00,9525.00,NGN,0,Closed,2023-07-04 00:00:00,Performing
SULIAT OGUNDIPE,"=""22533971479""",Nigeria,,"=""22109132""","=""44117983""","=""10641100""",Personal fixed term loan,2023-06-19 00:00:00,20000.00,25400.00,,0.00,25400.00,NGN,0,Open,2023-07-19 00:00:00,Performing
BUKOLA OLUWAFEMI,"=""22254231720""",23 ROAD G CLOSE HOUSE 20 FESTAC TOWN,,"=""22109359""","=""36089503""","=""10543420""",Personal fixed term loan,2023-06-09 00:00:00,10000.00,12800.00,,0.00,12800.00,NGN,0,Open,2023-07-09 00:00:00,Performing
INIUBONG BASSEY,"=""22514421500""",IFA IKOT OBONG,,"=""22109825""","=""25686376""","=""10717166""",Personal fixed term loan,2023-06-27 00:00:00,7500.00,9675.00,,0.00,9675.00,NGN,0,Open,2023-07-27 00:00:00,Performing
ISHOLA TAJUDEEN,"=""22384575422""",TAJUDEEN GIWAS HOUSE ILE AGBO IDI OKE AREA IWO,,"=""22109895""","=""44001736""","=""10595736""",Personal fixed term loan,2023-06-14 00:00:00,7500.00,9675.00,,0.00,9675.00,NGN,0,Open,2023-07-14 00:00:00,Performing
Mavis Omokhuana,"=""22463184141""",30 Oghabaghase Off textile mill road benin,,"=""22110238""","=""42071368""","=""10695209""",Personal fixed term loan,2023-06-24 00:00:00,7500.00,8625.00,,0.00,8625.00,NGN,0,Open,2023-07-09 00:00:00,Performing
PATIENCE ALELE,"=""22260506182""",Delta State,,"=""22112374""","=""44367292""","=""10737793""",Personal fixed term loan,2023-06-29 00:00:00,7500.00,9675.00,,0.00,9675.00,NGN,0,Open,2023-07-29 00:00:00,Performing
IFEANYI FIDELIS,,NO 16 UZOJUKWU ST AWADA ONITSHA,,"=""22113639""","=""42881671""","=""10555133""",Personal fixed term loan,2023-06-10 00:00:00,7500.00,9675.00,,0.00,9675.00,NGN,0,Open,2023-07-10 00:00:00,Performing
GANIYAT SANNI,"=""22348725135""",13A TOS BENSON ROAD OJOGBE BSTOP IKORODU Ikorodu Lagos Sta,,"=""22125378""","=""17926031""","=""10723988""",Personal fixed term loan,2023-06-27 00:00:00,50000.00,62500.00,,0.00,62500.00,NGN,0,Open,2023-07-27 00:00:00,Performing
CHIGOZIE LAZARUS,"=""22211926713""",80 AKOKWA STR MILE 2 DIOBU,,"=""22126014""","=""39259307""","=""10642730""",Personal fixed term loan,2023-06-19 00:00:00,7500.00,0.00,,0.00,8850.00,NGN,0,Closed,2023-07-04 00:00:00,Performing
Gift Komolafe Gbemisola,,45 Alhaji Aika Olorun Naani St 230284 Osogbo Osun Nigeria,,"=""21984711""","=""2349307""","=""63335616""",Personal fixed term loan,2020-01-21 00:00:00,2500.00,0.00,,0.00,2870.00,NGN,0,Closed,2020-02-05 00:00:00,Performing
Adedeji Sikemi Kabira,"=""22180204531""",44 oduduwa street olorunsogo mushin lagos,,"=""22015970""","=""1484071""","=""2127695604""",Personal fixed term loan,2019-10-19 00:00:00,15000.00,0.00,,0.00,18300.00,NGN,0,Open,2019-11-18 00:00:00,Performing
Sogbetun Wasiu Oluwatofarati,"=""22194847496""",ILUPEJU COMM ALABATA ROAD CAMP ABK,"=""07083670177""","=""22081568""","=""44400357""","=""10750885""",Personal fixed term loan,2023-06-30 00:00:00,7500.00,9675.00,,0.00,9675.00,NGN,0,Open,2023-07-30 00:00:00,Performing
ADEBOLA ADEGOKE,"=""22180865561""",olonde street ologueru Ibadan Oyo state,,"=""22099373""","=""44215604""","=""10678078""",Personal fixed term loan,2023-06-23 00:00:00,30000.00,38400.00,,0.00,38400.00,NGN,0,Open,2023-07-23 00:00:00,Performing
JOY SULE,"=""22350499930""",SULE EDWIN OPP MOSQUE AGATU,,"=""22102542""","=""43656561""","=""10462348""",Personal fixed term loan,2023-06-01 00:00:00,20000.00,25400.00,,25400.00,25400.00,NGN,3,Open,2023-07-01 00:00:00,Watchlist
DORCAS ADEWUMI,"=""22378497327""",NO 72ILE OWA COMPOUND IKUN EKITI,,"=""22103049""","=""40983954""","=""10638158""",Personal fixed term loan,2023-06-19 00:00:00,30000.00,38400.00,,0.00,38400.00,NGN,0,Open,2023-07-19 00:00:00,Performing
MAYOWA DANIEL,"=""22620328496""",NO18 PAPA ARO STREET ADO OTA,,"=""22103410""","=""44175156""","=""10662528""",Personal fixed term loan,2023-06-21 00:00:00,7500.00,8850.00,,0.00,8850.00,NGN,0,Open,2023-07-06 00:00:00,Performing
DEBORAH OYEWOLE,"=""22572072423""",Omoles Compound AgoIgi Isubu Igboho Oyo State,,"=""22104639""","=""43876521""","=""10548029""",Personal fixed term loan,2023-06-09 00:00:00,7500.00,9675.00,,0.00,9675.00,NGN,0,Open,2023-07-09 00:00:00,Performing
EMEKA COLLINS,"=""22332481391""",SABARU N STREET DAKATA KAWAJI QTRS,,"=""22104764""","=""44131710""","=""10645582""",Personal fixed term loan,2023-06-20 00:00:00,7500.00,0.00,,0.00,8850.00,NGN,0,Closed,2023-07-05 00:00:00,Performing
LUCKY NWABUZOR,"=""22209708749""",34 IWEKA STREET BOJIBOJI AGBOR,,"=""22107018""","=""41563200""","=""10687547""",Personal fixed term loan,2023-06-24 00:00:00,7500.00,9675.00,,0.00,9675.00,NGN,0,Open,2023-07-24 00:00:00,Performing
OGHENEVWEDE ADJIJA,"=""22483058624""",NO 2A AGBOJE STREET,,"=""22107379""","=""43545888""","=""10585156""",Personal fixed term loan,2023-06-13 00:00:00,20000.00,25800.00,,0.00,25800.00,NGN,0,Open,2023-07-13 00:00:00,Performing
JOY OFFIONG,"=""22216825105""",4041 DOYIN OMOLOLU KETU,,"=""22107661""","=""43296162""","=""10619603""",Personal fixed term loan,2023-06-17 00:00:00,7500.00,8625.00,,0.00,8625.00,NGN,0,Open,2023-07-17 00:00:00,Performing
ELIZABETH ANDOTAN,"=""22151792070""",5ASHIBEJOYE STREET OLODI APAPA LAGOS,,"=""22107797""","=""44281689""","=""10703487""",Personal fixed term loan,2023-06-25 00:00:00,30000.00,35400.00,,0.00,35400.00,NGN,0,Open,2023-07-10 00:00:00,Performing
AGNES EFFIONG,"=""22674690240""",4 ESSIEN UKPONG STREET UYO AKS,,"=""22108383""","=""43758133""","=""10503089""",Personal fixed term loan,2023-06-05 00:00:00,7500.00,0.00,,0.00,9525.00,NGN,0,Closed,2023-07-05 00:00:00,Performing
OLUWANIFEMI BADA,"=""22712577270""",20 FIYIFOLU ESTATE OFF ILAWE RD,,"=""22109251""","=""44077549""","=""10626138""",Personal fixed term loan,2023-06-17 00:00:00,7500.00,1300.00,,1300.00,8850.00,NGN,2,Open,2023-07-02 00:00:00,Watchlist
JOY OLADEMIJI,"=""22581338475""",21 WINNERS STREET OSUBI,,"=""22112341""","=""44049514""","=""10614234""",Personal fixed term loan,2023-06-16 00:00:00,7500.00,9525.00,,0.00,9525.00,NGN,0,Open,2023-07-16 00:00:00,Performing
ADIJAT FALANA,"=""22718822468""",148 ONIKOKO ROAD ABEOKUTA,,"=""22125670""","=""40434401""","=""10491064""",Personal fixed term loan,2023-06-04 00:00:00,10000.00,12900.00,,0.00,12900.00,NGN,0,Open,2023-07-04 00:00:00,Performing
OLAWUMI OLADIPUPO,"=""22359196401""",B97 OKESHA STREET MARKET AREA ILESA,,"=""22097386""","=""44107443""","=""10651181""",Personal fixed term loan,2023-06-20 00:00:00,7500.00,0.00,,0.00,8850.00,NGN,0,Closed,2023-07-05 00:00:00,Performing
NEMI ADOKI,"=""22375717062""",ADOKIS COMPOUND OKRIKA,,"=""22100926""","=""6062021""","=""10587765""",Personal fixed term loan,2023-06-14 00:00:00,5000.00,0.00,,0.00,6000.00,NGN,0,Closed,2023-07-21 00:00:00,Performing
samuel agbor,"=""22419171230""",mr Agbors compound at Owambe odor village of boki,,"=""22103729""","=""44357595""","=""10732746""",Personal fixed term loan,2023-06-28 00:00:00,15000.00,17700.00,,0.00,17700.00,NGN,0,Open,2023-07-13 00:00:00,Performing
ALENGBI JOSEPH,"=""22605660115""",NO 35 LADI KWALI LAYOUT ABUJA,,"=""22106469""","=""5253537""","=""10691144""",Personal fixed term loan,2023-06-24 00:00:00,5000.00,0.00,,0.00,6000.00,NGN,,Closed,2023-07-09 00:00:00,Performing
IBRAHIM KAZEEM,"=""22227311673""",Isolo Lagos Nigeria,,"=""22107112""","=""44206998""","=""10678591""",Personal fixed term loan,2023-06-23 00:00:00,20000.00,25800.00,,0.00,25800.00,NGN,0,Open,2023-07-23 00:00:00,Performing
SAMUEL PETER,"=""22583010621""",13 OBARA VILLAGE BODO CITY,,"=""22107337""","=""44098023""","=""10636069""",Personal fixed term loan,2023-06-19 00:00:00,5000.00,6350.00,,0.00,6350.00,NGN,0,Open,2023-07-19 00:00:00,Performing
BLESSING IBORO,"=""22610517422""",Plot196,,"=""22107410""","=""44015823""","=""10602632""",Personal fixed term loan,2023-06-15 00:00:00,7500.00,9675.00,,0.00,9675.00,NGN,0,Open,2023-07-15 00:00:00,Performing
GOODNESS OLORO,,5TH AVENUEV CLOSEHOUSE 11 FESTAC TOWN  AmuwoOdofin Lagos S,,"=""22109350""","=""19477285""","=""10738731""",Personal fixed term loan,2023-06-29 00:00:00,20000.00,0.00,,0.00,25800.00,NGN,0,Closed,2023-07-29 00:00:00,Performing
sarah bassey,"=""22433613336""",12 kosemani street mosan ipaja,"=""2349039726964""","=""22110213""","=""6447919""","=""10745272""",Personal fixed term loan,2023-06-30 00:00:00,7500.00,8625.00,,0.00,8625.00,NGN,0,Open,2023-07-15 00:00:00,Performing
DAMILOLA LASISI,,4 IBIDUNNI STR OWO,,"=""22110720""","=""44222605""","=""10681206""",Personal fixed term loan,2023-06-23 00:00:00,10000.00,0.00,,0.00,12900.00,NGN,0,Closed,2023-07-23 00:00:00,Performing
QUEEN ESTHER OGBONNA,"=""22207707018""",231 ABA OWERRI RD ABA ABIA Alimosho Lagos State,,"=""22126355""","=""5974205""","=""10684189""",Personal fixed term loan,2023-06-23 00:00:00,10000.00,11800.00,,0.00,11800.00,NGN,0,Open,2023-07-08 00:00:00,Performing
AYOMIDE KEHINDE,"=""22484733115""",NO 10 OLOTO LINE TOTALBUSSTOP AGEGE LAGOS,,"=""22128661""","=""41216144""","=""10705303""",Personal fixed term loan,2023-06-26 00:00:00,7500.00,8850.00,,0.00,8850.00,NGN,0,Open,2023-07-11 00:00:00,Performing
DEBORAH FEMIDE,,SIMAWA ROAD LIKOSI,,"=""22131312""","=""43481669""","=""10637829""",Personal fixed term loan,2023-06-19 00:00:00,10000.00,12650.00,,0.00,12650.00,NGN,0,Open,2023-07-19 00:00:00,Performing
CHRISTIANA ADEWOLE,"=""22337648120""",Nigeria,,"=""22131469""","=""44020136""","=""10602687""",Personal fixed term loan,2023-06-15 00:00:00,7500.00,9675.00,,0.00,9675.00,NGN,0,Open,2023-07-15 00:00:00,Performing
SEGUN BABATUNDE ATANDA,,Ogbegun Area 212102 Ogbomosho Nigeria,,"=""22131746""","=""43920980""","=""10565317""",Personal fixed term loan,2023-06-11 00:00:00,7500.00,9675.00,,0.00,9675.00,NGN,0,Open,2023-07-11 00:00:00,Performing
IBRAHIM YAKUBU,"=""22705714561""",TOTO LGA TOTO NASARAWA,,"=""22131971""","=""43697405""","=""10558693""",Personal fixed term loan,2023-06-10 00:00:00,7500.00,9675.00,,0.00,9675.00,NGN,0,Open,2023-07-10 00:00:00,Performing
SAVIOUR BASSEY,"=""22644240840""",AKOUN LASUNGBO STREET ADAMO IKORODU,,"=""22132750""","=""43925599""","=""10566736""",Personal fixed term loan,2023-06-11 00:00:00,7500.00,5909.00,,5909.00,8850.00,NGN,8,Open,2023-06-26 00:00:00,Watchlist
Olajide Olawale,"=""22323465818""",8 Agbajowo street,,"=""21998130""","=""7765547""","=""10277331""",Personal fixed term loan,2023-05-14 00:00:00,7500.00,0.00,,0.00,9000.00,NGN,0,Closed,2023-05-29 00:00:00,Performing
IZUCHUKWU MALIZU,,Osogbo Nigeria,,"=""22098595""","=""16542656""","=""10641015""",Personal fixed term loan,2023-06-19 00:00:00,7500.00,9675.00,,0.00,9675.00,NGN,0,Open,2023-07-19 00:00:00,Performing
PRINCESS INNALU,"=""22651360212""",DENNIS COMPOUND NONWA UEDUME TAI,,"=""22101269""","=""44323721""","=""10723805""",Personal fixed term loan,2023-06-27 00:00:00,7500.00,9275.00,,0.00,9675.00,NGN,0,Open,2023-07-27 00:00:00,Performing
JANET SAMAILA,"=""22349427975""",BLOCK A WINGA LAKEVIEW HOMES PHASE1 KADO ABUJA Municipal A,,"=""22101939""","=""6125019""","=""10705160""",Personal fixed term loan,2023-06-26 00:00:00,5000.00,0.00,,0.00,6125.00,NGN,0,Closed,2023-07-26 00:00:00,Performing
CHIZURUOKE CHIDI,"=""22338813082""",7 Ugbosu shopping complex effurun gra,"=""08036087887""","=""22102046""","=""44072736""","=""10624122""",Personal fixed term loan,2023-06-17 00:00:00,10000.00,12800.00,,0.00,12800.00,NGN,0,Open,2023-07-17 00:00:00,Performing
BOLUWATIFE ADEFOLURIN,"=""22614622955""",BELLO STREET SABO SAGAMU,,"=""22103818""","=""44003250""","=""10596115""",Personal fixed term loan,2023-06-14 00:00:00,7500.00,8925.00,,8925.00,8850.00,NGN,5,Open,2023-06-29 00:00:00,Watchlist
FLORENCE SANGOKUNLE,,28 SSHOGBO STR ITIRE IJESHATEDO LAGOS,,"=""22104013""","=""43808517""","=""10521545""",Personal fixed term loan,2023-06-07 00:00:00,20000.00,20800.00,,0.00,25800.00,NGN,0,Open,2023-07-07 00:00:00,Performing
BRIGHT ISODHE,"=""22587357117""",ZAUDA AFTER ANGLICAN CHURCH,,"=""22104213""","=""41416440""","=""10529489""",Personal fixed term loan,2023-06-07 00:00:00,7500.00,9525.00,,0.00,9525.00,NGN,0,Open,2023-07-07 00:00:00,Performing
NURUDEEN OLUKOYA,,NO 56 ALONG JOS ROAD,,"=""22104790""","=""44228691""","=""10707613""",Personal fixed term loan,2023-06-26 00:00:00,30000.00,35400.00,,0.00,35400.00,NGN,0,Open,2023-07-11 00:00:00,Performing
OLUBUNMI ADILEWA,,ZONE 5 ADEKITAN VILLAGE MOYE AKANRAN IBADAN,,"=""22108255""","=""44144055""","=""10711380""",Personal fixed term loan,2023-06-26 00:00:00,20000.00,25800.00,,0.00,25800.00,NGN,0,Open,2023-07-26 00:00:00,Performing
CHIKA ANI,"=""22448134035""",6 ARAROMI STREET,,"=""22108757""","=""44278696""","=""10702119""",Personal fixed term loan,2023-06-25 00:00:00,20000.00,23600.00,,0.00,23600.00,NGN,0,Open,2023-07-10 00:00:00,Performing
FARUK IBRAHIM,"=""22663003897""",15 ANGWAN OYOYO STREETANGWAN OYOYO JUNCT BSKWALI FCT,,"=""22108864""","=""43909573""","=""10560862""",Personal fixed term loan,2023-06-11 00:00:00,7500.00,9675.00,,0.00,9675.00,NGN,0,Open,2023-07-11 00:00:00,Performing
ayomide oyagbohun,"=""22388966998""",1 ifelajulo olorunsogo ibadan ona ara,"=""2349151378089""","=""22109134""","=""44129971""","=""10644896""",Personal fixed term loan,2023-06-20 00:00:00,7500.00,0.00,,0.00,8850.00,NGN,0,Closed,2023-07-05 00:00:00,Performing
funmi abu,,18 PROGRESSIVE AVENUE MOWE,,"=""22110929""","=""43839166""","=""10533487""",Personal fixed term loan,2023-06-08 00:00:00,30000.00,38400.00,,0.00,38400.00,NGN,0,Open,2023-07-08 00:00:00,Performing
ELIJAH BALOGUN,"=""22267424568""",NO 3AKAKO STREETODO ONA IB,,"=""22111129""","=""43588660""","=""10492648""",Personal fixed term loan,2023-06-04 00:00:00,7500.00,0.00,,0.00,9675.00,NGN,0,Closed,2023-07-04 00:00:00,Performing
IBIFUBARA SUNDAY,"=""22202534947""",Nigeria,"=""7067986701""","=""22111799""","=""39316120""","=""10475780""",Personal fixed term loan,2023-06-02 00:00:00,5000.00,6400.00,,6400.00,6450.00,NGN,2,Open,2023-07-02 00:00:00,Watchlist
PRECIOUS OMOTESE,"=""22549578066""",40 LAWMA ROAD 2 EWUELIWO IKORODU LAGOS STATE,,"=""22131919""","=""44352736""","=""10730873""",Personal fixed term loan,2023-06-28 00:00:00,5000.00,4900.00,,0.00,5900.00,NGN,0,Open,2023-07-13 00:00:00,Performing
MOSES SATURDAY,"=""22484623021""",BAPTIST WATER FRONTPORT HARCOURTRSATE,,"=""22097292""","=""44284299""","=""10704294""",Personal fixed term loan,2023-06-25 00:00:00,7500.00,9675.00,,0.00,9675.00,NGN,0,Open,2023-07-25 00:00:00,Performing
ADEOTI ADEDAPO,"=""22564050178""",04 ERIN COMMUNITY OTA,,"=""22097485""","=""44086281""","=""10697006""",Personal fixed term loan,2023-06-25 00:00:00,7500.00,6350.00,,0.00,8850.00,NGN,0,Open,2023-07-10 00:00:00,Performing
KIENGHOSUOTE DEGI,"=""22200060673""",NO 9 ASINGBI LANE OFF IMGBI RD AMARATAN YENAGOA,,"=""22098128""","=""44087450""","=""10629057""",Personal fixed term loan,2023-06-18 00:00:00,30000.00,38400.00,,0.00,38400.00,NGN,0,Open,2023-07-18 00:00:00,Performing
STEPHEN GODKNOWS,"=""22558919360""",Nigeria,,"=""22102029""","=""43735794""","=""10494576""",Personal fixed term loan,2023-06-04 00:00:00,7500.00,9525.00,,0.00,9525.00,NGN,0,Open,2023-07-11 00:00:00,Performing
OLUWASEUN ISAAC,"=""22515432628""",7 OKE JIMALA STREET OWO,,"=""22102322""","=""44173149""","=""10661761""",Personal fixed term loan,2023-06-21 00:00:00,20000.00,23600.00,,0.00,23600.00,NGN,0,Open,2023-07-06 00:00:00,Performing
OLUWATOSIN DARE,"=""22556293419""",7 EKIMOGUN STREET IYANAIPAJA,,"=""22102908""","=""41950419""","=""10561740""",Personal fixed term loan,2023-06-11 00:00:00,7500.00,9675.00,,0.00,9675.00,NGN,0,Open,2023-07-11 00:00:00,Performing
MORUFAT GANIYU,,12 OGUNFUNMI STREET OFF AKOBI CRESCENT SURULERE,,"=""22103494""","=""38366481""","=""10710171""",Personal fixed term loan,2023-06-26 00:00:00,20000.00,22700.00,,0.00,22700.00,NGN,0,Open,2023-07-11 00:00:00,Performing
EM ALADE,"=""22310865302""",Not Available,,"=""22105480""","=""13976391""","=""10685110""",Personal fixed term loan,2023-06-23 00:00:00,20000.00,25500.00,,0.00,25500.00,NGN,0,Open,2023-07-23 00:00:00,Performing
ADEYEMI FABIYI,"=""22268624550""",PAKUS COMPOUND LALUPON IBADAN,,"=""22107102""","=""44123316""","=""10642660""",Personal fixed term loan,2023-06-19 00:00:00,7500.00,9675.00,,0.00,9675.00,NGN,0,Open,2023-07-19 00:00:00,Performing
CHARITY DANLADI,,Dorowa BUKURU,"=""08164610227""","=""22109224""","=""21556186""","=""10599084""",Personal fixed term loan,2023-06-15 00:00:00,7500.00,7859.00,,7859.00,8625.00,NGN,4,Open,2023-06-30 00:00:00,Watchlist
Monsurat olajide,,119 Lawanson Road Off Pako,,"=""22110453""","=""5806729""","=""10499908""",Personal fixed term loan,2023-06-05 00:00:00,20000.00,25800.00,,0.00,25800.00,NGN,0,Open,2023-07-05 00:00:00,Performing
OSAZEE IGBINOBA,"=""22418785144""",3 NOSAYABA STREET OFF ST SAVIOUR ROAD,,"=""22111332""","=""44137888""","=""10648311""",Personal fixed term loan,2023-06-20 00:00:00,20000.00,0.00,,0.00,23600.00,NGN,0,Closed,2023-07-05 00:00:00,Performing
EDIDIONG EDEM,"=""22272664180""",EKORINIM 2 NIGERIA PORT AUTHORITY QUARTER,,"=""22112075""","=""43972336""","=""10583914""",Personal fixed term loan,2023-06-13 00:00:00,20000.00,25800.00,,0.00,25800.00,NGN,0,Open,2023-07-13 00:00:00,Performing
NMESOMA OKOYE,"=""22555150173""",1213B CHUKUN STREET BY POST OFFICE ROAD SABO TASHA KADUNA,,"=""22113554""","=""43801033""","=""10519703""",Personal fixed term loan,2023-06-07 00:00:00,7500.00,9675.00,,0.00,9675.00,NGN,0,Open,2023-07-07 00:00:00,Performing
OZIOMA EJIOGU,"=""22376498957""",UMUOBOKOCHE OBIOKWU AMAKOHIAUBI OWERRI WEST LGA IMO STATE,,"=""22125236""","=""28559990""","=""10558503""",Personal fixed term loan,2023-06-10 00:00:00,7500.00,9675.00,,0.00,9675.00,NGN,0,Open,2023-07-10 00:00:00,Performing
RACHAEL SHITTA,"=""22602877831""",NPF ABEOKUTA,,"=""22127694""","=""34655060""","=""10692471""",Personal fixed term loan,2023-06-24 00:00:00,5000.00,,,0.00,5900.00,NGN,0,Open,2023-07-24 00:00:00,Performing
CHRISTIAN NTIA,"=""22556175201""",36 Udofa street,,"=""22128980""","=""44015567""","=""10630982""",Personal fixed term loan,2023-06-18 00:00:00,7500.00,8850.00,,8850.00,8850.00,NGN,1,Open,2023-07-03 00:00:00,Watchlist
OLATUNDE SUNDAY,"=""22334024109""",OKHUOYA STREET OVBIOMU,"=""08037583382""","=""22000060""","=""39684722""","=""10659174""",Personal fixed term loan,2023-06-21 00:00:00,7500.00,9675.00,,0.00,9675.00,NGN,0,Open,2023-07-21 00:00:00,Performing
Marvellous Samuel,"=""22249295151""",14 mbieri street aba,,"=""22097260""","=""43697199""","=""10501225""",Personal fixed term loan,2023-06-05 00:00:00,7500.00,0.00,,0.00,9675.00,NGN,0,Closed,2023-07-05 00:00:00,Performing
ABDULSAMAD SARAFDEEN,"=""22681907364""",YIDI OBA TESTING GROUND AREA,,"=""22097846""","=""43746718""","=""10498267""",Personal fixed term loan,2023-06-04 00:00:00,7500.00,9375.00,,0.00,9675.00,NGN,0,Open,2023-07-04 00:00:00,Performing
selekeere gbeinzi,"=""22462774987""",ebunuaware quarters toruangiama,,"=""22097953""","=""4047491""","=""10520797""",Personal fixed term loan,2023-06-07 00:00:00,20000.00,25400.00,,0.00,25400.00,NGN,0,Open,2023-07-07 00:00:00,Performing
ADAMU GARBA,"=""22745942632""",SABON GARI WARD BADE LOACL GOVT YOBE STATE,,"=""22099046""","=""44244614""","=""10690467""",Personal fixed term loan,2023-06-24 00:00:00,15000.00,19350.00,,0.00,19350.00,NGN,0,Open,2023-07-24 00:00:00,Performing
ADEIFE ABATAN,,OPPOSITE TOTAL FILLING STATION KURUDU ABUJA,,"=""22102976""","=""44023485""","=""10672764""",Personal fixed term loan,2023-06-22 00:00:00,7500.00,0.00,,0.00,9750.00,NGN,0,Closed,2023-07-22 00:00:00,Performing
JOEL OLADOKUN,"=""22653354493""",3 AGBONYIN CLOSE ADELABU SURULERE,,"=""22102990""","=""44145390""","=""10651394""",Personal fixed term loan,2023-06-20 00:00:00,20000.00,25800.00,,0.00,25800.00,NGN,0,Open,2023-07-20 00:00:00,Performing
SILAS YONANA,"=""22154793223""",ACCESS BANK PLC HEAD OFFICE LAGOS,,"=""22107999""","=""43427268""","=""10588165""",Personal fixed term loan,2023-06-14 00:00:00,20000.00,13097.00,,13097.00,23600.00,NGN,5,Open,2023-06-29 00:00:00,Watchlist
ADEBIMPE OLUWOLE,"=""22150070603""",NO 9 WHITE DISU STREET OFF SAINT SAVIOUR BUS STOP IKOTUN,,"=""22108706""","=""44133598""","=""10646499""",Personal fixed term loan,2023-06-20 00:00:00,7500.00,0.00,,0.00,8850.00,NGN,0,Closed,2023-07-05 00:00:00,Performing
CYNTHIA ALIAKA,"=""22433010289""",NO3 MISSION LANE OKPOKO,,"=""22109785""","=""44227687""","=""10689151""",Personal fixed term loan,2023-06-24 00:00:00,5000.00,6450.00,,0.00,6450.00,NGN,0,Open,2023-07-24 00:00:00,Performing
BLESSING OMEOGA,"=""22181837086""",26 UCHENWA OFF AKALANNA,,"=""22111664""","=""44298205""","=""10709602""",Personal fixed term loan,2023-06-26 00:00:00,30000.00,0.00,,0.00,35400.00,NGN,0,Closed,2023-07-11 00:00:00,Performing
MATILDA ASAISAI,,1B OGBOWANKWO LANE BOUNDARY,,"=""22125561""","=""44309009""","=""10713597""",Personal fixed term loan,2023-06-26 00:00:00,30000.00,38400.00,,0.00,38400.00,NGN,0,Open,2023-07-26 00:00:00,Performing
PEACE IYERE,"=""22604136679""",ILLEH ROAD EKPOMA,,"=""22126933""","=""44027594""","=""10605519""",Personal fixed term loan,2023-06-15 00:00:00,7500.00,7175.00,,0.00,9675.00,NGN,0,Open,2023-07-15 00:00:00,Performing
HAJARA MUSA,,BLOCK 5 ROOM 5 ICS QUARTERS JAJI,,"=""22128026""","=""12476369""","=""10750087""",Personal fixed term loan,2023-06-30 00:00:00,50000.00,63000.00,,0.00,63000.00,NGN,0,Open,2023-07-30 00:00:00,Performing
REBECCA EHINOLA,"=""22503394147""",8 UNITY CLOSE OLAMBE,,"=""22128905""","=""6100073""","=""10666213""",Personal fixed term loan,2023-06-22 00:00:00,5000.00,0.00,,0.00,6000.00,NGN,0,Closed,2023-07-07 00:00:00,Performing
EMMANUEL ONARAKPOBERE,"=""22421738698""",NO 9 AKARINWA STREET EKREDJEBO,,"=""22132649""","=""44163680""","=""10694923""",Personal fixed term loan,2023-06-24 00:00:00,20000.00,23600.00,,0.00,23600.00,NGN,0,Open,2023-07-09 00:00:00,Performing
JUMOKE ABAYOMI,"=""22743671873""",47 AWOFE STREET ORILE AGEGE LAGOS,,"=""22133435""","=""43904281""","=""10559927""",Personal fixed term loan,2023-06-10 00:00:00,7500.00,9675.00,,0.00,9675.00,NGN,0,Open,2023-07-10 00:00:00,Performing
ADEX ADEWIRAN,,MPAMPE ABJA Bwari FCT,,"=""21978398""","=""1765133""","=""119805223""",Personal fixed term loan,2020-03-31 00:00:00,7500.00,0.00,,0.00,9750.00,NGN,0,Closed,2020-04-30 00:00:00,Performing
KAZEEM BUSARI,"=""22243753318""",115 OKESUNA STR OBALENDE BSTP OBALENDE,,"=""22097505""","=""43911987""","=""10561957""",Personal fixed term loan,2023-06-11 00:00:00,7500.00,6175.00,,0.00,9675.00,NGN,0,Open,2023-07-11 00:00:00,Performing
blessing tongpan,"=""22325282178""",12B UTOMI AIR,"=""2349160381264""","=""22101866""","=""43971594""","=""10583413""",Personal fixed term loan,2023-06-13 00:00:00,20000.00,25400.00,,0.00,25400.00,NGN,0,Open,2023-07-13 00:00:00,Performing
MARIA INDIKWU,"=""22298498725""",NO 37 HAMED ONIBU STREET,,"=""22101900""","=""44133138""","=""10647062""",Personal fixed term loan,2023-06-20 00:00:00,20000.00,25800.00,,0.00,25800.00,NGN,0,Open,2023-07-20 00:00:00,Performing
MUHAMMAD YUSIF,"=""22711057809""",EKIUGBO JUNCTION UGHELLI,,"=""22103006""","=""44307060""","=""10712749""",Personal fixed term loan,2023-06-26 00:00:00,20000.00,25800.00,,0.00,25800.00,NGN,0,Open,2023-07-26 00:00:00,Performing
UKASHA ALIYU,"=""22220210348""",LUGBE ZONE 6 ABUJA Municipal Area Council FCT,,"=""22104206""","=""3920913""","=""230856762""",Personal fixed term loan,2020-03-10 00:00:00,20000.00,0.00,,0.00,23000.00,NGN,0,Closed,2020-03-25 00:00:00,Performing
MMADUABUCHI EZE,"=""22385787590""",Nigeria,,"=""22104308""","=""44091243""","=""10630712""",Personal fixed term loan,2023-06-18 00:00:00,30000.00,37500.00,,0.00,37500.00,NGN,0,Open,2023-07-18 00:00:00,Performing
ARUORIWO DAVID,"=""22285055289""",80 OWHELOGBO RD OZORO,,"=""22105461""","=""43624296""","=""10629044""",Personal fixed term loan,2023-06-18 00:00:00,30000.00,14950.00,,0.00,38400.00,NGN,0,Open,2023-07-18 00:00:00,Performing
damilola amoo,"=""22501481722""",28 APATA OKE IRA,,"=""22105746""","=""40604724""","=""10721851""",Personal fixed term loan,2023-06-27 00:00:00,1500.00,1935.00,,0.00,1935.00,NGN,0,Open,2023-07-27 00:00:00,Performing
JANET EDEH,"=""22582842834""",ROAD C ALONG YINKA OBA HOUSE OKEODU AKURE,,"=""22105895""","=""43737543""","=""10495286""",Personal fixed term loan,2023-06-04 00:00:00,7500.00,0.00,,0.00,9675.00,NGN,0,Closed,2023-07-04 00:00:00,Performing
FAVOUR CHIKWUDALU,"=""22708830217""",7 LONDONER AVENUE OBAWOLE,,"=""22105997""","=""42909072""","=""10500672""",Personal fixed term loan,2023-06-05 00:00:00,7500.00,0.00,,0.00,9675.00,NGN,0,Closed,2023-07-05 00:00:00,Performing
PRINCE BASSEY,"=""22678158070""",NO12 NSUKA STREET,,"=""22106295""","=""43703586""","=""10681995""",Personal fixed term loan,2023-06-23 00:00:00,7500.00,8850.00,,0.00,8850.00,NGN,0,Open,2023-07-08 00:00:00,Performing
CHIAMAKA NJOKU,"=""22283347180""",UMUSOIKE LORJI AUTONOMOUS COMMUNITY,,"=""22107150""","=""27677751""","=""10523680""",Personal fixed term loan,2023-06-07 00:00:00,20000.00,25800.00,,0.00,25800.00,NGN,0,Open,2023-07-07 00:00:00,Performing
charles nzenwata,"=""22195896624""",no 3 anyaora lane off iboku,,"=""22109137""","=""44147422""","=""10652430""",Personal fixed term loan,2023-06-20 00:00:00,7500.00,9675.00,,0.00,9675.00,NGN,0,Open,2023-07-20 00:00:00,Performing
JOHNSON OLAJE,,MODEN SECONDARY SCHOOL MAITAMA,,"=""22109388""","=""42777457""","=""10497186""",Personal fixed term loan,2023-06-04 00:00:00,7500.00,9675.00,,0.00,9675.00,NGN,0,Open,2023-07-04 00:00:00,Performing
BABATUNDE DADA,,7ABIODUN BERO AVENUEMAGODOLAGOS,,"=""22112230""","=""9000112""","=""10623755""",Personal fixed term loan,2023-06-17 00:00:00,20000.00,25800.00,,0.00,25800.00,NGN,0,Open,2023-07-17 00:00:00,Performing
AWULIKA NWABUDIKE,"=""22430941247""",27 ALONG ABRAKA ROAD,,"=""22113132""","=""5750011""","=""10698900""",Personal fixed term loan,2023-06-25 00:00:00,5000.00,0.00,,0.00,6000.00,NGN,0,Closed,2023-07-10 00:00:00,Performing
BLESSING OKORO,"=""22297927358""",Constructionmanufacture,,"=""22125381""","=""19076084""","=""10540717""",Personal fixed term loan,2023-06-09 00:00:00,7500.00,9675.00,,0.00,9675.00,NGN,0,Open,2023-07-09 00:00:00,Performing
THANKGOD ULU,"=""22643043165""",16 TIJANI ELEIWI STREET IGANDO,,"=""22099903""","=""44297942""","=""10709051""",Personal fixed term loan,2023-06-26 00:00:00,7500.00,8625.00,,0.00,8625.00,NGN,0,Open,2023-07-11 00:00:00,Performing
JAMES IBEKWE,"=""22322454509""",MOPOL 19 BARRRACKSNEW GRA PHASE 2 PORT HARCOURTRivers Stat,,"=""22101775""","=""44073264""","=""10697584""",Personal fixed term loan,2023-06-25 00:00:00,7500.00,9675.00,,0.00,9675.00,NGN,0,Open,2023-07-25 00:00:00,Performing
ABIGAIL KAKANDAR,"=""22346725188""",THEOPHILUS COMP NENGI AYERITE RD OPOLO,,"=""22103047""","=""40569267""","=""10622099""",Personal fixed term loan,2023-06-17 00:00:00,20000.00,25800.00,,0.00,25800.00,NGN,0,Open,2023-07-17 00:00:00,Performing
OSINACHI ANI,,24 NWAIGWE STR EBONY PAINT ENUGU,,"=""22103312""","=""44013192""","=""10599776""",Personal fixed term loan,2023-06-15 00:00:00,30000.00,0.00,,0.00,37500.00,NGN,0,Closed,2023-07-15 00:00:00,Performing
TAWAKALITU ADEYEYE,"=""22422722108""",OKE IRO ILESHA,,"=""22105033""","=""44196099""","=""10700049""",Personal fixed term loan,2023-06-25 00:00:00,7500.00,8850.00,,0.00,8850.00,NGN,0,Open,2023-07-10 00:00:00,Performing
TOPE ADEGBOYEGA,"=""22491126032""",KM 11 OSOGBOIKIRUN EXPRESSWAY DAGBOLU AREA OSOGBO Olorunda,,"=""22105270""","=""6184329""","=""10545145""",Personal fixed term loan,2023-06-09 00:00:00,5000.00,0.00,,0.00,6075.00,NGN,0,Closed,2023-06-24 00:00:00,Performing
TOPE ADEGBOYEGA,"=""22491126032""",KM 11 OSOGBOIKIRUN EXPRESSWAY DAGBOLU AREA OSOGBO Olorunda,,"=""22105270""","=""6184329""","=""10633252""",Personal fixed term loan,2023-06-18 00:00:00,5000.00,0.00,,0.00,6075.00,NGN,0,Closed,2023-07-03 00:00:00,Performing
OLUWATOYIN OLORUNTOBA,"=""22554134400""",4 ADEAGA STREET AWORI BUSTOP,,"=""22107691""","=""43947627""","=""10619293""",Personal fixed term loan,2023-06-17 00:00:00,5000.00,5810.00,,0.00,5810.00,NGN,0,Open,2023-07-09 00:00:00,Performing
COLLINS OKOYE,"=""22579693830""",NO 12 CHUKWUANI STREET COAL CAMP,,"=""22107977""","=""43588791""","=""10485015""",Personal fixed term loan,2023-06-03 00:00:00,7500.00,9675.00,,9675.00,9675.00,NGN,1,Open,2023-07-03 00:00:00,Watchlist
OMOYELE OLAONIPEKUN,"=""22331046492""",NPF OSOGBO,,"=""22109749""","=""44024080""","=""10604351""",Personal fixed term loan,2023-06-15 00:00:00,20000.00,25800.00,,0.00,25800.00,NGN,0,Open,2023-07-15 00:00:00,Performing
AKOREDE SAMSON,"=""22482292607""",17 TEMIDIRE STREET IGBOGBO OFFIN,,"=""22112407""","=""43122607""","=""10533987""",Personal fixed term loan,2023-06-08 00:00:00,7500.00,0.00,,0.00,9675.00,NGN,0,Closed,2023-07-08 00:00:00,Performing
BOLA AJAYI,"=""22574662505""",OLOWOKERE,,"=""22113358""","=""42079045""","=""10489388""",Personal fixed term loan,2023-06-03 00:00:00,7500.00,4375.00,,4375.00,9675.00,NGN,1,Open,2023-07-03 00:00:00,Watchlist
ETIENE MICHAEL,"=""22726665211""",JIGAWA POTISKUM,,"=""22125525""","=""44016707""","=""10742532""",Personal fixed term loan,2023-06-30 00:00:00,7500.00,9675.00,,0.00,9675.00,NGN,0,Open,2023-07-30 00:00:00,Performing
FRANCIS NWOKEKA,"=""22383916545""",3 OLD MARKET ROAD JEDDO Okpe Delta State,,"=""22127748""","=""6516140""","=""10684212""",Personal fixed term loan,2023-06-23 00:00:00,5000.00,0.00,,0.00,6000.00,NGN,0,Closed,2023-07-08 00:00:00,Performing
FRANCIS NWOKEKA,"=""22383916545""",3 OLD MARKET ROAD JEDDO Okpe Delta State,,"=""22127748""","=""6516140""","=""10684349""",Personal fixed term loan,2023-06-23 00:00:00,5000.00,0.00,,0.00,6075.00,NGN,0,Closed,2023-07-08 00:00:00,Performing
ROHEEMOT ADELERE,"=""22326429237""",AJIOGBO S COMPOUND KOSO AREA ISEYIN  Iseyin Oyo State,,"=""22131341""","=""6718265""","=""10544569""",Personal fixed term loan,2023-06-09 00:00:00,35000.00,0.00,,0.00,45500.00,NGN,0,Closed,2023-07-09 00:00:00,Performing
ROHEEMOT ADELERE,"=""22326429237""",AJIOGBO S COMPOUND KOSO AREA ISEYIN  Iseyin Oyo State,,"=""22131341""","=""6718265""","=""2051124""",Personal fixed term loan,2020-06-09 00:00:00,5000.00,0.00,,0.00,5750.00,NGN,0,Closed,2020-06-24 00:00:00,Performing
VALERIAN EGBW,"=""22476898936""",3 EGBE CRESCENT UGBUWANGUE,,"=""22098085""","=""43842410""","=""10534557""",Personal fixed term loan,2023-06-08 00:00:00,7500.00,0.00,,0.00,8625.00,NGN,0,Closed,2023-06-23 00:00:00,Performing
CHRISTOPHER EWODAGE,"=""22548244715""",11 Skywheel Crescent unity Estate,,"=""22099657""","=""41728130""","=""10721535""",Personal fixed term loan,2023-06-27 00:00:00,5000.00,5985.00,,0.00,5985.00,NGN,0,Open,2023-07-12 00:00:00,Performing
HEZEKIAH FASHAKIN,"=""22259605294""",Nigeria,,"=""22102765""","=""43337502""","=""10535512""",Personal fixed term loan,2023-06-08 00:00:00,10000.00,12500.00,,0.00,12500.00,NGN,0,Open,2023-07-08 00:00:00,Performing
ASISAT BAKARE,"=""22145412021""",HIGHLEAD STR ALONG IJEDE ROAD,,"=""22103644""","=""44183196""","=""10665799""",Personal fixed term loan,2023-06-21 00:00:00,7500.00,8625.00,,0.00,8625.00,NGN,0,Open,2023-07-06 00:00:00,Performing
ADEYEMO ABIODUN,"=""22362692602""",MARKAFI QUATERS OFF BYE PASS ABUJA EXPRESS WAY KADUNA SOUT,"=""09019614063""","=""22106802""","=""44099649""","=""10635774""",Personal fixed term loan,2023-06-19 00:00:00,5000.00,5000.00,,0.00,6500.00,NGN,0,Open,2023-07-19 00:00:00,Performing
ANAYO NWAFOR,,23 MOFERER STREET AKURE,,"=""22107038""","=""43524318""","=""10517794""",Personal fixed term loan,2023-06-06 00:00:00,7500.00,0.00,,0.00,9675.00,NGN,0,Closed,2023-07-06 00:00:00,Performing
JESSICA OBOMATE,"=""22498327225""",MGBUODOHA PORT HARCOURT RIVERS STATE,,"=""22108081""","=""38299605""","=""10523855""",Personal fixed term loan,2023-06-07 00:00:00,30000.00,33350.00,,0.00,38400.00,NGN,0,Open,2023-07-07 00:00:00,Performing
TEMITAYO ADIGUN,"=""22639377890""",BOLADES COMPOUND SANGO AREA ERUWA,,"=""22110946""","=""43967560""","=""10581660""",Personal fixed term loan,2023-06-13 00:00:00,20000.00,25400.00,,0.00,25400.00,NGN,0,Open,2023-07-13 00:00:00,Performing
CHIBUEZE OBIAKO,,1 UMUDARA ROAD OLEME AMAIFEKE,,"=""22111182""","=""44258035""","=""10714400""",Personal fixed term loan,2023-06-26 00:00:00,20000.00,25800.00,,0.00,25800.00,NGN,0,Open,2023-07-26 00:00:00,Performing
EMEKA NWOSU,"=""22492291353""",UMUOHU NNONO OBORO,,"=""22113611""","=""25395064""","=""10522510""",Personal fixed term loan,2023-06-07 00:00:00,20000.00,24350.00,,0.00,24350.00,NGN,0,Open,2023-07-07 00:00:00,Performing
CHIDERA CHIKAOGBE,,NO 10 CHIEF OGBE NNAMANI CLOSE MARYLAND ENUGU,,"=""22125736""","=""10038917""","=""10596377""",Personal fixed term loan,2023-06-14 00:00:00,7500.00,0.00,,0.00,9675.00,NGN,0,Closed,2023-07-14 00:00:00,Performing
MUTIU LAWAL,"=""22334663801""",4 OGBERE HOUSING ESTATE OLUNLOYO AKANRAN ROAD IBADAN,,"=""22126265""","=""44148824""","=""10652828""",Personal fixed term loan,2023-06-20 00:00:00,7500.00,8850.00,,0.00,8850.00,NGN,0,Open,2023-07-05 00:00:00,Performing
OLAPEJU ABDULLAHI,,NO 4 OJUDUN STREET AYEPE ROAD SAGAMU,,"=""22128294""","=""44059478""","=""10618048""",Personal fixed term loan,2023-06-17 00:00:00,30000.00,38400.00,,0.00,38400.00,NGN,0,Open,2023-07-17 00:00:00,Performing
IJEOMA OKEREKE,"=""22356141275""",UGBENE 2 UGBONDAFE AFTER UGBENE 2 TOWNHALL UCHEEZEUDE ABAK,,"=""22128730""","=""43758182""","=""10673237""",Personal fixed term loan,2023-06-22 00:00:00,7500.00,8850.00,,0.00,8850.00,NGN,0,Open,2023-07-07 00:00:00,Performing
MATHEWPETER AMOUSSON,,IWOFE ROAD PORT HARCOURT RIVERS STATE,,"=""22131052""","=""43850840""","=""10642975""",Personal fixed term loan,2023-06-19 00:00:00,27500.00,35063.00,,0.00,35062.50,NGN,0,Open,2023-07-19 00:00:00,Performing
MARY SAMUEL,,NO 14 ADENAKEN ORILE AGEGE,,"=""22131488""","=""44074922""","=""10624407""",Personal fixed term loan,2023-06-17 00:00:00,7500.00,9675.00,,0.00,9675.00,NGN,0,Open,2023-07-17 00:00:00,Performing
MUYIDEEN SAKA,"=""22383508614""",4 ijegemo,"=""08087913538""","=""22131852""","=""43586740""","=""10598136""",Personal fixed term loan,2023-06-15 00:00:00,7500.00,1364.00,,1364.00,8850.00,NGN,4,Open,2023-06-30 00:00:00,Watchlist
NURUDEEN OLADEJO,"=""22231185147""",27 AMULOKO IBADAN,,"=""22099059""","=""5832815""","=""10410785""",Personal fixed term loan,2023-05-27 00:00:00,7500.00,0.00,,0.00,8625.00,NGN,0,Closed,2023-06-11 00:00:00,Performing
NURUDEEN OLADEJO,"=""22231185147""",27 AMULOKO IBADAN,,"=""22099059""","=""5832815""","=""10574897""",Personal fixed term loan,2023-06-12 00:00:00,10000.00,0.00,,0.00,12150.00,NGN,0,Closed,2023-06-27 00:00:00,Performing
ABDULWASIU SULAIMAN,"=""22264052564""",ILE ALADIYE ITAMO ILORIN,,"=""22101584""","=""43971650""","=""10583548""",Personal fixed term loan,2023-06-13 00:00:00,7500.00,9675.00,,0.00,9675.00,NGN,0,Open,2023-07-13 00:00:00,Performing
GIFT UBAJIOFOR,"=""22474090888""",NO 18 ADEUJU STREET OSHODI LAGOS,,"=""22102103""","=""44109450""","=""10638195""",Personal fixed term loan,2023-06-19 00:00:00,7500.00,0.00,,0.00,8850.00,NGN,0,Closed,2023-07-04 00:00:00,Performing
JUMOKE ISAH,"=""22733605624""",45 ADENAIKE STREET ITUMOGA IKORODU LAGOS,,"=""22104005""","=""43127967""","=""10492287""",Personal fixed term loan,2023-06-04 00:00:00,7500.00,0.00,,0.00,9525.00,NGN,0,Closed,2023-07-04 00:00:00,Performing
MARYJANE MORRISON,"=""22359798764""",EZIACHI ORLU,,"=""22105428""","=""43990023""","=""10590952""",Personal fixed term loan,2023-06-14 00:00:00,7500.00,3675.00,,0.00,9675.00,NGN,0,Open,2023-07-14 00:00:00,Performing
Timileyin Adesina,"=""22719137141""",WMP8QH Iperu Nigeria,,"=""22105947""","=""44133129""","=""10646230""",Personal fixed term loan,2023-06-20 00:00:00,7500.00,9675.00,,0.00,9675.00,NGN,0,Open,2023-07-20 00:00:00,Performing
OLUSEGUN ILOH,,7 BOLAKEMI OLOKODE ABIOLA WAY ABEOKUTA,,"=""22106998""","=""22281756""","=""10611257""",Personal fixed term loan,2023-06-16 00:00:00,7500.00,9675.00,,0.00,9675.00,NGN,0,Open,2023-07-16 00:00:00,Performing
OLUWATOYIN DADA,"=""22338922214""",Nigeria,"=""2348062459459""","=""22107749""","=""44178471""","=""10665235""",Personal fixed term loan,2023-06-21 00:00:00,7500.00,8850.00,,0.00,8850.00,NGN,0,Open,2023-07-06 00:00:00,Performing
HELEN AKATOBI,,47 OWODUNNI STR OFF COKER BSTOP ORILE LAGOS,,"=""22107849""","=""43950423""","=""2107453372""",Personal fixed term loan,2023-06-12 00:00:00,750000.00,1060656.00,,0.00,93750.00,NGN,0,Open,2024-09-04 00:00:00,Performing
BLESSING AKPAN,"=""22639825296""",DAKYRL INDUSTRIES LIMITED,,"=""22108870""","=""43983949""","=""10588092""",Personal fixed term loan,2023-06-14 00:00:00,7500.00,9600.00,,0.00,9600.00,NGN,0,Open,2023-07-14 00:00:00,Performing
MERCY ONOME,"=""22393252369""",3 Edo Avenue off Lawani Road off Upper Mission Rd Use 3001,,"=""22109119""","=""44028496""","=""10606024""",Personal fixed term loan,2023-06-15 00:00:00,7500.00,9675.00,,0.00,9675.00,NGN,0,Open,2023-07-15 00:00:00,Performing
USMAN SHEIDU,"=""22253817572""",17IJAYE STREET PAPA ASUFU AGEGE,,"=""22128592""","=""44352980""","=""10730821""",Personal fixed term loan,2023-06-28 00:00:00,15000.00,17250.00,,0.00,17250.00,NGN,0,Open,2023-07-13 00:00:00,Performing
GLORY FRANK,"=""22734710280""",34 Effiwatt Street,"=""07063014869""","=""22128890""","=""44353517""","=""10749892""",Personal fixed term loan,2023-06-30 00:00:00,7500.00,8850.00,,0.00,8850.00,NGN,0,Open,2023-07-15 00:00:00,Performing
ABASS AJAGBE,,OGBERE TIAOYA AREA,,"=""22131113""","=""44162395""","=""10657647""",Personal fixed term loan,2023-06-21 00:00:00,7500.00,8850.00,,0.00,8850.00,NGN,0,Open,2023-07-06 00:00:00,Performing
CHUKWUEBUKA OMEJE,"=""22624453666""",OMEJE JAME COMP ECHARA IBAGWAEDE,,"=""22131683""","=""43367618""","=""10660777""",Personal fixed term loan,2023-06-21 00:00:00,20000.00,25400.00,,0.00,25400.00,NGN,0,Open,2023-07-21 00:00:00,Performing
SULIAT ALADE,,6 BUARI STR MUSHIN,,"=""22136227""","=""43581809""","=""10626427""",Personal fixed term loan,2023-06-17 00:00:00,20000.00,25800.00,,0.00,25800.00,NGN,0,Open,2023-07-17 00:00:00,Performing
SODIQ DAUDA,,39 HAKEEM LASISI STREETSHASHASALAMI BUS STOPLAGOS,,"=""22136729""","=""43631738""","=""10733334""",Personal fixed term loan,2023-06-29 00:00:00,20000.00,23600.00,,0.00,23600.00,NGN,0,Open,2023-07-14 00:00:00,Performing
MOLUMA ALADE,,UGBAGI QTRS AKPATA,"=""08155944939""","=""22099126""","=""44358317""","=""10732776""",Personal fixed term loan,2023-06-28 00:00:00,7500.00,9675.00,,0.00,9675.00,NGN,0,Open,2023-07-28 00:00:00,Performing
MIRACLE OGAMBA,"=""22580400474""",10 FEMIOLA STREET SAINT A BSTOP AYOBO,,"=""22102687""","=""5370525""","=""10527743""",Personal fixed term loan,2023-06-07 00:00:00,5000.00,0.00,,0.00,6000.00,NGN,0,Closed,2023-06-22 00:00:00,Performing
CHRISTABEL FEEGHE,"=""22624088235""",14 15 Prince Alaba Oniru Road Victoria Island,,"=""22103121""","=""43967223""","=""10581592""",Personal fixed term loan,2023-06-13 00:00:00,7500.00,9675.00,,0.00,9675.00,NGN,0,Open,2023-07-13 00:00:00,Performing
EKEMINI OKON,"=""22626802961""",ATAIO ROAD,,"=""22104525""","=""37729935""","=""10490898""",Personal fixed term loan,2023-06-04 00:00:00,7500.00,0.00,,0.00,9675.00,NGN,0,Closed,2023-07-04 00:00:00,Performing
DANIEL OKOCHA,"=""22448684190""",ANICHE CRESENT UMUCHIMA UBAHU OKIGWE,,"=""22106078""","=""7988676""","=""10707332""",Personal fixed term loan,2023-06-26 00:00:00,20000.00,25800.00,,0.00,25800.00,NGN,0,Open,2023-07-26 00:00:00,Performing
GODWIN OKAFOR,"=""22697011794""",NO 3 IGBORO NEW SITE ODO KEKERE,,"=""22107367""","=""44393301""","=""10749327""",Personal fixed term loan,2023-06-30 00:00:00,7500.00,9675.00,,0.00,9675.00,NGN,0,Open,2023-07-30 00:00:00,Performing
KOLADE AYESEMINIKAN,,SAMBOAMA COMPOUND TWON,,"=""22108771""","=""44339674""","=""10735038""",Personal fixed term loan,2023-06-29 00:00:00,7500.00,8850.00,,0.00,8850.00,NGN,0,Open,2023-07-14 00:00:00,Performing
MARIA OGBONNAYA,"=""22600766252""",12 SENT STEPHEN BOLA IBADAN,,"=""22110724""","=""43825249""","=""10527965""",Personal fixed term loan,2023-06-07 00:00:00,7500.00,0.00,,0.00,9525.00,NGN,0,Closed,2023-07-07 00:00:00,Performing
MOTUNRAYO IJEH,"=""22622688138""",NO 16 EFURA COMPOUND OKOAFO BADGRY LAGOS,,"=""22112264""","=""43217185""","=""10691024""",Personal fixed term loan,2023-06-24 00:00:00,7500.00,9675.00,,0.00,9675.00,NGN,0,Open,2023-07-24 00:00:00,Performing
GLORIA IGEH,"=""22377618440""",17 Sani Zangon  Daura St Guzape 900110 Aso Federal Capital,,"=""22125551""","=""44194514""","=""10670021""",Personal fixed term loan,2023-06-22 00:00:00,20000.00,25400.00,,0.00,25400.00,NGN,0,Open,2023-07-22 00:00:00,Performing
BOSE SAMUEL,"=""22507679604""",30 ELETU STREET IBEJU AWOYAYA,,"=""22127138""","=""43657907""","=""10504528""",Personal fixed term loan,2023-06-05 00:00:00,7500.00,0.00,,0.00,9675.00,NGN,0,Closed,2023-07-05 00:00:00,Performing
OSAMUDIAMEN ALILE,"=""22473495165""",6 CHRISTIAN GOSPEL AVENUE BENIN CITY,"=""09013613897""","=""22127938""","=""43640903""","=""10477657""",Personal fixed term loan,2023-06-02 00:00:00,7500.00,0.00,,0.00,9525.00,NGN,0,Closed,2023-07-02 00:00:00,Performing
TUNJI ISSA,,NO 46 IGEMO STREET IJERO EKITI IJERO EKITI 13 NIGERIA,,"=""22128691""","=""43135571""","=""10748171""",Personal fixed term loan,2023-06-30 00:00:00,7500.00,8850.00,,0.00,8850.00,NGN,0,Open,2023-07-15 00:00:00,Performing
IFEOMA NDUKA,"=""22280507668""",NO 37 CHIEF NWAGURU STREET ABA,,"=""22130678""","=""43607393""","=""10738660""",Personal fixed term loan,2023-06-29 00:00:00,120000.00,184320.00,,0.00,61440.00,NGN,0,Open,2023-09-27 00:00:00,Performing
SAMUEL UMANA,,NO 91 OGUDU ROAD GRA,,"=""22131784""","=""44115866""","=""10661607""",Personal fixed term loan,2023-06-21 00:00:00,20000.00,25400.00,,0.00,25400.00,NGN,0,Open,2023-07-21 00:00:00,Performing
USUMAN MUSA,,SORON GABAS AREA BINJI LOCAL GOVT,,"=""22133941""","=""44006579""","=""10597175""",Personal fixed term loan,2023-06-14 00:00:00,7500.00,8204.00,,8204.00,8850.00,NGN,5,Open,2023-06-29 00:00:00,Watchlist
KOSISOCHUKWU AMADI,"=""22636263893""",NGOMARI OLD AIRPORT MAIDUGURI,,"=""22135792""","=""43450867""","=""10464168""",Personal fixed term loan,2023-06-01 00:00:00,1500.00,1835.00,,1835.00,1935.00,NGN,3,Open,2023-07-01 00:00:00,Watchlist
Akinlabi Kabiru Taiwo,,ALUSEKERE COMPOUND MORO IKIRE,"=""07066414266""","=""22068010""","=""44201843""","=""10672808""",Personal fixed term loan,2023-06-22 00:00:00,7500.00,8850.00,,0.00,8850.00,NGN,0,Open,2023-07-07 00:00:00,Performing
OGBU CHINEDU,"=""22211602453""",NGWO CAMP 2 BUNKER,"=""09133774902""","=""22078889""","=""44015282""","=""10600626""",Personal fixed term loan,2023-06-15 00:00:00,7500.00,9525.00,,0.00,9525.00,NGN,0,Open,2023-07-15 00:00:00,Performing
EZINNE NDUKWU,"=""22446126427""",172 OLD OJO ROAD SATELLITE,,"=""22099111""","=""44160032""","=""10657019""",Personal fixed term loan,2023-06-21 00:00:00,7500.00,9675.00,,0.00,9675.00,NGN,0,Open,2023-07-21 00:00:00,Performing
HABEEBAT OLATUNJI,"=""22522312764""",11 MATANMI STREET OLORUNKEMI AREA OKE BAALE,,"=""22099311""","=""43875341""","=""10570557""",Personal fixed term loan,2023-06-12 00:00:00,20000.00,25800.00,,0.00,25800.00,NGN,0,Open,2023-07-12 00:00:00,Performing
OBINNA SUNDAYNWAGBARA,"=""22384103298""",56 ADESHINA STREETOFF ABULE RGBALAGOS,,"=""22099711""","=""43485749""","=""10682540""",Personal fixed term loan,2023-06-23 00:00:00,2500.00,2893.00,,0.00,2892.50,NGN,0,Open,2023-07-08 00:00:00,Performing
FIDELIA JOSEPH,"=""22273357672""",OPP EBUIL FILLING STATION NEW AGBOR RD,,"=""22103855""","=""43896267""","=""10603733""",Personal fixed term loan,2023-06-15 00:00:00,5000.00,5950.00,,5950.00,5900.00,NGN,4,Open,2023-06-30 00:00:00,Watchlist
DAVID AKOR,"=""22256330388""",W8PGQM Gbaza Nigeria,,"=""22107450""","=""10892820""","=""10693863""",Personal fixed term loan,2023-06-24 00:00:00,7500.00,8978.00,,0.00,8977.50,NGN,0,Open,2023-07-09 00:00:00,Performing
OGOCHUKWU ODIFIAKA,"=""22620084693""",N0 27 JOHNSON ORIAKU STREET OBIARUKU,,"=""22109390""","=""42891235""","=""10514849""",Personal fixed term loan,2023-06-06 00:00:00,7500.00,9675.00,,0.00,9675.00,NGN,0,Open,2023-07-06 00:00:00,Performing
DENEN IORLUNMN,,NKST CHURCH BUTER GBOKO NORTH,,"=""22110139""","=""5716900""","=""10679928""",Personal fixed term loan,2023-06-23 00:00:00,5000.00,0.00,,0.00,6000.00,NGN,0,Closed,2023-07-08 00:00:00,Performing
THANKGOD AMARAM,"=""22311616114""",THE COMPOUND OPP PRAYER CENTER ALONG ALUU ROAD RUMUEKINI,,"=""22110292""","=""44214313""","=""10677576""",Personal fixed term loan,2023-06-23 00:00:00,30000.00,0.00,,0.00,35400.00,NGN,0,Closed,2023-07-08 00:00:00,Performing
AMUDALAT ALABI,,8 OLATUNDE OMOTOLA WAY OJODU ABIODUN,,"=""22110943""","=""43963480""","=""10580997""",Personal fixed term loan,2023-06-13 00:00:00,7500.00,9675.00,,0.00,9675.00,NGN,0,Open,2023-07-13 00:00:00,Performing
USERUMU ETA,"=""22654915204""",GRX6RC Warri Nigeria,,"=""22112296""","=""43794511""","=""10516510""",Personal fixed term loan,2023-06-06 00:00:00,7500.00,9675.00,,0.00,9675.00,NGN,0,Open,2023-07-06 00:00:00,Performing
FAVOUR DANIEL,"=""22730005441""",ITU ROAD ITU,,"=""22112445""","=""43994419""","=""10592604""",Personal fixed term loan,2023-06-14 00:00:00,7500.00,9675.00,,0.00,9675.00,NGN,0,Open,2023-07-14 00:00:00,Performing
AYOMIDE OGE,"=""22600797223""",23 OHIKOYA ANIBABA IKORODU,,"=""22128272""","=""43652345""","=""10717324""",Personal fixed term loan,2023-06-27 00:00:00,20000.00,25500.00,,0.00,25500.00,NGN,0,Open,2023-07-27 00:00:00,Performing
DIVINEFAVOUR OREME,"=""22372197689""",PLOT 9 RD 6 FREEDOM ESTATE NEW LAWOUT RUKPOKWU PHC ObioAkp,,"=""22130314""","=""10472468""","=""10514476""",Personal fixed term loan,2023-06-06 00:00:00,10000.00,6900.00,,0.00,12900.00,NGN,0,Open,2023-07-06 00:00:00,Performing
OLABISI FASASI,"=""22514836182""",46 RASHIDI BELLO IKOTUN EGBE LAGOS STATE,,"=""22132016""","=""43921421""","=""10565194""",Personal fixed term loan,2023-06-11 00:00:00,7500.00,7525.00,,0.00,9525.00,NGN,0,Open,2023-07-11 00:00:00,Performing
KINGLYPRIESTLY UMONTAH,"=""22199258817""",9 UMO EDEM STREET CALABAR,,"=""22133905""","=""44076100""","=""10624719""",Personal fixed term loan,2023-06-17 00:00:00,20000.00,25800.00,,0.00,25800.00,NGN,0,Open,2023-07-17 00:00:00,Performing
OSINACHI OWASI,"=""22437904096""",NO 13 OJELADE STREET SOMOLU  LAGOS,,"=""22098457""","=""44080532""","=""10626460""",Personal fixed term loan,2023-06-17 00:00:00,10000.00,6000.00,,0.00,12900.00,NGN,0,Open,2023-07-17 00:00:00,Performing
NKIRUKA NWADIKE,,RUKUBA ROAD JOS,,"=""22105545""","=""39166755""","=""10671594""",Personal fixed term loan,2023-06-22 00:00:00,20000.00,23600.00,,0.00,23600.00,NGN,0,Open,2023-07-07 00:00:00,Performing
TEMILOLA OLUREBI,,NO 8AGBO OLA CLOSE SANGO OTTA,,"=""22106379""","=""44180925""","=""10665150""",Personal fixed term loan,2023-06-21 00:00:00,7500.00,8850.00,,0.00,8850.00,NGN,0,Open,2023-07-06 00:00:00,Performing
VICTORY ABU,"=""22585624622""",TALITHA SCHOOL OKPANAM ROAD,,"=""22108387""","=""43780411""","=""10511116""",Personal fixed term loan,2023-06-06 00:00:00,20000.00,25800.00,,0.00,25800.00,NGN,0,Open,2023-07-06 00:00:00,Performing
FARUK MUHAMMED,"=""22565428008""",university of nigeriaNsukka,,"=""22108768""","=""44322925""","=""10719265""",Personal fixed term loan,2023-06-27 00:00:00,20000.00,23600.00,,0.00,23600.00,NGN,0,Open,2023-07-12 00:00:00,Performing
ABIODUN OLUGA,"=""22256442827""",LISABI GRAMMER SCHOOL COMPOUND IDIABA Abeokuta South Ogun,,"=""22108787""","=""6566926""","=""10691702""",Personal fixed term loan,2023-06-24 00:00:00,5000.00,0.00,,0.00,6000.00,NGN,0,Closed,2023-07-09 00:00:00,Performing
FAITH ATAKORU,"=""22338704685""",2 ABEOKUTA RD SABON GARI,,"=""22108889""","=""44117494""","=""10717667""",Personal fixed term loan,2023-06-27 00:00:00,7500.00,9675.00,,0.00,9675.00,NGN,0,Open,2023-07-27 00:00:00,Performing
BEAUTY EKINE,"=""22314284480""",BRASS GATE TWON BRASS,,"=""22109304""","=""43697098""","=""10725636""",Personal fixed term loan,2023-06-28 00:00:00,7500.00,0.00,,0.00,9675.00,NGN,0,Closed,2023-07-28 00:00:00,Performing
LAWRENCE OLALERE,"=""22653925471""",okpoga,,"=""22109323""","=""37460848""","=""10478989""",Personal fixed term loan,2023-06-02 00:00:00,7500.00,0.00,,0.00,9675.00,NGN,0,Closed,2023-07-02 00:00:00,Performing
SILVER HARMAN,"=""22474851304""",BILLE KINGDOM,,"=""22111061""","=""43791457""","=""10515565""",Personal fixed term loan,2023-06-06 00:00:00,30000.00,38400.00,,0.00,38400.00,NGN,0,Open,2023-07-06 00:00:00,Performing
CHIDERA UCHENNA,"=""22632862939""",4 AKHAN STREET ARMY ESSTATE KURODU,,"=""22111676""","=""44362384""","=""10734090""",Personal fixed term loan,2023-06-29 00:00:00,7500.00,16000.00,,0.00,16000.00,NGN,0,Open,2023-07-14 00:00:00,Performing
CHIDERA EBOH,"=""22512573395""",21 AJISOLA STREET OPP JOS ARRAC BUS STOP AGOS,,"=""22112512""","=""43750096""","=""10515845""",Personal fixed term loan,2023-06-06 00:00:00,30000.00,38400.00,,0.00,38400.00,NGN,0,Open,2023-07-27 00:00:00,Performing
MARK GODWIN,,AREA ONE MASAKA,,"=""22125350""","=""43782347""","=""10511788""",Personal fixed term loan,2023-06-06 00:00:00,7500.00,9675.00,,0.00,9675.00,NGN,0,Open,2023-07-06 00:00:00,Performing
TEMITOPE DANSAMUSA,"=""22526598283""",NO 2  NIYI ONI STREET IKOLABA ESTATE  IBADAN,,"=""22126001""","=""44161205""","=""10703623""",Personal fixed term loan,2023-06-25 00:00:00,2500.00,3150.00,,0.00,3150.00,NGN,0,Open,2023-07-25 00:00:00,Performing
GLORIA ABIOYE,,MTN MASS UBEJI,,"=""22128707""","=""43441880""","=""10675124""",Personal fixed term loan,2023-06-22 00:00:00,7500.00,8850.00,,0.00,8850.00,NGN,0,Open,2023-07-07 00:00:00,Performing
OLUFUNMILOLA BAMIGBAYE,"=""22203909450""",14 AJAYI IBE STREET OKO OBA ORILE AGEGE,,"=""22130330""","=""43877924""","=""10559173""",Personal fixed term loan,2023-06-10 00:00:00,20000.00,25800.00,,0.00,25800.00,NGN,0,Open,2023-07-10 00:00:00,Performing
MARYCYNTHIA IBE,"=""22405460272""",5 EZE STR UMUAYOM VILAWKA,"=""2348082527871""","=""22132804""","=""43410020""","=""10594227""",Personal fixed term loan,2023-06-14 00:00:00,27500.00,38940.00,,0.00,19470.00,NGN,0,Open,2023-08-13 00:00:00,Performing
JOYJANE NWOSU,"=""22585336587""",5 JESUS AVENUE PIPELINE OIL MILL,,"=""22135010""","=""37814486""","=""10530163""",Personal fixed term loan,2023-06-08 00:00:00,22500.00,34155.00,,0.00,11385.00,NGN,0,Open,2023-09-06 00:00:00,Performing
Ihimekpem Genesis Omoy,"=""22538025328""",10 ALLI STREET EMAUDO EKPOMA,"=""07049703755""","=""22066690""","=""44123700""","=""10647453""",Personal fixed term loan,2023-06-20 00:00:00,7500.00,8625.00,,0.00,8625.00,NGN,0,Open,2023-07-05 00:00:00,Performing
STEPHEN MOSES,,J59 FULANI STREET NASSARAWA KADUNA,,"=""22097455""","=""44277594""","=""10701639""",Personal fixed term loan,2023-06-25 00:00:00,7500.00,0.00,,0.00,8850.00,NGN,0,Closed,2023-07-10 00:00:00,Performing
STEPHEN SEKIBO,,OMOTAYO STREET NO 11 OKE ADO AREA IBADAN,,"=""22099042""","=""44164568""","=""10658749""",Personal fixed term loan,2023-06-21 00:00:00,30000.00,38400.00,,0.00,38400.00,NGN,0,Open,2023-07-21 00:00:00,Performing
LOVE OKOLOKO,"=""22624044912""",5 BETHEK BUILDING ATALI PH,,"=""22099563""","=""44350694""","=""10729973""",Personal fixed term loan,2023-06-28 00:00:00,5000.00,5900.00,,0.00,5900.00,NGN,0,Open,2023-07-13 00:00:00,Performing
NKECHI AKWARANDU,"=""22288512871""",NPF PORT HARCOURT,,"=""22103022""","=""16827264""","=""10616353""",Personal fixed term loan,2023-06-16 00:00:00,20000.00,25800.00,,0.00,25800.00,NGN,0,Open,2023-07-16 00:00:00,Performing
AMAKA PATRICK,"=""22267371589""",NO 24 MBODO ALUUPLAYGROUND ALUU PHCRivers State,,"=""22103707""","=""44296239""","=""10719318""",Personal fixed term loan,2023-06-27 00:00:00,20000.00,23600.00,,0.00,23600.00,NGN,0,Open,2023-07-12 00:00:00,Performing
BRIGHT AKOJI,"=""22451380861""",KENNETH AGWUNOBIS COMPOUND UBULU VILLAGE EZI OWELLE,,"=""22103924""","=""44189277""","=""10706743""",Personal fixed term loan,2023-06-26 00:00:00,10000.00,8000.00,,0.00,12900.00,NGN,0,Open,2023-07-26 00:00:00,Performing
THELMA AJAYI,"=""22355335473""",3 OLUKAYODE ADEGBOYEGA STREET OFF NNPC PIPELINE ROAD FAGB,"=""07055158856""","=""22104460""","=""43985076""","=""10588752""",Personal fixed term loan,2023-06-14 00:00:00,20000.00,25400.00,,0.00,25400.00,NGN,0,Open,2023-07-14 00:00:00,Performing
rosemary bamaiyi,"=""22241334229""",rd 1 blk 112 apt 4 navy town,,"=""22105743""","=""39694035""","=""10574048""",Personal fixed term loan,2023-06-12 00:00:00,30000.00,38400.00,,0.00,38400.00,NGN,0,Open,2023-07-12 00:00:00,Performing
AUGUSTINE ANUSEM,"=""22270312216""",93 ALAFIA STREET AMUKOKO,,"=""22106766""","=""43672527""","=""10469003""",Personal fixed term loan,2023-06-02 00:00:00,7500.00,8675.00,,0.00,9675.00,NGN,0,Open,2023-07-09 00:00:00,Performing
PATIENCE NWONU,"=""22258179264""",UCHECHUKWU COTTAGE HOSPITAL AND MATERNITY AKU IGBO ETITI,,"=""22107417""","=""44050746""","=""10615039""",Personal fixed term loan,2023-06-16 00:00:00,30000.00,38400.00,,0.00,38400.00,NGN,0,Open,2023-07-16 00:00:00,Performing
GAD OHUKA,"=""22268683683""",2 OLUTAYO STR AGO PALACE WAY OKOTA,,"=""22109874""","=""43839700""","=""10681968""",Personal fixed term loan,2023-06-23 00:00:00,7500.00,9525.00,,0.00,9525.00,NGN,0,Open,2023-07-23 00:00:00,Performing
TAOFEEQ ALADABA,"=""22621265583""",1315 HARMONY ESTATE OKE OLOGUN AGURA GBERIGBE IKORODULAGOS,,"=""22110674""","=""36791632""","=""10715936""",Personal fixed term loan,2023-06-27 00:00:00,15000.00,19300.00,,0.00,19350.00,NGN,0,Open,2023-07-27 00:00:00,Performing
SUNDAY,,NO 7 MUSHAFA LASISI IGBO EFON,,"=""22113584""","=""43852642""","=""10539415""",Personal fixed term loan,2023-06-08 00:00:00,7500.00,9675.00,,0.00,9675.00,NGN,0,Open,2023-07-08 00:00:00,Performing
ADEYINKA KAYODE OJO,"=""22330378286""",7ONIFADE STREETOLOSHA MUSHINLAGOS,,"=""22130430""","=""44065030""","=""10620088""",Personal fixed term loan,2023-06-17 00:00:00,7500.00,9675.00,,0.00,9675.00,NGN,0,Open,2023-07-17 00:00:00,Performing
KAREEMAH OLADOKUNOGUNTOYINBO,"=""22322600685""",ADEKOLA KAREEM CLOSEOLOGUNERU IBADAN,,"=""22131096""","=""44139706""","=""10708389""",Personal fixed term loan,2023-06-26 00:00:00,20000.00,23600.00,,0.00,23600.00,NGN,0,Open,2023-07-11 00:00:00,Performing
Aliyu Mohammed Umaru,"=""22560273601""",FULERE IBARE NEAR BOREHOLE YOLA ADAMAWA STATE,"=""07037274700""","=""22078820""","=""40225709""","=""10581367""",Personal fixed term loan,2023-06-13 00:00:00,20000.00,25800.00,,0.00,25800.00,NGN,0,Open,2023-07-13 00:00:00,Performing
JEMIMAH OLANIYI,"=""22475250276""",WUSASA,,"=""22097640""","=""43871467""","=""10546358""",Personal fixed term loan,2023-06-09 00:00:00,7500.00,9675.00,,0.00,9675.00,NGN,0,Open,2023-07-09 00:00:00,Performing
OLUSEYI RICHARD,"=""22325523910""",1 SAIDAT OLAIYA STREET AROLAMBO INSIDE MATOGUN OKEARO,,"=""22097838""","=""25783243""","=""10719592""",Personal fixed term loan,2023-06-27 00:00:00,20000.00,24800.00,,0.00,25800.00,NGN,0,Open,2023-07-27 00:00:00,Performing
OLUWAKEMI OLUWAGBOGO,,NSCDC NATIONAL HEADQUARTERS  SAUKA  AIRPORT ROAD,"=""08104048589""","=""22100431""","=""6332594""","=""10157451""",Personal fixed term loan,2023-05-02 00:00:00,10000.00,0.00,,0.00,11500.00,NGN,0,Closed,2023-05-17 00:00:00,Performing
EMMANUEL ONJEWU,"=""22147128283""",104 AINA ROAD AGILITI MILE 12,,"=""22102033""","=""43963287""","=""10580073""",Personal fixed term loan,2023-06-13 00:00:00,30000.00,37500.00,,0.00,37500.00,NGN,0,Open,2023-07-13 00:00:00,Performing
CHIAMAKA EBUGOSI,"=""22255298386""",28 SOLOMON EKE STR NVUIGWE WOJI PHC,,"=""22102303""","=""44126655""","=""10644256""",Personal fixed term loan,2023-06-19 00:00:00,20000.00,23000.00,,0.00,23000.00,NGN,0,Open,2023-07-04 00:00:00,Performing
DIVINE ARTHUR,"=""22696361236""",NO 18 ETIM EFFIOM STREET OFF YELLOW DUKE,,"=""22107700""","=""44052888""","=""10733986""",Personal fixed term loan,2023-06-29 00:00:00,5000.00,5985.00,,0.00,5985.00,NGN,0,Open,2023-07-14 00:00:00,Performing
EBUBE OJIELO,"=""22542362574""",9th mile,"=""09079821633""","=""22108170""","=""43817370""","=""10525050""",Personal fixed term loan,2023-06-07 00:00:00,20000.00,15900.00,,0.00,25800.00,NGN,0,Open,2023-07-07 00:00:00,Performing
MOHAMMED BALA,"=""22459602606""",13 STEVE AGWAI STR OLOKUNLA BS AJAH TOWN ETIOSA,,"=""22108219""","=""42847491""","=""10493417""",Personal fixed term loan,2023-06-04 00:00:00,30000.00,0.00,,0.00,37500.00,NGN,0,Closed,2023-07-04 00:00:00,Performing
SEYI ADEWOYE,"=""22292926860""",374 ABEOKUTA EXPRESS WAY ABULE EGBA LAGOS,,"=""22108370""","=""43659373""","=""10613937""",Personal fixed term loan,2023-06-16 00:00:00,7500.00,9525.00,,0.00,9525.00,NGN,0,Open,2023-07-16 00:00:00,Performing
KENECHI UGWU,"=""22217800118""",4 technical road iriebe Oyigbo Rivers State,,"=""22109421""","=""43798894""","=""10519899""",Personal fixed term loan,2023-06-07 00:00:00,7500.00,9675.00,,0.00,9675.00,NGN,0,Open,2023-07-07 00:00:00,Performing
REBECCA ADENIJI,"=""22477507776""",HOLINESS SECRETARIAT CAMOUS AREA ILESA,,"=""22110842""","=""27344401""","=""10707164""",Personal fixed term loan,2023-06-26 00:00:00,5000.00,5810.00,,0.00,5810.00,NGN,0,Open,2023-07-11 00:00:00,Performing
JOHN OTUMU,,17 OPERE STREET FOLA SOMOLU,,"=""22111193""","=""5552656""","=""10612775""",Personal fixed term loan,2023-06-16 00:00:00,30000.00,38400.00,,0.00,38400.00,NGN,0,Open,2023-07-16 00:00:00,Performing
PAUL OJO,"=""22509110549""",PLOT 10 CHURCH CLOSE ALAKUKO LAGOS,,"=""22112144""","=""43739329""","=""10495928""",Personal fixed term loan,2023-06-04 00:00:00,30000.00,0.00,,0.00,38400.00,NGN,0,Closed,2023-07-04 00:00:00,Performing
AYOOLA JAMES,"=""22459881182""",NO 58 PIPELINE ROAD OKE OBA,,"=""22127941""","=""43743689""","=""10505263""",Personal fixed term loan,2023-06-05 00:00:00,20000.00,25800.00,,0.00,25800.00,NGN,0,Open,2023-07-05 00:00:00,Performing
PRINCE ENEOGWE,,Port Harcourt Rd Umu Mba 450103 Aba Abia Nigeria,"=""09034996329""","=""22130362""","=""43753780""","=""10501142""",Personal fixed term loan,2023-06-05 00:00:00,20000.00,,,0.00,25800.00,NGN,0,Open,2023-07-12 00:00:00,Performing
NOBLE EPHRAIM,"=""22700516519""",NO 78 ITU ROAD,,"=""22132334""","=""43647901""","=""10457728""",Personal fixed term loan,2023-06-01 00:00:00,7500.00,6000.00,,6000.00,9675.00,NGN,3,Open,2023-07-01 00:00:00,Watchlist
onyeka eze,,35 shola daniel street oshodi,,"=""22104344""","=""687186""","=""10578143""",Personal fixed term loan,2023-06-13 00:00:00,7500.00,0.00,,0.00,9525.00,NGN,0,Closed,2023-07-13 00:00:00,Performing
BLESSING SYLVANUS,"=""22333063714""",H 2 DONBEN STR TANCHOL GYEL,,"=""22105516""","=""43787421""","=""10527583""",Personal fixed term loan,2023-06-07 00:00:00,7500.00,9525.00,,0.00,9525.00,NGN,0,Open,2023-07-07 00:00:00,Performing
odikpo ofozor,"=""22382176931""",14 15 Prince Alaba Oniru Road Victoria Island,,"=""22108567""","=""12384262""","=""10693155""",Personal fixed term loan,2023-06-24 00:00:00,20000.00,23600.00,,0.00,23600.00,NGN,0,Open,2023-07-09 00:00:00,Performing
DANIEL AIGBE,"=""22264118303""",SCHOOL GATE OFF IWEREKUN COMUNETY SCHOOL ROAD LAKOWE Ibeju,,"=""22109310""","=""8311573""","=""10640747""",Personal fixed term loan,2023-06-19 00:00:00,30000.00,0.00,,0.00,35910.00,NGN,0,Closed,2023-07-04 00:00:00,Performing
DANIEL AIGBE,"=""22264118303""",SCHOOL GATE OFF IWEREKUN COMUNETY SCHOOL ROAD LAKOWE Ibeju,,"=""22109310""","=""8311573""","=""20566488""",Personal fixed term loan,2021-02-08 00:00:00,40000.00,0.00,,0.00,51200.00,NGN,0,Closed,2021-03-10 00:00:00,Performing
DOOBEE EDWARD,,NEW NYAYA ABUJA,,"=""22109474""","=""741871""","=""10541113""",Personal fixed term loan,2023-06-09 00:00:00,7500.00,0.00,,0.00,8850.00,NGN,0,Closed,2023-06-24 00:00:00,Performing
TOCHUKWU AKAGHA,,BAGUSA DEIDEI ABUJA FCT,,"=""22110496""","=""43650316""","=""10459292""",Personal fixed term loan,2023-06-01 00:00:00,20000.00,25400.00,,25400.00,25400.00,NGN,3,Open,2023-07-01 00:00:00,Watchlist
BERNARD NWOLISA,,Not Available,,"=""22111882""","=""13987984""","=""10649507""",Personal fixed term loan,2023-06-20 00:00:00,7500.00,0.00,,0.00,9525.00,NGN,0,Closed,2023-07-20 00:00:00,Performing
KEHINDE ARAOYE,"=""22274624575""",300 AGEGE MOTOR ROAD MUSHIN,,"=""22113747""","=""44372680""","=""10738482""",Personal fixed term loan,2023-06-29 00:00:00,7500.00,9675.00,,0.00,9675.00,NGN,0,Open,2023-07-29 00:00:00,Performing
BUKOLA OGUNJOBI,,NO 15 BESIDE FAMOKO HOSPITAL JIMOH AJANI ISAGUNA J  P MONI,"=""08074319016""","=""22125872""","=""36120971""","=""10729699""",Personal fixed term loan,2023-06-28 00:00:00,20000.00,0.00,,0.00,25800.00,NGN,0,Closed,2023-07-28 00:00:00,Performing
KENNETH NWACHUKWU,"=""22355017575""",9 ACHI AV BY AZUKA EXT,,"=""22128537""","=""44164205""","=""10658645""",Personal fixed term loan,2023-06-21 00:00:00,7500.00,8850.00,,0.00,8850.00,NGN,0,Open,2023-07-06 00:00:00,Performing
OZIOMA EZE,"=""22438948077""",2 MOSADOLORUN STREET SARI IGANMU LAGOS,,"=""22130059""","=""36673294""","=""10713325""",Personal fixed term loan,2023-06-26 00:00:00,20000.00,25800.00,,0.00,25800.00,NGN,0,Open,2023-07-26 00:00:00,Performing
ZAKARI ILIYA,"=""22327201120""",Nigeria,,"=""22130952""","=""43558783""","=""10655132""",Personal fixed term loan,2023-06-20 00:00:00,7500.00,0.00,,0.00,8625.00,NGN,0,Closed,2023-07-05 00:00:00,Performing
ADELEKE OWOBAMIRIN,"=""22665421985""",NO 4 GBINDINNINUOLA IDOWN STREET MAGODO BROOKS ESTATE LAGO,,"=""22131831""","=""34752755""","=""10532452""",Personal fixed term loan,2023-06-08 00:00:00,10000.00,12900.00,,0.00,12900.00,NGN,0,Open,2023-07-08 00:00:00,Performing
ESTHER GANIYU,"=""22630405581""",Jimeta Yola Adamawa State,,"=""22131881""","=""43871371""","=""10566253""",Personal fixed term loan,2023-06-11 00:00:00,7500.00,289.00,,289.00,8850.00,NGN,8,Open,2023-06-26 00:00:00,Watchlist
FATAI AKANDE,"=""22271377896""",36 ESISI ROAD OKERE WARRI,,"=""22133324""","=""3676501""","=""10606062""",Personal fixed term loan,2023-06-15 00:00:00,7500.00,9675.00,,0.00,9675.00,NGN,0,Open,2023-07-15 00:00:00,Performing
GIFT OGOH,"=""22174978251""",Chitrus estate opposite chatolic church sabon lugbe Abuja,,"=""22134346""","=""1537295""","=""2007613601""",Personal fixed term loan,2019-10-11 00:00:00,15000.00,0.00,,0.00,18750.00,NGN,0,Closed,2019-11-11 00:00:00,Performing
NNAEMEKA OMATU,"=""22540515082""",7 JOES WARIBI IHIALA,,"=""22101388""","=""43476710""","=""10484807""",Personal fixed term loan,2023-06-03 00:00:00,7500.00,9750.00,,9750.00,9750.00,NGN,1,Open,2023-07-03 00:00:00,Watchlist
KOJO AGBEYENGA,"=""22475111472""",mosafejo ola jesu compound bdg,,"=""22102592""","=""43734168""","=""10493911""",Personal fixed term loan,2023-06-04 00:00:00,20000.00,13787.00,,13787.00,23600.00,NGN,15,Open,2023-06-19 00:00:00,Watchlist
CHINEDU OKENYEKA,"=""22190850906""",OKENYEKA COMP ISIOJO VILLAGE NKPOLOGWU,,"=""22107411""","=""44022405""","=""10610750""",Personal fixed term loan,2023-06-16 00:00:00,10000.00,12800.00,,0.00,12800.00,NGN,0,Open,2023-07-16 00:00:00,Performing
GODSPOWER JOHN,,43 AKENFA 1 ACROSS METAL BRIDGE,,"=""22108522""","=""43869421""","=""10545033""",Personal fixed term loan,2023-06-09 00:00:00,7500.00,0.00,,0.00,9675.00,NGN,0,Closed,2023-07-09 00:00:00,Performing
OLAITAN OGUNTOLU,"=""22376093271""",ARAYO STR AGBADO IJAIYE OGUN,,"=""22108815""","=""40748803""","=""10744979""",Personal fixed term loan,2023-06-30 00:00:00,20000.00,23600.00,,0.00,23600.00,NGN,0,Open,2023-07-15 00:00:00,Performing
AKINLOLU ODEGBENRO,,FLAT 2 OYO PROVINCE 2 RCCG LOTTO MOWE OGUN STATE,,"=""22110773""","=""36208660""","=""10510476""",Personal fixed term loan,2023-06-06 00:00:00,7500.00,9525.00,,0.00,9525.00,NGN,0,Open,2023-07-06 00:00:00,Performing
KELVIN OKOGBA,,57 ADEOLA RD SAPELE,,"=""22111373""","=""44221390""","=""10680856""",Personal fixed term loan,2023-06-23 00:00:00,7500.00,8850.00,,0.00,8850.00,NGN,0,Open,2023-07-08 00:00:00,Performing
OLUWABUSAYOMI AJAYI,"=""22521854526""",351 LARAN QUARTERS IKOTO,,"=""22111480""","=""38989486""","=""10672065""",Personal fixed term loan,2023-06-22 00:00:00,5000.00,5750.00,,0.00,5750.00,NGN,0,Open,2023-07-07 00:00:00,Performing
Lukmon Abdulahi,"=""22230854514""",13 Church Street Off Alafia Road Mushin,,"=""22112620""","=""44171683""","=""10661182""",Personal fixed term loan,2023-06-21 00:00:00,7500.00,8850.00,,0.00,8850.00,NGN,0,Open,2023-07-06 00:00:00,Performing
JANE AMAWU,"=""22480272010""",Nigeria,,"=""22125931""","=""27913103""","=""10631848""",Personal fixed term loan,2023-06-18 00:00:00,7500.00,9750.00,,0.00,9750.00,NGN,0,Open,2023-07-18 00:00:00,Performing
OWOLABI JEJELAYE,"=""22220729170""",10 okunola street agbelekale abule egba,,"=""22126256""","=""44131787""","=""10645660""",Personal fixed term loan,2023-06-20 00:00:00,7500.00,8850.00,,0.00,8850.00,NGN,0,Open,2023-07-05 00:00:00,Performing
ADEWUNMI ADEMOLA,,3 APENA JIMBO STREET EBUTE IKORODU,,"=""22127549""","=""35820632""","=""10690109""",Personal fixed term loan,2023-06-24 00:00:00,20000.00,0.00,,0.00,25800.00,NGN,0,Closed,2023-07-24 00:00:00,Performing
MIRACLE MOSES,"=""22740783542""",5A KING OGAN STREET MARINE BASE PORT HARCOURT RIVERS,,"=""22128135""","=""43645211""","=""10658153""",Personal fixed term loan,2023-06-21 00:00:00,20000.00,25800.00,,0.00,25800.00,NGN,0,Open,2023-07-21 00:00:00,Performing
VICTORIA OYEKAN,"=""22247156562""",1 EMMANUEL CLOSE SANTOS ESTATE AGUDA,,"=""22129982""","=""44159854""","=""10719535""",Personal fixed term loan,2023-06-27 00:00:00,20000.00,25800.00,,0.00,25800.00,NGN,0,Open,2023-07-27 00:00:00,Performing
PETER OKUNLOLA,"=""22468686897""",4 DELE OLATUNJI STR MATERNITY BSTOP IKORODU,,"=""22130400""","=""43988377""","=""10591555""",Personal fixed term loan,2023-06-14 00:00:00,5000.00,6250.00,,0.00,6250.00,NGN,0,Open,2023-07-14 00:00:00,Performing
HEPHZIBAH ROTIMI,"=""22493815990""",no 4 nomansland sabon gari kano,,"=""22130693""","=""44273974""","=""10700263""",Personal fixed term loan,2023-06-25 00:00:00,30000.00,35400.00,,0.00,35400.00,NGN,0,Open,2023-07-10 00:00:00,Performing
CHARITY ONWURAH,"=""22374272742""",Nigeria,,"=""22137270""","=""1125420""","=""3583542""",Personal fixed term loan,2021-04-20 00:00:00,10000.00,12500.00,,12500.00,11000.00,NGN,1754,Open,2021-05-20 00:00:00,Lost
IKPONMWOSA ABEL,,50 SOKPONBA  BENIN CITY,,"=""22097895""","=""43967710""","=""10583020""",Personal fixed term loan,2023-06-13 00:00:00,7500.00,8925.00,,8925.00,8850.00,NGN,6,Open,2023-06-28 00:00:00,Watchlist
HALIMAT IN,,37 AYEGBAJEJE STREET MAJIDUN IKORODU,,"=""22102048""","=""44152146""","=""10654191""",Personal fixed term loan,2023-06-20 00:00:00,7500.00,9675.00,,0.00,9675.00,NGN,0,Open,2023-07-20 00:00:00,Performing
OLOKWU JONAH,,14 EMENWO STRT RUKPOKWU,,"=""22103318""","=""44048100""","=""10615836""",Personal fixed term loan,2023-06-16 00:00:00,7500.00,0.00,,0.00,9675.00,NGN,0,Closed,2023-07-16 00:00:00,Performing
OBOROWARI KIME,"=""22646624165""",OPP HSE 18 PEACE COUR LOKOGOMA Municipal Area Council FCT,,"=""22104513""","=""19062462""","=""10505514""",Personal fixed term loan,2023-06-05 00:00:00,20000.00,25800.00,,0.00,25800.00,NGN,0,Open,2023-07-05 00:00:00,Performing
AFFIONG EDET,"=""22143917540""",15 CHURCH STREET OPEBI IKEJA LAGOS,,"=""22106090""","=""22067322""","=""10711580""",Personal fixed term loan,2023-06-26 00:00:00,5000.00,5985.00,,0.00,5985.00,NGN,0,Open,2023-07-11 00:00:00,Performing
ENIOLA ONAJITE,,29 AMODU STREET IDIOROMUSHIN,,"=""22106885""","=""43174869""","=""10553966""",Personal fixed term loan,2023-06-10 00:00:00,7500.00,9675.00,,0.00,9675.00,NGN,0,Open,2023-07-10 00:00:00,Performing
JOSHUA KIKAPOLLYN,"=""22659067339""",X932X8 Aso Housing Estate Nigeria,,"=""22107262""","=""35288925""","=""10713063""",Personal fixed term loan,2023-06-26 00:00:00,5000.00,6450.00,,0.00,6450.00,NGN,0,Open,2023-07-26 00:00:00,Performing
OGOAMAKA OKEKE,"=""22312925325""",27 ADEBOLA ADEADENUSI STREET SHASHA,,"=""22109327""","=""39122956""","=""10741901""",Personal fixed term loan,2023-06-30 00:00:00,15000.00,3701.00,,0.00,17700.00,NGN,0,Open,2023-07-15 00:00:00,Performing
OLUWAGBENGA ADEBIYI,"=""22180472026""",1EMMANUEL AJIBOSE STREET BARUWA INSIDE,,"=""22110806""","=""43727524""","=""10491581""",Personal fixed term loan,2023-06-04 00:00:00,7500.00,0.00,,0.00,9675.00,NGN,0,Closed,2023-07-04 00:00:00,Performing
YEMISI BOROH,,NO 18 AYEDONGBON STREET ALONGE ISHUTI ROAD,,"=""22112299""","=""43808410""","=""10605062""",Personal fixed term loan,2023-06-15 00:00:00,7500.00,0.00,,0.00,9562.50,NGN,0,Closed,2023-07-15 00:00:00,Performing
ishowo soliu,,no 21 federal low cost estate oloje,,"=""22112978""","=""44202889""","=""10676388""",Personal fixed term loan,2023-06-23 00:00:00,7500.00,8850.00,,0.00,8850.00,NGN,0,Open,2023-07-08 00:00:00,Performing
OKECHUKWU ONYIA,,lekki phase 1,"=""2347083180925""","=""22125903""","=""44022062""","=""10619173""",Personal fixed term loan,2023-06-17 00:00:00,7500.00,9675.00,,0.00,9675.00,NGN,0,Open,2023-07-17 00:00:00,Performing
ESEOGHENE OVWIGHO,"=""22194969925""",NO 8 IKALE EWIL STREET OFF BABATOPE BUSTOP AJAGBADI OJO LA,,"=""22128075""","=""42800900""","=""10598127""",Personal fixed term loan,2023-06-15 00:00:00,20000.00,25800.00,,0.00,25800.00,NGN,0,Open,2023-07-15 00:00:00,Performing
HAPPINESS LUKA,"=""22726227705""",46 CHIEF PALACE ROAD DURUMI 2,,"=""22128954""","=""42132911""","=""10717053""",Personal fixed term loan,2023-06-27 00:00:00,17500.00,27230.00,,0.00,9077.00,NGN,0,Open,2023-09-25 00:00:00,Performing
ALIU YEKINI,"=""22406581633""",54 ABANISHE STR AGODO EGBE LAGOS,,"=""22130549""","=""5896724""","=""10554245""",Personal fixed term loan,2023-06-10 00:00:00,5000.00,0.00,,0.00,6000.00,NGN,0,Closed,2023-06-25 00:00:00,Performing
IYABO SULAIMON,,41 POGBE STRT SHIBIRI IMUDE,,"=""22131219""","=""44270668""","=""10712373""",Personal fixed term loan,2023-06-26 00:00:00,7500.00,8625.00,,0.00,8625.00,NGN,0,Open,2023-07-11 00:00:00,Performing
OGHENEYOMA EFEYA,"=""22649566000""",UGBERIKOKO ROAD SAPELE,,"=""22132698""","=""44281415""","=""10703198""",Personal fixed term loan,2023-06-25 00:00:00,5000.00,5900.00,,0.00,5900.00,NGN,0,Open,2023-07-10 00:00:00,Performing
UFUOMA MAJOR,"=""22723358767""",NO 10 SEDECO WARRI,,"=""22098124""","=""44045438""","=""10612539""",Personal fixed term loan,2023-06-16 00:00:00,7500.00,9675.00,,0.00,9675.00,NGN,0,Open,2023-07-16 00:00:00,Performing
daniel aghanemuzor,,37 apostolic street igbesamwan street,,"=""22099128""","=""44373461""","=""10739201""",Personal fixed term loan,2023-06-29 00:00:00,20000.00,25800.00,,0.00,25800.00,NGN,0,Open,2023-07-29 00:00:00,Performing
KOFOWOROLA OSEWA,"=""22658581469""",no19 anifaloba street baby o ado ota,,"=""22101868""","=""43984248""","=""10588203""",Personal fixed term loan,2023-06-14 00:00:00,10000.00,12800.00,,0.00,12800.00,NGN,0,Open,2023-07-14 00:00:00,Performing
CHIDI ADIKAIBE,"=""22346300930""",26 ILORIN STREET IREAKARI ESTATE ISOLO LAGOS,,"=""22104242""","=""43614222""","=""10466528""",Personal fixed term loan,2023-06-01 00:00:00,7500.00,9675.00,,0.00,9675.00,NGN,0,Open,2023-07-16 00:00:00,Performing
ABDU IBRAHIM,"=""22438543074""",TAKAN DANGIWA TORO LGA,,"=""22104540""","=""42642843""","=""10605128""",Personal fixed term loan,2023-06-15 00:00:00,5000.00,6375.00,,0.00,6375.00,NGN,0,Open,2023-07-15 00:00:00,Performing
KEMISOLA ADENIYI,"=""22464437332""",LUGBE Municipal Area Council FCT,,"=""22105110""","=""7230570""","=""10664493""",Personal fixed term loan,2023-06-21 00:00:00,2500.00,0.00,,0.00,3000.00,NGN,0,Closed,2023-07-06 00:00:00,Performing
KEMISOLA ADENIYI,"=""22464437332""",LUGBE Municipal Area Council FCT,,"=""22105110""","=""7230570""","=""10705079""",Personal fixed term loan,2023-06-26 00:00:00,2500.00,0.00,,0.00,3037.50,NGN,0,Closed,2023-07-11 00:00:00,Performing
KEMISOLA ADENIYI,"=""22464437332""",LUGBE Municipal Area Council FCT,,"=""22105110""","=""7230570""","=""10738145""",Personal fixed term loan,2023-06-29 00:00:00,2500.00,0.00,,0.00,3037.50,NGN,0,Closed,2023-07-14 00:00:00,Performing
NZUBECHUKWU ONWE,"=""22455489434""",DUSTE BMUKO FORMER KALI BLOCK INDUSTRY,,"=""22108535""","=""43983601""","=""10587923""",Personal fixed term loan,2023-06-14 00:00:00,7500.00,9675.00,,0.00,9675.00,NGN,0,Open,2023-07-14 00:00:00,Performing
SUNDAY GODWIN,,24 ISHOLA DANIEL STREET OSHODI,,"=""22109407""","=""43649527""","=""10728008""",Personal fixed term loan,2023-06-28 00:00:00,20000.00,25800.00,,0.00,25800.00,NGN,0,Open,2023-07-28 00:00:00,Performing
salihu yakubu,,satellite townlagos,,"=""22109905""","=""44179927""","=""10699867""",Personal fixed term loan,2023-06-25 00:00:00,30000.00,0.00,,0.00,38400.00,NGN,0,Closed,2023-07-25 00:00:00,Performing
ISIOMA OKONKWO,"=""22647142725""",10 SPRING AVENUE LURI BUS STOP,,"=""22111828""","=""43947616""","=""10574715""",Personal fixed term loan,2023-06-12 00:00:00,7500.00,4675.00,,0.00,9675.00,NGN,0,Open,2023-07-12 00:00:00,Performing
BALIKIS  SHOLANKE,"=""22347079435""",BLK 324 FLT 6 JAKANDE ESTATE OJA BUS STOP OKEAFA,,"=""22112900""","=""43795507""","=""10718581""",Personal fixed term loan,2023-06-27 00:00:00,7500.00,8850.00,,0.00,8850.00,NGN,0,Open,2023-07-12 00:00:00,Performing
MARY JOHNWARRI,"=""22721665025""",Oginibo Town,"=""09133838996""","=""22125481""","=""43541108""","=""10720104""",Personal fixed term loan,2023-06-27 00:00:00,7500.00,9525.00,,0.00,9525.00,NGN,0,Open,2023-07-27 00:00:00,Performing
MORUFU GANIYU,,1SIGNBORAD BUS STOP ADDO ROAD,,"=""22127855""","=""42036164""","=""10720561""",Personal fixed term loan,2023-06-27 00:00:00,7500.00,9675.00,,0.00,9675.00,NGN,0,Open,2023-07-27 00:00:00,Performing
CLEVER AHIAKWO,"=""22632221219""",Hallmark Avenue 1820 ONELGA 510103 Omoku Nigeria,,"=""22130680""","=""44254036""","=""10693136""",Personal fixed term loan,2023-06-24 00:00:00,15000.00,17700.00,,0.00,17700.00,NGN,0,Open,2023-07-09 00:00:00,Performing
OSAHENI IDEMUDIA,"=""22395131561""",16 BOUNDARY ROAD UTAGBAN BENIN CITY,,"=""22131799""","=""44265254""","=""10701316""",Personal fixed term loan,2023-06-25 00:00:00,7500.00,9675.00,,0.00,9675.00,NGN,0,Open,2023-07-25 00:00:00,Performing
ROSELINE JIMMY,"=""22323703767""",NO 2 ESSIEN ESSIE AVENUE,,"=""22097283""","=""44085219""","=""10628312""",Personal fixed term loan,2023-06-18 00:00:00,7500.00,9525.00,,0.00,9525.00,NGN,0,Open,2023-07-18 00:00:00,Performing
MABEL OSARENKHOE,"=""22623683642""",City of God Hostel 1T4 road ekpoma,,"=""22097994""","=""43049816""","=""10710991""",Personal fixed term loan,2023-06-26 00:00:00,10000.00,12500.00,,0.00,12500.00,NGN,0,Open,2023-07-26 00:00:00,Performing
PATRICK MISIHO,,OWODE APA,,"=""22101981""","=""44002575""","=""10595865""",Personal fixed term loan,2023-06-14 00:00:00,20000.00,25400.00,,0.00,25400.00,NGN,0,Open,2023-07-14 00:00:00,Performing
SHUAIBU ILIYASU,"=""22584137211""",NO 13 LERE STREET KAWO NEW EXTENSION KADUNA,,"=""22102831""","=""5539668""","=""10690058""",Personal fixed term loan,2023-06-24 00:00:00,5000.00,0.00,,0.00,6000.00,NGN,0,Closed,2023-07-09 00:00:00,Performing
CHINWENDU AFAMEFUNA,,NO 22 UMUOGIDO IGBOETCHE,,"=""22103092""","=""43829184""","=""10529195""",Personal fixed term loan,2023-06-07 00:00:00,30000.00,0.00,,0.00,38400.00,NGN,0,Closed,2023-07-07 00:00:00,Performing
SHALOM AUGUSTINE,,27 OVI STREET OPETE DELTA STATE,,"=""22104028""","=""44101224""","=""10691939""",Personal fixed term loan,2023-06-24 00:00:00,10000.00,6900.00,,0.00,12900.00,NGN,0,Open,2023-07-24 00:00:00,Performing
RACHEAL ALESANMI,"=""22397987968""",03 OLUSANYA STREET IYANA IPAJA BUS STOP ABORU LAGOS,,"=""22105432""","=""44158434""","=""10655849""",Personal fixed term loan,2023-06-21 00:00:00,30000.00,19450.00,,0.00,38400.00,NGN,0,Open,2023-07-21 00:00:00,Performing
DORIS ORIAKU,,CHIKEKA ERNESTS HOUSE UMUAKAL NZE OWERRI,,"=""22105725""","=""1121787""","=""10571112""",Personal fixed term loan,2023-06-12 00:00:00,20000.00,25800.00,,0.00,25800.00,NGN,0,Open,2023-07-12 00:00:00,Performing
CHRISTABEL OGARAM,"=""22709138314""",EMEKE AGBALA OWERRI NORTH,,"=""22105832""","=""44219286""","=""10680093""",Personal fixed term loan,2023-06-23 00:00:00,7500.00,9675.00,,0.00,9675.00,NGN,0,Open,2023-07-23 00:00:00,Performing
Prince Ogbonna,"=""22495975272""",Akabor Village Umudim Nnewi,,"=""22106818""","=""42234699""","=""10560194""",Personal fixed term loan,2023-06-10 00:00:00,5000.00,54.00,,54.00,5900.00,NGN,9,Open,2023-06-25 00:00:00,Watchlist
UCHE  ABILI,,NO 12 MOROFOLA IJANIKIN,,"=""22108515""","=""43789015""","=""10514261""",Personal fixed term loan,2023-06-06 00:00:00,30000.00,38400.00,,0.00,38400.00,NGN,0,Open,2023-07-06 00:00:00,Performing
UJU ODOGO,,ALBA ALFA AGBOOLA GBEKUBA IB,,"=""22109919""","=""6303727""","=""10573212""",Personal fixed term loan,2023-06-12 00:00:00,20000.00,25800.00,,0.00,25800.00,NGN,0,Open,2023-07-12 00:00:00,Performing
BASIL OGUGUA,"=""22529557157""",4 AYEDUN STREET IDIROKO,,"=""22109976""","=""42780991""","=""10649427""",Personal fixed term loan,2023-06-20 00:00:00,7500.00,8850.00,,0.00,8850.00,NGN,0,Open,2023-07-05 00:00:00,Performing
SANI ABDULKADIR,"=""22550048613""",GANGARA TOWN,,"=""22112902""","=""43806577""","=""10710869""",Personal fixed term loan,2023-06-26 00:00:00,5000.00,6000.00,,0.00,6000.00,NGN,0,Open,2023-07-11 00:00:00,Performing
SODEEK GASALI,"=""22413494894""",OPPOSITE PLOICE STATION TUDUNWADA VILLAGE LUGBE,,"=""22125245""","=""37392317""","=""10503325""",Personal fixed term loan,2023-06-05 00:00:00,30000.00,0.00,,0.00,38400.00,NGN,0,Closed,2023-07-05 00:00:00,Performing
TAIWO OKUNOLA,"=""22677175946""",SOMUYIWA COMP ISABO,,"=""22127185""","=""44111336""","=""10638397""",Personal fixed term loan,2023-06-19 00:00:00,7500.00,9175.00,,0.00,9675.00,NGN,0,Open,2023-07-19 00:00:00,Performing
warris olateju,"=""22452548927""",iot ilorin,,"=""22132090""","=""1595729""","=""10637060""",Personal fixed term loan,2023-06-19 00:00:00,20000.00,24400.00,,0.00,25400.00,NGN,0,Open,2023-07-19 00:00:00,Performing
ANKIT GUPTA,"=""22657575391""",THE MEWS 12 GERRARD ROAD IKOYI LAGOS,,"=""22132840""","=""8003210""","=""10657861""",Personal fixed term loan,2023-06-21 00:00:00,600000.00,0.00,,0.00,87500.00,NGN,0,Closed,2024-06-15 00:00:00,Performing
Temitope Olawale Tosin,"=""22459685344""",No 23b church street abosede aro bus stop abesan estate,,"=""22076976""","=""845051""","=""2209082076""",Personal fixed term loan,2019-08-12 00:00:00,1500.00,0.00,,0.00,1950.00,NGN,0,Open,2019-09-11 00:00:00,Performing
INNOCENT OSUOTO,"=""22315303577""",AYAMAHS COMPOUND ZARAMA EPIE,,"=""22097631""","=""43800637""","=""10652617""",Personal fixed term loan,2023-06-20 00:00:00,7500.00,9675.00,,0.00,9675.00,NGN,0,Open,2023-07-20 00:00:00,Performing
PRAISE USHANA,"=""22734516790""",NO 25 OLD MARKET LANE BENDEGHE EKIEM ETUNG LGA CROSS RIVER,,"=""22099217""","=""43040240""","=""10654957""",Personal fixed term loan,2023-06-20 00:00:00,10000.00,12650.00,,0.00,12650.00,NGN,0,Open,2023-07-20 00:00:00,Performing
SOLOMON IKE,,IHEAKPU AWKA,,"=""22102912""","=""43127283""","=""10556146""",Personal fixed term loan,2023-06-10 00:00:00,7500.00,0.00,,0.00,9675.00,NGN,0,Closed,2023-07-10 00:00:00,Performing
MOMOSANI YAHAYA,"=""22601622111""",MAMMAN NASIR ASOKORO ABUJA,,"=""22103012""","=""44368164""","=""10745313""",Personal fixed term loan,2023-06-30 00:00:00,7500.00,9675.00,,0.00,9675.00,NGN,0,Open,2023-07-30 00:00:00,Performing
IBUKUNOLUWA ADELEKE,"=""22538498579""",OLODO OLOJO APETE IBADAN,,"=""22103247""","=""44176284""","=""10744334""",Personal fixed term loan,2023-06-30 00:00:00,10000.00,12750.00,,0.00,12750.00,NGN,0,Open,2023-07-30 00:00:00,Performing
RAPHEAL ODEBODE,"=""22618151295""",NO 21 OGERETEDO STR OFF ALUMINIUM VILLAGE DOPEMU,,"=""22105470""","=""43907145""","=""10564958""",Personal fixed term loan,2023-06-11 00:00:00,7500.00,0.00,,0.00,8625.00,NGN,0,Closed,2023-06-26 00:00:00,Performing
EMOBWEJUAH TIFWA,"=""22623249088""",POLY SECONDARY SCHOOL IDAH LG,,"=""22105605""","=""36010929""","=""10636086""",Personal fixed term loan,2023-06-19 00:00:00,5000.00,6375.00,,0.00,6375.00,NGN,0,Open,2023-08-09 00:00:00,Performing
OSCAR OBOH,"=""22730999416""",NO 40 AWHINAWHI STREET UGHELLI,,"=""22107091""","=""44059134""","=""10617968""",Personal fixed term loan,2023-06-17 00:00:00,7500.00,9675.00,,0.00,9675.00,NGN,0,Open,2023-07-17 00:00:00,Performing
DORCAS HAMMED,"=""22528995280""",ILE ADU AKUNKO OGBOMOSHO,,"=""22107242""","=""44272008""","=""10723269""",Personal fixed term loan,2023-06-27 00:00:00,5000.00,6375.00,,0.00,6375.00,NGN,0,Open,2023-07-27 00:00:00,Performing
PRECIOUS BANJO,"=""22608026550""",4 BESIDE FOUNTAIN NUR AND PRY SCH TOKOTAYA STREET AREGBE O,,"=""22107891""","=""44066526""","=""10620765""",Personal fixed term loan,2023-06-17 00:00:00,5000.00,5900.00,,5900.00,5900.00,NGN,2,Open,2023-07-02 00:00:00,Watchlist
ABIMBOLA WILSON,,IDI ARUNRE,,"=""22109763""","=""44079052""","=""10625863""",Personal fixed term loan,2023-06-17 00:00:00,20000.00,25400.00,,0.00,25400.00,NGN,0,Open,2023-07-17 00:00:00,Performing
YETUNDE OYATAYO,"=""22326665682""",14 IDERA STREET IKORODU ROAD  Kosofe Lagos State,,"=""22111035""","=""18059671""","=""10498460""",Personal fixed term loan,2023-06-04 00:00:00,7500.00,0.00,,0.00,9675.00,NGN,0,Closed,2023-07-04 00:00:00,Performing
EMMANUEL ATILA,"=""22377390322""",ATILA COMPOUND  IJEGUN EGBA JETTY IBESHE SEA BEACH AMUWO O,,"=""22113607""","=""21221728""","=""10557849""",Personal fixed term loan,2023-06-10 00:00:00,7500.00,9131.00,,0.00,9131.25,NGN,0,Open,2023-07-10 00:00:00,Performing
BLESSING IKECHUKWU,"=""22521642116""",FUE ZARIA,,"=""22124739""","=""43793738""","=""10516100""",Personal fixed term loan,2023-06-06 00:00:00,30000.00,1400.00,,0.00,38400.00,NGN,0,Open,2023-07-06 00:00:00,Performing
OSAKPAMWAN OTASOWIE,"=""22487301135""",Ekhorutomwen St Uselu 302117 Benin City Nigeria,,"=""22126025""","=""43430948""","=""10663714""",Personal fixed term loan,2023-06-21 00:00:00,7500.00,8850.00,,0.00,8850.00,NGN,0,Open,2023-07-06 00:00:00,Performing
OPEYEMI EBIWONJUMI,,12 AKINWUMI STREET PAPA AJAO MUSHIN,,"=""22129969""","=""44091769""","=""10648623""",Personal fixed term loan,2023-06-20 00:00:00,30000.00,38400.00,,0.00,38400.00,NGN,0,Open,2023-07-20 00:00:00,Performing
Juliet,"=""22346543023""",OLUMO ROAD KOKO BEACH,,"=""21971614""","=""43007324""","=""10505553""",Personal fixed term loan,2023-06-05 00:00:00,7500.00,9675.00,,0.00,9675.00,NGN,0,Open,2023-07-05 00:00:00,Performing
Oluwatoyin Amoo Deborah,"=""22311876527""",74 maitama sule road abuja,,"=""22053663""","=""10171456""","=""3167394153""",Personal fixed term loan,2020-12-15 00:00:00,10000.00,11950.00,,11950.00,13000.00,NGN,991,Open,2021-01-14 00:00:00,Lost
IFEOLUWA KEHINDE,,DEBORAH HSE BHD WHITE HSE UNDER G AREA OGBOMOSHO NORTH,,"=""22098580""","=""1158605""","=""10583859""",Personal fixed term loan,2023-06-13 00:00:00,100000.00,0.00,,0.00,91080.00,NGN,0,Closed,2023-09-11 00:00:00,Performing
EZEKIEL ZEKERI,"=""22695667630""",2 TRANSFORMER ILAJE AJAH,,"=""22100384""","=""43722590""","=""10490337""",Personal fixed term loan,2023-06-03 00:00:00,5000.00,6450.00,,6450.00,6450.00,NGN,1,Open,2023-07-03 00:00:00,Watchlist
JEREMIAH HASKE,"=""22360338775""",TUDUN WADA COCIN CHURCH MADOJOS,,"=""22101263""","=""44164025""","=""10679135""",Personal fixed term loan,2023-06-23 00:00:00,7500.00,7675.00,,0.00,9675.00,NGN,0,Open,2023-07-23 00:00:00,Performing
RACHAEL AFOLABI,"=""22357221691""",13 DIVINE AVENUE WEIGH BRIDGE OWODE ONIRIN IKORODU,,"=""22103324""","=""44102319""","=""10648018""",Personal fixed term loan,2023-06-20 00:00:00,30000.00,37500.00,,0.00,37500.00,NGN,0,Open,2023-07-20 00:00:00,Performing
IFEANYICHUKWU PIUS,"=""22633753106""",NO 11 ULEANYA STREET OFF FAULKS ROAD ABA,,"=""22103403""","=""44141907""","=""10657572""",Personal fixed term loan,2023-06-21 00:00:00,7500.00,8850.00,,0.00,8850.00,NGN,0,Open,2023-07-06 00:00:00,Performing
MICHAEL AFOLABI,,ELEBOLO STREET AJIA AREA IBADAN,"=""08080542916""","=""22104003""","=""40819674""","=""10561023""",Personal fixed term loan,2023-06-11 00:00:00,7500.00,0.00,,0.00,9675.00,NGN,0,Closed,2023-07-11 00:00:00,Performing
Kenneth Uche,"=""22702340277""",144 New Umuahia Road Off Ogbor Hill Aba,,"=""22104914""","=""43577334""","=""10744822""",Personal fixed term loan,2023-06-30 00:00:00,7500.00,8850.00,,0.00,8850.00,NGN,0,Open,2023-07-15 00:00:00,Performing
LUCKY BELLO,,23 MAKINDE STREET ALAGBADO,,"=""22105489""","=""28690155""","=""10557757""",Personal fixed term loan,2023-06-10 00:00:00,30000.00,0.00,,0.00,38400.00,NGN,0,Closed,2023-07-10 00:00:00,Performing
opeyemi yusuf,"=""22538672021""",7 OLANIYI CLOSE OFF AKANDE STREET,,"=""22106000""","=""43345212""","=""10538027""",Personal fixed term loan,2023-06-08 00:00:00,7500.00,9675.00,,0.00,9675.00,NGN,0,Open,2023-07-08 00:00:00,Performing
SOLOMON JEJELAYE,,40,,"=""22107093""","=""44073795""","=""10623690""",Personal fixed term loan,2023-06-17 00:00:00,7500.00,9675.00,,0.00,9675.00,NGN,0,Open,2023-07-17 00:00:00,Performing
TAYO ADESHOPE,,1 BABS ONI STREET IJESHA,,"=""22107386""","=""43699410""","=""10683931""",Personal fixed term loan,2023-06-23 00:00:00,20000.00,25800.00,,0.00,25800.00,NGN,0,Open,2023-07-23 00:00:00,Performing
OJEKHIDE A ALUBIAGBA,,NO6 ELETU IJEDE IKORODU LAGOS IKORODU,,"=""22124727""","=""5972987""","=""10141623""",Personal fixed term loan,2023-05-01 00:00:00,15000.00,0.00,,0.00,19350.00,NGN,0,Closed,2023-05-31 00:00:00,Performing
UGOCHI UKAH,"=""22262703279""",39 FASHINRO STREET MAZA MAZA,,"=""22128192""","=""44125553""","=""10651811""",Personal fixed term loan,2023-06-20 00:00:00,7500.00,9675.00,,0.00,9675.00,NGN,0,Open,2023-07-20 00:00:00,Performing
EMMANUEL KPAGBAN,"=""22212290545""",156B AWOLOWO WAY IKEJA,,"=""22131204""","=""43908464""","=""10595990""",Personal fixed term loan,2023-06-14 00:00:00,20000.00,25800.00,,0.00,25800.00,NGN,0,Open,2023-07-14 00:00:00,Performing
ROSE CHIBUEZE,"=""22683577767""",AGBA SITE ETITIAMA NKPORO,,"=""22131336""","=""43868294""","=""10634112""",Personal fixed term loan,2023-06-18 00:00:00,5000.00,6450.00,,0.00,6450.00,NGN,0,Open,2023-07-18 00:00:00,Performing
EBUBE ALOZIE,"=""22696216682""",NO 2 ROUND ABOUT NAZE,,"=""22131697""","=""43484822""","=""10565083""",Personal fixed term loan,2023-06-11 00:00:00,7500.00,9525.00,,0.00,9525.00,NGN,0,Open,2023-07-11 00:00:00,Performing
ABORISADE OPEOLUWA,,23 ONIFADE STREET OLOSA MUSHIN Mushin Lagos State,,"=""22052796""","=""3974883""","=""10684560""",Personal fixed term loan,2023-06-23 00:00:00,7500.00,8850.00,,0.00,8850.00,NGN,0,Open,2023-07-08 00:00:00,Performing
NURUDEEN TIJANI,"=""22326777503""",Igbatoro akure ondo state Nigeria,"=""08037467573""","=""22098622""","=""42390818""","=""10552655""",Personal fixed term loan,2023-06-10 00:00:00,15000.00,19050.00,,0.00,19050.00,NGN,0,Open,2023-07-10 00:00:00,Performing
MUFTAU ADEGBOYEGAALLI,"=""22466302375""",AYANDELE COMPOUND OLUGBON AREA,,"=""22099826""","=""44189672""","=""10720064""",Personal fixed term loan,2023-06-27 00:00:00,7500.00,8978.00,,0.00,8977.50,NGN,0,Open,2023-07-12 00:00:00,Performing
YUSUF MUHAMMAD,"=""22458041811""",MALLAM GABDO STREET CLOSE TO ZAHRA CLINIC JALINGO,,"=""22100119""","=""1720427""","=""10634528""",Personal fixed term loan,2023-06-18 00:00:00,12500.00,14750.00,,14750.00,14750.00,NGN,1,Open,2023-07-03 00:00:00,Watchlist
IBRAHIM ABDULLAHI,"=""22388548572""",HOUSE NO 24 EMIR HARUNA ROAD BIRNIN KEBBI,,"=""22102868""","=""42531882""","=""10686049""",Personal fixed term loan,2023-06-23 00:00:00,7500.00,8850.00,,0.00,8850.00,NGN,0,Open,2023-07-08 00:00:00,Performing
GOODNESS PETERS,,47 IGBOUKWU STREET D LINE,,"=""22103166""","=""44290266""","=""10730198""",Personal fixed term loan,2023-06-28 00:00:00,12500.00,16125.00,,0.00,16125.00,NGN,0,Open,2023-07-28 00:00:00,Performing
ADEDOYIN JEJE,"=""22544097281""",NO 2 YEMKEM STREET IWOROKO EKITI,,"=""22105331""","=""43540164""","=""10467031""",Personal fixed term loan,2023-06-01 00:00:00,7500.00,9650.00,,9650.00,9675.00,NGN,3,Open,2023-07-01 00:00:00,Watchlist
Akorede Quadri,"=""22518595108""",mr Christopher compound umuchiana village ekwulobia,,"=""22109216""","=""44325331""","=""10720220""",Personal fixed term loan,2023-06-27 00:00:00,5000.00,1350.00,,0.00,6350.00,NGN,0,Open,2023-07-27 00:00:00,Performing
BUKOLA ADENUOYE,"=""22679320751""",3 MILITARY STREET OBALENDE LAGOS STATE,,"=""22109416""","=""43753504""","=""10501463""",Personal fixed term loan,2023-06-05 00:00:00,7500.00,9675.00,,0.00,9675.00,NGN,0,Open,2023-07-05 00:00:00,Performing
RAMOTA OKE,"=""22444495798""",22 KEMIOGUN STREET ELEGA ABEOKUTA,,"=""22109777""","=""44164411""","=""10658490""",Personal fixed term loan,2023-06-21 00:00:00,7500.00,9675.00,,0.00,9675.00,NGN,0,Open,2023-07-21 00:00:00,Performing
NAFISAT MUHAMMAD,"=""22547922595""",BUA CEMENT OKPELLA OKPELLA,,"=""22109786""","=""44229163""","=""10683699""",Personal fixed term loan,2023-06-23 00:00:00,20000.00,25800.00,,0.00,25800.00,NGN,0,Open,2023-07-23 00:00:00,Performing
OLABISI AYOADE,"=""22303713654""",BLK 24 RM 4  OBALENDE POLICE BARRACK ETI OSA,"=""08028192753""","=""22110786""","=""42536245""","=""10570378""",Personal fixed term loan,2023-06-12 00:00:00,7500.00,9675.00,,0.00,9675.00,NGN,0,Open,2023-07-12 00:00:00,Performing
Veronica Foleh,,14 willy stret ujevwu town udu road,,"=""22112360""","=""44268040""","=""10698271""",Personal fixed term loan,2023-06-25 00:00:00,7500.00,9675.00,,0.00,9675.00,NGN,0,Open,2023-07-25 00:00:00,Performing
VICTORIA UDUAK,"=""22282501282""",NO 14 PHILIP ADAH STREET ALODE,,"=""22113453""","=""43817035""","=""10525203""",Personal fixed term loan,2023-06-07 00:00:00,7500.00,2025.00,,0.00,9525.00,NGN,0,Open,2023-07-07 00:00:00,Performing
JOSHUA ACHAZIE,"=""22517288627""",OHAJI,,"=""22113521""","=""43960945""","=""10693018""",Personal fixed term loan,2023-06-24 00:00:00,7500.00,8850.00,,0.00,8850.00,NGN,0,Open,2023-07-09 00:00:00,Performing
CHUKWUDI OKORO,"=""22448655859""",Nigeria,,"=""22125630""","=""43767947""","=""10507278""",Personal fixed term loan,2023-06-05 00:00:00,30000.00,38400.00,,0.00,38400.00,NGN,0,Open,2023-07-05 00:00:00,Performing
CAMILLUS OZOBIALU,"=""22673232876""",24 NWAFOR ORIZU STREET IND LAYT,,"=""22130374""","=""43826779""","=""10528458""",Personal fixed term loan,2023-06-07 00:00:00,5000.00,6450.00,,0.00,6450.00,NGN,0,Open,2023-07-07 00:00:00,Performing
Aruya Raymond Eromonse,"=""22663631773""",Treasure avenue eneka link road no24,"=""08095718559""","=""22081035""","=""36791968""","=""10719058""",Personal fixed term loan,2023-06-27 00:00:00,7500.00,8850.00,,0.00,8850.00,NGN,0,Open,2023-07-12 00:00:00,Performing
CHUKWUEBUKA MATTHEW,"=""22608912349""",GOODLUCK COMP UMUIMEKA OHIYA,,"=""22104032""","=""44379153""","=""10747127""",Personal fixed term loan,2023-06-30 00:00:00,7500.00,1675.00,,0.00,9675.00,NGN,0,Open,2023-07-30 00:00:00,Performing
DANLADI ANTHONY,"=""22395601787""",NO 1 TANKO ORUME CLOSE,,"=""22104231""","=""43385343""","=""10509208""",Personal fixed term loan,2023-06-05 00:00:00,20000.00,0.00,,0.00,25400.00,NGN,0,Closed,2023-07-05 00:00:00,Performing
PRECIOUS ABANG,,8 NJAMAN STREET IGOLI,,"=""22104367""","=""36013953""","=""10680039""",Personal fixed term loan,2023-06-23 00:00:00,10000.00,12900.00,,0.00,12900.00,NGN,0,Open,2023-07-23 00:00:00,Performing
UZOCHI URASI,"=""22455929460""",11 OMUIGWE STREET ALUU RIVERS STATE,,"=""22104482""","=""44115033""","=""10721488""",Personal fixed term loan,2023-06-27 00:00:00,7500.00,9675.00,,0.00,9675.00,NGN,0,Open,2023-07-27 00:00:00,Performing
IBRAHIM ABUBAKAR,,DORAYI KANO,,"=""22106354""","=""44120940""","=""10642086""",Personal fixed term loan,2023-06-19 00:00:00,5000.00,0.00,,0.00,6000.00,NGN,0,Closed,2023-07-04 00:00:00,Performing
KEHINDE OKE,"=""22151211669""",Nigeria,,"=""22106589""","=""43646811""","=""10457144""",Personal fixed term loan,2023-06-01 00:00:00,30000.00,38400.00,,38400.00,38400.00,NGN,3,Open,2023-07-01 00:00:00,Watchlist
happiness momoh,"=""22526772777""",36 adebisi adedeji ajangbadi,,"=""22107175""","=""43351236""","=""10592944""",Personal fixed term loan,2023-06-14 00:00:00,20000.00,25800.00,,0.00,25800.00,NGN,0,Open,2023-07-14 00:00:00,Performing
MANYO NSAN,"=""22711678316""",3 BALE STREET ILLEGE IBEJU LEKKI LAGOS,,"=""22108911""","=""44202097""","=""10687250""",Personal fixed term loan,2023-06-24 00:00:00,7500.00,8850.00,,0.00,8850.00,NGN,0,Open,2023-07-09 00:00:00,Performing
SEUN SANUSI,"=""22167433929""",6 ALUBANKUDI STREET AJUWON,,"=""22109915""","=""44333437""","=""10723144""",Personal fixed term loan,2023-06-27 00:00:00,7500.00,9675.00,,0.00,9675.00,NGN,0,Open,2023-07-27 00:00:00,Performing
BEATRICE IGAH,"=""22412996667""",7 IDUMU ONIHA EFANDION UROMI,,"=""22110919""","=""43737172""","=""10629451""",Personal fixed term loan,2023-06-18 00:00:00,20000.00,25800.00,,0.00,25800.00,NGN,0,Open,2023-07-18 00:00:00,Performing
ADEMOLA ALUKINBA,"=""22144569906""",45 AJOSE STR ILASAMAJA LAGOS,,"=""22111102""","=""17566057""","=""10731725""",Personal fixed term loan,2023-06-28 00:00:00,7500.00,9675.00,,0.00,9675.00,NGN,0,Open,2023-07-28 00:00:00,Performing
OLUWATOSIN OYEDELE,"=""22556263478""",maikunkele new yam market,,"=""22112106""","=""40701973""","=""10742557""",Personal fixed term loan,2023-06-30 00:00:00,5000.00,6250.00,,0.00,6250.00,NGN,0,Open,2023-07-30 00:00:00,Performing
ASTIRA AWOK,,SENIOR STAFF QUARTERS BLOCK 227B IN KARSHI,,"=""22130104""","=""43739203""","=""10675558""",Personal fixed term loan,2023-06-22 00:00:00,5000.00,6150.00,,0.00,6150.00,NGN,0,Open,2023-07-22 00:00:00,Performing
MICHAEL AJALUKE,"=""22253812438""",39C OBADA STREET AGBARHO,,"=""22131793""","=""44200688""","=""10672394""",Personal fixed term loan,2023-06-22 00:00:00,30000.00,38400.00,,0.00,38400.00,NGN,0,Open,2023-07-22 00:00:00,Performing
ABDULRAHIM SULEIMAN,"=""22502241882""",Oke odo tanke ilorin Kwara state,,"=""22132358""","=""44271356""","=""10700136""",Personal fixed term loan,2023-06-25 00:00:00,5000.00,6000.00,,0.00,6000.00,NGN,0,Open,2023-07-10 00:00:00,Performing
COMFORT UDOINYANG,,107B HOSPITAL RD ABAK,"=""2348027233269""","=""22133529""","=""41897776""","=""10659995""",Personal fixed term loan,2023-06-21 00:00:00,7500.00,8850.00,,0.00,8850.00,NGN,0,Open,2023-07-06 00:00:00,Performing
ALICE EDEDE,"=""22451896962""",7 LUKMAN STREET OREYO IGBOGBO IKORODU LAGOS,,"=""22134115""","=""43694908""","=""10730690""",Personal fixed term loan,2023-06-28 00:00:00,30000.00,38400.00,,0.00,38400.00,NGN,0,Open,2023-07-28 00:00:00,Performing
Podo Sunday,,03 OPOVI QUARTERS AJARA TOSADEKOH,,"=""21985693""","=""43999442""","=""10594868""",Personal fixed term loan,2023-06-14 00:00:00,20000.00,25800.00,,0.00,25800.00,NGN,0,Open,2023-07-14 00:00:00,Performing
owumi sonia ovoke,"=""22412516720""",Opp the redeem church of God,"=""09075948167""","=""21991074""","=""44305018""","=""10720628""",Personal fixed term loan,2023-06-27 00:00:00,20000.00,25800.00,,0.00,25800.00,NGN,0,Open,2023-07-27 00:00:00,Performing
OKON VINE,"=""22462867366""",abia Central,,"=""22053527""","=""5993498""","=""10202157""",Personal fixed term loan,2023-05-06 00:00:00,5000.00,0.00,,0.00,6500.00,NGN,0,Closed,2023-06-05 00:00:00,Performing
BLESSING ABALA,,NO 4 OZOOKEKE OFF OKPANAM ROAD ASABA,,"=""22102395""","=""44314677""","=""10715310""",Personal fixed term loan,2023-06-27 00:00:00,30000.00,0.00,,0.00,35400.00,NGN,0,Closed,2023-07-12 00:00:00,Performing
ONYEDIKACHUKWU AJUORA,"=""22417694300""",EKELABO LOMUUMUNZEAnambra State,,"=""22106404""","=""44218059""","=""10679177""",Personal fixed term loan,2023-06-23 00:00:00,5000.00,5900.00,,0.00,5900.00,NGN,0,Open,2023-07-08 00:00:00,Performing
ABDULBAAQI AYINDE,"=""22602453804""",10  ADEOLA TANNI STREET GRAMMAR SCHOOL IKORODU,,"=""22106790""","=""43950495""","=""10575361""",Personal fixed term loan,2023-06-12 00:00:00,7500.00,4675.00,,0.00,9675.00,NGN,0,Open,2023-07-12 00:00:00,Performing
INIOLUWA OYETUNJI,"=""22520012211""",12 CELE ROAD MAGBORO 2 OBAFEMI OWODE,,"=""22107543""","=""44180196""","=""10706979""",Personal fixed term loan,2023-06-26 00:00:00,5000.00,5900.00,,0.00,5900.00,NGN,0,Open,2023-07-11 00:00:00,Performing
Mary Omolade,"=""22472620573""",No 49 Ayedarade Quarters Igbogila,,"=""22109697""","=""43727575""","=""10492612""",Personal fixed term loan,2023-06-04 00:00:00,20000.00,0.00,,0.00,25800.00,NGN,0,Closed,2023-07-04 00:00:00,Performing
DESMOND EFOSA,"=""22713415229""",warkanza v road,,"=""22113627""","=""40547293""","=""10700717""",Personal fixed term loan,2023-06-25 00:00:00,20000.00,25800.00,,0.00,25800.00,NGN,0,Open,2023-07-25 00:00:00,Performing
ANNABEL EZEILO,"=""22558445344""",UKPOMILI VILLAGE IFITEDUNU,,"=""22125459""","=""43192739""","=""10669497""",Personal fixed term loan,2023-06-22 00:00:00,20000.00,25800.00,,0.00,25800.00,NGN,0,Open,2023-07-22 00:00:00,Performing
SEKINAT OLUSOLA,"=""22418586303""",24 HOSPITAL ROAD OOUTH BSTOP SHAGAMU,,"=""22126259""","=""44137808""","=""10648344""",Personal fixed term loan,2023-06-20 00:00:00,7500.00,8850.00,,0.00,8850.00,NGN,0,Open,2023-07-05 00:00:00,Performing
GRACE ENEH,"=""22621696659""",1 OLUWA STREET AJEGUNLE APAPA,,"=""22129868""","=""44102468""","=""10635343""",Personal fixed term loan,2023-06-19 00:00:00,1500.00,0.00,,0.00,1770.00,NGN,0,Closed,2023-07-04 00:00:00,Performing
OLUBUNMI OLAJIRE,"=""22218188769""",AINO CLOSE,,"=""22130068""","=""37476400""","=""10686635""",Personal fixed term loan,2023-06-24 00:00:00,5000.00,6450.00,,0.00,6450.00,NGN,0,Open,2023-07-24 00:00:00,Performing
FUNMILAYO KOLADE,"=""22169643847""",1 MODUPE STREET IJU STATION BSTOP IJU ISHAGA,,"=""22131007""","=""43904917""","=""10694959""",Personal fixed term loan,2023-06-24 00:00:00,7500.00,8625.00,,0.00,8625.00,NGN,0,Open,2023-07-09 00:00:00,Performing
JEREMIAH AKPOETIYI,"=""22630092312""",VPR4Q8 Sapele Nigeria,,"=""22131458""","=""44004319""","=""10596549""",Personal fixed term loan,2023-06-14 00:00:00,7500.00,8700.00,,8700.00,8625.00,NGN,5,Open,2023-06-29 00:00:00,Watchlist
SUNDAY ONWUMA,"=""22487456569""",ONWUMA OBIORA COMPOUND ISIOCHA MMIATA ANAM,,"=""22133812""","=""43750792""","=""10499738""",Personal fixed term loan,2023-06-05 00:00:00,17500.00,0.00,,0.00,22225.00,NGN,0,Closed,2023-07-05 00:00:00,Performing
ROYAL ONORIODE,"=""22572852601""",NO 65 FILMHALL ROAD OVWIAN,,"=""22133947""","=""44172448""","=""10664410""",Personal fixed term loan,2023-06-21 00:00:00,7500.00,9675.00,,0.00,9675.00,NGN,0,Open,2023-07-21 00:00:00,Performing
OLUWADAMILOLA OJO,"=""22558629294""",25 ISEYIN STREET ILUPEJU LAGOS,,"=""22097303""","=""28508439""","=""10690759""",Personal fixed term loan,2023-06-24 00:00:00,7500.00,9675.00,,0.00,9675.00,NGN,0,Open,2023-07-24 00:00:00,Performing
NYAKNO NWAWO,"=""22446584418""",5 ESSIEN ROAD,,"=""22097517""","=""39737793""","=""10548483""",Personal fixed term loan,2023-06-09 00:00:00,7500.00,0.00,,0.00,9675.00,NGN,0,Closed,2023-07-09 00:00:00,Performing
CHIKWADO IGBOANUGO,"=""22554817451""",UMUEZEANYA VILLAGE UMUOBA ANAM TOWN,,"=""22098103""","=""43933157""","=""10568381""",Personal fixed term loan,2023-06-12 00:00:00,20000.00,25800.00,,0.00,25800.00,NGN,0,Open,2023-07-12 00:00:00,Performing
GLORY SORONNADI,,5 Temitope Street Ayobo Lagos,,"=""22103033""","=""28232808""","=""10682858""",Personal fixed term loan,2023-06-23 00:00:00,20000.00,25800.00,,0.00,25800.00,NGN,0,Open,2023-07-23 00:00:00,Performing
MONDAY ACHU,"=""22339350838""",HOUSE NO 2 BEHIND UMCN CHURCH ANGWAN KASSA Jalingo Taraba,,"=""22105398""","=""17102415""","=""10470781""",Personal fixed term loan,2023-06-02 00:00:00,20000.00,24950.00,,24950.00,25400.00,NGN,2,Open,2023-07-02 00:00:00,Watchlist
UCHE OKONKWO,"=""22330882958""",NO 29 MBAUKWU STREET NKPOR,,"=""22106391""","=""44197827""","=""10671631""",Personal fixed term loan,2023-06-22 00:00:00,7500.00,8850.00,,0.00,8850.00,NGN,0,Open,2023-07-07 00:00:00,Performing
LADI KASSAM,"=""22496626870""",JEBBU BASSA NEW LAY OUT,,"=""22107563""","=""44265111""","=""10714138""",Personal fixed term loan,2023-06-26 00:00:00,7500.00,8625.00,,0.00,8625.00,NGN,0,Open,2023-07-11 00:00:00,Performing
SHAYILAU KELTUMA,"=""22498646014""",TUDUN,,"=""22108363""","=""43602964""","=""10531851""",Personal fixed term loan,2023-06-08 00:00:00,7500.00,9525.00,,0.00,9525.00,NGN,0,Open,2023-07-29 00:00:00,Performing
RITA GABRIEL,"=""22486223818""",MADALLA BACK OF ISLAMIC SCHOOL,,"=""22110135""","=""44384110""","=""10743330""",Personal fixed term loan,2023-06-30 00:00:00,7500.00,8850.00,,0.00,8850.00,NGN,0,Open,2023-07-15 00:00:00,Performing
OYEBOLA OLUBAJO,"=""22232901531""",Nigeria,,"=""22110328""","=""10856068""","=""10676448""",Personal fixed term loan,2023-06-23 00:00:00,7500.00,9675.00,,0.00,9675.00,NGN,0,Open,2023-07-23 00:00:00,Performing
ISTIFANUS BULUS,"=""22204230096""",302304 IKORODU ROAD ANTHONY BS ANTHONY,"=""2347051051803""","=""22112593""","=""43938136""","=""10736669""",Personal fixed term loan,2023-06-29 00:00:00,20000.00,23600.00,,0.00,23600.00,NGN,0,Open,2023-07-14 00:00:00,Performing
GABRIEL GBEMACHA,"=""22339527830""",BHD PRISON SERVICE KEFFI,,"=""22112886""","=""43635709""","=""10748151""",Personal fixed term loan,2023-06-30 00:00:00,7500.00,8850.00,,0.00,8850.00,NGN,0,Open,2023-07-15 00:00:00,Performing
CHIDINMA ONYENWE,,22 okeoloruntedo street ijesha surulere,,"=""22131527""","=""44271311""","=""10699898""",Personal fixed term loan,2023-06-25 00:00:00,30000.00,38400.00,,0.00,38400.00,NGN,0,Open,2023-07-25 00:00:00,Performing
SAMUEL INDIA,"=""22547087896""",Nigeria,,"=""22131913""","=""43184924""","=""10575936""",Personal fixed term loan,2023-06-12 00:00:00,5000.00,6375.00,,0.00,6375.00,NGN,0,Open,2023-07-12 00:00:00,Performing
KEHINDE ADENLE,"=""22375227112""",35 ANIFINLEWE STREET AGBELEKA LE BUS STOP AGBADO,,"=""22134178""","=""43946851""","=""10587844""",Personal fixed term loan,2023-06-14 00:00:00,30000.00,38400.00,,0.00,38400.00,NGN,0,Open,2023-07-14 00:00:00,Performing
THOMAS DANIEL,,GALADIMAWA AIRPORT ROAD,,"=""22135078""","=""44380339""","=""10741620""",Personal fixed term loan,2023-06-29 00:00:00,30000.00,35400.00,,0.00,35400.00,NGN,0,Open,2023-07-14 00:00:00,Performing
ABDURRAHMAN BUHARI,"=""22640029023""",YAKASAI B,,"=""22135264""","=""43914247""","=""10644552""",Personal fixed term loan,2023-06-19 00:00:00,5000.00,0.00,,0.00,6000.00,NGN,0,Closed,2023-07-04 00:00:00,Performing
VICTORIA olawuyi,"=""22472999697""",peace villa behinde clind center,,"=""22136150""","=""42991547""","=""10699117""",Personal fixed term loan,2023-06-25 00:00:00,20000.00,25800.00,,0.00,25800.00,NGN,0,Open,2023-07-25 00:00:00,Performing
ADEKUNLE ADELEKE,"=""22432797495""",19 UNITY AVENUE SINGER BSTOP SANGO,,"=""22097498""","=""1098228""","=""10577393""",Personal fixed term loan,2023-06-13 00:00:00,5000.00,0.00,,0.00,6500.00,NGN,0,Closed,2023-07-13 00:00:00,Performing
SALISU SAMINU,"=""22539126615""",124 ANGWAN ALKALI ZARIA CITY KADUNA STATE,,"=""22099052""","=""44283380""","=""10726862""",Personal fixed term loan,2023-06-28 00:00:00,2500.00,3250.00,,0.00,3250.00,NGN,0,Open,2023-07-28 00:00:00,Performing
ELOHOR OKAGBARE,,NO 33 GESIMISI STREET OKUMAGBU LAYOUT WARRI,,"=""22103063""","=""43254843""","=""10591309""",Personal fixed term loan,2023-06-14 00:00:00,7500.00,0.00,,0.00,9525.00,NGN,0,Closed,2023-07-14 00:00:00,Performing
GODSTIME OKUGBENI,,NO 48 AFRISERE TOWN ROAD,,"=""22104935""","=""43857339""","=""10732209""",Personal fixed term loan,2023-06-28 00:00:00,7500.00,0.00,,0.00,8977.50,NGN,0,Closed,2023-07-13 00:00:00,Performing
TOMINI YELEBE,,ONOPA PRIMARY SCHOOL AT BUNAS COMPOUND YENAGOA BAYELSA,,"=""22105786""","=""43842474""","=""10534639""",Personal fixed term loan,2023-06-08 00:00:00,7500.00,0.00,,0.00,9675.00,NGN,0,Closed,2023-07-08 00:00:00,Performing
TAIWO ADENIYE,,4 ODUMOSU STREET OFF ORIOLA BUS STOP ALAPERE,,"=""22106054""","=""44101563""","=""10634611""",Personal fixed term loan,2023-06-18 00:00:00,20000.00,25600.00,,0.00,25600.00,NGN,0,Open,2023-07-18 00:00:00,Performing
RAPHEAL OLUTOLA,,BLOCK 41B KUKWABA KUBWA,,"=""22107089""","=""44056890""","=""10636192""",Personal fixed term loan,2023-06-19 00:00:00,20000.00,25800.00,,0.00,25800.00,NGN,0,Open,2023-07-19 00:00:00,Performing
UMA ORYIMAN,,SOUTHCORE UAM,,"=""22108526""","=""43905766""","=""10564463""",Personal fixed term loan,2023-06-11 00:00:00,2500.00,3250.00,,0.00,3250.00,NGN,0,Open,2023-07-11 00:00:00,Performing
MARTHA OGBU,"=""22442852896""",NO 21 UBAHA ROAD OKIGWE,,"=""22111637""","=""44215927""","=""10679894""",Personal fixed term loan,2023-06-23 00:00:00,7500.00,9675.00,,0.00,9675.00,NGN,0,Open,2023-07-23 00:00:00,Performing
MUJEEB ODEYINKA,"=""22676017201""",RUMUEKINI PORTHACOURT,,"=""22112219""","=""44340787""","=""10725744""",Personal fixed term loan,2023-06-28 00:00:00,7500.00,9675.00,,0.00,9675.00,NGN,0,Open,2023-07-28 00:00:00,Performing
JOHN EKWUEME,"=""22170921828""",7B NKANU STREET TRANSEKULU ENUGU,"=""08131304050""","=""22124537""","=""43584245""","=""10533334""",Personal fixed term loan,2023-06-08 00:00:00,30000.00,27550.00,,0.00,37500.00,NGN,0,Open,2023-07-08 00:00:00,Performing
EMMANUEL NZE,"=""22708248834""",NO 8 IBAGWA RD NIKE,,"=""22125860""","=""44367062""","=""10736178""",Personal fixed term loan,2023-06-29 00:00:00,20000.00,25400.00,,0.00,25400.00,NGN,0,Open,2023-07-29 00:00:00,Performing
CHUKWUDI IJOMAH,,21 ADESHINYAN STREET OJOTA LAGOS,,"=""22131790""","=""44176049""","=""10663689""",Personal fixed term loan,2023-06-21 00:00:00,20000.00,25800.00,,0.00,25800.00,NGN,0,Open,2023-07-21 00:00:00,Performing
salisu musa,,sabon gari lowcost area gashua,,"=""22132476""","=""43930027""","=""10690779""",Personal fixed term loan,2023-06-24 00:00:00,5000.00,200.00,,0.00,6500.00,NGN,0,Open,2023-07-24 00:00:00,Performing
NDIDIAMAKA OKAFOR,,NO 4 ESTHER ADELEKE STR LEKKI PHASE 1 LAGOS STATE,,"=""22134348""","=""39733804""","=""10565891""",Personal fixed term loan,2023-06-11 00:00:00,20000.00,25400.00,,0.00,25400.00,NGN,0,Open,2023-07-11 00:00:00,Performing
MIKE AWOYEMU,"=""22357555226""",OPORO STREET ELEPARANWO MILE 4 WIMPEY PORT HARCOURT,,"=""22134483""","=""43334849""","=""10530690""",Personal fixed term loan,2023-06-08 00:00:00,15000.00,1000.00,,0.00,18900.00,NGN,0,Open,2023-07-08 00:00:00,Performing
ALEX EBINUM,,NO 10 IJAKITA STR,,"=""22134866""","=""666310""","=""10748954""",Personal fixed term loan,2023-06-30 00:00:00,20000.00,0.00,,0.00,26000.00,NGN,,Closed,2023-07-30 00:00:00,Performing
ENDURANCE OWHEWOMA,"=""22348891090""",21 OJOKOR STREET,,"=""22134934""","=""20129717""","=""10544441""",Personal fixed term loan,2023-06-09 00:00:00,7500.00,8925.00,,8925.00,8850.00,NGN,10,Open,2023-06-24 00:00:00,Watchlist
JACKSON KAINTI,"=""22221086070""",LUNGI BARRACK,,"=""22099131""","=""503177""","=""10551866""",Personal fixed term loan,2023-06-10 00:00:00,7500.00,9675.00,,0.00,9675.00,NGN,0,Open,2023-07-10 00:00:00,Performing
EJIRO NWACHUKWU,"=""22547480075""",NO 199 OJO IGBEDE ROAD,,"=""22103475""","=""25937313""","=""10665554""",Personal fixed term loan,2023-06-21 00:00:00,20000.00,23000.00,,0.00,23000.00,NGN,0,Open,2023-07-06 00:00:00,Performing
CHINYEREMAKA AMARACHUKWU,"=""22524060755""",UWALAKA S COMP IN UMUOFOR UDO EZINIHITTE MBAISE Imo State,,"=""22104077""","=""37925901""","=""10706144""",Personal fixed term loan,2023-06-26 00:00:00,5000.00,6300.00,,0.00,6300.00,NGN,0,Open,2023-07-26 00:00:00,Performing
EMMANUEL ADELEKE,,92 ARAROMI JUCTION ARAROMI AREA OYO,,"=""22107026""","=""42969306""","=""10600357""",Personal fixed term loan,2023-06-15 00:00:00,7500.00,0.00,,0.00,9675.00,NGN,0,Closed,2023-07-15 00:00:00,Performing
SERENA OBAZEE,"=""22375270796""",DEPT OF ENTREPRENEURSHIP UNIBEN,,"=""22107428""","=""44126715""","=""10644649""",Personal fixed term loan,2023-06-19 00:00:00,7500.00,9675.00,,0.00,9675.00,NGN,0,Open,2023-07-19 00:00:00,Performing
SALIM BRAIMAH,,Ulitsa Energetikov 2 Kurchatov Kurskaya oblast Russia 3072,,"=""22108198""","=""20969781""","=""10542321""",Personal fixed term loan,2023-06-09 00:00:00,7500.00,9675.00,,0.00,9675.00,NGN,0,Open,2023-07-09 00:00:00,Performing
ONAOLAPO SONOLA,"=""22304385757""",1 FAJOL OBANTOKO ABEOKUTA,,"=""22108291""","=""7798941""","=""10661280""",Personal fixed term loan,2023-06-21 00:00:00,5000.00,0.00,,0.00,6000.00,NGN,0,Closed,2023-07-06 00:00:00,Performing
GIDEON ODIONG,,BAKKO STR ORON,,"=""22108491""","=""41293762""","=""10644982""",Personal fixed term loan,2023-06-20 00:00:00,7500.00,9525.00,,0.00,9525.00,NGN,0,Open,2023-07-20 00:00:00,Performing
AMINAT YUNUSA,"=""22533695656""",21 SHOJUOLU ROAD IFO,,"=""22112244""","=""38357695""","=""10506275""",Personal fixed term loan,2023-06-05 00:00:00,7500.00,0.00,,0.00,9675.00,NGN,0,Closed,2023-07-05 00:00:00,Performing
UNIQUE COVENANT,"=""22717125720""",NEW HEAVEN G37 KUJE ROAD GWAGWALADA ABUJA,,"=""22113337""","=""43669945""","=""10736708""",Personal fixed term loan,2023-06-29 00:00:00,20000.00,15050.00,,0.00,25500.00,NGN,0,Open,2023-07-29 00:00:00,Performing
IBRAHIM MUHAMMAD,"=""22418533949""",dawakin kudu,,"=""22113744""","=""44321557""","=""10718579""",Personal fixed term loan,2023-06-27 00:00:00,7500.00,9675.00,,0.00,9675.00,NGN,0,Open,2023-07-27 00:00:00,Performing
Okwori Ajoma,,no 5 iko road abachor okpoma yala,,"=""22125646""","=""44218124""","=""10682648""",Personal fixed term loan,2023-06-23 00:00:00,30000.00,37500.00,,0.00,37500.00,NGN,0,Open,2023-07-23 00:00:00,Performing
OLUWABUNMI OJO,,58 ADEBANBO STR DOPEMU BS AGEGE,,"=""22127241""","=""43870547""","=""10721813""",Personal fixed term loan,2023-06-27 00:00:00,30000.00,37175.00,,0.00,38250.00,NGN,0,Open,2023-07-27 00:00:00,Performing
LAMI DAVID,"=""22423399879""",NO 2 KOGI CLOSE SABO TASHA,,"=""22130090""","=""43299475""","=""10539533""",Personal fixed term loan,2023-06-08 00:00:00,1500.00,1950.00,,0.00,1950.00,NGN,0,Open,2023-07-08 00:00:00,Performing
JAMIU KAREEM,"=""22617250449""",AWAL STR OLUWA IBEJU,,"=""22131262""","=""44350387""","=""10729804""",Personal fixed term loan,2023-06-28 00:00:00,7500.00,8850.00,,0.00,8850.00,NGN,0,Open,2023-07-13 00:00:00,Performing
IBIANG EBRI,"=""22318182799""",NO 13 UBANA OKUN STREET KEKOMKOLO IJOM UGEP,"=""08055385895""","=""22133427""","=""43841854""","=""10534308""",Personal fixed term loan,2023-06-08 00:00:00,7500.00,9525.00,,0.00,9525.00,NGN,0,Open,2023-07-08 00:00:00,Performing
JOSHUA BABASOLA,,NO 1 ASAJUS COMP,,"=""22134729""","=""43783894""","=""10515540""",Personal fixed term loan,2023-06-06 00:00:00,30000.00,38400.00,,0.00,38400.00,NGN,0,Open,2023-07-06 00:00:00,Performing
AKUDO TOCHUKWU,"=""22553183377""",HOSPITAL Sattelite town,,"=""22136801""","=""44129792""","=""10646668""",Personal fixed term loan,2023-06-20 00:00:00,20000.00,23600.00,,0.00,23600.00,NGN,0,Open,2023-07-05 00:00:00,Performing
OLAYIOYE FOLAYEMI,"=""22410533970""",19 OJUTALAYO STR ELEYELE ILE IFE  OSHOGBO,,"=""22097655""","=""43941412""","=""10594826""",Personal fixed term loan,2023-06-14 00:00:00,7500.00,9675.00,,0.00,9675.00,NGN,0,Open,2023-07-14 00:00:00,Performing
OYEYEMI OSHO,"=""22204613062""",14 AIYEGBAMI ST OGERE,,"=""22098042""","=""43514513""","=""10686211""",Personal fixed term loan,2023-06-23 00:00:00,20000.00,25500.00,,0.00,25500.00,NGN,0,Open,2023-07-23 00:00:00,Performing
OLUWATOBI LAWAL,,22 SOBO AROBIODUN STREET GRA IKEJA LAGOS,,"=""22099329""","=""43955213""","=""10576789""",Personal fixed term loan,2023-06-12 00:00:00,7500.00,9675.00,,0.00,9675.00,NGN,0,Open,2023-07-12 00:00:00,Performing
WILLIAM OLURANKINSE,"=""22462547408""",175 IDIMILOKUN STREET,,"=""22104024""","=""43995354""","=""10593220""",Personal fixed term loan,2023-06-14 00:00:00,20000.00,20800.00,,0.00,25800.00,NGN,0,Open,2023-07-14 00:00:00,Performing
BALIKIS SULAIMON,"=""22516135029""",14 15 Prince Alaba Oniru Road Victoria Island,,"=""22105860""","=""27437868""","=""10674991""",Personal fixed term loan,2023-06-22 00:00:00,7500.00,9525.00,,0.00,9525.00,NGN,0,Open,2023-07-22 00:00:00,Performing
MARIAM SALAMI,"=""22646134422""",NO 9 ARAROMI STREET IBEJU AGBE IBEJU LEKKI,,"=""22106179""","=""44283483""","=""10703987""",Personal fixed term loan,2023-06-25 00:00:00,7500.00,8850.00,,0.00,8850.00,NGN,0,Open,2023-07-10 00:00:00,Performing
MAISARA ABUBAKAR,"=""22713834170""",14 IBIDUN STREET,,"=""22107366""","=""44387304""","=""10744831""",Personal fixed term loan,2023-06-30 00:00:00,7500.00,9525.00,,0.00,9525.00,NGN,0,Open,2023-07-30 00:00:00,Performing
OLUFISAYO BOLODEOKU,,NO 2 ADE QUARTERS IGBOBINI ESE ODO LGA,,"=""22110874""","=""545173""","=""10669302""",Personal fixed term loan,2023-06-22 00:00:00,5000.00,0.00,,0.00,6000.00,NGN,0,Closed,2023-07-07 00:00:00,Performing
ARUNA SOGBOLA,"=""22531039438""",7 kareem Araromi adigbe,"=""08130558525""","=""22113133""","=""7432231""","=""10686803""",Personal fixed term loan,2023-06-24 00:00:00,2500.00,0.00,,0.00,3000.00,NGN,0,Closed,2023-07-09 00:00:00,Performing
PAUL IKWUOMA,"=""22160168912""",11 BALOGUN ILAWE ESTATE ALAPERE,,"=""22127837""","=""40719677""","=""10493101""",Personal fixed term loan,2023-06-04 00:00:00,20000.00,25400.00,,0.00,25400.00,NGN,0,Open,2023-07-04 00:00:00,Performing
CHIDINMA NZEAKOR,"=""22224186436""",19A AMAFOR ROAD NKPOR AGU,,"=""22128073""","=""42678359""","=""10656417""",Personal fixed term loan,2023-06-21 00:00:00,20000.00,25800.00,,0.00,25800.00,NGN,0,Open,2023-07-21 00:00:00,Performing
BLESSING IGANI,"=""22418134450""",52 OJIKE STREET MILE 1 DIOBU PHC,,"=""22128224""","=""12467948""","=""10742015""",Personal fixed term loan,2023-06-30 00:00:00,1500.00,1935.00,,0.00,1935.00,NGN,0,Open,2023-07-30 00:00:00,Performing
GABRIEL BENEDICT,"=""22645589885""",HUMAN RIGHT STREET AGUDAMA,,"=""22130379""","=""43873984""","=""10546910""",Personal fixed term loan,2023-06-09 00:00:00,20000.00,0.00,,0.00,25800.00,NGN,0,Closed,2023-07-09 00:00:00,Performing
ABDULLAHI YUNUS,"=""22451176970""",NO 36 OKE ANDI SANGO,,"=""22133987""","=""44317102""","=""10717000""",Personal fixed term loan,2023-06-27 00:00:00,7500.00,9525.00,,0.00,9525.00,NGN,0,Open,2023-07-27 00:00:00,Performing
GANIYAT ADENIJI,"=""22522691580""",AFRO SCH,,"=""22136010""","=""36181423""","=""10511707""",Personal fixed term loan,2023-06-06 00:00:00,7500.00,9525.00,,0.00,9525.00,NGN,0,Open,2023-07-06 00:00:00,Performing
EVELYN YANSHA,"=""22438807048""",GRACE MANSION NGODO,,"=""22136795""","=""44100575""","=""10750821""",Personal fixed term loan,2023-06-30 00:00:00,7500.00,8625.00,,0.00,8625.00,NGN,0,Open,2023-07-15 00:00:00,Performing
ALI UMAR,,ABUJA SHERATONLAYIN HADIZA MAIDUGURI BORNO STATE,,"=""22137982""","=""1550795""","=""10547516""",Personal fixed term loan,2023-06-09 00:00:00,20000.00,25800.00,,0.00,25800.00,NGN,0,Open,2023-07-09 00:00:00,Performing
KUBURAT ABDULRAHAMAN,,NO 85 ESHE IKARE AKOKO,,"=""22101211""","=""43421948""","=""10697872""",Personal fixed term loan,2023-06-25 00:00:00,22500.00,0.00,,0.00,28350.00,NGN,0,Closed,2023-07-25 00:00:00,Performing
OLOLADE ODULANA,,12AFOLASHADE STREETOFF EJINRIN ROAD,,"=""22101904""","=""44145342""","=""10651296""",Personal fixed term loan,2023-06-20 00:00:00,7500.00,0.00,,0.00,9675.00,NGN,0,Closed,2023-07-20 00:00:00,Performing
IFEOMA OMOSOR,"=""22195642113""",10 PLANWELL STREET OFF WIRE ROAD BENIN CITY,,"=""22103676""","=""44251542""","=""10745040""",Personal fixed term loan,2023-06-30 00:00:00,7500.00,8850.00,,0.00,8850.00,NGN,0,Open,2023-07-15 00:00:00,Performing
FAVOUR OLAORE,"=""22715455317""",ZONE C ROAD 7 ABA IBEJI ODO ONA KEKERE IBADAN,,"=""22105741""","=""38546070""","=""10532559""",Personal fixed term loan,2023-06-08 00:00:00,2500.00,6450.00,,0.00,6450.00,NGN,0,Open,2023-07-08 00:00:00,Performing
RAFIU BALOGUN,,14 OLD SHASHA ROAD BOUNDARY AKOWONJO Alimosho Lagos State,,"=""22109299""","=""5795944""","=""10717002""",Personal fixed term loan,2023-06-27 00:00:00,5000.00,5765.00,,0.00,5810.00,NGN,0,Open,2023-07-12 00:00:00,Performing
RAFIU BALOGUN,,14 OLD SHASHA ROAD BOUNDARY AKOWONJO Alimosho Lagos State,,"=""22109299""","=""5795944""","=""13658239""",Personal fixed term loan,2024-04-26 00:00:00,550000.00,0.00,,0.00,269536.67,NGN,0,Closed,2024-07-25 00:00:00,Performing
ADEPEJU AREGBESOLA,,ZONE A 77 BYAZHIN ACROSS ABUJA,,"=""22109792""","=""44271664""","=""10700331""",Personal fixed term loan,2023-06-25 00:00:00,30000.00,38400.00,,0.00,38400.00,NGN,0,Open,2023-07-25 00:00:00,Performing
UCHE OBI,"=""22401869110""",17AJAKAYE STREET SHIBIRI OJOLAGOS,,"=""22112350""","=""44133667""","=""10646535""",Personal fixed term loan,2023-06-20 00:00:00,7500.00,9675.00,,0.00,9675.00,NGN,0,Open,2023-07-20 00:00:00,Performing
OGOH UCHECHI,,EKUREDE ITSEKIRI,,"=""22125661""","=""23273408""","=""10556240""",Personal fixed term loan,2023-06-10 00:00:00,5000.00,6375.00,,0.00,6375.00,NGN,0,Open,2023-07-10 00:00:00,Performing
Samuel Andrew,,AMENU MGBOMUGWULANGWU,,"=""22125861""","=""4472306""","=""10736636""",Personal fixed term loan,2023-06-29 00:00:00,30000.00,38400.00,,0.00,38400.00,NGN,0,Open,2023-07-29 00:00:00,Performing
IFEOLUWA PETER,"=""22287861053""",OPPOSITE JUNIOR SECONDARY SCHOOL IDDO SARKI ALONG AIRPORT,,"=""22126340""","=""44361983""","=""10740533""",Personal fixed term loan,2023-06-29 00:00:00,7500.00,8850.00,,0.00,8850.00,NGN,0,Open,2023-07-14 00:00:00,Performing
BOLUTIFE TAIWO,"=""22326133518""",SW9435 DESALU STREET ODO ONA APATA IBADAN,,"=""22129098""","=""7657970""","=""10385780""",Personal fixed term loan,2023-05-25 00:00:00,5000.00,0.00,,0.00,6000.00,NGN,0,Closed,2023-06-09 00:00:00,Performing
RUTH ADENYUMA,"=""22623469826""",NO5 KWAMBA LOWCOST SECOND GATE SULEJA,,"=""22130084""","=""43045495""","=""10536475""",Personal fixed term loan,2023-06-08 00:00:00,20000.00,25800.00,,0.00,25800.00,NGN,0,Open,2023-07-08 00:00:00,Performing
IDRIS ABIOLA,"=""22422318268""",OMOWUMI ADESOLA AREA IBADAN,,"=""22131284""","=""44390533""","=""10748573""",Personal fixed term loan,2023-06-30 00:00:00,17500.00,20650.00,,0.00,20650.00,NGN,0,Open,2023-07-15 00:00:00,Performing
IYOBOSA EDOBOR,"=""22489945481""",135 UPPER 2ND CEMENTRY OFF AGHO EKEWAN EVBUOTUBU,,"=""22131870""","=""42470381""","=""10696419""",Personal fixed term loan,2023-06-25 00:00:00,7500.00,9375.00,,0.00,9375.00,NGN,0,Open,2023-07-25 00:00:00,Performing
LUCIA ADEYEMI,"=""22574856937""",OPPOSITE SALVATION MINISTRIESTWON BRASS BAYELSA STATE,,"=""22136786""","=""44069117""","=""10735351""",Personal fixed term loan,2023-06-29 00:00:00,7500.00,8625.00,,0.00,8625.00,NGN,0,Open,2023-07-14 00:00:00,Performing
FOLAKEMI OMOYEMI,"=""22345839903""",block 5 house 105 day by day pw Kubwa,"=""8138859358""","=""22138279""","=""43141631""","=""10508588""",Personal fixed term loan,2023-06-05 00:00:00,5000.00,6375.00,,0.00,6375.00,NGN,0,Open,2023-07-05 00:00:00,Performing
Abdulganiyu Zainab Anike,,10 A HASSAN STREET EPE,"=""08139066538""","=""22013457""","=""6141509""","=""10318027""",Personal fixed term loan,2023-05-18 00:00:00,5000.00,0.00,,0.00,6000.00,NGN,0,Closed,2023-06-02 00:00:00,Performing
Abdulganiyu Zainab Anike,,10 A HASSAN STREET EPE,"=""08139066538""","=""22013457""","=""6141509""","=""10424701""",Personal fixed term loan,2023-05-29 00:00:00,5000.00,0.00,,0.00,6075.00,NGN,0,Closed,2023-06-13 00:00:00,Performing
FAITH MBAEBIE,"=""22542330379""",48 KOLA OLUKOTUN STREET MAFON,,"=""22098174""","=""44240897""","=""10688084""",Personal fixed term loan,2023-06-24 00:00:00,10000.00,11800.00,,0.00,11800.00,NGN,0,Open,2023-07-09 00:00:00,Performing
KABIRAT OLOWU,"=""22498597314""",MOSOBALAJES COMPOUND KOLAWOLE AREA ISALE TABASAKI,,"=""22098876""","=""25513973""","=""10703467""",Personal fixed term loan,2023-06-25 00:00:00,20000.00,25800.00,,0.00,25800.00,NGN,0,Open,2023-07-25 00:00:00,Performing
MOHAMMAD ABUBAKAR,"=""22301583060""",MUSA GWANI HOUSEKAGARAWAL AREABEFORE PZGOMBE,,"=""22099076""","=""43379645""","=""10686880""",Personal fixed term loan,2023-06-24 00:00:00,12500.00,15938.00,,0.00,15937.50,NGN,0,Open,2023-07-24 00:00:00,Performing
CHARITY JOSIAH,"=""22285501638""",Baybridge Rd 569101 Yenagoa Nigeria,,"=""22104141""","=""41513559""","=""10690585""",Personal fixed term loan,2023-06-24 00:00:00,5000.00,5900.00,,0.00,5900.00,NGN,0,Open,2023-07-09 00:00:00,Performing
TAIWO PETER,,SHELE BUS STOP OPPOSITE GIWA HOUSE JIKWOYI,,"=""22104541""","=""43212834""","=""10707354""",Personal fixed term loan,2023-06-26 00:00:00,30000.00,0.00,,0.00,38400.00,NGN,0,Closed,2023-07-26 00:00:00,Performing
JOSEPH AGAWURU,"=""22404210447""",OKWUTUGBE ONYAGEDE OBARIKE ITO OBI,,"=""22106062""","=""44159670""","=""10656654""",Personal fixed term loan,2023-06-21 00:00:00,20000.00,25800.00,,0.00,25800.00,NGN,0,Open,2023-07-21 00:00:00,Performing
GIFT JEROME,"=""22608236764""",BEHIND HAPPY LIFE HOTEL MPAPE ABUJA,,"=""22108434""","=""44053717""","=""10616071""",Personal fixed term loan,2023-06-16 00:00:00,20000.00,25800.00,,0.00,25800.00,NGN,0,Open,2023-07-16 00:00:00,Performing
ABDULMUHMEEN ADEBAYO,"=""22244943284""",11 Jibowu Ave Ijegun 102213 Lagos Nigeria,,"=""22111127""","=""43539067""","=""10678937""",Personal fixed term loan,2023-06-23 00:00:00,7500.00,9675.00,,0.00,9675.00,NGN,0,Open,2023-07-23 00:00:00,Performing
aishat mamudu,"=""22581443205""",15 afuti street iyereku,,"=""22111578""","=""44002405""","=""10606822""",Personal fixed term loan,2023-06-15 00:00:00,7500.00,9675.00,,0.00,9675.00,NGN,0,Open,2023-07-15 00:00:00,Performing
KEHINDE OTITDUN,,Not Available,,"=""22111978""","=""14381383""","=""10554020""",Personal fixed term loan,2023-06-10 00:00:00,50000.00,0.00,,0.00,41940.00,NGN,0,Closed,2023-08-09 00:00:00,Performing
CHIMA ANENELOLISA,"=""22177573170""",5 ANSA ENO STREET OLD IKANG BIG QUA ROAD CALABAR,,"=""22113401""","=""43853038""","=""10660162""",Personal fixed term loan,2023-06-21 00:00:00,7500.00,0.00,,0.00,8625.00,NGN,0,Closed,2023-07-06 00:00:00,Performing
PELUMI ADEWALE,,70 Old Otta Road Abule Egba Lagos,"=""8065658919""","=""22131549""","=""44368961""","=""10736997""",Personal fixed term loan,2023-06-29 00:00:00,7500.00,9675.00,,0.00,9675.00,NGN,0,Open,2023-07-29 00:00:00,Performing
CHRISTABEL EYONG,"=""22651355722""",NO 213A IGBOSERE ROAD LAGOS ISLAND,,"=""22131898""","=""43960399""","=""10578674""",Personal fixed term loan,2023-06-13 00:00:00,7500.00,5625.00,,0.00,8625.00,NGN,0,Open,2023-07-12 00:00:00,Performing
NKEIRU GODWIN,"=""22224241591""",26 OHAETO STREETDLINE,,"=""22134121""","=""43714816""","=""10499812""",Personal fixed term loan,2023-06-05 00:00:00,30000.00,37500.00,,0.00,37500.00,NGN,0,Open,2023-07-05 00:00:00,Performing
ugochukwu MICHAEL,,8 amagbo lane nsukka,,"=""22136363""","=""44352632""","=""10730608""",Personal fixed term loan,2023-06-28 00:00:00,20000.00,25400.00,,0.00,25400.00,NGN,0,Open,2023-07-28 00:00:00,Performing
Fii Treasure Barifaama,"=""22593212112""",Bomu,"=""09045306996""","=""21972663""","=""43855735""","=""10539626""",Personal fixed term loan,2023-06-08 00:00:00,7500.00,9675.00,,0.00,9675.00,NGN,0,Open,2023-07-08 00:00:00,Performing
Opaso Oluwatumininu Itunuoluwa,"=""22213390491""",No24 irebami ile ife,"=""08140717429""","=""22078368""","=""44024264""","=""10604189""",Personal fixed term loan,2023-06-15 00:00:00,20000.00,25400.00,,0.00,25400.00,NGN,0,Open,2023-07-15 00:00:00,Performing
BUSAYO AJIGBOTESO,"=""22233328436""",Nigeria,,"=""22097271""","=""43910679""","=""10561811""",Personal fixed term loan,2023-06-11 00:00:00,7500.00,9675.00,,0.00,9675.00,NGN,0,Open,2023-07-11 00:00:00,Performing
AANUOLUWAPO OLASOJI,"=""22513799033""",DEPT OF PUBLIC ADMIN FUOYE,"=""2348134099600""","=""22104393""","=""43260282""","=""10658245""",Personal fixed term loan,2023-06-21 00:00:00,20000.00,25800.00,,0.00,25800.00,NGN,0,Open,2023-07-21 00:00:00,Performing
ALUKO ADESHOLA ELIZABETH,"=""22308889925""",40B ISOKUN ROADILESAISOKUN BUS STOPOSUN,,"=""22110056""","=""44145808""","=""10651529""",Personal fixed term loan,2023-06-20 00:00:00,7500.00,8850.00,,0.00,8850.00,NGN,0,Open,2023-07-05 00:00:00,Performing
EKEMINI GEORGE,"=""22307313618""",PHASE 4 AT WATER BOARD,,"=""22110443""","=""44263753""","=""10703139""",Personal fixed term loan,2023-06-25 00:00:00,20000.00,25800.00,,0.00,25800.00,NGN,0,Open,2023-07-25 00:00:00,Performing
AHMAD MAHMUD,"=""22725567037""",PLOT 170 CADASTRAL STREET ZONE 3 KUBWA,,"=""22111928""","=""44315698""","=""10716122""",Personal fixed term loan,2023-06-27 00:00:00,10000.00,2850.00,,0.00,12800.00,NGN,0,Open,2023-07-27 00:00:00,Performing
HELEN OTUAGOMAH,"=""22543779900""",Zone 20 agbede okeode ilorin,"=""09137963462""","=""22112247""","=""40379845""","=""10697804""",Personal fixed term loan,2023-06-25 00:00:00,7500.00,9525.00,,0.00,9525.00,NGN,0,Open,2023-07-25 00:00:00,Performing
PETER UBINNANA,,164 IKOM CALABAR ROAD UGEP,,"=""22125785""","=""43331972""","=""10638698""",Personal fixed term loan,2023-06-19 00:00:00,7500.00,9675.00,,0.00,9675.00,NGN,0,Open,2023-07-19 00:00:00,Performing
SAMPSON ALI,"=""22564319147""",GQ3H RW Onuankwo Nigeria,,"=""22127955""","=""43876883""","=""10548535""",Personal fixed term loan,2023-06-09 00:00:00,20000.00,25400.00,,0.00,25400.00,NGN,0,Open,2023-07-09 00:00:00,Performing
ABISOLA AYENI,"=""22157423486""",7 LASISI AKINOLA CLSOFF ABU BAKAR MOHAMMED STR OJAOBA,,"=""22130214""","=""44176897""","=""10663410""",Personal fixed term loan,2023-06-21 00:00:00,20000.00,25400.00,,0.00,25400.00,NGN,0,Open,2023-07-21 00:00:00,Performing
ADEBOBOLA DAUDA,,PLOT 1 JI OWOLABI LAYOUT VIA ALAMASH ABAYOMI IWO ROAD IBAD,,"=""22131197""","=""44245984""","=""10715626""",Personal fixed term loan,2023-06-27 00:00:00,30000.00,35400.00,,0.00,35400.00,NGN,0,Open,2023-07-12 00:00:00,Performing
OLUSOLA MAKINDE,,110104 Nigeria,,"=""22131265""","=""42361583""","=""10534235""",Personal fixed term loan,2023-06-08 00:00:00,7500.00,9675.00,,0.00,9675.00,NGN,0,Open,2023-07-08 00:00:00,Performing
ANTHONIA ISELE,"=""22204667236""",DIVINE LOUGE HOSTEL ALIHANE,,"=""22132567""","=""43454369""","=""10741310""",Personal fixed term loan,2023-06-29 00:00:00,7500.00,8625.00,,0.00,8625.00,NGN,0,Open,2023-07-14 00:00:00,Performing
VICTORIA AFOLABI,"=""22537136551""",IBITOYE ESTATE IKUNRI IKOLE,,"=""22134256""","=""44269744""","=""10700002""",Personal fixed term loan,2023-06-25 00:00:00,7500.00,9525.00,,0.00,9525.00,NGN,0,Open,2023-07-25 00:00:00,Performing
UDUAK GODWIN,"=""22556819196""",NO 11 ABULE ODE VILLAGE,,"=""22134439""","=""43768822""","=""10507409""",Personal fixed term loan,2023-06-05 00:00:00,7500.00,0.00,,0.00,9675.00,NGN,0,Closed,2023-07-05 00:00:00,Performing
JAMES KALU,"=""22369920733""",NEPA QUATER OKPULOR,,"=""22135762""","=""43557157""","=""10465511""",Personal fixed term loan,2023-06-01 00:00:00,7500.00,0.00,,0.00,8625.00,NGN,0,Closed,2023-06-16 00:00:00,Performing
SCOTT IDEMIVE,"=""22576391643""",4 VISAH STREET ORHUWORHUN,,"=""22129578""","=""40602314""","=""10626097""",Personal fixed term loan,2023-06-17 00:00:00,7500.00,3850.00,,3850.00,8850.00,NGN,2,Open,2023-07-02 00:00:00,Watchlist
VICTORIA FASEYITAN,"=""22543238931""",14 EKEZIEL STREET OFF POWER SAMILL MAGBORO OGUN STATE,,"=""22129876""","=""43582930""","=""10616961""",Personal fixed term loan,2023-06-16 00:00:00,12500.00,15875.00,,0.00,15875.00,NGN,0,Open,2023-07-16 00:00:00,Performing
olalekan olanrewaju,"=""22409851858""",Nigeria,,"=""22131199""","=""43860797""","=""10541326""",Personal fixed term loan,2023-06-09 00:00:00,7500.00,9525.00,,0.00,9525.00,NGN,0,Open,2023-07-09 00:00:00,Performing
ANUOLUWAPO ONADEKO,"=""22611842680""",NO 10 GIDEON OGBANDA STREET RUMUOKORO,"=""2349048104998""","=""22131999""","=""43842308""","=""10534996""",Personal fixed term loan,2023-06-08 00:00:00,7500.00,9675.00,,0.00,9675.00,NGN,0,Open,2023-07-08 00:00:00,Performing
GBADERO ADEKUNLE,,FC2G5XQ Ikoyi 106104 Lagos Nigeria,,"=""22132701""","=""36274435""","=""10485843""",Personal fixed term loan,2023-06-03 00:00:00,7500.00,8519.00,,8519.00,9018.75,NGN,1,Open,2023-07-03 00:00:00,Watchlist
FLORENTHYN IZUAGIE,,21 EDJEBA RD WARRI DELTA,,"=""22135394""","=""43869569""","=""10557400""",Personal fixed term loan,2023-06-10 00:00:00,7500.00,9675.00,,0.00,9675.00,NGN,0,Open,2023-07-10 00:00:00,Performing
BOLANLE ILESANMI,"=""22514597779""",6 BABATUNDE HASSAN IJU ISHAGA,,"=""22135896""","=""19793713""","=""10712289""",Personal fixed term loan,2023-06-26 00:00:00,7500.00,4675.00,,0.00,9675.00,NGN,0,Open,2023-07-26 00:00:00,Performing
CHINAZA NWACHUKWU,"=""22379266052""",UGWUARO UGWUNANO VILLAGE,,"=""22135994""","=""43593640""","=""10565432""",Personal fixed term loan,2023-06-11 00:00:00,20000.00,25800.00,,0.00,25800.00,NGN,0,Open,2023-07-11 00:00:00,Performing
LYDIA AMAECHI,,FACULTY OF ARTSUNIBEN BENIN CITY,,"=""22136611""","=""44375852""","=""10739797""",Personal fixed term loan,2023-06-29 00:00:00,20000.00,23600.00,,0.00,23600.00,NGN,0,Open,2023-07-14 00:00:00,Performing
MODUPE ADU,"=""22290321117""",24 STREET 13 PALACE ROAD UTHE OFF UPPER MISSION EXTENSION,,"=""22138317""","=""43813676""","=""10535157""",Personal fixed term loan,2023-06-08 00:00:00,30000.00,38400.00,,0.00,38400.00,NGN,0,Open,2023-07-08 00:00:00,Performing
GRACE IHEKAIKE,"=""22654007297""",NO 4 OKOCHA CLOSE RUMUOKWUTA PHC,,"=""22138636""","=""20842457""","=""10653282""",Personal fixed term loan,2023-06-20 00:00:00,7500.00,0.00,,0.00,9675.00,NGN,0,Closed,2023-07-20 00:00:00,Performing
JOY ANTHONY,"=""22419238203""",EZI AKANI UKPA LATE MR OTUNTA COMPOUND AMACHARA ELUU BEFOR,"=""08105706410""","=""22139185""","=""36854216""","=""10579690""",Personal fixed term loan,2023-06-13 00:00:00,20000.00,25800.00,,0.00,25800.00,NGN,0,Open,2023-07-13 00:00:00,Performing
EMMANUEL ATITEBI,,UPPER GAA AKANBI DANIALU AREAILORIN Ilorin South Kwara Sta,,"=""22249089""","=""1413081""","=""153864413""",Personal fixed term loan,2020-03-19 00:00:00,5000.00,0.00,,0.00,6250.00,NGN,0,Closed,2020-04-20 00:00:00,Performing
ANDERSON DENNIS,"=""22539374272""",NO 3 OJERINDE JIBOYE STREET APATA IBADAN Ido Oyo State,,"=""22249940""","=""5917026""","=""1764382""",Personal fixed term loan,2020-03-07 00:00:00,5000.00,0.00,,0.00,6250.00,NGN,0,Closed,2020-04-06 00:00:00,Performing
Oscar Uzosike,"=""22324821840""",No 47B Umummeje Street Abayi Aba Abia State Osisioma Abia,,"=""22251144""","=""6288561""","=""10702676""",Personal fixed term loan,2023-06-25 00:00:00,10000.00,0.00,,0.00,13000.00,NGN,0,Closed,2023-07-25 00:00:00,Performing
Oscar Uzosike,"=""22324821840""",No 47B Umummeje Street Abayi Aba Abia State Osisioma Abia,,"=""22251144""","=""6288561""","=""1903061773""",Personal fixed term loan,2020-03-12 00:00:00,10000.00,0.00,,0.00,13000.00,NGN,0,Closed,2020-04-14 00:00:00,Performing
OKECHUKWU BENJAMINE,"=""22254726484""",7 RUMUIBEKWE ESTATE ROAD RUMUIBEKWE,,"=""22111184""","=""44278519""","=""10702256""",Personal fixed term loan,2023-06-25 00:00:00,7500.00,9525.00,,0.00,9525.00,NGN,0,Open,2023-07-25 00:00:00,Performing
EMEKA NWAIZU,,NO 2 AKUNNE EGBUNIWWE STREET WOLIWO ONITSHA,,"=""22112855""","=""41460436""","=""10726503""",Personal fixed term loan,2023-06-28 00:00:00,20000.00,23600.00,,0.00,23600.00,NGN,0,Open,2023-07-13 00:00:00,Performing
DANIELLA NWOSU,"=""22257392172""",AJEGUNLE,,"=""22125509""","=""43870595""","=""10545760""",Personal fixed term loan,2023-06-09 00:00:00,30000.00,37500.00,,0.00,37500.00,NGN,0,Open,2023-07-09 00:00:00,Performing
CHIZARAM OHUKA,"=""22238157024""",UMUOLA EZIAMA NTIGHA,,"=""22130035""","=""43675625""","=""10472052""",Personal fixed term loan,2023-06-02 00:00:00,17500.00,5841.00,,5841.00,22400.00,NGN,2,Open,2023-07-02 00:00:00,Watchlist
helen isaac,"=""22387582043""",78 aka nung udoe road ibesikpo,,"=""22132040""","=""42215272""","=""10608204""",Personal fixed term loan,2023-06-16 00:00:00,7500.00,8075.00,,8075.00,8625.00,NGN,3,Open,2023-07-01 00:00:00,Watchlist
GODWIN OTABOR,"=""22513058905""",38 OGOWENTITI STR OFF UPPER MISSION EXTENSION BENI,"=""08136433455""","=""22134448""","=""43807306""","=""10521286""",Personal fixed term loan,2023-06-07 00:00:00,20000.00,25800.00,,0.00,25800.00,NGN,0,Open,2023-07-07 00:00:00,Performing
IFEOMA OJELUM,"=""22168303568""",10 GARRARAD IKOYI,,"=""22134783""","=""44203264""","=""10732510""",Personal fixed term loan,2023-06-28 00:00:00,30000.00,37500.00,,0.00,37500.00,NGN,0,Open,2023-07-28 00:00:00,Performing
MURITALA YUSUF,"=""22269413524""",6 COLE STREET OLOWOGBOWO APONGBON,,"=""22135319""","=""44100004""","=""10654262""",Personal fixed term loan,2023-06-20 00:00:00,20000.00,23000.00,,0.00,23000.00,NGN,0,Open,2023-07-05 00:00:00,Performing
Friday Edafiyere,"=""22220956345""",Akoto qtrs orhuwhorun town galugbo compound Udu Delta Stat,,"=""22135784""","=""4976113""","=""10524573""",Personal fixed term loan,2023-06-07 00:00:00,7500.00,8659.00,,8659.00,8850.00,NGN,12,Open,2023-06-22 00:00:00,Watchlist
CHINENYE IFEDIORA,"=""22516051817""",DAVID IFEDIORA COMP,,"=""22137541""","=""43095752""","=""10665520""",Personal fixed term loan,2023-06-21 00:00:00,5000.00,134.00,,0.00,5985.00,NGN,0,Open,2023-07-06 00:00:00,Performing
IMEOBONG AKPAN,"=""22303612083""",12 IEWA RUMOUBEKANI PHC,,"=""22138077""","=""43546142""","=""10541319""",Personal fixed term loan,2023-06-09 00:00:00,5000.00,6375.00,,0.00,6375.00,NGN,0,Open,2023-07-09 00:00:00,Performing
Omoefe Ohiorenoya,,25 Dosumu Street Mafoluku Oshodi,,"=""22138527""","=""43750478""","=""10499465""",Personal fixed term loan,2023-06-05 00:00:00,7500.00,9675.00,,0.00,9675.00,NGN,0,Open,2023-07-05 00:00:00,Performing
GABRIEL ORISHEDEBI OKOTIEEBOH,"=""22330071848""",PLOT 83 84 ODUSOTE STREETANTHONY Lagos State,,"=""22157579""","=""41538206""","=""9898563""",Personal fixed term loan,2023-04-07 00:00:00,15000.00,0.00,,0.00,18150.00,NGN,0,Closed,2023-05-08 00:00:00,Performing
OLADIPUPO OLOLADE TAIWO,,1 FADEYI STREET OSOSUN TITUN IFO,,"=""22240922""","=""571814""","=""10289923""",Personal fixed term loan,2023-05-15 00:00:00,5000.00,0.00,,0.00,6000.00,NGN,0,Closed,2023-05-30 00:00:00,Performing
JOSHUA OLAKANMI,"=""22152140535""",DAVID HOSTEL ADENIKE AREA LAUTECH OGBOMOSO OYO STATE Ogbom,,"=""22249095""","=""5327064""","=""117120155""",Personal fixed term loan,2020-03-10 00:00:00,25000.00,0.00,,0.00,31250.00,NGN,0,Closed,2020-04-09 00:00:00,Performing
JOSHUA OLAKANMI,"=""22152140535""",DAVID HOSTEL ADENIKE AREA LAUTECH OGBOMOSO OYO STATE Ogbom,,"=""22249095""","=""5327064""","=""1791796""",Personal fixed term loan,2020-03-10 00:00:00,25000.00,0.00,,0.00,31250.00,NGN,0,Closed,2020-04-09 00:00:00,Performing
NURUDEEN OLAGBENRO,"=""22515578115""",JANET ADEKITAN HOUSE AYEPE COMPOUND IWERE ILE Iwajowa Oyo,,"=""22249113""","=""5825067""","=""3135889618""",Personal fixed term loan,2020-02-20 00:00:00,10000.00,0.00,,0.00,10000.00,NGN,0,Closed,2020-03-23 00:00:00,Performing
HAMED BADMUS,"=""22220307912""",65 ROTIMI ODUSANYA IKORODU,,"=""22126293""","=""44211068""","=""10676153""",Personal fixed term loan,2023-06-23 00:00:00,7500.00,8850.00,,0.00,8850.00,NGN,0,Open,2023-07-08 00:00:00,Performing
PRECIOUS SUNDAY,,NO 3 MAI JAMAA ROAD UNGUWAN BORO SABO,,"=""22130573""","=""43909969""","=""10649880""",Personal fixed term loan,2023-06-20 00:00:00,5000.00,6000.00,,0.00,6000.00,NGN,0,Open,2023-07-05 00:00:00,Performing
FAITH IMONEKOR,"=""22149847373""",69 OLATUNJI STREET OJOTA LAGOS,,"=""22131274""","=""42730730""","=""12909890""",Personal fixed term loan,2024-02-07 00:00:00,500000.00,0.00,,0.00,134025.00,NGN,0,Closed,2024-08-05 00:00:00,Performing
AANUOLUWAPO OSHO,"=""22733655072""",7 OONIS LAYOUT AJEBANDELE ILE IFE,,"=""22131823""","=""16092668""","=""10566461""",Personal fixed term loan,2023-06-11 00:00:00,7500.00,9675.00,,0.00,9675.00,NGN,0,Open,2023-07-11 00:00:00,Performing
EDIKAN EKPUK,"=""22553801312""",IKOT OTU,,"=""22132210""","=""44177717""","=""10663671""",Personal fixed term loan,2023-06-21 00:00:00,7500.00,9675.00,,0.00,9675.00,NGN,0,Open,2023-07-21 00:00:00,Performing
KEHINDE LAWAL,"=""22217691002""",141BEHIND DEENS MOTEL OLORUNSOGO AREA ILORIN,,"=""22134432""","=""12769889""","=""10722770""",Personal fixed term loan,2023-06-27 00:00:00,20000.00,15650.00,,0.00,25600.00,NGN,0,Open,2023-07-27 00:00:00,Performing
ABIOLA ABDULRAHEEM,"=""22298952311""",OKIN FM AREA OFFA,,"=""22138326""","=""43924427""","=""10566212""",Personal fixed term loan,2023-06-11 00:00:00,20000.00,25800.00,,0.00,25800.00,NGN,0,Open,2023-07-11 00:00:00,Performing
EMMANUEL UGWU,"=""22517057597""",UGWU CYPRAIN COMPOUNDAT AMAGU EDEM NRU NSUKKA,,"=""22139748""","=""43688144""","=""10477146""",Personal fixed term loan,2023-06-02 00:00:00,7500.00,9675.00,,9675.00,9675.00,NGN,2,Open,2023-07-02 00:00:00,Watchlist
ALIU SOLIU OLOHUNTELE,"=""22442561994""",694HV6 Sokenu Nigeria,,"=""22240506""","=""5999702""","=""10239558""",Personal fixed term loan,2023-05-10 00:00:00,5000.00,0.00,,0.00,5750.00,NGN,0,Closed,2023-05-25 00:00:00,Performing
ALIU SOLIU OLOHUNTELE,"=""22442561994""",694HV6 Sokenu Nigeria,,"=""22240506""","=""5999702""","=""10512010""",Personal fixed term loan,2023-06-06 00:00:00,20000.00,0.00,,0.00,26000.00,NGN,0,Closed,2023-07-06 00:00:00,Performing
OMOLADE ADELEKE,"=""22374514938""",40 ACADEMY OLOMI ROAD ILE LEKAN BUS STOP Oluyole Oyo State,,"=""22249079""","=""6425871""","=""1842366""",Personal fixed term loan,2020-03-18 00:00:00,10000.00,0.00,,0.00,13000.00,NGN,0,Closed,2020-04-17 00:00:00,Performing
EBENEZER OLASUPO,"=""22538971526""",3 Apete arola Ido Oyo,,"=""22249966""","=""2749314""","=""1219287750""",Personal fixed term loan,2020-01-23 00:00:00,2500.00,0.00,,0.00,3250.00,NGN,0,Closed,2020-02-24 00:00:00,Performing
AHMED SALIHU,"=""22476379017""",LAFIA STREET OKENE Okene Kogi State,,"=""22252088""","=""7277106""","=""10719330""",Personal fixed term loan,2023-06-27 00:00:00,5000.00,0.00,,0.00,6000.00,NGN,0,Closed,2023-07-12 00:00:00,Performing
HAFIZ MUSTAPHA,"=""22417076663""",NO 1111 UNGUWAR DABINIO TUKUNTAWA,,"=""22252823""","=""6432537""","=""1845726""",Personal fixed term loan,2020-03-19 00:00:00,10000.00,0.00,,0.00,11500.00,NGN,0,Closed,2020-04-03 00:00:00,Performing
ISRAEL OGUNSEYE,"=""22312140524""",MS OUTSOUCRING SER 22BRAFIU SHITTU ALAKA ESTLagos State,,"=""22252938""","=""6070824""","=""1880151""",Personal fixed term loan,2020-03-24 00:00:00,2500.00,0.00,,0.00,3250.00,NGN,0,Closed,2020-04-23 00:00:00,Performing
ISRAEL OGUNSEYE,"=""22312140524""",MS OUTSOUCRING SER 22BRAFIU SHITTU ALAKA ESTLagos State,,"=""22252938""","=""6070824""","=""63266590""",Personal fixed term loan,2020-03-24 00:00:00,2500.00,0.00,,0.00,3250.00,NGN,0,Closed,2020-04-23 00:00:00,Performing
IGHOAVWOGHOKE AGBAKOKO,,21 ELEBIJU STREET KETU LAGOS Kosofe Lagos State,,"=""22253524""","=""3611496""","=""2208989972""",Personal fixed term loan,2019-12-14 00:00:00,5000.00,0.00,,0.00,6100.00,NGN,0,Closed,2020-01-13 00:00:00,Performing
OLUWATOSIN SOLOMON,"=""22319455591""",5 TOWN HALL LANE AMUKOKO,,"=""22129952""","=""44005145""","=""10597045""",Personal fixed term loan,2023-06-14 00:00:00,7500.00,0.00,,0.00,9675.00,NGN,0,Closed,2023-07-14 00:00:00,Performing
ESTHER ABEKHE,"=""22315189900""",NO83 IMIEKURI ROAD OKUGBE OKPELLA,,"=""22130188""","=""44072134""","=""10670460""",Personal fixed term loan,2023-06-22 00:00:00,7500.00,9675.00,,0.00,9675.00,NGN,0,Open,2023-07-22 00:00:00,Performing
SUNDAY OKOYE,,NO 2931 ARIYO AKINLOYE STREET,,"=""22132274""","=""43028843""","=""10553509""",Personal fixed term loan,2023-06-10 00:00:00,7500.00,0.00,,0.00,8625.00,NGN,0,Closed,2023-06-25 00:00:00,Performing
TOYOSI LAMIDI,,opposite Government College near Nysc Camp Agege 102212 La,,"=""22133445""","=""43961974""","=""10729403""",Personal fixed term loan,2023-06-28 00:00:00,20000.00,25800.00,,0.00,25800.00,NGN,0,Open,2023-07-28 00:00:00,Performing
CHIAMAKA NWOSU,"=""22546557503""",24 AGAYIBA STREET,,"=""22134517""","=""43887923""","=""10552046""",Personal fixed term loan,2023-06-10 00:00:00,20000.00,13850.00,,0.00,25800.00,NGN,0,Open,2023-07-10 00:00:00,Performing
BEADINO EZEALA,"=""22404834614""",5 B OBOHIA ROAD ABA,,"=""22134768""","=""44083372""","=""10631027""",Personal fixed term loan,2023-06-18 00:00:00,7500.00,9675.00,,0.00,9675.00,NGN,0,Open,2023-07-18 00:00:00,Performing
FRANCIS EKUOGBE,"=""22655060011""",WMHQ56 Pamol Staff Quarters Nigeria,,"=""22139312""","=""44231519""","=""10684566""",Personal fixed term loan,2023-06-23 00:00:00,20000.00,25800.00,,0.00,25800.00,NGN,0,Open,2023-07-23 00:00:00,Performing
SAMBO MUSTAPHA ADENIYI,"=""22249379570""",7 Olaide Street Bariiga Lagos Shomolu Lagos,,"=""22244735""","=""6600413""","=""10734730""",Personal fixed term loan,2023-06-29 00:00:00,5000.00,0.00,,0.00,6500.00,NGN,0,Closed,2023-07-29 00:00:00,Performing
USMAN ABDULLAHI,,UNGUWAN DATI Chanchaga Niger State,,"=""22249415""","=""6175557""","=""1785513""",Personal fixed term loan,2020-03-10 00:00:00,10000.00,0.00,,0.00,13000.00,NGN,0,Closed,2020-04-09 00:00:00,Performing
USMAN ABDULLAHI,,UNGUWAN DATI Chanchaga Niger State,,"=""22249415""","=""6175557""","=""2082757858""",Personal fixed term loan,2020-03-10 00:00:00,10000.00,0.00,,0.00,13000.00,NGN,0,Closed,2020-04-09 00:00:00,Performing
ADAMU ABDULRAHMAN,,TUNFURE QTRS GOMBE Gombe State NG Akko Gombe State,,"=""22249880""","=""6921855""","=""1935801""",Personal fixed term loan,2020-04-13 00:00:00,5000.00,0.00,,0.00,5750.00,NGN,0,Closed,2020-04-28 00:00:00,Performing
YAHAYA YARI,"=""22376041135""",MAI AFAKU CLOSE UDOSA KADUNA Kaduna North Kaduna State,,"=""22251151""","=""3505884""","=""1019471926""",Personal fixed term loan,2019-12-19 00:00:00,5000.00,0.00,,0.00,6250.00,NGN,0,Closed,2020-01-20 00:00:00,Performing
MAYOWA ORELAJA,"=""22158500676""",R4WCPG Lani Olaogun Nigeria,,"=""22251852""","=""6033207""","=""1782989""",Personal fixed term loan,2020-03-09 00:00:00,2500.00,0.00,,0.00,2870.00,NGN,0,Closed,2020-03-24 00:00:00,Performing
MAYOWA ORELAJA,"=""22158500676""",R4WCPG Lani Olaogun Nigeria,,"=""22251852""","=""6033207""","=""52860287""",Personal fixed term loan,2020-03-09 00:00:00,2500.00,0.00,,0.00,2870.00,NGN,0,Closed,2020-03-24 00:00:00,Performing
NUHU UZAIRU,"=""22477891590""",HOTORO DAN MARKE,,"=""22251888""","=""6129984""","=""1751333""",Personal fixed term loan,2020-03-05 00:00:00,1500.00,0.00,,0.00,1720.00,NGN,0,Closed,2020-03-20 00:00:00,Performing
NUHU UZAIRU,"=""22477891590""",HOTORO DAN MARKE,,"=""22251888""","=""6129984""","=""1778349""",Personal fixed term loan,2020-03-09 00:00:00,2500.00,0.00,,0.00,2870.00,NGN,0,Closed,2020-03-24 00:00:00,Performing
NUHU UZAIRU,"=""22477891590""",HOTORO DAN MARKE,,"=""22251888""","=""6129984""","=""1788156""",Personal fixed term loan,2020-03-10 00:00:00,2500.00,0.00,,0.00,2870.00,NGN,0,Closed,2020-03-25 00:00:00,Performing
IDRIS SULAIMON,"=""22330996570""",bode market area ibadan,"=""07088735405""","=""22252087""","=""6641928""","=""10699864""",Personal fixed term loan,2023-06-25 00:00:00,5000.00,0.00,,0.00,6000.00,NGN,0,Closed,2023-07-10 00:00:00,Performing
EVELYN CLIFFORD,"=""22299726818""",5 Kumako street opposite eleven shop magbon olorunda Bada,"=""08132785042""","=""22109802""","=""44331703""","=""10724356""",Personal fixed term loan,2023-06-27 00:00:00,7500.00,9525.00,,0.00,9525.00,NGN,0,Open,2023-07-27 00:00:00,Performing
MBANEFO DIKE,"=""22653975502""",65 OGBOLI ROAD ONITSHA,,"=""22110268""","=""44084050""","=""10640327""",Personal fixed term loan,2023-06-19 00:00:00,7500.00,0.00,,0.00,8850.00,NGN,0,Closed,2023-07-04 00:00:00,Performing
JUDITH EZEH,"=""22279780526""",21 ESADO STREET OLODI APAPA LAGOS,,"=""22110895""","=""20620204""","=""10571004""",Personal fixed term loan,2023-06-12 00:00:00,30000.00,38400.00,,0.00,38400.00,NGN,0,Open,2023-07-12 00:00:00,Performing
NGUEVESE INGULE,"=""22705874634""",OPP COMMERCIAL COLLEGE GBOKO LGA BENUE STATE,,"=""22111538""","=""43740433""","=""10496242""",Personal fixed term loan,2023-06-04 00:00:00,7500.00,0.00,,0.00,9525.00,NGN,0,Closed,2023-07-04 00:00:00,Performing
SAMUEL UDOH,"=""22232731374""",NO 170 EFFIOT STR UYO,,"=""22124778""","=""42995477""","=""10485055""",Personal fixed term loan,2023-06-03 00:00:00,10000.00,550.00,,550.00,12500.00,NGN,1,Open,2023-07-03 00:00:00,Watchlist
JEDIDIAH NWANYI,"=""22669747681""",115 SOS NIGERIA AIR FORCE PHC,,"=""22127952""","=""43841738""","=""10602039""",Personal fixed term loan,2023-06-15 00:00:00,7500.00,9675.00,,0.00,9675.00,NGN,0,Open,2023-07-15 00:00:00,Performing
SUNDAY ONJEWU,"=""22477078278""",111 GWARANDOK ABBATOIR STRABATTOIR POLICE STATION Jos NIGE,,"=""22128386""","=""43358159""","=""10515783""",Personal fixed term loan,2023-06-06 00:00:00,7500.00,9675.00,,0.00,9675.00,NGN,0,Open,2023-07-06 00:00:00,Performing
OBINNA OKEKE,"=""22201994599""",Nigeria,,"=""22129181""","=""43592993""","=""10632586""",Personal fixed term loan,2023-06-18 00:00:00,5000.00,5900.00,,5900.00,5900.00,NGN,1,Open,2023-07-03 00:00:00,Watchlist
BOLUWATIFE OLADIMEJI,"=""22416486155""",12 IYAN,,"=""22132523""","=""44341468""","=""10726548""",Personal fixed term loan,2023-06-28 00:00:00,30000.00,7950.00,,0.00,38400.00,NGN,0,Open,2023-07-28 00:00:00,Performing
PASCHAL OGBE,,170 UPPER NIKE ROAD ABAKPA NIKE ENUGU,,"=""22135195""","=""41887442""","=""10671415""",Personal fixed term loan,2023-06-22 00:00:00,20000.00,25400.00,,0.00,25400.00,NGN,0,Open,2023-07-22 00:00:00,Performing
Samuel OKONKWO,,22 RUMUIBEKWE PORT HARCOURT,,"=""22136031""","=""43893355""","=""10554710""",Personal fixed term loan,2023-06-10 00:00:00,10000.00,12900.00,,0.00,12900.00,NGN,0,Open,2023-07-10 00:00:00,Performing
BELLO UMAR,"=""22530728458""",46 ALKALI ROAD Yola South Adamawa State,,"=""22249250""","=""5562696""","=""1554122""",Personal fixed term loan,2020-02-07 00:00:00,2500.00,0.00,,0.00,2870.00,NGN,0,Closed,2020-02-24 00:00:00,Performing
BELLO UMAR,"=""22530728458""",46 ALKALI ROAD Yola South Adamawa State,,"=""22249250""","=""5562696""","=""6322698234""",Personal fixed term loan,2020-02-07 00:00:00,2500.00,0.00,,0.00,2870.00,NGN,0,Closed,2020-02-24 00:00:00,Performing
ADEDAMOLA ADEREMI,"=""22391630354""",1 CHURCH PARAFA IKORODU LAGOS,,"=""22251222""","=""1829109""","=""1238475800""",Personal fixed term loan,2020-10-13 00:00:00,10000.00,0.00,,0.00,13000.00,NGN,0,Closed,2020-11-12 00:00:00,Performing
PRECIOUS ABIFARIN,"=""22370079440""",12 OLOPEJOJO IJOKA AKURE Akure South Ondo State,,"=""22251724""","=""4195773""","=""2111604654""",Personal fixed term loan,2020-03-03 00:00:00,2500.00,0.00,,0.00,3120.00,NGN,0,Closed,2020-04-02 00:00:00,Performing
OLAMIDE FOLARANMI,"=""22259306003""",FLAT1B ODEKUNLE STREET,,"=""22252953""","=""6501750""","=""26105230""",Personal fixed term loan,2020-10-18 00:00:00,5000.00,0.00,,0.00,6100.00,NGN,0,Closed,2020-11-17 00:00:00,Performing
OGHENEMARHO OGBEIFO,"=""22514888749""",61 ODOGUN AVENUE Uvwie Delta State,,"=""22254087""","=""6794085""","=""10620459""",Personal fixed term loan,2023-06-17 00:00:00,5000.00,0.00,,0.00,6500.00,NGN,0,Closed,2023-07-17 00:00:00,Performing
NOFISATU OGUNDELE,"=""22233291077""",28OWODUNNI STREERT KETULAGOS,,"=""22125415""","=""38461619""","=""10508416""",Personal fixed term loan,2023-06-05 00:00:00,20000.00,0.00,,0.00,24050.00,NGN,0,Closed,2023-07-05 00:00:00,Performing
OGONNAYA KALU,"=""22227950812""",256 EHI ROAD NGWA ROAD BS ABA,,"=""22127172""","=""43468904""","=""10548890""",Personal fixed term loan,2023-06-09 00:00:00,20000.00,10000.00,,0.00,25800.00,NGN,0,Open,2023-07-09 00:00:00,Performing
TEMPLE OLELEWE,"=""22214877058""",11 CHARLES OCHUBA CLOE ANGWA SHIMU MARARABA,,"=""22127972""","=""44047007""","=""10711108""",Personal fixed term loan,2023-06-26 00:00:00,7500.00,9563.00,,0.00,9562.50,NGN,0,Open,2023-07-26 00:00:00,Performing
CAROLINE OKODUWA,,NO 4 ODOGUN LANE OFF EMMEMUJAKPO STREET OGHENEVWETA UGHELL,,"=""22128325""","=""513200""","=""10694589""",Personal fixed term loan,2023-06-24 00:00:00,7500.00,9675.00,,0.00,9675.00,NGN,0,Open,2023-07-24 00:00:00,Performing
HAPPY IRIKEFE,"=""22637626945""",12 OLD MARKET ROAD JESSE,,"=""22131865""","=""41474969""","=""10556227""",Personal fixed term loan,2023-06-10 00:00:00,5000.00,6450.00,,0.00,6450.00,NGN,0,Open,2023-07-10 00:00:00,Performing
OLAITAN AYOOLA,"=""22532896841""",2BOLARINWA STREETDECART RING ROADOLUYOLE LGA,,"=""22132652""","=""44172371""","=""10661503""",Personal fixed term loan,2023-06-21 00:00:00,7500.00,8850.00,,0.00,8850.00,NGN,0,Open,2023-07-06 00:00:00,Performing
EMMANUEL UMOKE,,UMOKES COMPOUND NDUFU AMUDO EZZA SOUTH,,"=""22135358""","=""44157082""","=""10655635""",Personal fixed term loan,2023-06-21 00:00:00,30000.00,35400.00,,0.00,35400.00,NGN,0,Open,2023-07-06 00:00:00,Performing
AYOKUNLE ALAWOYA,,Not Available,,"=""22135894""","=""16255633""","=""10540677""",Personal fixed term loan,2023-06-09 00:00:00,5000.00,3950.00,,0.00,6450.00,NGN,0,Open,2023-07-09 00:00:00,Performing
AMINU ABDULRAHAMAN GARUBA,"=""22310113393""",NO 28 AYETEJU STREET KABBA KOGI STATE,,"=""22172560""","=""16310""","=""48167463""",Personal fixed term loan,2020-03-15 00:00:00,5000.00,0.00,,0.00,6250.00,NGN,0,Closed,2020-04-14 00:00:00,Performing
ADEDOYIN RAPHAEL SUNDAY,"=""22304631597""",SCARI CLOSE OFF BOBO CLOSE MAITAMA,,"=""22248687""","=""6178244""","=""10171636""",Personal fixed term loan,2023-05-04 00:00:00,5000.00,0.00,,0.00,6500.00,NGN,0,Closed,2023-06-03 00:00:00,Performing
ADEDOYIN RAPHAEL SUNDAY,"=""22304631597""",SCARI CLOSE OFF BOBO CLOSE MAITAMA,,"=""22248687""","=""6178244""","=""10419607""",Personal fixed term loan,2023-05-28 00:00:00,12500.00,0.00,,0.00,16250.00,NGN,0,Closed,2023-06-27 00:00:00,Performing
RUTH ADELOWO,"=""22265957152""",NO 18 AKINTUNDE STREET GBAREMU IBADAN Ona Ara Oyo State,,"=""22249087""","=""6807699""","=""3161026877""",Personal fixed term loan,2020-04-08 00:00:00,2500.00,0.00,,0.00,3250.00,NGN,0,Closed,2020-05-08 00:00:00,Performing
SAHEED ABASS,"=""22265690677""",OLORUNDA,,"=""22249121""","=""6859512""","=""1968887""",Personal fixed term loan,2020-04-25 00:00:00,5000.00,0.00,,0.00,6250.00,NGN,0,Closed,2020-05-26 00:00:00,Performing
LAWRENTA IKHIDEO,,35 ALIHAMEH OPPOSITE ROAD SAFETY Ika South Delta State,,"=""22249270""","=""6186591""","=""1770773""",Personal fixed term loan,2020-03-08 00:00:00,20000.00,0.00,,0.00,23000.00,NGN,0,Closed,2020-03-23 00:00:00,Performing
ANGELA OMON,"=""22394474003""",14 AKINWUNMI STREET DOPEMU AGEGE,,"=""22249440""","=""2984823""","=""927479""",Personal fixed term loan,2019-10-31 00:00:00,1500.00,0.00,,0.00,1950.00,NGN,0,Closed,2019-12-02 00:00:00,Performing
ANGELA OMON,"=""22394474003""",14 AKINWUNMI STREET DOPEMU AGEGE,,"=""22249440""","=""2984823""","=""99783832""",Personal fixed term loan,2019-10-31 00:00:00,1500.00,0.00,,0.00,1950.00,NGN,0,Closed,2019-12-02 00:00:00,Performing
HALILAT BOLAJI,"=""22304072381""",14 15 Prince Alaba Oniru Road Victoria Island,,"=""22251780""","=""5955624""","=""1225223319""",Personal fixed term loan,2020-03-14 00:00:00,2500.00,0.00,,0.00,3250.00,NGN,0,Closed,2020-04-14 00:00:00,Performing
SAMSON ANADI,"=""22464971922""",2 YEVIEKOH QUATERS AGEMOWO BADAGRY,,"=""22134547""","=""6157892""","=""10676390""",Personal fixed term loan,2023-06-23 00:00:00,5000.00,0.00,,0.00,6500.00,NGN,0,Closed,2023-07-23 00:00:00,Performing
TEMITOPE ADEKUNLE,"=""22725133777""",Cocin church pangtumu shendam,,"=""22138495""","=""43067456""","=""10608166""",Personal fixed term loan,2023-06-16 00:00:00,5000.00,6300.00,,0.00,6300.00,NGN,0,Open,2023-07-16 00:00:00,Performing
Harrison Benjamin Mary,,Plot 5 Rukuba Road 930105 Jos Plateau Nigeria,,"=""22213031""","=""5693162""","=""10702925""",Personal fixed term loan,2023-06-25 00:00:00,5000.00,0.00,,0.00,6000.00,NGN,0,Closed,2023-07-10 00:00:00,Performing
PETER KEMI FUNMILAYO,"=""22425610057""",31 AKINWOLERE STREET,,"=""22239886""","=""6585695""","=""10742853""",Personal fixed term loan,2023-06-30 00:00:00,5000.00,0.00,,0.00,6500.00,NGN,0,Closed,2023-07-30 00:00:00,Performing
HASSAN SAADU,"=""22398355623""",ARAWA QTRS GOMBE Akko Gombe State,,"=""22249881""","=""6975210""","=""1938339""",Personal fixed term loan,2020-04-14 00:00:00,2500.00,0.00,,0.00,2870.00,NGN,0,Closed,2020-04-29 00:00:00,Performing
HASSAN SAADU,"=""22398355623""",ARAWA QTRS GOMBE Akko Gombe State,,"=""22249881""","=""6975210""","=""2069458992""",Personal fixed term loan,2020-04-14 00:00:00,2500.00,0.00,,0.00,2870.00,NGN,0,Closed,2020-04-29 00:00:00,Performing
ABIODUN ADIO,"=""22339254495""",CHALLENGE Ibadan SouthWest Oyo State,,"=""22251922""","=""5843361""","=""1783253""",Personal fixed term loan,2020-03-09 00:00:00,5000.00,0.00,,0.00,5750.00,NGN,0,Closed,2020-03-24 00:00:00,Performing
ABIODUN ADIO,"=""22339254495""",CHALLENGE Ibadan SouthWest Oyo State,,"=""22251922""","=""5843361""","=""482563355""",Personal fixed term loan,2020-03-09 00:00:00,5000.00,0.00,,0.00,5750.00,NGN,0,Closed,2020-03-24 00:00:00,Performing
ADEGBOYEGA KOYI,,11ABAYOMI AKELE CLOSE LANRE BSTOP IGANDO Alimosho Lagos St,,"=""22252825""","=""1499910""","=""3079535970""",Personal fixed term loan,2019-10-30 00:00:00,1500.00,0.00,,0.00,1720.00,NGN,0,Closed,2019-11-14 00:00:00,Performing
ADEGBOYEGA KOYI,,11ABAYOMI AKELE CLOSE LANRE BSTOP IGANDO Alimosho Lagos St,,"=""22252825""","=""1499910""","=""922958""",Personal fixed term loan,2019-10-30 00:00:00,1500.00,0.00,,0.00,1720.00,NGN,0,Closed,2019-11-14 00:00:00,Performing
SANI HASSAN,,ENERGY BUS STOP ILESA AKURE EXP OWENA,,"=""22253676""","=""2868573""","=""3135725055""",Personal fixed term loan,2019-10-27 00:00:00,1500.00,0.00,,0.00,1720.00,NGN,0,Closed,2019-11-11 00:00:00,Performing
SANI HASSAN,,ENERGY BUS STOP ILESA AKURE EXP OWENA,,"=""22253676""","=""2868573""","=""900048""",Personal fixed term loan,2019-10-27 00:00:00,1500.00,0.00,,0.00,1720.00,NGN,0,Closed,2019-11-11 00:00:00,Performing
CLETUS AGANYI,,GIDAN IGWAI AREA  Sokoto North Sokoto State,,"=""22254611""","=""1545357""","=""1005675633""",Personal fixed term loan,2019-09-11 00:00:00,5000.00,0.00,,0.00,6250.00,NGN,0,Closed,2019-10-11 00:00:00,Performing
CLETUS AGANYI,,GIDAN IGWAI AREA  Sokoto North Sokoto State,,"=""22254611""","=""1545357""","=""637688""",Personal fixed term loan,2019-09-11 00:00:00,5000.00,0.00,,0.00,6250.00,NGN,0,Closed,2019-10-11 00:00:00,Performing
ADEBAYO SHITTU,,ISIEKE IBEKU,,"=""22255029""","=""2874090""","=""87036001""",Personal fixed term loan,2019-10-27 00:00:00,10000.00,0.00,,0.00,13000.00,NGN,0,Closed,2019-11-26 00:00:00,Performing
MORUFAT YUSUF,,NO 51 DURUMI 1 GARKI ABUJA,,"=""22255080""","=""2202924""","=""794917854""",Personal fixed term loan,2019-11-27 00:00:00,1500.00,0.00,,0.00,1720.00,NGN,0,Closed,2019-12-12 00:00:00,Performing
ADEKEMI MOULD,"=""22145108285""",BACK OF ARENAOFF TREE OF LIFE ESTATE RD RCCG CAMP Obafemi,,"=""22255480""","=""5827059""","=""1670557""",Personal fixed term loan,2020-02-24 00:00:00,35000.00,0.00,,0.00,40250.00,NGN,0,Closed,2020-03-10 00:00:00,Performing
MUBARAK MUHAMMED,,FATI MUAZU LINK NO 13 NEW GRA BAUCHI,,"=""22109904""","=""44179672""","=""10676693""",Personal fixed term loan,2023-06-23 00:00:00,30000.00,0.00,,0.00,37500.00,NGN,0,Closed,2023-07-23 00:00:00,Performing
SUNUSI ILIYASU,"=""22507289162""",ANG ALQALI ZARIA CITY,,"=""22110302""","=""44272576""","=""10700580""",Personal fixed term loan,2023-06-25 00:00:00,1500.00,1800.00,,0.00,1800.00,NGN,0,Open,2023-07-10 00:00:00,Performing
IKECHUKWU OKAFOR,,NO 26 OLUSESI WAY AGO OKOTA,,"=""22113512""","=""40267162""","=""10746802""",Personal fixed term loan,2023-06-30 00:00:00,5000.00,5985.00,,0.00,5985.00,NGN,0,Open,2023-07-15 00:00:00,Performing
EBUBE OGBONNA,"=""22577574713""",9 CALABAR STREET,,"=""22125644""","=""44197625""","=""10672592""",Personal fixed term loan,2023-06-22 00:00:00,7500.00,9675.00,,0.00,9675.00,NGN,0,Open,2023-07-22 00:00:00,Performing
JOSHUA OGODOR,,24 UDUMWOVWRI STREKPAN BLK 89 ZONE C MAMMY MKT EFF WARR,,"=""22127809""","=""20672918""","=""10677311""",Personal fixed term loan,2023-06-23 00:00:00,20000.00,0.00,,0.00,25800.00,NGN,0,Closed,2023-07-23 00:00:00,Performing
GLORIA EMMANUEL,"=""22312646680""",NO 3 SPRING ROAD 8 MILES CALABAR,,"=""22128488""","=""42801569""","=""10648025""",Personal fixed term loan,2023-06-20 00:00:00,5000.00,5900.00,,0.00,5900.00,NGN,0,Open,2023-07-05 00:00:00,Performing
MOSES JOLAOSHO,,Nigeria,,"=""22128881""","=""44318870""","=""10717670""",Personal fixed term loan,2023-06-27 00:00:00,7500.00,8850.00,,0.00,8850.00,NGN,0,Open,2023-07-12 00:00:00,Performing
BOLATITO BALOGUN,"=""22715746552""",5 AJINDE ROAD 2  AKALA EXPRE SS IBADAN OYO,,"=""22129958""","=""44036743""","=""10609286""",Personal fixed term loan,2023-06-16 00:00:00,7500.00,9675.00,,0.00,9675.00,NGN,0,Open,2023-07-16 00:00:00,Performing
OLUWAKEMI ARIYO,,13 AMOSU STREETORILE Surulere Lagos State Lagos State,,"=""22131553""","=""7906307""","=""10149990""",Personal fixed term loan,2023-05-02 00:00:00,5000.00,0.00,,0.00,6075.00,NGN,0,Closed,2023-05-17 00:00:00,Performing
OLUWAKEMI ARIYO,,13 AMOSU STREETORILE Surulere Lagos State Lagos State,,"=""22131553""","=""7906307""","=""10296399""",Personal fixed term loan,2023-05-16 00:00:00,5000.00,0.00,,0.00,13000.00,NGN,0,Closed,2023-06-15 00:00:00,Performing
OLUWAKEMI ARIYO,,13 AMOSU STREETORILE Surulere Lagos State Lagos State,,"=""22131553""","=""7906307""","=""10601107""",Personal fixed term loan,2023-06-15 00:00:00,7500.00,0.00,,0.00,12750.00,NGN,0,Closed,2023-07-15 00:00:00,Performing
TITILAYO OLAJUWON,"=""22556553722""",BOSSO BEHINF FUT CAMPUS MINNA Bosso Niger State,,"=""22134904""","=""6040946""","=""10173441""",Personal fixed term loan,2023-05-04 00:00:00,5000.00,0.00,,0.00,6500.00,NGN,0,Closed,2023-06-03 00:00:00,Performing
SULAIMAN IBRAHIM,,3 OLUBUKOLA STREET IJAYE LAGOS,,"=""22139082""","=""43600019""","=""10731105""",Personal fixed term loan,2023-06-28 00:00:00,10000.00,11970.00,,0.00,11970.00,NGN,0,Open,2023-07-13 00:00:00,Performing
TERHEMBA LIAMNGEE,"=""22195762530""",18 ARAROMI ODO ONA APATA Ibadan SouthWest Oyo State,,"=""22249143""","=""6125310""","=""1757707""",Personal fixed term loan,2020-03-06 00:00:00,2500.00,0.00,,0.00,2870.00,NGN,0,Closed,2020-03-23 00:00:00,Performing
TERHEMBA LIAMNGEE,"=""22195762530""",18 ARAROMI ODO ONA APATA Ibadan SouthWest Oyo State,,"=""22249143""","=""6125310""","=""3054044196""",Personal fixed term loan,2020-03-06 00:00:00,2500.00,0.00,,0.00,2870.00,NGN,0,Closed,2020-03-23 00:00:00,Performing
RUKAYAT AMASAT,,11 IBOKU STREET Calabar South Cross River State,,"=""22249216""","=""2706123""","=""32063397""",Personal fixed term loan,2019-11-01 00:00:00,5000.00,0.00,,0.00,5750.00,NGN,0,Closed,2019-11-18 00:00:00,Performing
HALIMAT OLAIWON,"=""22531883909""",2 ADEOSHINOWO STR GIWA OKE ARO  Ifo Ogun State,,"=""22251815""","=""5569005""","=""1679352""",Personal fixed term loan,2020-02-25 00:00:00,25000.00,0.00,,0.00,31250.00,NGN,0,Closed,2020-03-26 00:00:00,Performing
FRANCIS AGYEMANG,"=""22558629045""",GCAPPA STREET OLOGUNFE IBEJULEKKI LAGOS,"=""07045063029""","=""22109882""","=""43899193""","=""10596579""",Personal fixed term loan,2023-06-14 00:00:00,7500.00,0.00,,0.00,9675.00,NGN,0,Closed,2023-07-14 00:00:00,Performing
MICHEAL ADEYEMI,"=""22713848135""",25AREWA STREETIDIMU,,"=""22110217""","=""43767847""","=""10508022""",Personal fixed term loan,2023-06-05 00:00:00,7500.00,9675.00,,0.00,9675.00,NGN,0,Open,2023-07-05 00:00:00,Performing
IBRAHIM ABDULMUMINI,"=""22284907932""",UNG BORNO,,"=""22110468""","=""7126855""","=""10616418""",Personal fixed term loan,2023-06-16 00:00:00,5000.00,0.00,,0.00,6000.00,NGN,0,Closed,2023-07-01 00:00:00,Performing
FAITH EKEH,,NO 37 UGWUACHARA ROAD NSUKKA,,"=""22128952""","=""33800555""","=""10689007""",Personal fixed term loan,2023-06-24 00:00:00,130000.00,202150.00,,0.00,67384.00,NGN,0,Open,2023-09-22 00:00:00,Performing
QUADIJAT FASASI,"=""22414660207""",OKE AAFIN STREET ILAWE EKITI,,"=""22134082""","=""41906080""","=""10534816""",Personal fixed term loan,2023-06-08 00:00:00,7500.00,9675.00,,0.00,9675.00,NGN,0,Open,2023-07-08 00:00:00,Performing
JACOB OSEMENE,"=""22638200991""",NO 1 EWERE LANE OFF ERIARIA ROAD OFF SAPELE ROAD,,"=""22136453""","=""38720276""","=""10733705""",Personal fixed term loan,2023-06-29 00:00:00,5000.00,6375.00,,0.00,6375.00,NGN,0,Open,2023-07-29 00:00:00,Performing
CHIMOBI OKEMINI,"=""22740264649""",1718 ANIKOLAPO STREET AGEGE LAGOS,,"=""22137625""","=""43139282""","=""10476774""",Personal fixed term loan,2023-06-02 00:00:00,30000.00,17500.00,,0.00,38400.00,NGN,0,Open,2023-07-17 00:00:00,Performing
LAWRENCE KAYODE,"=""22738770703""",10 TIJANI ASHOBO STREET BARIGA,,"=""22139411""","=""17303561""","=""10503054""",Personal fixed term loan,2023-06-05 00:00:00,30000.00,0.00,,0.00,35400.00,NGN,0,Closed,2023-06-20 00:00:00,Performing
EBIFEGHA TONIFEYE DIVINE,"=""22277738307""",ACCESS BANK PLC PLOT 999C DANMOLE STREET VICTORIA ISLAND,,"=""22163861""","=""5691935""","=""1685012""",Personal fixed term loan,2020-02-26 00:00:00,7500.00,0.00,,0.00,9370.00,NGN,0,Closed,2020-03-27 00:00:00,Performing
EBIFEGHA TONIFEYE DIVINE,"=""22277738307""",ACCESS BANK PLC PLOT 999C DANMOLE STREET VICTORIA ISLAND,,"=""22163861""","=""5691935""","=""2215595""",Personal fixed term loan,2020-07-24 00:00:00,20000.00,0.00,,0.00,25400.00,NGN,0,Closed,2020-08-23 00:00:00,Performing
MONIJESU BOROKINI,"=""22169090397""",SW8824 SABDA STR MOLETE IBADAN Ibadan SouthEast Oyo State,,"=""22249165""","=""5878902""","=""2078890202""",Personal fixed term loan,2020-02-21 00:00:00,2500.00,0.00,,0.00,2500.00,NGN,0,Closed,2020-03-09 00:00:00,Performing
UCHE EDOZIE,"=""22324717820""",AKAMA IHITENANSA ORSU Orsu Imo State,,"=""22249429""","=""5573082""","=""1672425""",Personal fixed term loan,2020-02-24 00:00:00,2500.00,0.00,,0.00,3120.00,NGN,0,Closed,2020-03-25 00:00:00,Performing
UCHE EDOZIE,"=""22324717820""",AKAMA IHITENANSA ORSU Orsu Imo State,,"=""22249429""","=""5573082""","=""6230987071""",Personal fixed term loan,2020-02-24 00:00:00,2500.00,0.00,,0.00,3120.00,NGN,0,Closed,2020-03-25 00:00:00,Performing
CHINONSO ANIEMENA,"=""22549980030""",EGBU ROAD OPPOSITE ROWJET Owerri North Imo State,,"=""22249430""","=""6386646""","=""2266356286""",Personal fixed term loan,2020-03-16 00:00:00,2500.00,0.00,,0.00,3250.00,NGN,0,Closed,2020-04-15 00:00:00,Performing
SARAH OFUOMANA,"=""22541220116""",No 8 ESEOGHENE STREET SHELL RD,,"=""22253610""","=""6642399""","=""1902435""",Personal fixed term loan,2020-03-28 00:00:00,2500.00,0.00,,0.00,3250.00,NGN,0,Closed,2020-04-27 00:00:00,Performing
BAYO AJAYI,"=""22450807923""",B9 TEMIDIRE STREET ORIN EKITI Ido Osi Ekiti State,,"=""22254596""","=""4854309""","=""3119316363""",Personal fixed term loan,2020-03-07 00:00:00,1500.00,0.00,,0.00,1870.00,NGN,0,Closed,2020-04-06 00:00:00,Performing
OLUWASEYE EWEJE,,63 APANA ALAGBADA OKEIJEMO ABEOKUTA,,"=""22131737""","=""43851815""","=""10538289""",Personal fixed term loan,2023-06-08 00:00:00,7500.00,9525.00,,0.00,9525.00,NGN,0,Open,2023-07-08 00:00:00,Performing
CHIDINDU ONUTA,"=""22668340287""",185 UZOWULU STREET NEW GRA ENUGU,,"=""22134388""","=""43325008""","=""10494192""",Personal fixed term loan,2023-06-04 00:00:00,17500.00,0.00,,0.00,25800.00,NGN,0,Closed,2023-07-04 00:00:00,Performing
AMUDAT AB,,Not Available,,"=""22135115""","=""7566106""","=""10671902""",Personal fixed term loan,2023-06-22 00:00:00,7500.00,0.00,,0.00,8850.00,NGN,0,Closed,2023-07-07 00:00:00,Performing
STANLEY OGBEIDE,,19th street Ugbowo Benin city,,"=""22136017""","=""43148326""","=""10636283""",Personal fixed term loan,2023-06-19 00:00:00,7500.00,9675.00,,0.00,9675.00,NGN,0,Open,2023-07-19 00:00:00,Performing
MONSURAT DAVIES,"=""22145880332""",NO 5 SEYINDEMI OLOWORA,,"=""22136090""","=""35130746""","=""10594121""",Personal fixed term loan,2023-06-14 00:00:00,20000.00,25400.00,,0.00,25400.00,NGN,0,Open,2023-07-14 00:00:00,Performing
JACINTA MKPANG,"=""22473657978""",103 OLD ODUKPANI ROAD 8MILES CALABAR,,"=""22136281""","=""43864538""","=""10543029""",Personal fixed term loan,2023-06-09 00:00:00,7500.00,9675.00,,0.00,9675.00,NGN,0,Open,2023-07-09 00:00:00,Performing
STEVEN ONIKOYI,,NO 10 BAALE STREETADDOAJAH LAGOS,,"=""22136417""","=""43741724""","=""10496561""",Personal fixed term loan,2023-06-04 00:00:00,20000.00,25800.00,,0.00,25800.00,NGN,0,Open,2023-07-04 00:00:00,Performing
NGOZI ARUMEDE,"=""22299442592""",6 IBUKU OLUWA STREETIKOLAIPAJA,,"=""22136490""","=""44342951""","=""10727086""",Personal fixed term loan,2023-06-28 00:00:00,30000.00,38400.00,,0.00,38400.00,NGN,0,Open,2023-07-28 00:00:00,Performing
KATE OKEY,"=""22649834644""",12 TEMITOPE STREET AJAH,,"=""22138566""","=""44029589""","=""10606330""",Personal fixed term loan,2023-06-15 00:00:00,7500.00,9675.00,,0.00,9675.00,NGN,0,Open,2023-07-15 00:00:00,Performing
BILKISU USMAN,,NO 13 DTU CLOSE OPPOSITE NAIBI STREET UNGUWAN MUAZU KADUNA,,"=""22138723""","=""43447622""","=""10706033""",Personal fixed term loan,2023-06-26 00:00:00,5000.00,6000.00,,0.00,6000.00,NGN,0,Open,2023-07-11 00:00:00,Performing
VICTOR UGWUANYI,,BLOCK 211 JAKANDE ESTATE LEKKI LAGOS,,"=""22139259""","=""43756961""","=""10504133""",Personal fixed term loan,2023-06-05 00:00:00,20000.00,25400.00,,0.00,25400.00,NGN,0,Open,2023-07-05 00:00:00,Performing
IYIOLA SEGUN TUNDE,"=""22167198905""",OJA OKE ILORA ALOMO AREA ILORA  Afijio Oyo State,,"=""22237829""","=""7449359""","=""10228487""",Personal fixed term loan,2023-05-09 00:00:00,5000.00,0.00,,0.00,6000.00,NGN,0,Closed,2023-05-24 00:00:00,Performing
YUNUSA GABRIEL GARBA,,KALTUNGO Kaltungo Gombe State,,"=""22247160""","=""7978406""","=""10734114""",Personal fixed term loan,2023-06-29 00:00:00,5000.00,0.00,,0.00,6500.00,NGN,0,Closed,2023-07-29 00:00:00,Performing
DAVID CLEMENT,"=""22374637552""",OMUANWA,,"=""22249968""","=""3253890""","=""6172771972""",Personal fixed term loan,2019-11-12 00:00:00,1500.00,0.00,,0.00,1950.00,NGN,0,Closed,2019-12-12 00:00:00,Performing
MORUF SOMUYIWA,"=""22405455834""",OPP OCTOPUS QTRS KATAMPE 1 BWARI FCT,,"=""22251806""","=""3902136""","=""267740416""",Personal fixed term loan,2020-01-11 00:00:00,2500.00,0.00,,0.00,3250.00,NGN,0,Closed,2020-02-10 00:00:00,Performing
sukura akintayo,,7 azeez atanda street sabo abeokuta,,"=""22252946""","=""2881413""","=""2131438262""",Personal fixed term loan,2019-10-27 00:00:00,1500.00,0.00,,0.00,1950.00,NGN,0,Closed,2019-11-26 00:00:00,Performing
BALA ISIAKA,"=""22558768153""",EIKA ADAGU,,"=""22253001""","=""6606051""","=""10495435""",Personal fixed term loan,2023-06-04 00:00:00,5000.00,0.00,,0.00,6000.00,NGN,0,Closed,2023-06-19 00:00:00,Performing
BALA ISIAKA,"=""22558768153""",EIKA ADAGU,,"=""22253001""","=""6606051""","=""10545112""",Personal fixed term loan,2023-06-09 00:00:00,5000.00,0.00,,0.00,6500.00,NGN,0,Closed,2023-07-09 00:00:00,Performing
wisdom OBIAHU,"=""22602698986""",amaobolobo village,,"=""22128444""","=""44342201""","=""10733204""",Personal fixed term loan,2023-06-28 00:00:00,7500.00,9675.00,,0.00,9675.00,NGN,0,Open,2023-07-28 00:00:00,Performing
Blessing Idenigbe,"=""22343475121""",20 Joseph atori street by express junction,,"=""22134353""","=""6687011""","=""10544847""",Personal fixed term loan,2023-06-09 00:00:00,7500.00,0.00,,0.00,9675.00,NGN,0,Closed,2023-07-09 00:00:00,Performing
BLESSING CHUKWUEMEKA,"=""22550399173""",51 UMUOCHAM RD ABA,,"=""22135739""","=""44397403""","=""10749824""",Personal fixed term loan,2023-06-30 00:00:00,30000.00,5400.00,,0.00,35400.00,NGN,0,Open,2023-07-15 00:00:00,Performing
SELIMOT YUSUF,"=""22273433666""",16 JA OLADIMEJI STREET AGODO CELE EGBE IKOTUN LAGOS,,"=""22139090""","=""43759199""","=""10658708""",Personal fixed term loan,2023-06-21 00:00:00,7500.00,8850.00,,0.00,8850.00,NGN,0,Open,2023-07-06 00:00:00,Performing
OPEYEMI OKEDAYO,"=""22465913927""",KATINGO OKE OJA NEW ERUWA Ibarapa East Oyo State,,"=""22249094""","=""5205528""","=""1710761""",Personal fixed term loan,2020-02-29 00:00:00,1500.00,0.00,,0.00,1870.00,NGN,0,Closed,2020-03-30 00:00:00,Performing
OMOLABAKE AKANMU,"=""22528939969""",BORI CAMP BARRACKS PORTHARCOURT,,"=""22249951""","=""2963049""","=""471794317""",Personal fixed term loan,2020-02-28 00:00:00,15000.00,0.00,,0.00,19500.00,NGN,0,Closed,2020-03-30 00:00:00,Performing
GIDEON ADEKOYA,,A5 17 IFEDAYO OLOMORE HOUSING ESTATE ABK,"=""09067258477""","=""22250087""","=""6367653""","=""10715137""",Personal fixed term loan,2023-06-27 00:00:00,5000.00,0.00,,0.00,6500.00,NGN,0,Closed,2023-07-27 00:00:00,Performing
OLABODE OMOLE,"=""22348299009""",PASEDA OFF ODO ONA ELEWE IBADAN Oluyole Oyo State,,"=""22251766""","=""5724873""","=""1644305""",Personal fixed term loan,2020-02-20 00:00:00,5000.00,0.00,,0.00,5750.00,NGN,0,Closed,2020-03-06 00:00:00,Performing
OLABODE OMOLE,"=""22348299009""",PASEDA OFF ODO ONA ELEWE IBADAN Oluyole Oyo State,,"=""22251766""","=""5724873""","=""1761920""",Personal fixed term loan,2020-03-06 00:00:00,10000.00,0.00,,0.00,12500.00,NGN,0,Closed,2020-04-06 00:00:00,Performing
OLABODE OMOLE,"=""22348299009""",PASEDA OFF ODO ONA ELEWE IBADAN Oluyole Oyo State,,"=""22251766""","=""5724873""","=""1810994""",Personal fixed term loan,2020-03-13 00:00:00,10000.00,0.00,,0.00,12500.00,NGN,0,Closed,2020-04-14 00:00:00,Performing
JEMILAT SARAFA,"=""22415815985""",ILE AGBEFELEBI ALAKA ESTATE ALLIANCE AREA Oyo East Oyo Sta,,"=""22251923""","=""5931801""","=""1815531""",Personal fixed term loan,2020-03-14 00:00:00,15000.00,0.00,,0.00,17250.00,NGN,0,Closed,2020-03-30 00:00:00,Performing
JEMILAT SARAFA,"=""22415815985""",ILE AGBEFELEBI ALAKA ESTATE ALLIANCE AREA Oyo East Oyo Sta,,"=""22251923""","=""5931801""","=""3043115586""",Personal fixed term loan,2020-03-14 00:00:00,15000.00,0.00,,0.00,17250.00,NGN,0,Closed,2020-03-30 00:00:00,Performing
ABDULLAHI KABIRU,"=""22482041827""",NO 3 HAYE LAYIN FAMFO BRIGADE Nasarawa Kano State,,"=""22251959""","=""6049050""","=""1710643""",Personal fixed term loan,2020-02-29 00:00:00,1500.00,0.00,,0.00,1720.00,NGN,0,Closed,2020-03-16 00:00:00,Performing
LATIFAT AJIBOLA,,NAWARUDEEN ABEOKUTA Abeokuta South Ogun State,,"=""22252952""","=""5680803""","=""1940545""",Personal fixed term loan,2020-04-14 00:00:00,15000.00,0.00,,0.00,18300.00,NGN,0,Closed,2020-05-14 00:00:00,Performing
TAWA TAJUDEEN,"=""22524712311""",62 IYANA OLUWO BESIDE MACJOB GRAMMAR SCHOOL ONIKOLOBO ABEO,,"=""22253638""","=""6692181""","=""1913580""",Personal fixed term loan,2020-03-31 00:00:00,2500.00,0.00,,0.00,3250.00,NGN,0,Closed,2020-04-30 00:00:00,Performing
TAWA TAJUDEEN,"=""22524712311""",62 IYANA OLUWO BESIDE MACJOB GRAMMAR SCHOOL ONIKOLOBO ABEO,,"=""22253638""","=""6692181""","=""473467673""",Personal fixed term loan,2020-03-31 00:00:00,2500.00,0.00,,0.00,3250.00,NGN,0,Closed,2020-04-30 00:00:00,Performing
EBERE ekeh,"=""22367862932""",UMUODOMIBEME ISIALA MBANO,"=""08067483722""","=""22133793""","=""28249112""","=""10537918""",Personal fixed term loan,2023-06-08 00:00:00,20000.00,15800.00,,15800.00,23600.00,NGN,1,Open,2023-07-03 00:00:00,Watchlist
ISSA ABUBAKAR,,12 ABIMBOLA AVENUE TANKE ILORIN Ilorin South Kwara State,,"=""22135765""","=""8708581""","=""10644744""",Personal fixed term loan,2023-06-19 00:00:00,7500.00,0.00,,0.00,8625.00,NGN,0,Closed,2023-07-04 00:00:00,Performing
DIVINE OGOKO,"=""22640605928""",EZIAMA OPARANADIM,,"=""22135863""","=""44068300""","=""10621495""",Personal fixed term loan,2023-06-17 00:00:00,20000.00,23300.00,,0.00,25800.00,NGN,0,Open,2023-07-17 00:00:00,Performing
CHIEMERIE OKONKWO,"=""22685331550""",madalla suleja,,"=""22135872""","=""44168749""","=""10737445""",Personal fixed term loan,2023-06-29 00:00:00,30000.00,36000.00,,0.00,38400.00,NGN,0,Open,2023-07-29 00:00:00,Performing
OGHENERUKEVWE ADIBELI,"=""22721566870""",BESMAN STR AZIKORO,,"=""22139007""","=""44289152""","=""10743120""",Personal fixed term loan,2023-06-30 00:00:00,7500.00,9525.00,,0.00,9525.00,NGN,0,Open,2023-07-30 00:00:00,Performing
akudinobi George,"=""22337701704""",123 CHIME AVE,,"=""22215217""","=""2240834""","=""2100006759""",Personal fixed term loan,2019-10-03 00:00:00,2500.00,0.00,,0.00,3250.00,NGN,0,Closed,2019-11-04 00:00:00,Performing
akudinobi George,"=""22337701704""",123 CHIME AVE,,"=""22215217""","=""2240834""","=""762654""",Personal fixed term loan,2019-10-03 00:00:00,2500.00,0.00,,0.00,3250.00,NGN,0,Closed,2019-11-04 00:00:00,Performing
AHMAD ABBA ALIYU,,NO 43 SHEKA GIDAN DAGACI Kumbotso Kano State,,"=""22240853""","=""5849777""","=""10488846""",Personal fixed term loan,2023-06-03 00:00:00,5000.00,0.00,,0.00,6000.00,NGN,0,Closed,2023-06-18 00:00:00,Performing
ONWUEYIAGBA LAWRENCE EBERE,"=""22528022199""",11 B K St Ipaja Lagos Nigeria,,"=""22246369""","=""5789693""","=""10523565""",Personal fixed term loan,2023-06-07 00:00:00,2500.00,0.00,,0.00,3000.00,NGN,0,Closed,2023-06-22 00:00:00,Performing
OLUREMI OLADAPO,,NO 2 OMOLUABI LAYOUT OROGUN IBADAN Akinyele Oyo State,,"=""22251113""","=""5859537""","=""1912187765""",Personal fixed term loan,2020-02-21 00:00:00,2500.00,0.00,,0.00,2500.00,NGN,0,Closed,2020-03-09 00:00:00,Performing
SUNDAY OJOBOLO,,08 ODUTOLA CLOSE OPIC BUS STOP IKOSI ISHERI,,"=""22251183""","=""1632915""","=""46279981""",Personal fixed term loan,2019-08-24 00:00:00,5000.00,0.00,,0.00,6500.00,NGN,0,Closed,2019-09-23 00:00:00,Performing
GODSPOWER OKAFOR,"=""22376000763""",59 MBAISE ROAD OWERRI Owerri Municipal Imo State,,"=""22255057""","=""6194817""","=""1813294""",Personal fixed term loan,2020-03-13 00:00:00,7500.00,0.00,,0.00,8620.00,NGN,0,Closed,2020-03-30 00:00:00,Performing
JOYCE ISAAC,"=""22356522511""",NO 7A GASK IYA COLLEGE ROAD IJORA BADIA LAGOS Apapa Lagos,,"=""22255527""","=""6333075""","=""1820333""",Personal fixed term loan,2020-03-14 00:00:00,2500.00,0.00,,0.00,3250.00,NGN,0,Closed,2020-04-14 00:00:00,Performing
JOYCE ISAAC,"=""22356522511""",NO 7A GASK IYA COLLEGE ROAD IJORA BADIA LAGOS Apapa Lagos,,"=""22255527""","=""6333075""","=""2110860987""",Personal fixed term loan,2020-03-14 00:00:00,2500.00,0.00,,0.00,3250.00,NGN,0,Closed,2020-04-14 00:00:00,Performing
SIMBIAT OSHINUGA,"=""22365084974""",NO 20 IFELODUN STREET ISOLO LAGOS OshodiIsolo Lagos State,,"=""22255829""","=""5755332""","=""1644513""",Personal fixed term loan,2020-02-20 00:00:00,10000.00,0.00,,0.00,13000.00,NGN,0,Closed,2020-03-23 00:00:00,Performing
BUKOLA TAIWO,"=""22386297751""",22 MANNER STREET AGBELEKALE ABULE RGBA LAGOS Alimosho Lagos,,"=""22255834""","=""6839982""","=""1928331""",Personal fixed term loan,2020-04-09 00:00:00,2500.00,0.00,,0.00,3250.00,NGN,0,Closed,2020-05-11 00:00:00,Performing
BUKOLA TAIWO,"=""22386297751""",22 MANNER STREET AGBELEKALE ABULE RGBA LAGOS Alimosho Lagos,,"=""22255834""","=""6839982""","=""218415042""",Personal fixed term loan,2020-04-09 00:00:00,2500.00,0.00,,0.00,3250.00,NGN,0,Closed,2020-05-11 00:00:00,Performing
OGECHI OWOH,"=""22593991868""",OWOH COMPOUND AT NDIULO UMUEZEAKA OKWOR NGBO OHAUKWU LGA E,,"=""22131414""","=""43677509""","=""10636930""",Personal fixed term loan,2023-06-19 00:00:00,7500.00,9675.00,,0.00,9675.00,NGN,0,Open,2023-07-19 00:00:00,Performing
HANNAH DIEI,"=""22514335283""",VGC ROAD56HOUSE 149,,"=""22131848""","=""38709899""","=""10718857""",Personal fixed term loan,2023-06-27 00:00:00,5000.00,6450.00,,0.00,6450.00,NGN,0,Open,2023-07-27 00:00:00,Performing
EBERE OBINWA,"=""22581987837""",56 MBACHU STR NKPOR,,"=""22131984""","=""43758551""","=""10503488""",Personal fixed term loan,2023-06-05 00:00:00,20000.00,25400.00,,0.00,25400.00,NGN,0,Open,2023-07-05 00:00:00,Performing
AISOSA OSARETIN,,6 OGBELAKA LANEBENIN CITYOFF SAPELE ROADEDO,,"=""22134541""","=""44248565""","=""10690928""",Personal fixed term loan,2023-06-24 00:00:00,10000.00,7500.00,,0.00,12500.00,NGN,0,Open,2023-07-24 00:00:00,Performing
ADEOLU OLATINWO,"=""22366304901""",2 AROLU STR MANOTAN AREA IBADAN Ibadan SouthWest Oyo State,,"=""22135545""","=""7461940""","=""10749391""",Personal fixed term loan,2023-06-30 00:00:00,7500.00,0.00,,0.00,8625.00,NGN,0,Closed,2023-07-15 00:00:00,Performing
ANETU ABU,,NO 10 AGBONMA STREET OFF EKEHUAN ROAD BENIN CITY,,"=""22136481""","=""44023979""","=""10709679""",Personal fixed term loan,2023-06-26 00:00:00,7500.00,9675.00,,0.00,9675.00,NGN,0,Open,2023-07-26 00:00:00,Performing
AKINLADE SHOLA ADETUTU,"=""22514384834""",10 KUNLE BAMIJI STREET ORISUMBARE,,"=""22242986""","=""7988744""","=""10748156""",Personal fixed term loan,2023-06-30 00:00:00,5000.00,0.00,,0.00,6000.00,NGN,0,Closed,2023-07-15 00:00:00,Performing
OSAIN OKPARA OLALIBO,"=""22432477016""",Nigeria,,"=""22247368""","=""5583335""","=""10492650""",Personal fixed term loan,2023-06-04 00:00:00,5000.00,0.00,,0.00,6500.00,NGN,0,Closed,2023-07-04 00:00:00,Performing
AFEEZ RAMONI,"=""22367332572""",STUDENT VILLA DAGIRI GLADA,,"=""22249104""","=""2381901""","=""26433148""",Personal fixed term loan,2020-02-16 00:00:00,10000.00,0.00,,0.00,12200.00,NGN,0,Closed,2020-03-17 00:00:00,Performing
BOLANLE BADMUS,"=""22415784292""",37 orisumbare oju odo owodeibadanoyoNigeria,,"=""22249172""","=""6957132""","=""1937241""",Personal fixed term loan,2020-04-13 00:00:00,1500.00,0.00,,0.00,1720.00,NGN,0,Closed,2020-04-28 00:00:00,Performing
ANAS JAFAR,"=""22475089966""",KANTIN JAO KOFAR JANGE GUSAU ZAMFARA  Gusau Zamfara State,,"=""22249423""","=""6829215""","=""1927783""",Personal fixed term loan,2020-04-08 00:00:00,2500.00,0.00,,0.00,3250.00,NGN,0,Closed,2020-05-08 00:00:00,Performing
GBENGA AKINGBEYIN,"=""22656812879""",University Of IbadanAjibode Road Ibadan Nigeria,"=""08127661651""","=""22249925""","=""23281788""","=""10696831""",Personal fixed term loan,2023-06-25 00:00:00,2500.00,0.00,,0.00,3000.00,NGN,0,Closed,2023-07-10 00:00:00,Performing
IFEOLUWA OLADOSU,"=""22391648627""",no 21a zone 1e agbamu styreetidioseibadan Akinyele Oyo Sta,,"=""22251227""","=""5821809""","=""121933262""",Personal fixed term loan,2021-01-11 00:00:00,5000.00,0.00,,0.00,6380.00,NGN,0,Closed,2021-02-10 00:00:00,Performing
IFEOLUWA OLADOSU,"=""22391648627""",no 21a zone 1e agbamu styreetidioseibadan Akinyele Oyo Sta,,"=""22251227""","=""5821809""","=""3047747""",Personal fixed term loan,2021-01-11 00:00:00,5000.00,0.00,,0.00,6380.00,NGN,0,Closed,2021-02-10 00:00:00,Performing
OLADAYO EBIRE,,14 ALAFIA STREET IRAWO AJEGUNLE IKORODU Ikorodu Lagos Stat,,"=""22251797""","=""1572372""","=""2216492686""",Personal fixed term loan,2019-09-26 00:00:00,7500.00,0.00,,0.00,9150.00,NGN,0,Closed,2019-10-28 00:00:00,Performing
IDRIS KUMFADA,"=""22162000791""",5 AYEGBAMI STREET IDOTUN IBEJU LEKKI LAGOS IbejuLekki Lago,,"=""22252848""","=""10225149""","=""100568627""",Personal fixed term loan,2020-12-15 00:00:00,5000.00,0.00,,0.00,6000.00,NGN,0,Closed,2020-12-30 00:00:00,Performing
OLATUNDE HAMZAT,,8 GANIYU ALEJO STREET OKERIYA IKORODU,,"=""22126052""","=""44223806""","=""10681612""",Personal fixed term loan,2023-06-23 00:00:00,20000.00,23600.00,,0.00,23600.00,NGN,0,Open,2023-07-08 00:00:00,Performing
ELIZABETH AUDUAMBI,"=""22347327840""",Asokoro,"=""08080137621""","=""22127673""","=""774653""","=""10367121""",Personal fixed term loan,2023-05-23 00:00:00,5000.00,0.00,,0.00,6500.00,NGN,0,Closed,2023-06-22 00:00:00,Performing
ELIZABETH AUDUAMBI,"=""22347327840""",Asokoro,"=""08080137621""","=""22127673""","=""774653""","=""10379014""",Personal fixed term loan,2023-05-24 00:00:00,5000.00,0.00,,0.00,5985.00,NGN,0,Closed,2023-06-08 00:00:00,Performing
OBOGHAZEE OSAGIE,"=""22532179412""",No 2 Prof osifo lane off osarobo off igbinosa Ogogugbo 300,,"=""22129994""","=""44194855""","=""10670069""",Personal fixed term loan,2023-06-22 00:00:00,7500.00,9675.00,,0.00,9675.00,NGN,0,Open,2023-07-22 00:00:00,Performing
CLOVIS MBANGMBANG,"=""22734245519""",3 ORETUJ CLOSE OGUN STATE,,"=""22131181""","=""43636592""","=""10495638""",Personal fixed term loan,2023-06-04 00:00:00,7500.00,9675.00,,0.00,9675.00,NGN,0,Open,2023-07-04 00:00:00,Performing
Ogheneruemu EKEH,"=""22479254973""",Warri Nigeria,,"=""22131751""","=""43989452""","=""10591422""",Personal fixed term loan,2023-06-14 00:00:00,7500.00,9675.00,,0.00,9675.00,NGN,0,Open,2023-07-14 00:00:00,Performing
AKEEM SEBILI,"=""22336671532""",Nigeria,,"=""22133487""","=""5695514""","=""10151174""",Personal fixed term loan,2023-05-02 00:00:00,5000.00,0.00,,0.00,6500.00,NGN,0,Closed,2023-06-01 00:00:00,Performing
Amarachi Onyeagoziri,,Graceland Lectures Upper Mission Road Benin City,,"=""22134089""","=""42705331""","=""10578785""",Personal fixed term loan,2023-06-13 00:00:00,7500.00,9525.00,,0.00,9525.00,NGN,0,Open,2023-07-13 00:00:00,Performing
SHEHU ASHIRU,"=""22269164943""",JEKADAFARI QUARTERS GOMBE Gombe Gombe State,,"=""22237775""","=""6909110""","=""10209583""",Personal fixed term loan,2023-05-07 00:00:00,7500.00,0.00,,0.00,9112.50,NGN,0,Closed,2023-05-22 00:00:00,Performing
GODFREY CLEMENT OJEHOMON,,NO 37 JOJU ROAD SANGO OTA OGUN AdoOdoOta Ogun State,,"=""22238826""","=""6150758""","=""10473903""",Personal fixed term loan,2023-06-02 00:00:00,5000.00,0.00,,0.00,6500.00,NGN,0,Closed,2023-07-02 00:00:00,Performing
EMMANUEL OLAYERA,,18 WEMI AKINSOLA STR OKA ONDO Ondo West Ondo State,,"=""22249222""","=""728613""","=""1336213""",Personal fixed term loan,2020-01-05 00:00:00,30000.00,0.00,,0.00,13790.00,NGN,0,Closed,2020-04-06 00:00:00,Performing
EMMANUEL OLAYERA,,18 WEMI AKINSOLA STR OKA ONDO Ondo West Ondo State,,"=""22249222""","=""728613""","=""2081821473""",Personal fixed term loan,2020-01-05 00:00:00,30000.00,0.00,,0.00,13790.00,NGN,0,Closed,2020-04-06 00:00:00,Performing
CHIDERA DANIEL,"=""22461544404""",BESIDE REDEEM CHURCH KTG Kontagora Niger State,,"=""22249922""","=""6183948""","=""1797790""",Personal fixed term loan,2020-03-11 00:00:00,20000.00,0.00,,0.00,23000.00,NGN,0,Closed,2020-03-26 00:00:00,Performing
TAIWO KOLAWOLE,"=""22531888344""",884 BODE KUMAPAYI STREET IYANA AGBALA IWO RD,,"=""22251109""","=""6916344""","=""1935491""",Personal fixed term loan,2020-04-12 00:00:00,1500.00,0.00,,0.00,1720.00,NGN,0,Closed,2020-04-27 00:00:00,Performing
LATEEF AGBOOLA,"=""22306282393""",KUJE ABUJA Kuje FCT,,"=""22251794""","=""1571106""","=""469307""",Personal fixed term loan,2019-08-08 00:00:00,1500.00,0.00,,0.00,1950.00,NGN,0,Closed,2019-09-09 00:00:00,Performing
BOSEDE AMOS,"=""22302947731""",75 ORISUNBARE LAYOUT OFF WIRE  CABLE OWODE APATA Ido Oyo S,,"=""22251930""","=""6528885""","=""157230256""",Personal fixed term loan,2020-03-23 00:00:00,2500.00,0.00,,0.00,2870.00,NGN,0,Closed,2020-04-07 00:00:00,Performing
OLUWABUKUNMI TAIWO,,1 FOLARIN STREET AREGBE ABEOKUTA Odeda Ogun State,,"=""22252830""","=""1828320""","=""2106665987""",Personal fixed term loan,2019-10-11 00:00:00,2500.00,0.00,,0.00,2870.00,NGN,0,Closed,2019-10-28 00:00:00,Performing
MUKADAM IDOWU Adekunle,"=""22287331606""",24FAKOYA STREETEGBEDALAGOS,,"=""21970839""","=""21239029""","=""65522969""",Personal fixed term loan,2021-12-08 00:00:00,5000.00,0.00,,0.00,6500.00,NGN,0,Closed,2022-01-07 00:00:00,Performing
CHUKWU OKIKE,"=""22625342161""",27 FASHOLA STREET AKUTE LAGOS,,"=""22097512""","=""43782144""","=""10511227""",Personal fixed term loan,2023-06-06 00:00:00,20000.00,17600.00,,0.00,25600.00,NGN,0,Open,2023-07-06 00:00:00,Performing
DEBORAH JESUMBENE,"=""22579024715""",SAWMILL ROAD OFF AUCHI ROAD IDOKPA BENIN CITY EDO STATE,,"=""22101863""","=""43938507""","=""10679587""",Personal fixed term loan,2023-06-23 00:00:00,7500.00,9675.00,,0.00,9675.00,NGN,0,Open,2023-07-23 00:00:00,Performing
EVANGELINE NDIFON,"=""22415757380""",NOTOMA ESTATE SEDCO,,"=""22108858""","=""43857904""","=""10540086""",Personal fixed term loan,2023-06-09 00:00:00,30000.00,38400.00,,0.00,38400.00,NGN,0,Open,2023-07-09 00:00:00,Performing
EMEM OKON,"=""22622420895""",36 JAMES TOWN ROADEKET,,"=""22109726""","=""43913623""","=""10631968""",Personal fixed term loan,2023-06-18 00:00:00,7500.00,9525.00,,0.00,9525.00,NGN,0,Open,2023-07-18 00:00:00,Performing
JOHN UGBEDE,"=""22305939937""",2 OBEHIRI STREET OFF AUNTYROSE ROAD UGBOROKE EFFURUN,,"=""22111023""","=""44054518""","=""10616872""",Personal fixed term loan,2023-06-16 00:00:00,20000.00,25400.00,,0.00,25400.00,NGN,0,Open,2023-07-16 00:00:00,Performing
WRITTEN SAMUEL,"=""22562396272""",hotoro bayan ctv,,"=""22135641""","=""43681036""","=""10473155""",Personal fixed term loan,2023-06-02 00:00:00,20000.00,23200.00,,23200.00,23000.00,NGN,17,Open,2023-06-17 00:00:00,Watchlist
FAVOUR GIWA,"=""22558707442""",NO1 ABULE IDOYELUSADA IGBESAOGUN,,"=""22135866""","=""44119183""","=""10641497""",Personal fixed term loan,2023-06-19 00:00:00,7500.00,6525.00,,0.00,9525.00,NGN,0,Open,2023-07-19 00:00:00,Performing
PATRICIA NNADOZIE,,HOUSE 116ZONE6LUGBE,,"=""22135955""","=""43730527""","=""10628333""",Personal fixed term loan,2023-06-18 00:00:00,45000.00,64215.00,,0.00,32108.00,NGN,0,Open,2023-08-17 00:00:00,Performing
ADETUNJI JAMIU ADEBAYO,"=""22579053195""",4 FASHINA STREET IWAYA YABA LAGOS,,"=""22244494""","=""5635268""","=""10369205""",Personal fixed term loan,2023-05-23 00:00:00,5000.00,0.00,,0.00,6000.00,NGN,0,Closed,2023-06-07 00:00:00,Performing
ADETUNJI JAMIU ADEBAYO,"=""22579053195""",4 FASHINA STREET IWAYA YABA LAGOS,,"=""22244494""","=""5635268""","=""10500706""",Personal fixed term loan,2023-06-05 00:00:00,20000.00,0.00,,0.00,24300.00,NGN,0,Closed,2023-06-20 00:00:00,Performing
AYINDE FRANCIS TEMITOPE,"=""22532869502""",56 CLEM ROAD IJAIYE,"=""2349013847215""","=""22246570""","=""8086922""","=""10275254""",Personal fixed term loan,2023-05-14 00:00:00,5000.00,0.00,,0.00,6500.00,NGN,0,Closed,2023-06-13 00:00:00,Performing
TITILAYO AREMU,"=""22537992153""",NO 2 ALUKOSO COMPOUND HAMAMA AREA Ogbomosho North Oyo Stat,,"=""22251114""","=""5866491""","=""1647563""",Personal fixed term loan,2020-02-21 00:00:00,2500.00,0.00,,0.00,2500.00,NGN,0,Closed,2020-03-09 00:00:00,Performing
ADEPEJU ADEBISI,,EBUROS COMPOUND OKE AFIN IGBOHO Orelope Oyo State,,"=""22251675""","=""7636278""","=""2100953""",Personal fixed term loan,2020-06-24 00:00:00,5000.00,0.00,,0.00,6500.00,NGN,0,Closed,2020-07-24 00:00:00,Performing
OLAYINKA ODUBANJO,"=""22407911851""",3 OKUN OWAODOGBOLU Odogbolu Ogun State,,"=""22251800""","=""5887467""","=""23673141""",Personal fixed term loan,2020-02-22 00:00:00,10000.00,0.00,,0.00,10000.00,NGN,0,Closed,2020-03-23 00:00:00,Performing
ADEDEJI AJIBADE,"=""22175511194""",22 STALLION ROAD OGBOR HILL ABA Obi Ngwa Abia State,,"=""22252961""","=""7349517""","=""4046933""",Personal fixed term loan,2021-06-28 00:00:00,15000.00,0.00,,0.00,19500.00,NGN,0,Closed,2021-07-28 00:00:00,Performing
RIDWAN ABOLAJI,"=""22478585148""",NO 8 OLOTEDO COMMUNITY COATAIN AREA OKE BAALE OSOGBO Osogb,,"=""22253547""","=""5404509""","=""1784615""",Personal fixed term loan,2020-03-10 00:00:00,1500.00,0.00,,0.00,1870.00,NGN,0,Closed,2020-04-09 00:00:00,Performing
JUSTICE IROEGBU,,UMUCHIMA IHIAGWA OWERRI WEST,,"=""22124974""","=""43764389""","=""10505670""",Personal fixed term loan,2023-06-05 00:00:00,7500.00,3889.00,,3889.00,8850.00,NGN,14,Open,2023-06-20 00:00:00,Watchlist
ATINUKE AYOOLA,"=""22557602805""",NO 14 IBUKUN STREET GANMO AREA,,"=""22125409""","=""35807642""","=""10651450""",Personal fixed term loan,2023-06-20 00:00:00,7500.00,9525.00,,0.00,9525.00,NGN,0,Open,2023-07-20 00:00:00,Performing
OLUWAFEMISOLA ADEYEMI,,CAMERON AMA OPPOSIT WINNERS CHAPEL,,"=""22125927""","=""9224426""","=""10728423""",Personal fixed term loan,2023-06-28 00:00:00,20000.00,25800.00,,0.00,25800.00,NGN,0,Open,2023-07-28 00:00:00,Performing
JECHONIAH OYEBANJI,"=""22606811103""",30 AGORO STREET,,"=""22128013""","=""44339978""","=""10725410""",Personal fixed term loan,2023-06-28 00:00:00,30000.00,38400.00,,0.00,38400.00,NGN,0,Open,2023-07-28 00:00:00,Performing
ONEIMO ADANINI,,22 AMORE AVENUE OFF SECRETARIAT ROAD IGARRA,,"=""22129953""","=""44028226""","=""10609715""",Personal fixed term loan,2023-06-16 00:00:00,20000.00,25800.00,,0.00,25800.00,NGN,0,Open,2023-07-16 00:00:00,Performing
MIKE AMOS,"=""22448865953""",KM5 ONITSHA OWERRI ROAD Ogbaru Anambra State,,"=""22132211""","=""44187494""","=""10672994""",Personal fixed term loan,2023-06-22 00:00:00,7500.00,9525.00,,0.00,9525.00,NGN,0,Open,2023-07-22 00:00:00,Performing
BLESSING AWOSLEY,"=""22529484460""",NO 5 GLASS INDUSTRY ROAD OGBOR HILL ABA,,"=""22132394""","=""35707012""","=""10687441""",Personal fixed term loan,2023-06-24 00:00:00,30000.00,36400.00,,0.00,38400.00,NGN,0,Open,2023-07-24 00:00:00,Performing
SHINA OSEDELE,"=""22190408011""",14A LAWAL STREET AKOWONJO,,"=""22133948""","=""6613166""","=""10290871""",Personal fixed term loan,2023-05-15 00:00:00,5000.00,0.00,,0.00,6500.00,NGN,0,Closed,2023-06-14 00:00:00,Performing
SHINA OSEDELE,"=""22190408011""",14A LAWAL STREET AKOWONJO,,"=""22133948""","=""6613166""","=""10485913""",Personal fixed term loan,2023-06-03 00:00:00,22500.00,0.00,,0.00,27337.50,NGN,0,Closed,2023-06-18 00:00:00,Performing
IDOWU OYELEKE,"=""22438084564""",13 TWO BROTHER STREET IJEGUN,,"=""22135620""","=""44036524""","=""10608827""",Personal fixed term loan,2023-06-16 00:00:00,20000.00,23600.00,,23600.00,23600.00,NGN,3,Open,2023-07-01 00:00:00,Watchlist
MERCY BENAFA,"=""22428926500""",NO 34 ODOGU AVENUE JAKPA ROAD,,"=""22136369""","=""5217941""","=""10371654""",Personal fixed term loan,2023-05-23 00:00:00,5000.00,0.00,,0.00,6500.00,NGN,0,Closed,2023-06-22 00:00:00,Performing
MERCY BENAFA,"=""22428926500""",NO 34 ODOGU AVENUE JAKPA ROAD,,"=""22136369""","=""5217941""","=""10649282""",Personal fixed term loan,2023-06-20 00:00:00,27500.00,0.00,,0.00,35750.00,NGN,0,Closed,2023-08-17 00:00:00,Performing
EXCELLENCE JAMES,"=""22743427032""",AIRFORCE ROAD OKAKA BEATRICE COMPOUND,,"=""22138559""","=""43979879""","=""10605469""",Personal fixed term loan,2023-06-15 00:00:00,20000.00,25800.00,,0.00,25800.00,NGN,0,Open,2023-07-15 00:00:00,Performing
NDIDI MARTINS,"=""22510558389""",41SALAMI STREET AKUTE OGUN,,"=""22139296""","=""44085086""","=""10627878""",Personal fixed term loan,2023-06-18 00:00:00,10000.00,12800.00,,0.00,12800.00,NGN,0,Open,2023-07-18 00:00:00,Performing
AKANJI RAPHAEL AYOBAMI,"=""22428765688""",CS FOGO OLORUNHANIBEREKO BADAGRY,,"=""22244133""","=""7606427""","=""10684863""",Personal fixed term loan,2023-06-23 00:00:00,5000.00,0.00,,0.00,6500.00,NGN,0,Closed,2023-07-23 00:00:00,Performing
BELLO RASAQ TEMITOPE,"=""22388253375""",6 KUNLE SHOBASO STREET IGBO OLUWO,,"=""22245001""","=""5566832""","=""10376171""",Personal fixed term loan,2023-05-24 00:00:00,7500.00,0.00,,0.00,8625.00,NGN,0,Closed,2023-06-08 00:00:00,Performing
OLUDELE EMMANUEL,"=""22280156949""",PLOT 2 ADENIJI LAYOUT IWO ROAD AREA IBADAN Ibadan NorthEas,,"=""22249128""","=""6198582""","=""1017654667""",Personal fixed term loan,2020-03-07 00:00:00,2500.00,0.00,,0.00,2870.00,NGN,0,Closed,2020-03-23 00:00:00,Performing
FOLAKEMI  EJOOR,"=""22212110803""",NO 1 TUNJI ROWAIE HARUNA OGBALAGOS IfakoIjaiye Lagos State,,"=""22110224""","=""20753878""","=""10708381""",Personal fixed term loan,2023-06-26 00:00:00,7500.00,8850.00,,0.00,8850.00,NGN,0,Open,2023-07-11 00:00:00,Performing
ESTHER EGBA,"=""22253126261""",10 SUNMONU STREET OKE IRA OGBA,,"=""22110824""","=""43957306""","=""10581663""",Personal fixed term loan,2023-06-13 00:00:00,10000.00,12800.00,,0.00,12800.00,NGN,0,Open,2023-07-13 00:00:00,Performing
FUHAM YUSUPH,"=""22454021141""",beside UBA 142 Egbe Rd Ejigbo 100001 Lagos Nigeria,,"=""22111411""","=""44292145""","=""10707177""",Personal fixed term loan,2023-06-26 00:00:00,7500.00,8850.00,,0.00,8850.00,NGN,0,Open,2023-07-11 00:00:00,Performing
JANET OLUYEMI,"=""22310747712""",ILE LOTINLE OLORUNSOGO OWOLAKE AGRIC AREA OGBOMOSO,,"=""22112364""","=""44304523""","=""10712259""",Personal fixed term loan,2023-06-26 00:00:00,7500.00,9525.00,,0.00,9525.00,NGN,0,Open,2023-07-26 00:00:00,Performing
CHINYERE UKPAI,"=""22224703787""",22 ojike street mile1,"=""8062703777""","=""22125498""","=""43776401""","=""10540975""",Personal fixed term loan,2023-06-09 00:00:00,20000.00,25800.00,,0.00,25800.00,NGN,0,Open,2023-07-09 00:00:00,Performing
JEREMIAH DANLAMI,"=""22395286869""",ECWA Pastor house Galadimawa village Fct,"=""7036088277""","=""22128893""","=""44360921""","=""10737206""",Personal fixed term loan,2023-06-29 00:00:00,7500.00,8850.00,,0.00,8850.00,NGN,0,Open,2023-07-14 00:00:00,Performing
CHINEDU UFOPU,"=""22363982944""",NO 15 UGWUAGOR ROAD ABAKPA,,"=""22131131""","=""40682885""","=""10645339""",Personal fixed term loan,2023-06-20 00:00:00,20000.00,25400.00,,0.00,25400.00,NGN,0,Open,2023-07-20 00:00:00,Performing
FAVOUR OKORO,"=""22607123485""",155 AGEGE MOTOR ROAD,,"=""22132033""","=""44026004""","=""10604848""",Personal fixed term loan,2023-06-15 00:00:00,20000.00,25800.00,,0.00,25800.00,NGN,0,Open,2023-07-15 00:00:00,Performing
BRIGHT ANIKE,"=""22362622203""",ADUWAWA ROAD BENIN CITY,,"=""22133386""","=""42731107""","=""10666495""",Personal fixed term loan,2023-06-22 00:00:00,7500.00,9675.00,,0.00,9675.00,NGN,0,Open,2023-07-22 00:00:00,Performing
vivian arimadu,"=""22441006267""",10 ohina street oke ira ogba,,"=""22134288""","=""44349478""","=""10737595""",Personal fixed term loan,2023-06-29 00:00:00,30000.00,37500.00,,0.00,37500.00,NGN,0,Open,2023-07-29 00:00:00,Performing
VICTORY HARCOURT,"=""22591522538""",Not Available,,"=""22134675""","=""8299096""","=""10705892""",Personal fixed term loan,2023-06-26 00:00:00,7500.00,0.00,,0.00,9675.00,NGN,0,Closed,2023-07-26 00:00:00,Performing
EBUKA NWOGBO,"=""22524686539""",BLOCK 367 DUMEZ CAMP AJAOKUTA KOGI STATE,,"=""22135475""","=""44333515""","=""10723293""",Personal fixed term loan,2023-06-27 00:00:00,5000.00,5900.00,,0.00,5900.00,NGN,0,Open,2023-07-12 00:00:00,Performing
SAWAT ADISA,,NO8A DIAMOND CLOSE IGUSI OTTA,,"=""22136079""","=""25919357""","=""10545616""",Personal fixed term loan,2023-06-09 00:00:00,30000.00,38400.00,,0.00,38400.00,NGN,0,Open,2023-07-09 00:00:00,Performing
RACHEAL AJAYI,"=""22551263211""",12ROAD 2IFESOWAPO BUSSTOP SANGO OTA,,"=""22136879""","=""44312396""","=""10723193""",Personal fixed term loan,2023-06-27 00:00:00,7500.00,8625.00,,0.00,8625.00,NGN,0,Open,2023-07-12 00:00:00,Performing
KAYODE KOSIRUOLUWA,"=""22325261867""",NO 10 LOC STREET SANGO IBADAN Ido Oyo State,,"=""22249204""","=""5599452""","=""1749509""",Personal fixed term loan,2020-03-05 00:00:00,5000.00,0.00,,0.00,5750.00,NGN,0,Closed,2020-03-20 00:00:00,Performing
KAYODE KOSIRUOLUWA,"=""22325261867""",NO 10 LOC STREET SANGO IBADAN Ido Oyo State,,"=""22249204""","=""5599452""","=""30773450""",Personal fixed term loan,2020-03-05 00:00:00,5000.00,0.00,,0.00,5750.00,NGN,0,Closed,2020-03-20 00:00:00,Performing
BOLUWATIFE AKINTAYO,"=""22406619572""",NO 4 YOMI KAYODE OKE IBADAN AKOBO Lagelu Oyo State,,"=""22249957""","=""5288022""","=""4014158019""",Personal fixed term loan,2020-02-18 00:00:00,2500.00,0.00,,0.00,3120.00,NGN,0,Closed,2020-03-19 00:00:00,Performing
OKE JONAH,"=""22727614025""",BACK OF MARVELOUS HOSTEL ABRAKA,,"=""22111523""","=""43464748""","=""10582538""",Personal fixed term loan,2023-06-13 00:00:00,7500.00,9675.00,,0.00,9675.00,NGN,0,Open,2023-07-13 00:00:00,Performing
ISMAIL MUSA,"=""22740997679""",MAKWALLA QUARTERS TAURA,,"=""22111591""","=""44075983""","=""10655301""",Personal fixed term loan,2023-06-20 00:00:00,5000.00,6000.00,,0.00,6000.00,NGN,0,Open,2023-07-05 00:00:00,Performing
GLORY  IKPE,,24 ASHAFA TIJANI STREET IFAKO ESTATE GBAGADA,,"=""22112234""","=""1633429""","=""10706267""",Personal fixed term loan,2023-06-26 00:00:00,20000.00,25800.00,,0.00,25800.00,NGN,0,Open,2023-07-26 00:00:00,Performing
THOMAS ATIM,,4 ADEKAA STREET AGA GBOKO,,"=""22112720""","=""44317429""","=""10717125""",Personal fixed term loan,2023-06-27 00:00:00,7500.00,0.00,,0.00,8850.00,NGN,0,Closed,2023-07-12 00:00:00,Performing
CHIAMAKA OKEKE,"=""22247749098""",NO 36MBOSI STREET ABAKPA NIKE,,"=""22128167""","=""43899215""","=""10557100""",Personal fixed term loan,2023-06-10 00:00:00,20000.00,25800.00,,0.00,25800.00,NGN,0,Open,2023-07-10 00:00:00,Performing
EMMANUEL EZE,"=""22641127320""",EZES COMPOUND NGBENELU NSUKKA LGA ENUGU STATE,,"=""22128878""","=""44311523""","=""10723018""",Personal fixed term loan,2023-06-27 00:00:00,10000.00,11800.00,,0.00,11800.00,NGN,0,Open,2023-07-12 00:00:00,Performing
FAITH ORUESE,"=""22696695984""",NO 14 LUCKY UMUKORO STREET,,"=""22130107""","=""43743961""","=""10498266""",Personal fixed term loan,2023-06-04 00:00:00,7500.00,0.00,,0.00,9525.00,NGN,0,Closed,2023-07-04 00:00:00,Performing
SOLOMON CHUKWUKERE,"=""22418300095""",UMUEZENWERE UMUAGWO OHAJI EGBEMA LGA IMO STATE,,"=""22135430""","=""44247850""","=""10691733""",Personal fixed term loan,2023-06-24 00:00:00,20000.00,23600.00,,0.00,23600.00,NGN,0,Open,2023-07-09 00:00:00,Performing
OLUSOLA AROGUNDADE,,18 TAIWO OGUNYADE CLOSE BABA METO BSTOP ITELE,,"=""22138599""","=""44243333""","=""10729816""",Personal fixed term loan,2023-06-28 00:00:00,7500.00,9675.00,,0.00,9675.00,NGN,0,Open,2023-07-28 00:00:00,Performing
ABDULMALIK YUSUF,"=""22366262609""",TITILOPES HSE GOACO AREA OGBOSHO NORTH  Ogbomosho North Oy,,"=""22249099""","=""7003065""","=""208823112""",Personal fixed term loan,2020-04-16 00:00:00,1500.00,0.00,,0.00,1950.00,NGN,0,Closed,2020-05-18 00:00:00,Performing
ABOSEDE OLOFINRO,"=""22243776760""",SANYO Oluyole Oyo State,,"=""22249167""","=""6672219""","=""1908978""",Personal fixed term loan,2020-03-30 00:00:00,2500.00,0.00,,0.00,2870.00,NGN,0,Closed,2020-04-14 00:00:00,Performing
ABOSEDE OLOFINRO,"=""22243776760""",SANYO Oluyole Oyo State,,"=""22249167""","=""6672219""","=""2132560896""",Personal fixed term loan,2020-03-30 00:00:00,2500.00,0.00,,0.00,2870.00,NGN,0,Closed,2020-04-14 00:00:00,Performing
TINA EMMANUEL,"=""22472411836""",EMMANUEL JOCTHANS HOUSE OPP CRCN CHURCH MAGAMI JALINGO TAR,,"=""22249585""","=""6237072""","=""302161264""",Personal fixed term loan,2020-07-03 00:00:00,5000.00,0.00,,0.00,6500.00,NGN,0,Closed,2020-08-03 00:00:00,Performing
JEPHASON NEHEMIAH,"=""22410069381""",ECWA CHURCH FED LOWCOST,,"=""22249878""","=""6872814""","=""1930994""",Personal fixed term loan,2020-04-10 00:00:00,5000.00,0.00,,0.00,5750.00,NGN,0,Closed,2020-04-27 00:00:00,Performing
JAIYEOLA OLAJIDE,,no 9 market road obudu Obudu Cross River State,,"=""22252843""","=""3999552""","=""71060919""",Personal fixed term loan,2019-12-31 00:00:00,7500.00,0.00,,0.00,8620.00,NGN,0,Closed,2020-01-15 00:00:00,Performing
RAHAMAT ABDULFATAHI,,No 155 dudukano,,"=""22252911""","=""932343""","=""118422""",Personal fixed term loan,2019-02-28 00:00:00,30000.00,0.00,,0.00,39000.00,NGN,0,Closed,2019-04-01 00:00:00,Performing
RAHAMAT ABDULFATAHI,,No 155 dudukano,,"=""22252911""","=""932343""","=""760199497""",Personal fixed term loan,2019-02-28 00:00:00,30000.00,0.00,,0.00,39000.00,NGN,0,Closed,2019-04-01 00:00:00,Performing
sunday joseph,"=""22184012150""",GOSA AIRPORT ROAD HOUSE 911,"=""08133792334""","=""22136100""","=""38499032""","=""10727534""",Personal fixed term loan,2023-06-28 00:00:00,30000.00,38400.00,,0.00,38400.00,NGN,0,Open,2023-07-28 00:00:00,Performing
LINC UYIEKPEN,"=""22430726967""",15 2ND FEDERAL RD OFF OKHORO RD,,"=""22136593""","=""44105282""","=""10649685""",Personal fixed term loan,2023-06-20 00:00:00,7500.00,8625.00,,0.00,8625.00,NGN,0,Open,2023-07-05 00:00:00,Performing
CHUKWUWEIKE OGHALI,"=""22267135927""",7 SOLOMON ODIAGBE STREET ARIGBAJO OGUN,,"=""22136607""","=""44271947""","=""10699879""",Personal fixed term loan,2023-06-25 00:00:00,20000.00,23600.00,,0.00,23600.00,NGN,0,Open,2023-07-10 00:00:00,Performing
EJIRO ORAKA,"=""22268295622""",30 ELEKAHIA PORT HARCOURT,,"=""22137579""","=""44374232""","=""10739675""",Personal fixed term loan,2023-06-29 00:00:00,7500.00,2675.00,,0.00,9675.00,NGN,0,Open,2023-07-29 00:00:00,Performing
VICTOR UFUDO,"=""22577750623""",IFITE VILLAGE NNOBI,,"=""22139351""","=""8028923""","=""10264161""",Personal fixed term loan,2023-05-13 00:00:00,5000.00,0.00,,0.00,6000.00,NGN,0,Closed,2023-05-28 00:00:00,Performing
SHODIPO IBRAHIM ABIODUN,,Iganmu Lagos Nigeria,,"=""22244946""","=""5364488""","=""10510795""",Personal fixed term loan,2023-06-06 00:00:00,25000.00,0.00,,0.00,32500.00,NGN,0,Closed,2023-07-06 00:00:00,Performing
SHODIPO IBRAHIM ABIODUN,,Iganmu Lagos Nigeria,,"=""22244946""","=""5364488""","=""1497432""",Personal fixed term loan,2020-01-31 00:00:00,2500.00,0.00,,0.00,2870.00,NGN,0,Closed,2020-02-17 00:00:00,Performing
SHODIPO IBRAHIM ABIODUN,,Iganmu Lagos Nigeria,,"=""22244946""","=""5364488""","=""36092896""",Personal fixed term loan,2020-01-31 00:00:00,2500.00,0.00,,0.00,2870.00,NGN,0,Closed,2020-02-17 00:00:00,Performing
TITILAYO OLAGOKE,,EYIDI COMPOUND ILA ORANGUN Ila Osun State,,"=""22249169""","=""6891318""","=""1932999""",Personal fixed term loan,2020-04-11 00:00:00,1500.00,0.00,,0.00,1720.00,NGN,0,Closed,2020-04-27 00:00:00,Performing
TITILAYO OLAGOKE,,EYIDI COMPOUND ILA ORANGUN Ila Osun State,,"=""22249169""","=""6891318""","=""2119701153""",Personal fixed term loan,2020-04-11 00:00:00,1500.00,0.00,,0.00,1720.00,NGN,0,Closed,2020-04-27 00:00:00,Performing
LIMAN UMMARU,"=""22490413544""",1 LIZZY CLOSE ILADO  Badagry Lagos State,,"=""22249969""","=""3475617""","=""3054899540""",Personal fixed term loan,2019-11-18 00:00:00,1500.00,0.00,,0.00,1950.00,NGN,0,Closed,2019-12-18 00:00:00,Performing
SWEETY PETER,"=""22409368866""",19 MOBILE BASE CLOSE TO GOLDEN LIGHT ACADEMY DU,,"=""22251141""","=""9426612""","=""19561362""",Personal fixed term loan,2020-12-02 00:00:00,40000.00,0.00,,0.00,48800.00,NGN,0,Closed,2021-01-01 00:00:00,Performing
BINTA MUSA,"=""22365295189""",PLOT 6 BETHEL LANE RCCG CAMP Obafemi Owode Ogun State,,"=""22251634""","=""10293729""","=""2938227""",Personal fixed term loan,2020-12-16 00:00:00,5000.00,0.00,,0.00,6500.00,NGN,0,Closed,2021-01-15 00:00:00,Performing
ADEDOLAPO ADEYEMO,"=""22221376683""",IREAKARI ESTATE AREGBE ABEOKUTA,,"=""22252727""","=""7726266""","=""10591988""",Personal fixed term loan,2023-06-14 00:00:00,5000.00,0.00,,0.00,6500.00,NGN,0,Closed,2023-07-14 00:00:00,Performing
RAHMAN FASAN,"=""22180871722""",NO 2 OLUSEYI OFF GENERAL ROAD ONDO Ondo West Ondo State,,"=""22253620""","=""635982""","=""3010868821""",Personal fixed term loan,2020-03-05 00:00:00,15000.00,0.00,,0.00,18750.00,NGN,0,Closed,2020-04-06 00:00:00,Performing
JOSHUA OZIMEDE,"=""22455844202""",28M ILASHE AGBARA OGUN STATE  AdoOdoOta Ogun State,,"=""22254992""","=""6251184""","=""1873448""",Personal fixed term loan,2020-03-23 00:00:00,1500.00,0.00,,0.00,1870.00,NGN,0,Closed,2020-04-22 00:00:00,Performing
AWOJE UMAR,"=""22278740109""",NO 12 IGBELU QUARTERS AKUNGBA AKOKO,,"=""22257457""","=""1765719""","=""100033420""",Personal fixed term loan,2020-03-01 00:00:00,1500.00,0.00,,0.00,1870.00,NGN,0,Closed,2020-03-31 00:00:00,Performing
BITRUS DANLADI,"=""22563144379""",Lau kunini,"=""07030769586""","=""22127243""","=""24996473""","=""10652963""",Personal fixed term loan,2023-06-20 00:00:00,7500.00,0.00,,0.00,9675.00,NGN,0,Closed,2023-07-20 00:00:00,Performing
MUHAMMAD UMAR,"=""22307859970""",No 2 Mile 12 road,"=""2349030853731""","=""22127716""","=""42989924""","=""10666805""",Personal fixed term loan,2023-06-22 00:00:00,50000.00,75900.00,,0.00,25300.00,NGN,0,Open,2023-09-20 00:00:00,Performing
JOHN AZUA,"=""22369091473""",96 IJOKU STREET OSOSA IJEBU ODE,,"=""22127750""","=""6707921""","=""10697916""",Personal fixed term loan,2023-06-25 00:00:00,2500.00,0.00,,0.00,3000.00,NGN,0,Closed,2023-07-10 00:00:00,Performing
victor omokhodion,"=""22269317741""",2 usunobun avenue ukhua road ekpoma,,"=""22128879""","=""44315435""","=""10715854""",Personal fixed term loan,2023-06-27 00:00:00,30000.00,35400.00,,0.00,35400.00,NGN,0,Open,2023-07-12 00:00:00,Performing
KEHINDE KAYODE,"=""22415883120""",23 TAPA STREET ORILE BUS STOP COKER,,"=""22130051""","=""25912813""","=""10716768""",Personal fixed term loan,2023-06-27 00:00:00,7500.00,9675.00,,0.00,9675.00,NGN,0,Open,2023-07-27 00:00:00,Performing
HABIBA IBRAHIM,"=""22523392060""",961105 Asokoro Nasarawa Nigeria,,"=""22130317""","=""39673103""","=""10625012""",Personal fixed term loan,2023-06-17 00:00:00,120000.00,126580.00,,0.00,83580.00,NGN,0,Open,2023-08-16 00:00:00,Performing
JOANNA EFEFAIRORO,"=""22656614796""",OGHARA JUNCTION,,"=""22131460""","=""43995413""","=""10593069""",Personal fixed term loan,2023-06-14 00:00:00,30000.00,37500.00,,0.00,37500.00,NGN,0,Open,2023-07-29 00:00:00,Performing
BLESSING ABICHE,"=""22599147377""",4 ANIAKERA STREET AGEGE,,"=""22132223""","=""44332124""","=""10722529""",Personal fixed term loan,2023-06-27 00:00:00,7500.00,9675.00,,0.00,9675.00,NGN,0,Open,2023-07-27 00:00:00,Performing
JOAN KINGS,"=""22494746677""",FRWH HQV opposite EMU BAKERY Ekete 330103 Orhuwhorun Delta,,"=""22132623""","=""44118899""","=""10641061""",Personal fixed term loan,2023-06-19 00:00:00,7500.00,8850.00,,0.00,8850.00,NGN,0,Open,2023-07-04 00:00:00,Performing
SAMUEL JOSHUA,"=""22635146850""",NO 16 OGUNUBI STREET ORITA CHALLENGE IBADAN,,"=""22132832""","=""43267091""","=""10635445""",Personal fixed term loan,2023-06-19 00:00:00,10000.00,14710.00,,0.00,4904.00,NGN,0,Open,2023-09-17 00:00:00,Performing
YETUNDE OMAKINDE,"=""22396157755""",1A CHIEF OGUNWARE STREET IYESIOKOAFOBADAGRYLAG,,"=""22134568""","=""44177440""","=""10663539""",Personal fixed term loan,2023-06-21 00:00:00,7500.00,9675.00,,0.00,9675.00,NGN,0,Open,2023-07-21 00:00:00,Performing
MARVELLOUS ANAETO,"=""22627225354""",J3QW VX Umuebe Ogwa Nigeria,,"=""22139005""","=""44267153""","=""10699236""",Personal fixed term loan,2023-06-25 00:00:00,7500.00,9675.00,,0.00,9675.00,NGN,0,Open,2023-07-25 00:00:00,Performing
OGUIKE CHIDIEBERE EMMANUEL,"=""22284176172""",2 obasohan,,"=""22160967""","=""9748589""","=""141539981""",Personal fixed term loan,2021-01-09 00:00:00,15000.00,0.00,,0.00,18000.00,NGN,0,Open,2021-01-25 00:00:00,Performing
JOSIAH MATTHEW AUGUSTINE,"=""22531575868""",PDP QUARTERS SULEJA,,"=""22237711""","=""6478775""","=""10136351""",Personal fixed term loan,2023-05-01 00:00:00,5000.00,0.00,,0.00,6000.00,NGN,0,Closed,2023-05-16 00:00:00,Performing
JOSIAH MATTHEW AUGUSTINE,"=""22531575868""",PDP QUARTERS SULEJA,,"=""22237711""","=""6478775""","=""10334649""",Personal fixed term loan,2023-05-19 00:00:00,10000.00,0.00,,0.00,12150.00,NGN,0,Closed,2023-06-03 00:00:00,Performing
ISA HAMEED,"=""22216794373""",56 ARIBABU STR MOSIMI NNPC SAGAMU Shagamu Ogun State,,"=""22249116""","=""6047859""","=""1710316""",Personal fixed term loan,2020-02-29 00:00:00,2500.00,0.00,,0.00,3250.00,NGN,0,Closed,2020-03-30 00:00:00,Performing
UCHECHUKWU NNACHI,"=""22576119384""",NO 2 UMEUGO STREET ABAKALIKI,,"=""22250088""","=""7645926""","=""10464182""",Personal fixed term loan,2023-06-01 00:00:00,5000.00,0.00,,0.00,6500.00,NGN,0,Closed,2023-07-01 00:00:00,Performing
OLUWASEUN OGIDIOLU,,BLK 137 JAKANDE ESTATE LEKKI LAGOS,,"=""22127557""","=""38464355""","=""10620706""",Personal fixed term loan,2023-06-17 00:00:00,20000.00,25400.00,,0.00,25400.00,NGN,0,Open,2023-07-17 00:00:00,Performing
UNWANA HENRY,"=""22458081486""",etagbour,"=""2349069570637""","=""22128034""","=""16933961""","=""10529858""",Personal fixed term loan,2023-06-08 00:00:00,7500.00,9675.00,,0.00,9675.00,NGN,0,Open,2023-07-08 00:00:00,Performing
OBEHI OBODE,"=""22511718874""",Uselu Benin City Nigeria,,"=""22137994""","=""27968285""","=""10693202""",Personal fixed term loan,2023-06-24 00:00:00,7500.00,9675.00,,0.00,9675.00,NGN,0,Open,2023-07-24 00:00:00,Performing
OGUNDELE SUNDAY,"=""22509803904""",OGUNDELE HOUSE TEMPLE AREA SAKI Orelope Oyo State,,"=""22238738""","=""6241526""","=""10623244""",Personal fixed term loan,2023-06-17 00:00:00,5000.00,0.00,,0.00,6500.00,NGN,0,Closed,2023-07-17 00:00:00,Performing
ADEDIPE SALEM FIYINFOLUWA,"=""22422875912""",No 4 Abusoro ijoka road Akure,"=""2348069392060""","=""22242784""","=""6340976""","=""10579388""",Personal fixed term loan,2023-06-13 00:00:00,5000.00,0.00,,0.00,6000.00,NGN,0,Closed,2023-06-28 00:00:00,Performing
ADEDIPE SALEM FIYINFOLUWA,"=""22422875912""",No 4 Abusoro ijoka road Akure,"=""2348069392060""","=""22242784""","=""6340976""","=""10697597""",Personal fixed term loan,2023-06-25 00:00:00,2500.00,0.00,,0.00,3037.50,NGN,0,Closed,2023-07-10 00:00:00,Performing
TALABI OMOLOLA C,"=""22363579843""",719 MATORI OBAGON AVE FATAI ATERE MUSHIN,,"=""22244422""","=""7416179""","=""10430908""",Personal fixed term loan,2023-05-29 00:00:00,5000.00,0.00,,0.00,6500.00,NGN,0,Closed,2023-06-28 00:00:00,Performing
ikade jerome ogar,,no 27b old cour road abakpa ogoja,,"=""22247387""","=""1609941""","=""3066281482""",Personal fixed term loan,2019-08-23 00:00:00,2500.00,0.00,,0.00,3120.00,NGN,0,Closed,2019-09-23 00:00:00,Performing
ikade jerome ogar,,no 27b old cour road abakpa ogoja,,"=""22247387""","=""1609941""","=""527470""",Personal fixed term loan,2019-08-23 00:00:00,2500.00,0.00,,0.00,3120.00,NGN,0,Closed,2019-09-23 00:00:00,Performing
HALIMAT MALIK,,2 MANDATE ROAD OMU ARAN,,"=""22249059""","=""5932614""","=""10696638""",Personal fixed term loan,2023-06-25 00:00:00,5000.00,0.00,,0.00,6500.00,NGN,0,Closed,2023-07-25 00:00:00,Performing
ULOMA EZENWA,"=""22214254138""",243 RECCE BATALLION IBEREKO BARRACKS BADAGRY Badagry Lagos,,"=""22249259""","=""3853719""","=""6233175905""",Personal fixed term loan,2020-03-10 00:00:00,1500.00,0.00,,0.00,1720.00,NGN,0,Closed,2020-03-25 00:00:00,Performing
KHADIJA ZAKARI,,NO 2 JARDA QTRS NEAR MARYAM SHOP DUTSE JIGAWA STATE Dutse,,"=""22251140""","=""9389817""","=""4497966015""",Personal fixed term loan,2020-12-05 00:00:00,15000.00,0.00,,0.00,19500.00,NGN,0,Closed,2021-01-04 00:00:00,Performing
OLUWAFUNMILAYO SAMUEL,"=""22543768087""",14 HASSAN MUSTAPHA STREET OLORUNSOGO ABIOLA WAY ABEOKUTA A,,"=""22251633""","=""7484001""","=""471135905""",Personal fixed term loan,2020-06-26 00:00:00,5000.00,0.00,,0.00,6500.00,NGN,0,Closed,2020-07-27 00:00:00,Performing
JOSHUA OLAYIWOLA,"=""22449557897""",1Sunday john streetnice people estateotaOgun state,"=""2348121280948""","=""22251842""","=""2210559""","=""754726""",Personal fixed term loan,2019-10-02 00:00:00,1500.00,0.00,,0.00,1720.00,NGN,0,Closed,2019-10-17 00:00:00,Performing
TAWA LUKMAN,"=""22396132314""",5 ISSA ELELU STREET AYEDE COMPOUND ODOTA ILORIN Ilorin Wes,,"=""22254607""","=""6238065""","=""58514431""",Personal fixed term loan,2020-03-23 00:00:00,5000.00,0.00,,0.00,6250.00,NGN,0,Closed,2020-04-22 00:00:00,Performing
LATIFAT ARIKE BASHIRU,"=""22336109330""",ADEWALE HOUSE BESIDE GAA APARA MOSQUE APARA AREA Oyo Oyo S,,"=""22255084""","=""6321981""","=""136566518""",Personal fixed term loan,2020-03-13 00:00:00,2500.00,0.00,,0.00,2870.00,NGN,0,Closed,2020-03-30 00:00:00,Performing
OLUCHUKWU UZOLISA,"=""22458211719""",33 PRINCE OLOGUNAGBA STREET VICTORY ESTATE,,"=""22125738""","=""13480157""","=""10599329""",Personal fixed term loan,2023-06-15 00:00:00,7500.00,9025.00,,0.00,9525.00,NGN,0,Open,2023-07-15 00:00:00,Performing
JOY ATE,,KENTORKY STREET ODUKE ASABA,,"=""22127678""","=""15537854""","=""10740478""",Personal fixed term loan,2023-06-29 00:00:00,15000.00,17955.00,,0.00,17955.00,NGN,0,Open,2023-07-14 00:00:00,Performing
zion iyogun,"=""22626021928""",opp new mkt bwari,,"=""22127835""","=""40460243""","=""10729508""",Personal fixed term loan,2023-06-28 00:00:00,7500.00,9675.00,,0.00,9675.00,NGN,0,Open,2023-07-28 00:00:00,Performing
IKECHUKWU IHEKAUCHE,"=""22574745907""",35 LAGOS STREET,,"=""22128771""","=""44108120""","=""10704585""",Personal fixed term loan,2023-06-26 00:00:00,15000.00,17250.00,,0.00,17250.00,NGN,0,Open,2023-07-11 00:00:00,Performing
CHARITY EFETURI,,OBUGHERE STREET CLOSE TO ORHUWHORUN HIGH SCHOOL ORHUWHORUN,,"=""22128964""","=""43700999""","=""10688112""",Personal fixed term loan,2023-06-24 00:00:00,130000.00,202150.00,,0.00,67384.00,NGN,0,Open,2023-09-22 00:00:00,Performing
ESTHER NWARIMEJI,"=""22538186560""",CHIDIEBERE EDOMOBI STREET UMUJOKWU UMUGWUMA,,"=""22129989""","=""44180074""","=""10690308""",Personal fixed term loan,2023-06-24 00:00:00,7500.00,9675.00,,0.00,9675.00,NGN,0,Open,2023-07-24 00:00:00,Performing
EHIEMEKA EZELIE,,police Barrack Isiokolo Block 2A,"=""08185765752""","=""22130643""","=""43017413""","=""10603516""",Personal fixed term loan,2023-06-15 00:00:00,90000.00,136620.00,,0.00,45540.00,NGN,0,Open,2023-09-13 00:00:00,Performing
VINCENT EZEKIEL,,NEW YORK QUARTERS,,"=""22133958""","=""44202838""","=""10673342""",Personal fixed term loan,2023-06-22 00:00:00,10000.00,12800.00,,0.00,12800.00,NGN,0,Open,2023-07-22 00:00:00,Performing
ANGELIGA FRIDAY,"=""22435005474""",MBANO CAMP OYIGBO Oyigbo Rivers State,,"=""22135098""","=""27115999""","=""10647902""",Personal fixed term loan,2023-06-20 00:00:00,5000.00,0.00,,0.00,5985.00,NGN,0,Closed,2023-07-05 00:00:00,Performing
CHISOM ONUNKWO,"=""22343068521""",10 EZEGO OJOTO AKPAKA GRA PHASE 11,,"=""22136191""","=""43290359""","=""10507295""",Personal fixed term loan,2023-06-05 00:00:00,15000.00,19350.00,,0.00,19350.00,NGN,0,Open,2023-07-12 00:00:00,Performing
JOHN KUFORIJI,"=""22336372613""",GIWA ROAD,,"=""22136452""","=""38125127""","=""10703651""",Personal fixed term loan,2023-06-25 00:00:00,20000.00,25600.00,,0.00,25600.00,NGN,0,Open,2023-07-25 00:00:00,Performing
MICHAEL IGHO,"=""22176566483""",3 AKPOTEHERI STREET UGHELLI,,"=""22136541""","=""44192846""","=""10669494""",Personal fixed term loan,2023-06-22 00:00:00,7500.00,9675.00,,0.00,9675.00,NGN,0,Open,2023-07-22 00:00:00,Performing
BEATRICE SALOMI,"=""22295777056""",19 ABIODUN ADEBOTE CLOSE IDI IROKO OFF IJEDE ROAD,,"=""22138120""","=""3668648""","=""10640834""",Personal fixed term loan,2023-06-19 00:00:00,20000.00,23600.00,,0.00,23600.00,NGN,0,Open,2023-07-04 00:00:00,Performing
SANDRA NWACHUKWU,,Nigeria,,"=""22138863""","=""44313590""","=""10714929""",Personal fixed term loan,2023-06-27 00:00:00,7500.00,8850.00,,0.00,8850.00,NGN,0,Open,2023-07-12 00:00:00,Performing
BABAJIDE YEMI MARY,"=""22511184248""",Adebayo street,"=""9035469386""","=""22241765""","=""12983303""","=""10591312""",Personal fixed term loan,2023-06-14 00:00:00,5000.00,0.00,,0.00,6500.00,NGN,0,Closed,2023-07-14 00:00:00,Performing
AUWAL SHEHU,,NO 27 OKE AYO STREET ODO ONA IBADAN,,"=""22251146""","=""1689399""","=""535319""",Personal fixed term loan,2019-08-25 00:00:00,1500.00,0.00,,0.00,1950.00,NGN,0,Closed,2019-09-24 00:00:00,Performing
JELILI ADIGUN,"=""22444469269""",22 AJANI OKE STREET OLOMORE,,"=""22251789""","=""5278440""","=""1633675""",Personal fixed term loan,2020-02-19 00:00:00,1500.00,0.00,,0.00,1500.00,NGN,0,Closed,2020-03-20 00:00:00,Performing
JELILI ADIGUN,"=""22444469269""",22 AJANI OKE STREET OLOMORE,,"=""22251789""","=""5278440""","=""3117953807""",Personal fixed term loan,2020-02-19 00:00:00,1500.00,0.00,,0.00,1500.00,NGN,0,Closed,2020-03-20 00:00:00,Performing
HABIB HUSSAIN,"=""22368724745""",335 TUDUN MALIKI QTRS ZOO ROAD,,"=""22107997""","=""38875851""","=""10608342""",Personal fixed term loan,2023-06-16 00:00:00,5000.00,5415.00,,5415.00,6000.00,NGN,3,Open,2023-07-01 00:00:00,Watchlist
ISKILU GBADAMOSI,,AJASE HOUSE ABUJA AREA OFFA,,"=""22108290""","=""543504""","=""11320427""",Personal fixed term loan,2023-08-29 00:00:00,25000.00,0.00,,0.00,32500.00,NGN,0,Closed,2023-09-28 00:00:00,Performing
CHIBOY LONDON,"=""22363480675""",14 15 Prince Alaba Oniru Road Victoria Island,,"=""22109508""","=""9496414""","=""10709417""",Personal fixed term loan,2023-06-26 00:00:00,7500.00,8850.00,,0.00,8850.00,NGN,0,Open,2023-07-11 00:00:00,Performing
PETER ERUEJERIEN,,ALADJA TOWN BACK OF HEALTH CENTER Udu Delta State,,"=""22110494""","=""10616422""","=""10466774""",Personal fixed term loan,2023-06-01 00:00:00,20000.00,25800.00,,25800.00,25800.00,NGN,3,Open,2023-07-01 00:00:00,Watchlist
PATTERSON OBOH,"=""22243618482""",AGHOSA COMPOUND AGHALOKPE Okpe Delta State,,"=""22111205""","=""17616997""","=""10699648""",Personal fixed term loan,2023-06-25 00:00:00,20000.00,22700.00,,0.00,22700.00,NGN,0,Open,2023-07-10 00:00:00,Performing
GREAT OLORI,"=""22246317580""",FLAT NO 23 OLORI ESTATE UGHELLI Ughelli North Delta State,,"=""22127117""","=""549093""","=""6003234879""",Personal fixed term loan,2019-09-04 00:00:00,5000.00,0.00,,0.00,0.00,NGN,0,Closed,2019-10-04 00:00:00,Performing
SULAIMAN GARBA,"=""22710186926""",GUNDUWAWA GEZAWA LOCAL GOVT,,"=""22135455""","=""44281264""","=""10702929""",Personal fixed term loan,2023-06-25 00:00:00,5000.00,6000.00,,0.00,6000.00,NGN,0,Open,2023-07-10 00:00:00,Performing
ALFRED OPIKHARA,,NO 30 SOLO STREET AUCHI,,"=""22135512""","=""1857241""","=""10680937""",Personal fixed term loan,2023-06-23 00:00:00,7500.00,8625.00,,0.00,8625.00,NGN,0,Open,2023-07-08 00:00:00,Performing
ELOHO OVEMURAI,,1 NAVY CLOSE ILEPO ESEPE ROAD BADAGRY EXPRESSWAY,,"=""22136916""","=""1967135""","=""10513491""",Personal fixed term loan,2023-06-06 00:00:00,15000.00,0.00,,0.00,18975.00,NGN,0,Closed,2023-07-06 00:00:00,Performing
NGUHER TSE,,IGBOYOESERE SNAKE ISLAND,,"=""22138320""","=""43842260""","=""10619605""",Personal fixed term loan,2023-06-17 00:00:00,20000.00,25400.00,,0.00,25400.00,NGN,0,Open,2023-07-17 00:00:00,Performing
CHIOMA ADIODO,"=""22153828155""",1DIVINE CLOSE IBA,,"=""22138613""","=""44316218""","=""10716187""",Personal fixed term loan,2023-06-27 00:00:00,10000.00,12800.00,,0.00,12800.00,NGN,0,Open,2023-07-27 00:00:00,Performing
ADENIRAN QUDUS AYOBAMI,"=""22533129162""",N4754 YEMETU ALAADORIN IBADAN,,"=""22238464""","=""7697426""","=""10666474""",Personal fixed term loan,2023-06-22 00:00:00,5000.00,0.00,,0.00,6500.00,NGN,0,Closed,2023-07-22 00:00:00,Performing
ABUBAKAR MUBARAQ,"=""22181547457""",47 ILE ABU DANKANO BABOKO ILORIN,,"=""22242990""","=""12992315""","=""10515801""",Personal fixed term loan,2023-06-06 00:00:00,5000.00,0.00,,0.00,6000.00,NGN,0,Closed,2023-06-21 00:00:00,Performing
UMAR ABUBAKAR DIGGI,"=""22289722853""",kagoro Kaduna Nigeria,,"=""22245748""","=""6064250""","=""10451445""",Personal fixed term loan,2023-05-31 00:00:00,12500.00,0.00,,0.00,16250.00,NGN,0,Closed,2023-06-30 00:00:00,Performing
OLUWAFEMI IYANDA,"=""22333104358""",35 SHODUNKE STREET CAR WASH ABEOKUTA Abeokuta South Ogun S,,"=""22249921""","=""6141915""","=""1747471""",Personal fixed term loan,2020-03-05 00:00:00,2500.00,0.00,,0.00,2870.00,NGN,0,Closed,2020-03-20 00:00:00,Performing
OLUMIDE AJAYI,"=""22455976721""",PLOT C BLOCK 4 APATAPITILIO FUTA Akure South Ondo State,,"=""22251725""","=""4270344""","=""2103718033""",Personal fixed term loan,2020-01-20 00:00:00,2500.00,0.00,,0.00,3120.00,NGN,0,Closed,2020-02-19 00:00:00,Performing
FUNMILAYO ODENIYI,"=""22356970842""",NO 1 MOSALSHI STREET IGANDO Alimosho Lagos State,,"=""22255519""","=""5939136""","=""1670271""",Personal fixed term loan,2020-02-24 00:00:00,10000.00,0.00,,0.00,10000.00,NGN,0,Closed,2020-03-25 00:00:00,Performing
rasaq ajikobi,"=""22496663329""",53 Pepsi road Abeokuta North Ogun,,"=""21989544""","=""6238562""","=""1794009""",Personal fixed term loan,2020-03-11 00:00:00,2500.00,0.00,,0.00,2870.00,NGN,0,Closed,2020-03-26 00:00:00,Performing
BLESSING OLUDARE,"=""22489999574""",3 FAGBOLA STRRET PENCINEMA LAGOS AGEGE,,"=""22097823""","=""43696963""","=""10480785""",Personal fixed term loan,2023-06-02 00:00:00,7500.00,3425.00,,3425.00,8850.00,NGN,17,Open,2023-06-17 00:00:00,Watchlist
PRAISE AZUKA,"=""22571385212""",CHIEF MATTHIAS ITIGHA STREET OVIRI AGBARHO,,"=""22098176""","=""44245364""","=""10693582""",Personal fixed term loan,2023-06-24 00:00:00,7500.00,8850.00,,0.00,8850.00,NGN,0,Open,2023-07-09 00:00:00,Performing
toluwaniyi boluwajoko,"=""22602748726""",9RP8X38 Close 200131 Ibadan Oyo Nigeria,,"=""22098474""","=""40864811""","=""10491009""",Personal fixed term loan,2023-06-04 00:00:00,5000.00,5775.00,,0.00,6325.00,NGN,0,Open,2023-07-04 00:00:00,Performing
AKEEM SALIMAN,,AJAH ST,,"=""22098525""","=""37832894""","=""10688330""",Personal fixed term loan,2023-06-24 00:00:00,30000.00,24210.00,,0.00,35910.00,NGN,0,Open,2023-07-09 00:00:00,Performing
KINGSLEY UGWU,"=""22630004388""",UMURA UGBAIKE ENUGU EZIKE UGWUS COMPOUND,,"=""22099795""","=""44150255""","=""10653824""",Personal fixed term loan,2023-06-20 00:00:00,7500.00,8850.00,,0.00,8850.00,NGN,0,Open,2023-07-05 00:00:00,Performing
JENNIFER EBOIGBE,,10 UPPER FORESTRY NEW LAGOS RD BENIN CITY,,"=""22100395""","=""40807703""","=""10466259""",Personal fixed term loan,2023-06-01 00:00:00,20000.00,25400.00,,25400.00,25400.00,NGN,3,Open,2023-07-01 00:00:00,Watchlist
USAH ZIRAH,"=""22147457648""",NO 10 AJIYA STREET ROMI NEW EXTENSION KADUNA,,"=""22102218""","=""43065948""","=""10678883""",Personal fixed term loan,2023-06-23 00:00:00,20000.00,23600.00,,0.00,23600.00,NGN,0,Open,2023-07-08 00:00:00,Performing
OLAIDE OLALERE,"=""22164199314""",13 B K St Ipaja 102213 Lagos Nigeria,,"=""22103120""","=""43965003""","=""10581002""",Personal fixed term loan,2023-06-13 00:00:00,7500.00,9525.00,,0.00,9525.00,NGN,0,Open,2023-07-13 00:00:00,Performing
BLESSING NUHU,"=""22409304408""",BLOCK 2 FLAT 22 MOPOL 20 BARRACKS IKEJA,,"=""22103190""","=""40047723""","=""10549225""",Personal fixed term loan,2023-06-09 00:00:00,7500.00,9675.00,,0.00,9675.00,NGN,0,Open,2023-07-09 00:00:00,Performing
SIMON OKEWU,"=""22234287848""",HOUSE NO 4 ZONE 4LUGBE AIRPORT ROAD BY VOICE OF NIGERIA FC,,"=""22109906""","=""44183320""","=""10665795""",Personal fixed term loan,2023-06-21 00:00:00,20000.00,25800.00,,0.00,25800.00,NGN,0,Open,2023-07-21 00:00:00,Performing
EMMANUEL URHOMOVO,"=""22347910512""",08 OKPE STREET WARRI,,"=""22129928""","=""43417406""","=""10697198""",Personal fixed term loan,2023-06-25 00:00:00,5000.00,0.00,,0.00,5885.00,NGN,0,Closed,2023-07-10 00:00:00,Performing
RUTH ADEGBOLA,"=""22496667323""",LASCO STREET ODA ROAD AKURE,,"=""22130798""","=""15787087""","=""10736455""",Personal fixed term loan,2023-06-29 00:00:00,10000.00,11970.00,,0.00,11970.00,NGN,0,Open,2023-07-14 00:00:00,Performing
BENJAMIN EBIKA,"=""22393429400""",KM 52 ABC TRANSPORT PLCImo State,,"=""22138886""","=""8932727""","=""10751364""",Personal fixed term loan,2023-06-30 00:00:00,7500.00,8625.00,,0.00,8625.00,NGN,0,Open,2023-07-15 00:00:00,Performing
ABDULSALAM ABUBAKAR,"=""22466978730""",KANWURI KOFARMANI GUSAU Gusau Zamfara State,,"=""22249420""","=""6027747""","=""263467821""",Personal fixed term loan,2020-03-03 00:00:00,2500.00,0.00,,0.00,3250.00,NGN,0,Closed,2020-04-02 00:00:00,Performing
EDWARD ABUBAKAR,"=""22366014709""",DUMMY,,"=""22253634""","=""6846768""","=""1382921059""",Personal fixed term loan,2020-04-09 00:00:00,2500.00,0.00,,0.00,3250.00,NGN,0,Closed,2020-05-11 00:00:00,Performing
EDWARD ABUBAKAR,"=""22366014709""",DUMMY,,"=""22253634""","=""6846768""","=""1928744""",Personal fixed term loan,2020-04-09 00:00:00,2500.00,0.00,,0.00,3250.00,NGN,0,Closed,2020-05-11 00:00:00,Performing
AMINA KUMBO,"=""22295800644""",NO 6 ONILE STREET AJAH  LAGOS,,"=""22113134""","=""8053462""","=""10684963""",Personal fixed term loan,2023-06-23 00:00:00,5000.00,0.00,,0.00,6075.00,NGN,0,Closed,2023-07-08 00:00:00,Performing
BRIGHT OSARENWINDA,"=""22350938033""",N0 2 AYEMOJUBA STREET ASIPA IPAJA AYOBO,,"=""22113645""","=""43317844""","=""10736554""",Personal fixed term loan,2023-06-29 00:00:00,20000.00,25800.00,,0.00,25800.00,NGN,0,Open,2023-07-29 00:00:00,Performing
sule iyemifokhai,"=""22522740772""",15 afuze road ihievbe edo state,,"=""22124566""","=""44083952""","=""10627304""",Personal fixed term loan,2023-06-18 00:00:00,7500.00,8800.00,,8800.00,8850.00,NGN,1,Open,2023-07-03 00:00:00,Watchlist
MIRACLE OBI,"=""22610669031""",34 GALADIMA STREET TELEVISON BSTOP KADUNA,,"=""22125277""","=""42105194""","=""10491422""",Personal fixed term loan,2023-06-04 00:00:00,20000.00,25800.00,,0.00,25800.00,NGN,0,Open,2023-07-04 00:00:00,Performing
MUSA ABDULLAHI,"=""22732289186""",MAKAMA B YOLA SOUTH,,"=""22128003""","=""44243243""","=""10689112""",Personal fixed term loan,2023-06-24 00:00:00,20000.00,25800.00,,0.00,25800.00,NGN,0,Open,2023-07-24 00:00:00,Performing
PETER UDUGBO,"=""22491272739""",OKURO ROAD OGHAREFE,,"=""22131961""","=""6259492""","=""10643767""",Personal fixed term loan,2023-06-19 00:00:00,5000.00,0.00,,0.00,6000.00,NGN,0,Closed,2023-07-04 00:00:00,Performing
TEMITOPE KAYODE,"=""22384846140""",18 ABULE OBA STREET STELLA HOUSE ADIGBE SARAKI ABEOKUTA Ab,,"=""22132072""","=""7398643""","=""10615649""",Personal fixed term loan,2023-06-16 00:00:00,5000.00,0.00,,0.00,6000.00,NGN,0,Closed,2023-07-01 00:00:00,Performing
AJOKE ALABA,"=""22450767542""",22 OPPARA 1 ROUNDER IYANA CELE ABEOKUTA OGUN STATE,,"=""22133951""","=""8063132""","=""10366224""",Personal fixed term loan,2023-05-23 00:00:00,5000.00,0.00,,0.00,6000.00,NGN,0,Closed,2023-06-07 00:00:00,Performing
OLAJIDE ROTIMI SUNDAY,"=""22149782878""",NO10 NOVA RD ADEBAYO,,"=""22243737""","=""7532735""","=""10673448""",Personal fixed term loan,2023-06-22 00:00:00,7500.00,0.00,,0.00,8850.00,NGN,0,Closed,2023-07-07 00:00:00,Performing
ABOSEDE ADEOGUN,"=""22363972284""",NO 36 ABULEOWO OGANLA ZONE ORISUMBARE WIRE  CABLE Ido Oyo,,"=""22249085""","=""6376731""","=""1853147""",Personal fixed term loan,2020-03-20 00:00:00,2500.00,0.00,,0.00,3250.00,NGN,0,Closed,2020-04-20 00:00:00,Performing
GLORY AKENDAYI,"=""22341685320""",NO 16 ISONOR STREET OFF COSTAIN ROAD NEW BENIN BENIN CITY,,"=""22249285""","=""6394917""","=""3008686797""",Personal fixed term loan,2020-03-17 00:00:00,2500.00,0.00,,0.00,2870.00,NGN,0,Closed,2020-04-01 00:00:00,Performing
WINIFRED JACOB,"=""22492351727""",URHOBO COLLEGE ROAD WARRI,,"=""22253536""","=""6423063""","=""1950114""",Personal fixed term loan,2020-04-17 00:00:00,1500.00,0.00,,0.00,1870.00,NGN,0,Closed,2020-05-18 00:00:00,Performing
patience obiemeke,"=""22303347468""",7 revaaleha street parafa ikorodu Ikorodu Lagos State,,"=""22255076""","=""6069507""","=""1934293""",Personal fixed term loan,2020-04-12 00:00:00,5000.00,0.00,,0.00,5750.00,NGN,0,Closed,2020-04-27 00:00:00,Performing
patience obiemeke,"=""22303347468""",7 revaaleha street parafa ikorodu Ikorodu Lagos State,,"=""22255076""","=""6069507""","=""2080116044""",Personal fixed term loan,2020-04-12 00:00:00,5000.00,0.00,,0.00,5750.00,NGN,0,Closed,2020-04-27 00:00:00,Performing
CHUKS ONWUKA,"=""22352795683""",Not Available,,"=""22256155""","=""6167418""","=""10477752""",Personal fixed term loan,2023-06-02 00:00:00,5000.00,0.00,,0.00,6500.00,NGN,0,Closed,2023-07-02 00:00:00,Performing
suzan oluoma,"=""22376038731""",37 latawa street baruwa bus stop sagamu Shagamu Ogun State,,"=""22256773""","=""6025089""","=""1702021""",Personal fixed term loan,2020-02-28 00:00:00,10000.00,0.00,,0.00,13000.00,NGN,0,Closed,2020-03-30 00:00:00,Performing
BELINDA TAIWO,"=""22417631257""",36 ODUDUWA STREETGOVERNOR ROAD IKOTUN,,"=""22137580""","=""43166750""","=""10501209""",Personal fixed term loan,2023-06-05 00:00:00,7500.00,0.00,,0.00,9675.00,NGN,0,Closed,2023-07-05 00:00:00,Performing
SOPURUCHUKWU ANYAEZE,"=""22438902574""",11 UZOUKE STREET MCC JUNCTION ABA,,"=""22138771""","=""44056166""","=""10643238""",Personal fixed term loan,2023-06-19 00:00:00,7500.00,8850.00,,0.00,8850.00,NGN,0,Open,2023-07-04 00:00:00,Performing
OLANBIWONNU BUKUNMI PELUMI,,EWETA IKIRUN Osogbo Osun State,,"=""22238122""","=""6080135""","=""10173927""",Personal fixed term loan,2023-05-04 00:00:00,5000.00,0.00,,0.00,5750.00,NGN,0,Closed,2023-05-19 00:00:00,Performing
ODEJAYI OLUBUKOLA,"=""22178685445""",4 BOLA ODEJAYI STR ADIYAN ROAD AGBADOAGO IWOYEOGUN Abeokut,,"=""22241596""","=""6249986""","=""10417190""",Personal fixed term loan,2023-05-28 00:00:00,12500.00,0.00,,0.00,15187.50,NGN,0,Closed,2023-06-12 00:00:00,Performing
FLORENCE MAGO,"=""22306014374""",ASIPA COMPOUND ALAKIA Egbeda Oyo State,,"=""22249082""","=""4238097""","=""3880015125""",Personal fixed term loan,2019-12-16 00:00:00,10000.00,0.00,,0.00,13000.00,NGN,0,Closed,2020-01-15 00:00:00,Performing
HANNAH KAYODE,"=""22433368513""",88 BALE STREET SHIBIRI BST OJO Ojo Lagos State,,"=""22249084""","=""6055170""","=""2106521744""",Personal fixed term loan,2020-02-29 00:00:00,2500.00,0.00,,0.00,3250.00,NGN,0,Closed,2020-03-30 00:00:00,Performing
ADENIYI OLUSOJI TIMOTHY,"=""22308937640""",N6A980 AGBAJE IJOKODU IBADAN Ibadan North Oyo State,,"=""22249877""","=""5654178""","=""1843047""",Personal fixed term loan,2020-03-18 00:00:00,7500.00,0.00,,0.00,9370.00,NGN,0,Closed,2020-04-17 00:00:00,Performing
ADENIYI OLUSOJI TIMOTHY,"=""22308937640""",N6A980 AGBAJE IJOKODU IBADAN Ibadan North Oyo State,,"=""22249877""","=""5654178""","=""30236630""",Personal fixed term loan,2020-03-18 00:00:00,7500.00,0.00,,0.00,9370.00,NGN,0,Closed,2020-04-17 00:00:00,Performing
ABDULSALAMI IBRAHIM,"=""22326162422""",MALL IBRAHIM OHIZES COMP BADOKO OKENE Okene Kogi State,,"=""22251749""","=""6128184""","=""1743934""",Personal fixed term loan,2020-03-04 00:00:00,1500.00,0.00,,0.00,1950.00,NGN,0,Closed,2020-04-03 00:00:00,Performing
ABUBAKAR ADAMU,"=""22309620611""",5 AMEH OBONI STREET KOGI  Ankpa Kogi State,,"=""22252828""","=""6778911""","=""1925975""",Personal fixed term loan,2020-04-07 00:00:00,2500.00,0.00,,0.00,2870.00,NGN,0,Closed,2020-04-22 00:00:00,Performing
ABUBAKAR ADAMU,"=""22309620611""",5 AMEH OBONI STREET KOGI  Ankpa Kogi State,,"=""22252828""","=""6778911""","=""2029666151""",Personal fixed term loan,2020-04-07 00:00:00,2500.00,0.00,,0.00,2870.00,NGN,0,Closed,2020-04-22 00:00:00,Performing
BALOGUN EMMANUEL,"=""22263373338""",AJILOSUN ADO EKITI  Ado Ekiti Ekiti State,,"=""22253528""","=""6078177""","=""1838680""",Personal fixed term loan,2020-03-18 00:00:00,2500.00,0.00,,0.00,2870.00,NGN,0,Closed,2020-04-02 00:00:00,Performing
BALOGUN EMMANUEL,"=""22263373338""",AJILOSUN ADO EKITI  Ado Ekiti Ekiti State,,"=""22253528""","=""6078177""","=""3086159000""",Personal fixed term loan,2020-03-19 00:00:00,2500.00,0.00,,0.00,3120.00,NGN,0,Closed,2020-04-20 00:00:00,Performing
SUNKANMI JIMOH,"=""22355533226""",NO 20 OWE AKALA OKEAROAKURE Akure South Ondo State,,"=""22253621""","=""6576972""","=""1885523""",Personal fixed term loan,2020-03-25 00:00:00,1500.00,0.00,,0.00,1950.00,NGN,0,Closed,2020-04-24 00:00:00,Performing
CHARLES ONWUEMELIE,"=""22337959934""",29 YORUBA ROAD SAPELE Sapele Delta Delta State,,"=""22253628""","=""3923670""","=""3054356024""",Personal fixed term loan,2020-01-29 00:00:00,15000.00,0.00,,0.00,19500.00,NGN,0,Closed,2020-02-28 00:00:00,Performing
SHADDAI ELISHAMA,"=""22525905934""",AGIP BY ROAD 224 ObioAkpor Rivers State,,"=""22254991""","=""6223443""","=""1826714""",Personal fixed term loan,2020-03-16 00:00:00,1500.00,0.00,,0.00,1950.00,NGN,0,Closed,2020-04-15 00:00:00,Performing
GRACE ADEYEMI,"=""22361443700""",Nigeria,,"=""22134173""","=""43942126""","=""10572737""",Personal fixed term loan,2023-06-12 00:00:00,7500.00,9675.00,,0.00,9675.00,NGN,0,Open,2023-07-12 00:00:00,Performing
DEBORAH NJOKU,"=""22604417015""",Nigeria,,"=""22137483""","=""43685669""","=""10475683""",Personal fixed term loan,2023-06-02 00:00:00,7500.00,7566.00,,7566.00,8850.00,NGN,3,Open,2023-07-01 00:00:00,Watchlist
HELEN CHUKWU,"=""22609235515""",34 NURENI YUSUF KOLA ALAGBADO,,"=""22138083""","=""43651343""","=""10459500""",Personal fixed term loan,2023-06-01 00:00:00,7500.00,9675.00,,0.00,9675.00,NGN,0,Open,2023-07-08 00:00:00,Performing
IN LANRE,,16 FOLARIN STR MAGODO ISHERI LAGOS,,"=""22244975""","=""525068""","=""10330281""",Personal fixed term loan,2023-05-19 00:00:00,5000.00,0.00,,0.00,6000.00,NGN,0,Closed,2023-06-03 00:00:00,Performing
IN LANRE,,16 FOLARIN STR MAGODO ISHERI LAGOS,,"=""22244975""","=""525068""","=""10501507""",Personal fixed term loan,2023-06-05 00:00:00,5000.00,0.00,,0.00,6075.00,NGN,0,Closed,2023-06-20 00:00:00,Performing
IN LANRE,,16 FOLARIN STR MAGODO ISHERI LAGOS,,"=""22244975""","=""525068""","=""10542659""",Personal fixed term loan,2023-06-09 00:00:00,5000.00,0.00,,0.00,6075.00,NGN,0,Closed,2023-06-24 00:00:00,Performing
IMOLEAYO AKANNI,"=""22404235121""",FLAT C RM 6 AGUGU BARRACKS IBADAN Ibadan NorthWest Oyo Sta,,"=""22249170""","=""6894522""","=""1933283""",Personal fixed term loan,2020-04-11 00:00:00,1500.00,0.00,,0.00,1720.00,NGN,0,Closed,2020-04-27 00:00:00,Performing
JIBRIL ISAH,,OLD MARKET ROAD GUSAU OPPOSITE MAI KAJI ENTERPRISE Gusau Z,,"=""22249421""","=""6071079""","=""1718007""",Personal fixed term loan,2020-03-01 00:00:00,2500.00,0.00,,0.00,3250.00,NGN,0,Closed,2020-03-31 00:00:00,Performing
JIBRIL ISAH,,OLD MARKET ROAD GUSAU OPPOSITE MAI KAJI ENTERPRISE Gusau Z,,"=""22249421""","=""6071079""","=""224286814""",Personal fixed term loan,2020-03-01 00:00:00,2500.00,0.00,,0.00,3250.00,NGN,0,Closed,2020-03-31 00:00:00,Performing
ABDULAFEEZ SIKIRULAHI,"=""22487655397""",50 OWODE ABIDIKUGU STR IBADAN Ibadan SouthEast Oyo State,,"=""22251931""","=""6679032""","=""1910780""",Personal fixed term loan,2020-03-30 00:00:00,2500.00,0.00,,0.00,2870.00,NGN,0,Closed,2020-04-14 00:00:00,Performing
ABDULAFEEZ SIKIRULAHI,"=""22487655397""",50 OWODE ABIDIKUGU STR IBADAN Ibadan SouthEast Oyo State,,"=""22251931""","=""6679032""","=""2179991440""",Personal fixed term loan,2020-03-30 00:00:00,2500.00,0.00,,0.00,2870.00,NGN,0,Closed,2020-04-14 00:00:00,Performing
AHMAD ABUBAKAR,"=""22342791152""",HOTORO DAN MARKE Tarauni Kano State,,"=""22251961""","=""6123567""","=""1740437""",Personal fixed term loan,2020-03-04 00:00:00,1500.00,0.00,,0.00,1720.00,NGN,0,Closed,2020-03-19 00:00:00,Performing
ABIODUN OLOGUN,"=""22403217113""",NO 33 IBAKA QUARTERS AKUNGBA AKOKO Akoko SouthWest Ondo St,,"=""22253582""","=""6481461""","=""1862236""",Personal fixed term loan,2020-03-21 00:00:00,2500.00,0.00,,0.00,2870.00,NGN,0,Closed,2020-04-06 00:00:00,Performing
ABIODUN OLOGUN,"=""22403217113""",NO 33 IBAKA QUARTERS AKUNGBA AKOKO Akoko SouthWest Ondo St,,"=""22253582""","=""6481461""","=""1863113""",Personal fixed term loan,2020-03-22 00:00:00,5000.00,0.00,,0.00,6250.00,NGN,0,Closed,2020-04-21 00:00:00,Performing
MAUREEN AGBONHESE,"=""22141947152""",10 CHURCH STREET ORISUNBARE LAGOS Alimosho Lagos State,,"=""22255088""","=""6603834""","=""2199179""",Personal fixed term loan,2020-07-20 00:00:00,30000.00,0.00,,0.00,34500.00,NGN,0,Closed,2020-08-04 00:00:00,Performing
MAUREEN AGBONHESE,"=""22141947152""",10 CHURCH STREET ORISUNBARE LAGOS Alimosho Lagos State,,"=""22255088""","=""6603834""","=""5002192742""",Personal fixed term loan,2020-07-20 00:00:00,30000.00,0.00,,0.00,34500.00,NGN,0,Closed,2020-08-04 00:00:00,Performing
MOSES JIMETO,"=""22680233398""",NO1 OBA AKRAN STREET YAAFIN BADAGRY,,"=""22135283""","=""44002429""","=""10719726""",Personal fixed term loan,2023-06-27 00:00:00,7500.00,8850.00,,0.00,8850.00,NGN,0,Open,2023-07-12 00:00:00,Performing
OMONIGHO DEGBEMI,"=""22428863599""",No MAJOR BOWEN RD,,"=""22135420""","=""44228293""","=""10683423""",Personal fixed term loan,2023-06-23 00:00:00,7500.00,8850.00,,0.00,8850.00,NGN,0,Open,2023-07-08 00:00:00,Performing
VICTOR IKUYELORIMI,"=""22648932473""",NO 6 ALETILE STREET KIRIKIRI LAGOS,,"=""22139096""","=""44019518""","=""10680808""",Personal fixed term loan,2023-06-23 00:00:00,1500.00,1770.00,,0.00,1770.00,NGN,0,Open,2023-07-08 00:00:00,Performing
oladipupo Kabiru,"=""22250000599""",37 omo noa street ayepe osogbo Osogbo Osun State,,"=""22211142""","=""5602448""","=""10496031""",Personal fixed term loan,2023-06-04 00:00:00,5000.00,0.00,,0.00,5750.00,NGN,0,Closed,2023-06-19 00:00:00,Performing
oladipupo Kabiru,"=""22250000599""",37 omo noa street ayepe osogbo Osogbo Osun State,,"=""22211142""","=""5602448""","=""10515216""",Personal fixed term loan,2023-06-06 00:00:00,5000.00,0.00,,0.00,12150.00,NGN,0,Closed,2023-06-21 00:00:00,Performing
ABUBAKAR MUHAMMAD ABDULRAHMAN,"=""22354608228""",SABON TITI SANI MAINGGA KANO,,"=""22240022""","=""6293591""","=""10468874""",Personal fixed term loan,2023-06-02 00:00:00,5000.00,0.00,,0.00,6500.00,NGN,0,Closed,2023-07-02 00:00:00,Performing
ADETUNJI ADENIJI,"=""22316867902""",22 IREPODUN ONIYERE OLORUNSOGO IB Oluyole Oyo State,,"=""22249114""","=""5971422""","=""1682360""",Personal fixed term loan,2020-02-26 00:00:00,10000.00,0.00,,0.00,13000.00,NGN,0,Closed,2020-03-27 00:00:00,Performing
OPEOLUWA OLUSOLA,"=""22215847775""",1 TEMIDIRE STREET OKEGATE OMI ADIO APATA IBADAN Ido Oyo St,,"=""22249145""","=""6784527""","=""1925819""",Personal fixed term loan,2020-04-07 00:00:00,2500.00,0.00,,0.00,2870.00,NGN,0,Closed,2020-04-22 00:00:00,Performing
NNEKA EKAEZE,"=""22335187030""",IKOTUN LAGOS,,"=""22249914""","=""2975781""","=""175026853""",Personal fixed term loan,2019-10-31 00:00:00,2500.00,0.00,,0.00,2870.00,NGN,0,Closed,2019-11-15 00:00:00,Performing
CHRISTIANA AKINKUNMI,,KARAGAWAL NEAR YAKUBU HOUSE GOMBE,,"=""22249931""","=""3724062""","=""1761127594""",Personal fixed term loan,2020-01-08 00:00:00,20000.00,0.00,,0.00,25000.00,NGN,0,Closed,2020-02-07 00:00:00,Performing
EZEKIEL AJALA,,23 CABINS LANE SAMONDA ESTATE IBADAN Ibadan North Oyo Stat,,"=""22251217""","=""5778114""","=""29303699""",Personal fixed term loan,2020-02-23 00:00:00,10000.00,0.00,,0.00,10000.00,NGN,0,Closed,2020-03-24 00:00:00,Performing
REBECCA OPALEYE,,NO 91 COLLEGE RD IPAJA LAGOS Alimosho Lagos State,,"=""22251803""","=""1400388""","=""786125""",Personal fixed term loan,2019-10-07 00:00:00,15000.00,0.00,,0.00,18750.00,NGN,0,Closed,2019-11-06 00:00:00,Performing
IKOOJO ABUTU,,NO 3 DARAMOLA STREET OFF OKOROBO AJEGUNLE APAPA,,"=""22252821""","=""10983165""","=""2181019914""",Personal fixed term loan,2021-01-23 00:00:00,5000.00,0.00,,0.00,5500.00,NGN,0,Closed,2021-02-08 00:00:00,Performing
KEHINDE EMMANUEL,,BESIDE DUDUYEMI MEMORIAL COLLEGE ILE IFE,,"=""22253607""","=""5768379""","=""10572955""",Personal fixed term loan,2023-06-12 00:00:00,7500.00,0.00,,0.00,9675.00,NGN,0,Closed,2023-07-12 00:00:00,Performing
ABDULRASAQ MUSA,"=""22333925393""",NO132 ALAPANSANPA COMPOUND ALORE AREA ILORIN Ilorin West K,,"=""22253858""","=""9116058""","=""64947869""",Personal fixed term loan,2020-10-16 00:00:00,5000.00,0.00,,0.00,6000.00,NGN,0,Closed,2020-11-02 00:00:00,Performing
PATRICK AKANDU,,Not Available,,"=""22255547""","=""1511856""","=""465723""",Personal fixed term loan,2019-08-07 00:00:00,2500.00,0.00,,0.00,3250.00,NGN,0,Closed,2019-09-06 00:00:00,Performing
SUBOMI OLAJIDE,"=""22450207332""",47 ADEADENAIKE STR IRAWO IKORODU Ikorodu Lagos State,,"=""22255833""","=""6708324""","=""1916805""",Personal fixed term loan,2020-04-01 00:00:00,10000.00,0.00,,0.00,13000.00,NGN,0,Closed,2020-05-04 00:00:00,Performing
CHINONSO ONU,,25 OLADEINDE STREET IBA NEW SITE,,"=""22136728""","=""43624988""","=""10704160""",Personal fixed term loan,2023-06-25 00:00:00,5000.00,5985.00,,0.00,5985.00,NGN,0,Open,2023-07-10 00:00:00,Performing
IMMACULATE OKONKWO,,14 UMUOJI STREET,,"=""22138634""","=""17232926""","=""10651954""",Personal fixed term loan,2023-06-20 00:00:00,7500.00,9675.00,,0.00,9675.00,NGN,0,Open,2023-07-20 00:00:00,Performing
ONUGWU OBUMNEME MATTHEW,,FELIX ONUGWUS COMPOUND ACHOM STREET IBAGWA AKA,,"=""22237774""","=""6292205""","=""10508329""",Personal fixed term loan,2023-06-05 00:00:00,7500.00,0.00,,0.00,9000.00,NGN,0,Closed,2023-06-20 00:00:00,Performing
ONUGWU OBUMNEME MATTHEW,,FELIX ONUGWUS COMPOUND ACHOM STREET IBAGWA AKA,,"=""22237774""","=""6292205""","=""10528895""",Personal fixed term loan,2023-06-07 00:00:00,7500.00,0.00,,0.00,9112.50,NGN,0,Closed,2023-06-22 00:00:00,Performing
ELIZABETH ADEOYE,,effu maiyaki ndajiya area bida niger state,,"=""22250091""","=""1631592""","=""3091320121""",Personal fixed term loan,2019-08-19 00:00:00,5000.00,0.00,,0.00,6500.00,NGN,0,Closed,2019-09-18 00:00:00,Performing
ELIZABETH ADEOYE,,effu maiyaki ndajiya area bida niger state,,"=""22250091""","=""1631592""","=""505339""",Personal fixed term loan,2019-08-19 00:00:00,5000.00,0.00,,0.00,6500.00,NGN,0,Closed,2019-09-18 00:00:00,Performing
OLUWABUKOLA FABUNMI,"=""22547637929""",S7348 OBA ABIMBOLA LAST FELELE CHALLENGE Ibadan SouthEast,,"=""22252899""","=""5445129""","=""10527994""",Personal fixed term loan,2023-06-07 00:00:00,5000.00,0.00,,0.00,6500.00,NGN,0,Closed,2023-07-07 00:00:00,Performing
DAVID AGUCHIRI,"=""22433923013""",UMUIKE VILLAGE Oji River Enugu State,,"=""22253550""","=""6206037""","=""1782198""",Personal fixed term loan,2020-03-09 00:00:00,1500.00,0.00,,0.00,1950.00,NGN,0,Closed,2020-04-08 00:00:00,Performing
ADEDOTUN ADEKOLA,"=""22549057051""",no 4 oke ibukun streett,,"=""22254588""","=""6017415""","=""1707900""",Personal fixed term loan,2020-02-29 00:00:00,1500.00,0.00,,0.00,1950.00,NGN,0,Closed,2020-03-30 00:00:00,Performing
ADEDOTUN ADEKOLA,"=""22549057051""",no 4 oke ibukun streett,,"=""22254588""","=""6017415""","=""1856491""",Personal fixed term loan,2020-03-20 00:00:00,10000.00,0.00,,0.00,12500.00,NGN,0,Closed,2020-04-20 00:00:00,Performing
SAHEED SULAIMAN,"=""22492279601""",ZONA 27 ALONG KARU COURT RD KARUJIKWOYI,,"=""22254601""","=""6113904""","=""1735950""",Personal fixed term loan,2020-03-03 00:00:00,1500.00,0.00,,0.00,1950.00,NGN,0,Closed,2020-04-02 00:00:00,Performing
CHIDUZIAM CHARLES,,35 ERINMOPE CRESCENT IKOLA IPAJA Alimosho Lagos State,,"=""22255056""","=""567444""","=""1166758""",Personal fixed term loan,2019-12-09 00:00:00,2500.00,0.00,,0.00,2870.00,NGN,0,Closed,2019-12-24 00:00:00,Performing
CHIDUZIAM CHARLES,,35 ERINMOPE CRESCENT IKOLA IPAJA Alimosho Lagos State,,"=""22255056""","=""567444""","=""58022171""",Personal fixed term loan,2019-12-09 00:00:00,2500.00,0.00,,0.00,2870.00,NGN,0,Closed,2019-12-24 00:00:00,Performing
oluwaseyi afolabi,"=""22170813406""",4 olabisi adewunmi close salvation esate ajah Eti Osa Lago,,"=""22255856""","=""6326574""","=""1011166132""",Personal fixed term loan,2020-03-14 00:00:00,2500.00,0.00,,0.00,2870.00,NGN,0,Closed,2020-03-30 00:00:00,Performing
oluwaseyi afolabi,"=""22170813406""",4 olabisi adewunmi close salvation esate ajah Eti Osa Lago,,"=""22255856""","=""6326574""","=""1815459""",Personal fixed term loan,2020-03-14 00:00:00,2500.00,0.00,,0.00,2870.00,NGN,0,Closed,2020-03-30 00:00:00,Performing
KARGWAK BALA,"=""22310742788""",OKAMU WANKO STREET Owerri Municipal Imo State,,"=""22256141""","=""5669280""","=""1734571""",Personal fixed term loan,2020-03-03 00:00:00,2500.00,0.00,,0.00,3120.00,NGN,0,Closed,2020-04-02 00:00:00,Performing
GIFT GODWIN,"=""22524238363""",14 ROAD 1 PHASE 3 ELIMINIGWE ESTATE WOJI ObioAkpor Rivers,,"=""22258379""","=""7125732""","=""1956865""",Personal fixed term loan,2020-04-18 00:00:00,2500.00,0.00,,0.00,2870.00,NGN,0,Closed,2020-05-04 00:00:00,Performing
NNAEMEKA IWUJI,"=""22351623239""",RANTYA OPP DEEPER LIFE CHURCH,,"=""22109964""","=""41961001""","=""10476702""",Personal fixed term loan,2023-06-02 00:00:00,7500.00,0.00,,0.00,9675.00,NGN,0,Closed,2023-07-02 00:00:00,Performing
UCHE IHESIABA,"=""22608939672""",ASEMOTA ROAD PIPELINE KUBWA VILLAGE KUBWA,,"=""22110550""","=""44009074""","=""10597960""",Personal fixed term loan,2023-06-15 00:00:00,7500.00,8925.00,,8925.00,8850.00,NGN,4,Open,2023-06-30 00:00:00,Watchlist
LATIFAT OKEGBENRO,,23 SANU STREET ALAGBADO,,"=""22110685""","=""44037280""","=""10679908""",Personal fixed term loan,2023-06-23 00:00:00,7500.00,5675.00,,0.00,9675.00,NGN,0,Open,2023-07-23 00:00:00,Performing
KINGSLEY OKWUONU,"=""22258488225""",49 ITIRE ROAD MUSHIN,,"=""22124954""","=""6272213""","=""10288016""",Personal fixed term loan,2023-05-15 00:00:00,7500.00,0.00,,0.00,8625.00,NGN,0,Closed,2023-05-30 00:00:00,Performing
LUCY ALEX,"=""22565212885""",5A Agwu Street federal housing,"=""09150442994""","=""22126075""","=""44347343""","=""10728619""",Personal fixed term loan,2023-06-28 00:00:00,7500.00,8850.00,,0.00,8850.00,NGN,0,Open,2023-07-13 00:00:00,Performing
OGHENEKEVWE EVOH,"=""22323487654""",7 AGHAYUBINI STREET OFF ADESUWA ROAD GRA BENIN CITY,,"=""22127647""","=""43846736""","=""10536345""",Personal fixed term loan,2023-06-08 00:00:00,20000.00,25800.00,,0.00,25800.00,NGN,0,Open,2023-07-23 00:00:00,Performing
OSAS EDEGBA,"=""22291735443""",9 ERESONYEN STR OFF URUBI RD Egor Edo State,,"=""22129870""","=""6238088""","=""1921453""",Personal fixed term loan,2020-04-03 00:00:00,25000.00,0.00,,0.00,28750.00,NGN,0,Closed,2020-04-20 00:00:00,Performing
TREASURE OSEMWENGIE,"=""22737190418""",IGHILE STREET OFF BIU ROAD,,"=""22131977""","=""43741352""","=""10496419""",Personal fixed term loan,2023-06-04 00:00:00,7500.00,9675.00,,0.00,9675.00,NGN,0,Open,2023-07-04 00:00:00,Performing
DAVID OLUWADORO,"=""22639024600""",BLOCK 1 FLAT 4 BARTH ROAD  Ibadan North Oyo State,,"=""22134014""","=""16333553""","=""10746458""",Personal fixed term loan,2023-06-30 00:00:00,5000.00,1685.00,,0.00,5985.00,NGN,0,Open,2023-07-15 00:00:00,Performing
GLORIA OSONDU,"=""22275360560""",55LAWAL COMPLEX ILOGBO ROAD OJU ORE SANGO OTTA,,"=""22136321""","=""44083031""","=""10653882""",Personal fixed term loan,2023-06-20 00:00:00,20000.00,25800.00,,0.00,25800.00,NGN,0,Open,2023-07-20 00:00:00,Performing
FIEFAMOKUMA IFIEMI KIENTE,"=""22388015766""",OKPOI STREET EDEPIE,,"=""22247911""","=""8030774""","=""10143016""",Personal fixed term loan,2023-05-01 00:00:00,5000.00,0.00,,0.00,6000.00,NGN,0,Closed,2023-05-16 00:00:00,Performing
IDOWU ADELEYE,"=""22471400802""",07 GBOGUN STREET ORISUNMBARE OWODE OFF WIRE AND CABLE APAT,,"=""22249097""","=""6269568""","=""1793995""",Personal fixed term loan,2020-03-11 00:00:00,10000.00,0.00,,0.00,13000.00,NGN,0,Closed,2020-04-14 00:00:00,Performing
OLAIYA EDIBO,"=""22253953658""",INSIDE CS SOLUTION MINISTRY OWODE APATA Ido Oyo State,,"=""22249111""","=""5282415""","=""1804157""",Personal fixed term loan,2020-03-12 00:00:00,20000.00,0.00,,0.00,25000.00,NGN,0,Closed,2020-04-14 00:00:00,Performing
OLAIYA EDIBO,"=""22253953658""",INSIDE CS SOLUTION MINISTRY OWODE APATA Ido Oyo State,,"=""22249111""","=""5282415""","=""3098349488""",Personal fixed term loan,2020-03-12 00:00:00,20000.00,0.00,,0.00,25000.00,NGN,0,Closed,2020-04-14 00:00:00,Performing
DAMILOLA OLAYANJU,"=""22338931698""",BLOCK A FLAT 57DODAN BARRACKSOBALENDE,,"=""22249148""","=""1727544""","=""3040270035""",Personal fixed term loan,2020-03-07 00:00:00,30000.00,0.00,,0.00,34500.00,NGN,0,Closed,2020-03-23 00:00:00,Performing
OLUWASEYI ADELEKE,,PLOT 13 HOUSE 2 SANDFILL ESTATEALAKIJA Enugu State nigeria,,"=""22249883""","=""2335395""","=""3069250863""",Personal fixed term loan,2019-10-07 00:00:00,2500.00,0.00,,0.00,2870.00,NGN,0,Closed,2019-10-22 00:00:00,Performing
ELISABETH OMOTOSO,,KOKOYI CLOSE BOGIJE IBEJU LEKKI,,"=""22109700""","=""43776865""","=""10509125""",Personal fixed term loan,2023-06-05 00:00:00,30000.00,38400.00,,0.00,38400.00,NGN,0,Open,2023-07-05 00:00:00,Performing
OLUCHI ANYAIBE,,19 NEW  WOJI LAYOUT,,"=""22110170""","=""43783798""","=""10677053""",Personal fixed term loan,2023-06-23 00:00:00,12500.00,15625.00,,0.00,15625.00,NGN,0,Open,2023-07-23 00:00:00,Performing
RITA VENTURE,"=""22417728216""",12 AKADORO STREET,,"=""22112937""","=""44069188""","=""10721464""",Personal fixed term loan,2023-06-27 00:00:00,15000.00,17250.00,,0.00,17250.00,NGN,0,Open,2023-07-12 00:00:00,Performing
PETER OLUREMI,"=""22331226160""",75 Owatowose Street Owo Ondo State,,"=""22113135""","=""9076975""","=""10735684""",Personal fixed term loan,2023-06-29 00:00:00,7500.00,8850.00,,0.00,8850.00,NGN,0,Open,2023-07-14 00:00:00,Performing
Halimat Mustapha,,23 AMOSU STRRET IJORA BADIA LAGOS Kwara State nigeria Apap,,"=""22125869""","=""28406696""","=""10721516""",Personal fixed term loan,2023-06-27 00:00:00,7500.00,9675.00,,0.00,9675.00,NGN,0,Open,2023-07-27 00:00:00,Performing
uche chukwuani,,635 ikorodu road ikeja,,"=""22126246""","=""44113106""","=""10639096""",Personal fixed term loan,2023-06-19 00:00:00,30000.00,34500.00,,0.00,34500.00,NGN,0,Open,2023-07-04 00:00:00,Performing
Mohammed Usman,"=""22212963519""",central area  behind environment house airport road abuja,,"=""22128018""","=""44378900""","=""10741046""",Personal fixed term loan,2023-06-29 00:00:00,20000.00,25400.00,,0.00,25400.00,NGN,0,Open,2023-07-29 00:00:00,Performing
GOODNEWS JAMES,"=""22623799910""",CHINEDUM SAMUEL COMPOUND NDUME IBEKU,,"=""22128311""","=""44239220""","=""10697308""",Personal fixed term loan,2023-06-25 00:00:00,20000.00,25400.00,,0.00,25400.00,NGN,0,Open,2023-07-25 00:00:00,Performing
AYINKE ABIOLA,,4 TOYIBAT STREET MEDINA ESTATE GBAGADA,,"=""22130685""","=""43884254""","=""23780599""",Personal fixed term loan,2023-06-10 00:00:00,750000.00,1125000.00,,0.00,93750.00,NGN,0,Open,2024-06-04 00:00:00,Performing
MOSES ADEDAYO,,NO 38 OJEWUYI STREET ADALOKO OJO,,"=""22132755""","=""539351""","=""10345372""",Personal fixed term loan,2023-05-21 00:00:00,5000.00,0.00,,0.00,6000.00,NGN,0,Closed,2023-06-05 00:00:00,Performing
MOSES ADEDAYO,,NO 38 OJEWUYI STREET ADALOKO OJO,,"=""22132755""","=""539351""","=""10745780""",Personal fixed term loan,2023-06-30 00:00:00,5000.00,0.00,,0.00,6075.00,NGN,0,Closed,2023-07-15 00:00:00,Performing
CHRISANTUS UKACHI,"=""22505947204""",EZIALAOGWU NGURU ABOH MBAISE LGA IMO STATE,,"=""22139250""","=""43709864""","=""10486272""",Personal fixed term loan,2023-06-03 00:00:00,7500.00,9525.00,,0.00,9525.00,NGN,0,Open,2023-07-24 00:00:00,Performing
OLATUNJI FOLORUNSHO,,18 EFFIONG ASI,,"=""22252928""","=""2333850""","=""54006407""",Personal fixed term loan,2020-03-04 00:00:00,2500.00,0.00,,0.00,3050.00,NGN,0,Closed,2020-04-03 00:00:00,Performing
JIMOH BUSARI,"=""22340558261""",NO 25 ISALE BANNI Ilorin West Kwara State,,"=""22253619""","=""6232404""","=""1780411""",Personal fixed term loan,2020-03-09 00:00:00,1500.00,0.00,,0.00,1950.00,NGN,0,Closed,2020-04-08 00:00:00,Performing
JIMOH BUSARI,"=""22340558261""",NO 25 ISALE BANNI Ilorin West Kwara State,,"=""22253619""","=""6232404""","=""1829197""",Personal fixed term loan,2020-03-16 00:00:00,2500.00,0.00,,0.00,3120.00,NGN,0,Closed,2020-04-15 00:00:00,Performing
FOLASHADE ADEYEMI,"=""22423680661""",29 MAJAMAJA STREET OPPOSITE GOOD SUCCESS CHURCH GAA AKANBI,,"=""22254591""","=""6644592""","=""1902995""",Personal fixed term loan,2020-03-28 00:00:00,2500.00,0.00,,0.00,3250.00,NGN,0,Closed,2020-04-27 00:00:00,Performing
HENRY OLANIYI,"=""22417981363""",NO 2 IMAM AYUB STREET ATAOJA ESTATE OSOGBO Osogbo Osun Sta,,"=""22254598""","=""5330520""","=""1769124""",Personal fixed term loan,2020-03-07 00:00:00,1500.00,0.00,,0.00,1870.00,NGN,0,Closed,2020-04-06 00:00:00,Performing
EMMANUEL RICHARD,"=""22424073262""",RICHARDS COMPUND UZUAKU ASA  UKWA WEST LGA,,"=""22135756""","=""43996102""","=""10609439""",Personal fixed term loan,2023-06-16 00:00:00,5000.00,1300.00,,1300.00,5900.00,NGN,3,Open,2023-07-01 00:00:00,Watchlist
ALAO OLAYINKA EMMANUEL,"=""22345674087""",NO 2 FAWOROGUN AREA ALONGE OLORUNSOGO IBADAN Ona Ara Oyo S,,"=""22240635""","=""6203231""","=""10240658""",Personal fixed term loan,2023-05-10 00:00:00,7500.00,0.00,,0.00,9000.00,NGN,0,Closed,2023-05-25 00:00:00,Performing
ALAO OLAYINKA EMMANUEL,"=""22345674087""",NO 2 FAWOROGUN AREA ALONGE OLORUNSOGO IBADAN Ona Ara Oyo S,,"=""22240635""","=""6203231""","=""10291250""",Personal fixed term loan,2023-05-15 00:00:00,7500.00,0.00,,0.00,9112.50,NGN,0,Closed,2023-05-30 00:00:00,Performing
BONIFACE AYIBATONYE BLESSING,"=""22451765512""",NO 46 AVENUE SANDFILL AKPAJO PORT HARCOURT,,"=""22247030""","=""7961078""","=""10214440""",Personal fixed term loan,2023-05-08 00:00:00,5000.00,0.00,,0.00,6500.00,NGN,0,Closed,2023-06-07 00:00:00,Performing
MAIMUNA SHUAIBU,"=""22515955156""",17 BOLARI QTRS NEAR CENTRAL MOSQUE BSTOP GOMBE Gombe Gombe,,"=""22249234""","=""6855957""","=""461660325""",Personal fixed term loan,2020-04-10 00:00:00,5000.00,0.00,,0.00,5750.00,NGN,0,Closed,2020-04-27 00:00:00,Performing
UMAR AMINU,"=""22538247883""",52 OKUTUKUTU SCHOOOL ROAD YENAGOA  Yenagoa Bayelsa State,,"=""22251676""","=""10124538""","=""123261721""",Personal fixed term loan,2020-12-10 00:00:00,5000.00,0.00,,0.00,6500.00,NGN,0,Closed,2021-01-11 00:00:00,Performing
SEFINAT IDRIS,"=""22375881035""",46K KARAWORO STREET LOKOJA Lokoja Kogi State,,"=""22251876""","=""5188770""","=""1962301""",Personal fixed term loan,2020-04-19 00:00:00,2500.00,0.00,,0.00,2870.00,NGN,0,Closed,2020-05-04 00:00:00,Performing
ADEBOWALE SUBULOYE,"=""22436082094""",Amule area Ipetumodu,,"=""22253578""","=""5965101""","=""1713998""",Personal fixed term loan,2020-03-01 00:00:00,10000.00,0.00,,0.00,13000.00,NGN,0,Closed,2020-03-31 00:00:00,Performing
caroline ayodeji,,4 azumonire street ritlad bustop meiran Alimosho Lagos Sta,,"=""22255518""","=""5210316""","=""1450128""",Personal fixed term loan,2020-01-24 00:00:00,2500.00,0.00,,0.00,3250.00,NGN,0,Closed,2020-02-24 00:00:00,Performing
caroline ayodeji,,4 azumonire street ritlad bustop meiran Alimosho Lagos Sta,,"=""22255518""","=""5210316""","=""3009441991""",Personal fixed term loan,2020-01-24 00:00:00,2500.00,0.00,,0.00,3250.00,NGN,0,Closed,2020-02-24 00:00:00,Performing
OLUWAGBEMISOLA OLANREWAJU,"=""22399963960""",NO 31 OPEEWE STREET JANKARA IfakoIjaiye Lagos State,,"=""22255811""","=""1432662""","=""2190487269""",Personal fixed term loan,2019-09-19 00:00:00,15000.00,0.00,,0.00,18750.00,NGN,0,Closed,2019-10-21 00:00:00,Performing
OLUWAGBEMISOLA OLANREWAJU,"=""22399963960""",NO 31 OPEEWE STREET JANKARA IfakoIjaiye Lagos State,,"=""22255811""","=""1432662""","=""679353""",Personal fixed term loan,2019-09-19 00:00:00,15000.00,0.00,,0.00,18750.00,NGN,0,Closed,2019-10-21 00:00:00,Performing
ABUBAKAR SULAIMAN,,no 51 maradu road ungwan muazu kaduna Kaduna South Kaduna,,"=""22256713""","=""4852809""","=""529056103""",Personal fixed term loan,2020-02-20 00:00:00,2500.00,0.00,,0.00,2870.00,NGN,0,Closed,2020-03-06 00:00:00,Performing
OLADIMEJI OLADUNNI,"=""22351780710""",8 LADEGA STREET ALONG GARAGE IKORODU,,"=""22256722""","=""4772775""","=""3041086107""",Personal fixed term loan,2020-02-14 00:00:00,7500.00,0.00,,0.00,8620.00,NGN,0,Closed,2020-03-02 00:00:00,Performing
ADEOYE UNUIGBE,"=""22147986557""",41 BALOGUN STREET IWAYA Lagos Mainland Lagos State,,"=""22256820""","=""4478976""","=""3003950114""",Personal fixed term loan,2019-12-25 00:00:00,2500.00,0.00,,0.00,3250.00,NGN,0,Closed,2020-01-24 00:00:00,Performing
EBERE DAVIDMARTINS,"=""22292266737""",ACCESS BANK PLC PLOT 1665 OYIN JOLAYEMI STREET V ISLAND,,"=""22258424""","=""3962103""","=""2006675363""",Personal fixed term loan,2019-12-05 00:00:00,15000.00,0.00,,0.00,19500.00,NGN,0,Closed,2020-01-06 00:00:00,Performing
CHINEDU ANTHONY,"=""22660270621""",NO 18 YORUBA ROAD SABON GARI KANO,,"=""22130399""","=""43987558""","=""10593317""",Personal fixed term loan,2023-06-14 00:00:00,7500.00,9375.00,,0.00,9375.00,NGN,0,Open,2023-07-14 00:00:00,Performing
DEBORAH KURMI,"=""22201307302""",State House Aso Rock Villa Abuja Asokoro District Three Ar,,"=""22130667""","=""43457804""","=""10515245""",Personal fixed term loan,2023-06-06 00:00:00,25000.00,38875.00,,0.00,12959.00,NGN,0,Open,2023-09-04 00:00:00,Performing
olasumbo Oladipupo,"=""22470499807""",OLORUNFMI MAYA IKORODUIKORODULagos State,,"=""22132173""","=""43817333""","=""10525330""",Personal fixed term loan,2023-06-07 00:00:00,7500.00,9750.00,,0.00,9750.00,NGN,0,Open,2023-07-07 00:00:00,Performing
GREAT OMODIO,"=""22559195763""",BWMBO VILLAGE ABRAKA,,"=""22132339""","=""39454783""","=""10460366""",Personal fixed term loan,2023-06-01 00:00:00,7500.00,6637.00,,6637.00,9675.00,NGN,3,Open,2023-07-01 00:00:00,Watchlist
AYOMIDE AKINGBADE,"=""22716921394""",C74C ESHE STREET,,"=""22133752""","=""43053332""","=""10509029""",Personal fixed term loan,2023-06-05 00:00:00,7500.00,8395.00,,0.00,8625.00,NGN,0,Open,2023-07-11 00:00:00,Performing
FOLASHADE ROTIMI,"=""22534692874""",BACK OF PRIMARY SCHOOLANAGADA AIRPORT ROAD,,"=""22135713""","=""41740072""","=""10556413""",Personal fixed term loan,2023-06-10 00:00:00,7500.00,6909.00,,6909.00,8850.00,NGN,9,Open,2023-06-25 00:00:00,Watchlist
IMOOWO NABUK,"=""22196443386""",2 Lizzy Ogbe Street Ebun Otti Mende,,"=""22135917""","=""43671193""","=""2050627419""",Personal fixed term loan,2023-06-01 00:00:00,750000.00,1031250.00,,0.00,93750.00,NGN,0,Open,2024-05-26 00:00:00,Performing
EMMANUEL OGWOLA,"=""22541262233""",Ogantele,"=""08114199537""","=""22136015""","=""41957197""","=""10586157""",Personal fixed term loan,2023-06-13 00:00:00,15000.00,19350.00,,0.00,19350.00,NGN,0,Open,2023-07-13 00:00:00,Performing
EFFIONG BLESSING EKPENYONG,"=""22429207060""",5 ROK OROK STREET CALABAR,,"=""22248659""","=""7849463""","=""10200794""",Personal fixed term loan,2023-05-06 00:00:00,7500.00,0.00,,0.00,9750.00,NGN,0,Closed,2023-06-05 00:00:00,Performing
ADIJAT ASIMIYU,"=""22555397723""",NO 10 LINE G ORISUMBARE ESTATE IBADDAN Ibadan North Oyo St,,"=""22249166""","=""6231429""","=""1795626""",Personal fixed term loan,2020-03-11 00:00:00,2500.00,0.00,,0.00,2870.00,NGN,0,Closed,2020-03-26 00:00:00,Performing
MARTINS UNUIGBOKHAI,"=""22380989481""",OPPOSITE WHITE HOUSE  IGBE RD AUCHI Etsako West Edo State,,"=""22249961""","=""6425079""","=""1842266""",Personal fixed term loan,2020-03-18 00:00:00,2500.00,0.00,,0.00,3250.00,NGN,0,Closed,2020-04-17 00:00:00,Performing
MARTINS UNUIGBOKHAI,"=""22380989481""",OPPOSITE WHITE HOUSE  IGBE RD AUCHI Etsako West Edo State,,"=""22249961""","=""6425079""","=""2251514415""",Personal fixed term loan,2020-03-18 00:00:00,2500.00,0.00,,0.00,3250.00,NGN,0,Closed,2020-04-17 00:00:00,Performing
EBUNOLUWA ADESONA,,6 OMOLADE STREET AGBEDE BUS STOP OTTA AdoOdoOta Ogun State,,"=""22251740""","=""6297783""","=""1804040""",Personal fixed term loan,2020-03-12 00:00:00,2500.00,0.00,,0.00,3250.00,NGN,0,Closed,2020-04-14 00:00:00,Performing
FELICIA EDOH,,8 loveall street ota ogun state AdoOdoOta Ogun State,,"=""22251833""","=""5742879""","=""136542633""",Personal fixed term loan,2020-02-21 00:00:00,2500.00,0.00,,0.00,2500.00,NGN,0,Closed,2020-03-09 00:00:00,Performing
FELICIA EDOH,,8 loveall street ota ogun state AdoOdoOta Ogun State,,"=""22251833""","=""5742879""","=""1648996""",Personal fixed term loan,2020-02-21 00:00:00,2500.00,0.00,,0.00,2500.00,NGN,0,Closed,2020-03-09 00:00:00,Performing
TOPE OGUNLEYE,"=""22327671899""",c 133 odo street ire ekiti Oye Ekiti State,,"=""22253544""","=""4136313""","=""2087700127""",Personal fixed term loan,2020-03-12 00:00:00,2500.00,0.00,,0.00,3120.00,NGN,0,Closed,2020-04-14 00:00:00,Performing
ROHEEMOT ADELERE,"=""22326429237""",AJIOGBO S COMPOUND KOSO AREA ISEYIN  Iseyin Oyo State,,"=""22131341""","=""6718265""","=""3042453135""",Personal fixed term loan,2020-06-09 00:00:00,5000.00,0.00,,0.00,5750.00,NGN,0,Closed,2020-06-24 00:00:00,Performing
ASIYA ABDULRAHMAN,"=""22622076539""",KANO,,"=""22131492""","=""44081198""","=""10626683""",Personal fixed term loan,2023-06-17 00:00:00,7500.00,9525.00,,0.00,9525.00,NGN,0,Open,2023-07-17 00:00:00,Performing
MUSA AKINWUMIJU,,23 FASIMOYE STREET AJILO AREA,,"=""22131592""","=""35463965""","=""10550474""",Personal fixed term loan,2023-06-09 00:00:00,7500.00,9675.00,,0.00,9675.00,NGN,0,Open,2023-07-09 00:00:00,Performing
CLINTON CHRISTOPHER,"=""22673031839""",UMUODU AWAKA,,"=""22132027""","=""44000312""","=""10595170""",Personal fixed term loan,2023-06-14 00:00:00,7500.00,9675.00,,0.00,9675.00,NGN,0,Open,2023-07-14 00:00:00,Performing
TAYE OLAOSUN,,NO 5 CHRISTLAND STREET,,"=""22136371""","=""5778599""","=""10310200""",Personal fixed term loan,2023-05-17 00:00:00,5000.00,0.00,,0.00,6500.00,NGN,0,Closed,2023-06-16 00:00:00,Performing
TAYE OLAOSUN,,NO 5 CHRISTLAND STREET,,"=""22136371""","=""5778599""","=""10580492""",Personal fixed term loan,2023-06-13 00:00:00,17500.00,0.00,,0.00,22750.00,NGN,0,Closed,2023-07-13 00:00:00,Performing
SAIDAT SALAMI,"=""22237514505""",AREMO AREA IBADAN,,"=""22249061""","=""6308418""","=""10516225""",Personal fixed term loan,2023-06-06 00:00:00,5000.00,0.00,,0.00,6500.00,NGN,0,Closed,2023-07-06 00:00:00,Performing
EMMANUEL ADESINA,"=""22509406624""",L523 GBENA AREA ONIKEKE IBADAN Lagelu Oyo State,,"=""22249098""","=""6628932""","=""1904435""",Personal fixed term loan,2020-03-29 00:00:00,10000.00,0.00,,0.00,13000.00,NGN,0,Closed,2020-04-28 00:00:00,Performing
EMMANUEL ADESINA,"=""22509406624""",L523 GBENA AREA ONIKEKE IBADAN Lagelu Oyo State,,"=""22249098""","=""6628932""","=""2121170581""",Personal fixed term loan,2020-03-29 00:00:00,10000.00,0.00,,0.00,13000.00,NGN,0,Closed,2020-04-28 00:00:00,Performing
ABIODUN OLAGUNJU,,55 AGBAJE STREET WOFOR OLODO AREA Lagelu Oyo State,,"=""22252905""","=""5588454""","=""1562582""",Personal fixed term loan,2020-02-08 00:00:00,2500.00,0.00,,0.00,3250.00,NGN,0,Closed,2020-03-09 00:00:00,Performing
GIFT OKENWA,,5 OLOGORI CLOSE OFF SOWEMIMO ALABA Ojo Lagos State,,"=""22255014""","=""5535525""","=""1697330""",Personal fixed term loan,2020-02-27 00:00:00,5000.00,0.00,,0.00,6250.00,NGN,0,Closed,2020-03-30 00:00:00,Performing
GIFT OKENWA,,5 OLOGORI CLOSE OFF SOWEMIMO ALABA Ojo Lagos State,,"=""22255014""","=""5535525""","=""820237389""",Personal fixed term loan,2020-02-27 00:00:00,5000.00,0.00,,0.00,6250.00,NGN,0,Closed,2020-03-30 00:00:00,Performing
OLUWAYEMI JOSEPH,,Alimosho,,"=""22255028""","=""731292""","=""101104""",Personal fixed term loan,2019-02-05 00:00:00,30000.00,0.00,,0.00,39000.00,NGN,0,Closed,2019-03-07 00:00:00,Performing
OLUWAYEMI JOSEPH,,Alimosho,,"=""22255028""","=""731292""","=""3041637248""",Personal fixed term loan,2019-02-05 00:00:00,30000.00,0.00,,0.00,39000.00,NGN,0,Closed,2019-03-07 00:00:00,Performing
OLUWAYEMI JOSEPH,,Alimosho,,"=""22255028""","=""731292""","=""73205""",Personal fixed term loan,2018-12-25 00:00:00,3800.00,0.00,,0.00,4940.00,NGN,0,Closed,2019-01-24 00:00:00,Performing
OLUWASEGUN OJA,"=""22264525411""",4 ADEFIMIHAN STREET ITIRE MUSHIN Mushin Lagos State,,"=""22255614""","=""4930281""","=""2075344735""",Personal fixed term loan,2020-01-16 00:00:00,1500.00,0.00,,0.00,1950.00,NGN,0,Closed,2020-02-17 00:00:00,Performing
OLUWATOSIN OLAYIWOLA,,3ALOCO STREET,,"=""22255814""","=""1746756""","=""576287""",Personal fixed term loan,2019-09-01 00:00:00,2500.00,0.00,,0.00,3250.00,NGN,0,Closed,2019-10-02 00:00:00,Performing
OJO ADEGOKE,"=""22330543600""",NEW GARAGE OLOGEDE ESTATE IBADAN Oluyole Oyo State,,"=""22259307""","=""5896210""","=""3086754395""",Personal fixed term loan,2020-02-22 00:00:00,1500.00,0.00,,0.00,1500.00,NGN,0,Closed,2020-03-23 00:00:00,Performing
OMOLOLU POPOOLA,,HOLY HEART VILLA AKUNGBA Akoko SouthWest Ondo State,,"=""22131089""","=""5345972""","=""10574069""",Personal fixed term loan,2023-06-12 00:00:00,20000.00,0.00,,0.00,26000.00,NGN,0,Closed,2023-07-12 00:00:00,Performing
HAMMED HAMMED,"=""22682791906""",kicoe quters,,"=""22134433""","=""43752085""","=""10501305""",Personal fixed term loan,2023-06-05 00:00:00,30000.00,38400.00,,0.00,38400.00,NGN,0,Open,2023-07-05 00:00:00,Performing
HARUNA IDRIS,,ADJACENT TARABA STATE HOUSE OF ASSEMBLY BUBA ARDO ROAD SA,,"=""22135670""","=""2410381""","=""10571293""",Personal fixed term loan,2023-06-12 00:00:00,12500.00,14875.00,,14875.00,14750.00,NGN,7,Open,2023-06-27 00:00:00,Watchlist
SAMUEL NWULU,"=""22619421683""",Umudike Umudike University,,"=""22135870""","=""44163544""","=""10658224""",Personal fixed term loan,2023-06-21 00:00:00,10000.00,5760.00,,0.00,24760.00,NGN,0,Open,2023-07-21 00:00:00,Performing
OLABANJI OLADOSU,"=""22503775988""",NO 4 PIPE LINE ROAD ILORIN,,"=""22136019""","=""43178689""","=""10562152""",Personal fixed term loan,2023-06-11 00:00:00,7500.00,9750.00,,0.00,9750.00,NGN,0,Open,2023-07-11 00:00:00,Performing
CHUKWUDI NWAFOR,,Not Available,,"=""22136037""","=""1724401""","=""10598738""",Personal fixed term loan,2023-06-15 00:00:00,7500.00,9675.00,,0.00,9675.00,NGN,0,Open,2023-07-15 00:00:00,Performing
CHIDUBEM OGUANYA,,22 OKOYE UDOZOR STREET AMUOO AWKA,,"=""22137423""","=""44029133""","=""10691502""",Personal fixed term loan,2023-06-24 00:00:00,10000.00,2800.00,,0.00,11800.00,NGN,0,Open,2023-07-09 00:00:00,Performing
PELUMI OGUNBIYI,"=""22551899360""",36 AJEBO STREET ORU IJEBU,,"=""22252139""","=""5508951""","=""10555800""",Personal fixed term loan,2023-06-10 00:00:00,5000.00,0.00,,0.00,6000.00,NGN,0,Closed,2023-06-25 00:00:00,Performing
LOVETH UCHENNA,"=""22249792807""",LIFE CAMP EXTENSION FPI KOGI STATE,,"=""22253590""","=""6565119""","=""1882183""",Personal fixed term loan,2020-03-25 00:00:00,2500.00,0.00,,0.00,3250.00,NGN,0,Closed,2020-04-24 00:00:00,Performing
LOVETH UCHENNA,"=""22249792807""",LIFE CAMP EXTENSION FPI KOGI STATE,,"=""22253590""","=""6565119""","=""763234009""",Personal fixed term loan,2020-03-25 00:00:00,2500.00,0.00,,0.00,3250.00,NGN,0,Closed,2020-04-24 00:00:00,Performing
AONDOAVER WILLIM,"=""22371054217""",6GBUUSU HSE BHD MOBILE BARRAC KS NAKA RD LANE 1TIONSHA VIL,,"=""22253743""","=""5659812""","=""1714927""",Personal fixed term loan,2020-03-01 00:00:00,2500.00,0.00,,0.00,2870.00,NGN,0,Closed,2020-03-16 00:00:00,Performing
AONDOAVER WILLIM,"=""22371054217""",6GBUUSU HSE BHD MOBILE BARRAC KS NAKA RD LANE 1TIONSHA VIL,,"=""22253743""","=""5659812""","=""209229436""",Personal fixed term loan,2020-03-01 00:00:00,2500.00,0.00,,0.00,2870.00,NGN,0,Closed,2020-03-16 00:00:00,Performing
TAIBA SHONIREOLUWA,"=""22518874681""",15 KIRIKIRI ROAD OLODI APAPA AjeromiIfelodun Lagos State,,"=""22255097""","=""4059570""","=""803834383""",Personal fixed term loan,2019-12-09 00:00:00,2500.00,0.00,,0.00,2870.00,NGN,0,Closed,2019-12-24 00:00:00,Performing
NDIDI IGBEDION,"=""22298323654""",19 OJOKORO OFF UNITY ESTATE AGRIC  Ikorodu Lagos State,,"=""22256752""","=""5228778""","=""1455671""",Personal fixed term loan,2020-01-24 00:00:00,2500.00,0.00,,0.00,3250.00,NGN,0,Closed,2020-02-24 00:00:00,Performing
NDIDI IGBEDION,"=""22298323654""",19 OJOKORO OFF UNITY ESTATE AGRIC  Ikorodu Lagos State,,"=""22256752""","=""5228778""","=""38976706""",Personal fixed term loan,2020-01-24 00:00:00,2500.00,0.00,,0.00,3250.00,NGN,0,Closed,2020-02-24 00:00:00,Performing
OLUWAKOREDE ADEYEMI,"=""22467437652""",ZONE 5 ROAD 2 OLUYOLE EXTENSIONIBADAN Oluyole Oyo State,,"=""22259692""","=""6230224""","=""1781042""",Personal fixed term loan,2020-03-09 00:00:00,10000.00,0.00,,0.00,13000.00,NGN,0,Closed,2020-04-08 00:00:00,Performing
BABATUNDE FIJABI,"=""22175974669""",50 OYENIYI STREET IKOLABA AREA Ibadan North Oyo State,,"=""22260827""","=""5905165""","=""1742558""",Personal fixed term loan,2020-03-04 00:00:00,2500.00,0.00,,0.00,2870.00,NGN,0,Closed,2020-03-19 00:00:00,Performing
AKUDO AHAMEFULA,,1 ORIFITE STREET AWADA OBOSI,,"=""22134076""","=""40572748""","=""10725609""",Personal fixed term loan,2023-06-28 00:00:00,20000.00,25500.00,,0.00,25500.00,NGN,0,Open,2023-07-28 00:00:00,Performing
kimomy john,,16 bolarinwa street k  s bus stop abaranje ikotun,,"=""22136534""","=""44135618""","=""10662835""",Personal fixed term loan,2023-06-21 00:00:00,7500.00,9675.00,,0.00,9675.00,NGN,0,Open,2023-07-21 00:00:00,Performing
EUCHARIA NADUITOR ORUKWOWU,"=""22310378109""",Not Available,,"=""22137845""","=""15151790""","=""10646588""",Personal fixed term loan,2023-06-20 00:00:00,35000.00,41895.00,,0.00,41895.00,NGN,0,Open,2023-07-05 00:00:00,Performing
FAITH OMOATAMA,"=""22610662513""",10 AWOYEMI STREET AMUKOKO,,"=""22139006""","=""44276075""","=""10707173""",Personal fixed term loan,2023-06-26 00:00:00,7500.00,8850.00,,0.00,8850.00,NGN,0,Open,2023-07-11 00:00:00,Performing
IYEKPABOR CHRISTOPHER,"=""22298279373""",PLOT 1004 KAPUWA FAH EXTENSION LUGBE ABUJA Municipal Area,,"=""22248549""","=""5710730""","=""10140041""",Personal fixed term loan,2023-05-01 00:00:00,15000.00,0.00,,0.00,17700.00,NGN,0,Closed,2023-05-16 00:00:00,Performing
IYEKPABOR CHRISTOPHER,"=""22298279373""",PLOT 1004 KAPUWA FAH EXTENSION LUGBE ABUJA Municipal Area,,"=""22248549""","=""5710730""","=""10379698""",Personal fixed term loan,2023-05-24 00:00:00,30000.00,0.00,,0.00,35910.00,NGN,0,Closed,2023-06-08 00:00:00,Performing
IYEKPABOR CHRISTOPHER,"=""22298279373""",PLOT 1004 KAPUWA FAH EXTENSION LUGBE ABUJA Municipal Area,,"=""22248549""","=""5710730""","=""10451189""",Personal fixed term loan,2023-05-31 00:00:00,30000.00,0.00,,0.00,39000.00,NGN,0,Closed,2023-06-30 00:00:00,Performing
ROTIMI AKINKUNLE,"=""22288942085""",NO 4 EGBEDA OLUWA STREET MUSLIM OGBERE IBADAN Oluyole Oyo,,"=""22249110""","=""5246478""","=""1460602""",Personal fixed term loan,2020-01-25 00:00:00,2500.00,0.00,,0.00,3250.00,NGN,0,Closed,2020-02-24 00:00:00,Performing
KEHINDE AYENI,"=""22410128686""",NO 04 ODOESE HAUSA QUARTERS,,"=""22249124""","=""5286714""","=""1021402736""",Personal fixed term loan,2020-03-12 00:00:00,7500.00,0.00,,0.00,8620.00,NGN,0,Closed,2020-03-27 00:00:00,Performing
KEHINDE AYENI,"=""22410128686""",NO 04 ODOESE HAUSA QUARTERS,,"=""22249124""","=""5286714""","=""1803173""",Personal fixed term loan,2020-03-12 00:00:00,7500.00,0.00,,0.00,8620.00,NGN,0,Closed,2020-03-27 00:00:00,Performing
ROFIAT AKANBI,"=""22529210128""",kafinkuka,,"=""22249935""","=""6595680""","=""118433711""",Personal fixed term loan,2020-03-26 00:00:00,10000.00,0.00,,0.00,13000.00,NGN,0,Closed,2020-04-27 00:00:00,Performing
ROFIAT AKANBI,"=""22529210128""",kafinkuka,,"=""22249935""","=""6595680""","=""1891073""",Personal fixed term loan,2020-03-26 00:00:00,10000.00,0.00,,0.00,13000.00,NGN,0,Closed,2020-04-27 00:00:00,Performing
AYOMIDE ADEGBOLA,,10HAPPY DAY STREET,,"=""22251782""","=""2791083""","=""885656""",Personal fixed term loan,2019-10-24 00:00:00,1500.00,0.00,,0.00,1950.00,NGN,0,Closed,2019-11-25 00:00:00,Performing
chuka okoro,"=""22187681184""",29 oshin street alausa ikeja Ikeja Lagos State,,"=""22251807""","=""5622564""","=""1573212""",Personal fixed term loan,2020-02-10 00:00:00,2500.00,0.00,,0.00,3250.00,NGN,0,Closed,2020-03-11 00:00:00,Performing
TAIWO ADEBAYO,"=""22543943242""",15 ATANDA ADEWALE STREET AJUWON Ifo Ogun State,,"=""22255526""","=""5807484""","=""1739200""",Personal fixed term loan,2020-03-04 00:00:00,5000.00,0.00,,0.00,6250.00,NGN,0,Closed,2020-04-03 00:00:00,Performing
TAIWO ADEBAYO,"=""22543943242""",15 ATANDA ADEWALE STREET AJUWON Ifo Ogun State,,"=""22255526""","=""5807484""","=""6536497016""",Personal fixed term loan,2020-03-04 00:00:00,5000.00,0.00,,0.00,6250.00,NGN,0,Closed,2020-04-03 00:00:00,Performing
RACHEL NWAIGWE,"=""22364901432""",13 IMMAM THANNI STREET IJESHA Surulere Lagos State Lagos S,,"=""22255551""","=""6519618""","=""100243551""",Personal fixed term loan,2020-04-21 00:00:00,15000.00,0.00,,0.00,18750.00,NGN,0,Closed,2020-05-21 00:00:00,Performing
OGUNFUSIKA FUNMILAYO RACHEAL,"=""22345603920""",NO 29 AKINTUNDE STREET OFF GENERAL HOSPITAL ONDO,"=""08103464007""","=""22241018""","=""6892985""","=""10681799""",Personal fixed term loan,2023-06-23 00:00:00,5000.00,0.00,,0.00,6500.00,NGN,0,Closed,2023-07-23 00:00:00,Performing
DAVOU SUNDAY JOHN,"=""22525234496""",NO 63 DOWNBASE STREET JOS Jos North Plateau State,,"=""22247413""","=""6303119""","=""10140815""",Personal fixed term loan,2023-05-01 00:00:00,10000.00,0.00,,0.00,12750.00,NGN,0,Closed,2023-05-31 00:00:00,Performing
ADEMOLA ADETUNJI,"=""22208439310""",ADETUNJI SAMUELS HSE ALAODI COMP AKESA OYO Oyo East Oyo St,,"=""22249060""","=""6006219""","=""2022648482""",Personal fixed term loan,2020-07-03 00:00:00,5000.00,0.00,,0.00,6500.00,NGN,0,Closed,2020-08-03 00:00:00,Performing
ADEMOLA ADETUNJI,"=""22208439310""",ADETUNJI SAMUELS HSE ALAODI COMP AKESA OYO Oyo East Oyo St,,"=""22249060""","=""6006219""","=""2138702""",Personal fixed term loan,2020-07-03 00:00:00,5000.00,0.00,,0.00,6500.00,NGN,0,Closed,2020-08-03 00:00:00,Performing
NAFISATU SAJO,"=""22445040610""",AMANA STR ARHAN KUNU MUBI Mubi South Adamawa State,,"=""22251139""","=""7847445""","=""10658364""",Personal fixed term loan,2023-06-21 00:00:00,5000.00,0.00,,0.00,6500.00,NGN,0,Closed,2023-07-21 00:00:00,Performing
OGENETEGA AKINTAYO,"=""22229434752""",BESIDE NIGERIA BREWIES ADELUBI AREA OJENIYI STREET NO 23 I,,"=""22251757""","=""1692246""","=""33041183""",Personal fixed term loan,2019-08-31 00:00:00,2500.00,0.00,,0.00,3250.00,NGN,0,Closed,2019-09-30 00:00:00,Performing
OGENETEGA AKINTAYO,"=""22229434752""",BESIDE NIGERIA BREWIES ADELUBI AREA OJENIYI STREET NO 23 I,,"=""22251757""","=""1692246""","=""569257""",Personal fixed term loan,2019-08-31 00:00:00,2500.00,0.00,,0.00,3250.00,NGN,0,Closed,2019-09-30 00:00:00,Performing
HAMMED WASIU,"=""22510813723""",4 SCHOOL ROAD IBAFO,,"=""22251850""","=""5417538""","=""1562420""",Personal fixed term loan,2020-02-08 00:00:00,2500.00,0.00,,0.00,2870.00,NGN,0,Closed,2020-02-24 00:00:00,Performing
HAMMED WASIU,"=""22510813723""",4 SCHOOL ROAD IBAFO,,"=""22251850""","=""5417538""","=""2121854366""",Personal fixed term loan,2020-02-08 00:00:00,2500.00,0.00,,0.00,2870.00,NGN,0,Closed,2020-02-24 00:00:00,Performing
TIJESUNI OYEKUNLE,"=""22457063847""",3 IBADAN GRAMMAR QTRS MOLETE BS MOLETE IBADAN Ibadan South,,"=""22254990""","=""5654880""","=""1737028""",Personal fixed term loan,2020-03-03 00:00:00,1500.00,0.00,,0.00,1500.00,NGN,0,Closed,2020-04-02 00:00:00,Performing
TIJESUNI OYEKUNLE,"=""22457063847""",3 IBADAN GRAMMAR QTRS MOLETE BS MOLETE IBADAN Ibadan South,,"=""22254990""","=""5654880""","=""257543524""",Personal fixed term loan,2020-03-03 00:00:00,1500.00,0.00,,0.00,1500.00,NGN,0,Closed,2020-04-02 00:00:00,Performing
SHARAFA OLOPADE,,10 OGUNDOLA STREET BARIGA,,"=""22255483""","=""2487336""","=""1013066112""",Personal fixed term loan,2019-11-27 00:00:00,2500.00,0.00,,0.00,2870.00,NGN,0,Closed,2019-12-12 00:00:00,Performing
OLAYINKA OLAREWAJU,"=""22288545129""",16 ANUOLUWAPO STREET IGBE ILAARA BUS STOP,,"=""22255608""","=""3208920""","=""164252717""",Personal fixed term loan,2019-11-09 00:00:00,1500.00,0.00,,0.00,1950.00,NGN,0,Closed,2019-12-09 00:00:00,Performing
OLAYINKA OLAREWAJU,"=""22288545129""",16 ANUOLUWAPO STREET IGBE ILAARA BUS STOP,,"=""22255608""","=""3208920""","=""977304""",Personal fixed term loan,2019-11-09 00:00:00,1500.00,0.00,,0.00,1950.00,NGN,0,Closed,2019-12-09 00:00:00,Performing
UFOH JESSE,"=""22556742243""",ANGLICAN CHURCH MARISH BOKKOS LGA Bokkos Plateau State,,"=""22258427""","=""6303444""","=""1949837""",Personal fixed term loan,2020-04-17 00:00:00,5000.00,0.00,,0.00,6250.00,NGN,0,Closed,2020-05-18 00:00:00,Performing
UFOH JESSE,"=""22556742243""",ANGLICAN CHURCH MARISH BOKKOS LGA Bokkos Plateau State,,"=""22258427""","=""6303444""","=""2067766828""",Personal fixed term loan,2020-04-17 00:00:00,5000.00,0.00,,0.00,6250.00,NGN,0,Closed,2020-05-18 00:00:00,Performing
TINA UBEKE,"=""22169974288""",MASALACHI BERIBERI RUGA MARABA 2,,"=""22131055""","=""44058904""","=""10671686""",Personal fixed term loan,2023-06-22 00:00:00,7500.00,8978.00,,0.00,8977.50,NGN,0,Open,2023-07-07 00:00:00,Performing
OLUSHOLA OLANIYAN,,10 UNITY AVENUE OFFINILE IGBOGBO IKORODU,,"=""22132927""","=""43893317""","=""10554617""",Personal fixed term loan,2023-06-10 00:00:00,20000.00,23800.00,,23800.00,23600.00,NGN,9,Open,2023-06-25 00:00:00,Watchlist
ABDULMATEEN BELLO,"=""22227484519""",NO 1 MAKERA KAKURI,"=""2348098402649""","=""22137843""","=""43244204""","=""2124853906""",Personal fixed term loan,2023-06-02 00:00:00,750000.00,749750.00,,0.00,93750.00,NGN,0,Open,2024-05-27 00:00:00,Performing
AYOBAMI ADESINA,"=""22300646326""",FIRST FLOOR TUNDUN COMPLEX FORESTRY ROAD BESIDE ALESHINLOY,,"=""22249112""","=""5485629""","=""1662916""",Personal fixed term loan,2020-02-23 00:00:00,5000.00,0.00,,0.00,6250.00,NGN,0,Closed,2020-03-24 00:00:00,Performing
KEHINDE ABIOLA,"=""22496644670""",E792J OREMEJI Egbeda Oyo State,,"=""22251119""","=""6814092""","=""2116090889""",Personal fixed term loan,2020-04-08 00:00:00,10000.00,0.00,,0.00,11500.00,NGN,0,Closed,2020-04-23 00:00:00,Performing
ADEMOLA ADEOLA,"=""22167833228""",NO 9 ADENIJI BUS STOP APETE IBADAN Ido Oyo State,,"=""22251219""","=""6817815""","=""159131230""",Personal fixed term loan,2020-04-08 00:00:00,2500.00,0.00,,0.00,3250.00,NGN,0,Closed,2020-05-08 00:00:00,Performing
GRACE JOHN,"=""22413987789""",SUCCESS CAMP ROOM 4 BLOCK 2 ANYIGBA Dekina Kogi State,,"=""22254963""","=""6070989""","=""1726936""",Personal fixed term loan,2020-03-02 00:00:00,1500.00,0.00,,0.00,1950.00,NGN,0,Closed,2020-04-01 00:00:00,Performing
ONOME EJUMEDIA,"=""22469997123""",NO 15 PETER SHOMIDE STREET ONIKOKO Abeokuta South Ogun Sta,,"=""22255114""","=""750981""","=""1445384""",Personal fixed term loan,2020-01-23 00:00:00,2500.00,0.00,,0.00,2870.00,NGN,0,Closed,2020-02-07 00:00:00,Performing
ONOME EJUMEDIA,"=""22469997123""",NO 15 PETER SHOMIDE STREET ONIKOKO Abeokuta South Ogun Sta,,"=""22255114""","=""750981""","=""2213097729""",Personal fixed term loan,2020-01-23 00:00:00,2500.00,0.00,,0.00,2870.00,NGN,0,Closed,2020-02-07 00:00:00,Performing
TOHEEB ADENIRAN,,14 DALEKO STREET OFF OKESALU ROAD IKOTUN Alimosho Lagos St,,"=""22255900""","=""6634215""","=""1946549""",Personal fixed term loan,2020-04-16 00:00:00,2500.00,0.00,,0.00,2870.00,NGN,0,Closed,2020-05-04 00:00:00,Performing
TOHEEB ADENIRAN,,14 DALEKO STREET OFF OKESALU ROAD IKOTUN Alimosho Lagos St,,"=""22255900""","=""6634215""","=""800105497""",Personal fixed term loan,2020-04-16 00:00:00,2500.00,0.00,,0.00,2870.00,NGN,0,Closed,2020-05-04 00:00:00,Performing
ABDULRAHMAN MOHAMMED,,BEHIND MAITUMBI POLICE STATION MAITUMBI AREA Lavun Niger S,,"=""22259393""","=""6759277""","=""1922614""",Personal fixed term loan,2020-04-04 00:00:00,2500.00,0.00,,0.00,2870.00,NGN,0,Closed,2020-04-20 00:00:00,Performing
ISMAIL ISMAIL,"=""22566143009""",KAUYEN MUHAMMADU SPECIAL PRIMARY SCHOOL Tarauni Kano State,,"=""22259707""","=""10090840""","=""2380181377""",Personal fixed term loan,2020-12-16 00:00:00,5000.00,0.00,,0.00,6000.00,NGN,0,Closed,2020-12-31 00:00:00,Performing
OLIVER KOUDJINA,,NO 18 K K BUSTOP NOLUWAJI IBADAN Oluyole Oyo State,,"=""22260830""","=""6747283""","=""1955549""",Personal fixed term loan,2020-04-18 00:00:00,2500.00,0.00,,0.00,2870.00,NGN,0,Closed,2020-05-04 00:00:00,Performing
TAIWO TOLOLORUNLEKE,"=""22173296718""",NO 20 ASHI ROAD BODIJA IBADAN Ibadan North Oyo State,,"=""22260930""","=""3127663""","=""719487888""",Personal fixed term loan,2019-11-06 00:00:00,1500.00,0.00,,0.00,1950.00,NGN,0,Closed,2019-12-06 00:00:00,Performing
ALANI OLABOYE,"=""22213249728""",2 OSAREMEN CLOSE IFESOWAPO AKUTE,,"=""22261479""","=""6664819""","=""1912889""",Personal fixed term loan,2020-03-31 00:00:00,2500.00,0.00,,0.00,3250.00,NGN,0,Closed,2020-04-30 00:00:00,Performing
VICTORIA OLATUNJI,"=""22578085616""",ZONE 3 ABA OJE WOFUN OLODO IBADAN,,"=""22134647""","=""27419794""","=""10741032""",Personal fixed term loan,2023-06-29 00:00:00,20000.00,25800.00,,0.00,25800.00,NGN,0,Open,2023-07-29 00:00:00,Performing
CHINEDU OPARA,"=""22611469698""",25 ASUQUO EKPO STREET CALABAR,,"=""22136056""","=""12597278""","=""10729710""",Personal fixed term loan,2023-06-28 00:00:00,5000.00,6050.00,,0.00,6050.00,NGN,0,Open,2023-07-28 00:00:00,Performing
FATHIAT WHALIYULAI,"=""22728183432""",NO 15 ORISUNMIBARE STREET MODAKEKE,,"=""22139000""","=""44208305""","=""10675386""",Personal fixed term loan,2023-06-22 00:00:00,7500.00,9675.00,,0.00,9675.00,NGN,0,Open,2023-07-22 00:00:00,Performing
OLATUNJI AMOO,"=""22199661594""",7 JOLAOSHO ADELOWO STR IYANA IPAJA,,"=""22139298""","=""44109074""","=""10665282""",Personal fixed term loan,2023-06-21 00:00:00,7500.00,9675.00,,0.00,9675.00,NGN,0,Open,2023-07-21 00:00:00,Performing
TUNDE OLADEJO,"=""22251667966""",1 ADEREMI STREET ABA EJA VILLAGE OJOO IBADAN Akinyele Oyo,,"=""22249134""","=""7066431""","=""1946211""",Personal fixed term loan,2020-04-16 00:00:00,1500.00,0.00,,0.00,1720.00,NGN,0,Closed,2020-05-04 00:00:00,Performing
GRACE OYE,,Not Available,,"=""22249236""","=""1465740""","=""3052973193""",Personal fixed term loan,2020-03-09 00:00:00,2500.00,0.00,,0.00,2870.00,NGN,0,Closed,2020-03-24 00:00:00,Performing
BARAKAT ADEDOYIN AKANO,"=""22323226130""",JKLM 7 NEW IFE ROAD CELPCA AREA  Egbeda Oyo State,,"=""22249934""","=""6234870""","=""1781022""",Personal fixed term loan,2020-03-09 00:00:00,2500.00,0.00,,0.00,3250.00,NGN,0,Closed,2020-04-08 00:00:00,Performing
COMFORT SAMUEL,"=""22325240530""",ADULOJU FESTUS HSE LAFIA OBESS OKENE LOCAL GOVT Adavi Kogi,,"=""22251074""","=""6710769""","=""163357086""",Personal fixed term loan,2020-04-01 00:00:00,2500.00,0.00,,0.00,2870.00,NGN,0,Closed,2020-04-16 00:00:00,Performing
COMFORT SAMUEL,"=""22325240530""",ADULOJU FESTUS HSE LAFIA OBESS OKENE LOCAL GOVT Adavi Kogi,,"=""22251074""","=""6710769""","=""1917434""",Personal fixed term loan,2020-04-01 00:00:00,2500.00,0.00,,0.00,2870.00,NGN,0,Closed,2020-04-16 00:00:00,Performing
OGBEIDE OKODOGBE,"=""22171541115""",33 MAJOR BOWEN ROAD Ethiope East Delta State,,"=""22253673""","=""6178890""","=""1852970""",Personal fixed term loan,2020-03-20 00:00:00,5000.00,0.00,,0.00,5750.00,NGN,0,Closed,2020-04-06 00:00:00,Performing
SILVIA IJEEGO,"=""22189105453""",FRANK GESHAS COMPOUND ITUNG ACHANG,,"=""22254580""","=""2126592""","=""35417861""",Personal fixed term loan,2020-01-20 00:00:00,5000.00,0.00,,0.00,5750.00,NGN,0,Closed,2020-02-04 00:00:00,Performing
ABIGAIL ADEJUMO,"=""22541471022""",12 VICTORIA STR OJOTA LAGOS Kosofe Lagos State,,"=""22254975""","=""4188642""","=""2137474415""",Personal fixed term loan,2020-03-06 00:00:00,1500.00,0.00,,0.00,1870.00,NGN,0,Closed,2020-04-06 00:00:00,Performing
BALIQEES DUROSINMI,"=""22344986969""",1 HASSANS STREET AJANGBADI AFROMEDIA Ojo Lagos State,,"=""22255077""","=""6088680""","=""1725457""",Personal fixed term loan,2020-03-02 00:00:00,2500.00,0.00,,0.00,2870.00,NGN,0,Closed,2020-03-17 00:00:00,Performing
JOHNSON ADEBAYO,,NO 1 OLUMAKUN STREET EPUTU LAGOS,,"=""22255511""","=""3389349""","=""89488057""",Personal fixed term loan,2019-11-25 00:00:00,15000.00,0.00,,0.00,17250.00,NGN,0,Closed,2019-12-10 00:00:00,Performing
CHIKA NWAFOR,"=""22295606277""",9A TOUSSOU STREET OFF ITIRE SURULERE LAGOS,"=""08145777106""","=""22256813""","=""6039210""","=""2769966""",Personal fixed term loan,2020-11-19 00:00:00,15000.00,0.00,,0.00,19500.00,NGN,0,Closed,2020-12-21 00:00:00,Performing
CHIKA NWAFOR,"=""22295606277""",9A TOUSSOU STREET OFF ITIRE SURULERE LAGOS,"=""08145777106""","=""22256813""","=""6039210""","=""34648101""",Personal fixed term loan,2020-11-19 00:00:00,15000.00,0.00,,0.00,19500.00,NGN,0,Closed,2020-12-21 00:00:00,Performing
SAMUEL OJOGRI,"=""22639608723""",31 CELE STREET OFF REFINARY ROAD EKPAN,,"=""22131931""","=""43657963""","=""10588087""",Personal fixed term loan,2023-06-14 00:00:00,5000.00,0.00,,0.00,5810.00,NGN,0,Closed,2023-06-29 00:00:00,Performing
TAMUNODUBAM TOMGEORGE,"=""22482137872""",NO 4 OVUNWO CLOSE OROWOROKWO DLINE PHC,,"=""22132145""","=""43337900""","=""10560717""",Personal fixed term loan,2023-06-11 00:00:00,5000.00,6150.00,,0.00,6150.00,NGN,0,Open,2023-07-11 00:00:00,Performing
JULIET MICHAEL,"=""22558419608""",ODUNMARA OBIORODO MBAITOLI,,"=""22132181""","=""43925342""","=""10566534""",Personal fixed term loan,2023-06-11 00:00:00,7500.00,9675.00,,0.00,9675.00,NGN,0,Open,2023-07-11 00:00:00,Performing
TAJUDEEN ISHOLA,"=""22375604315""",3 ANIFOWOSHE STREET VICTORIA ISLAND,,"=""22135382""","=""43763714""","=""10505748""",Personal fixed term loan,2023-06-05 00:00:00,7500.00,9675.00,,0.00,9675.00,NGN,0,Open,2023-07-05 00:00:00,Performing
SUNDAY AUDU,"=""22581602934""",14 15 Prince Alaba Oniru Road Victoria Island,"=""2348140978234""","=""22135939""","=""40355278""","=""10601193""",Personal fixed term loan,2023-06-15 00:00:00,2500.00,15875.00,,15875.00,15750.00,NGN,4,Open,2023-06-30 00:00:00,Watchlist
AFOLASADE ADEBOLA,,NO 9 JAGUND LEME ABEOKUTA,,"=""22136568""","=""44301407""","=""10711217""",Personal fixed term loan,2023-06-26 00:00:00,7500.00,9675.00,,0.00,9675.00,NGN,0,Open,2023-07-26 00:00:00,Performing
CHIOMA ELEE,"=""22358146803""",1B SAYONWO ESTATE ISHERI IDIMU,,"=""22138297""","=""43431731""","=""10703908""",Personal fixed term loan,2023-06-25 00:00:00,7500.00,9525.00,,0.00,9525.00,NGN,0,Open,2023-07-25 00:00:00,Performing
ABEEB MUMINAT FOLAKE,"=""22545927925""",NO 20 OLUGBODO STREET IFE Ife Central Osun State,,"=""22239884""","=""7985354""","=""10685260""",Personal fixed term loan,2023-06-23 00:00:00,5000.00,0.00,,0.00,6500.00,NGN,0,Closed,2023-07-23 00:00:00,Performing
MONSURU OLAYINKA,"=""22182290303""",NO 6 ADEOYE STREET ILEEJA AGBOWO UI IBADAN Ibadan North Oy,,"=""22249144""","=""6427308""","=""1842792""",Personal fixed term loan,2020-03-18 00:00:00,2500.00,0.00,,0.00,2870.00,NGN,0,Closed,2020-04-02 00:00:00,Performing
ABOK REUBEN,"=""22437818339""",5 gbolamu street by wuraola bustop lawanson Surulere Lagos,,"=""22249408""","=""3803997""","=""262690327""",Personal fixed term loan,2019-11-29 00:00:00,2500.00,0.00,,0.00,3250.00,NGN,0,Closed,2019-12-30 00:00:00,Performing
nathaniel ebinim,"=""22466954756""",68 NEW IPAJA ROAD ALAGUNTAN BUS STOP,,"=""22249451""","=""3173511""","=""3122498601""",Personal fixed term loan,2020-01-28 00:00:00,2500.00,0.00,,0.00,3120.00,NGN,0,Closed,2020-02-27 00:00:00,Performing
OLUWATOYIN OSHOBUKOLA,"=""22334048439""",NO 5 AGBAKIN LAYOUT IWO ROAD IBIBADAN P O BOX 35524 AGODI,,"=""22251116""","=""6559146""","=""27548404""",Personal fixed term loan,2020-03-25 00:00:00,2500.00,0.00,,0.00,2870.00,NGN,0,Closed,2020-04-09 00:00:00,Performing
BOLANLE MAKINDE,"=""22227933123""",12 IDI OROGBO WELDER BSTP ORIOKUTA,,"=""22251223""","=""3478347""","=""30602372""",Personal fixed term loan,2019-12-30 00:00:00,5000.00,0.00,,0.00,6250.00,NGN,0,Closed,2020-01-29 00:00:00,Performing
KAYODE OLUYEMI,"=""22155388066""",2 BIMPE MATERNITY CLOSE CENTRAL MOSQUE OROGUN AKINYELE Akiny,,"=""22254567""","=""4010262""","=""3018869223""",Personal fixed term loan,2019-12-14 00:00:00,5000.00,0.00,,0.00,5750.00,NGN,0,Closed,2019-12-30 00:00:00,Performing
OLASUNKANMI MOHAMMED,"=""22224511467""",1 OLOJUANU STREETOLOROGBO AGBEDE BS OWUTU AGRIC IKORODU Ik,,"=""22255017""","=""5288115""","=""113299035""",Personal fixed term loan,2020-03-03 00:00:00,10000.00,0.00,,0.00,13000.00,NGN,0,Closed,2020-04-02 00:00:00,Performing
OLASUNKANMI MOHAMMED,"=""22224511467""",1 OLOJUANU STREETOLOROGBO AGBEDE BS OWUTU AGRIC IKORODU Ik,,"=""22255017""","=""5288115""","=""1734944""",Personal fixed term loan,2020-03-03 00:00:00,10000.00,0.00,,0.00,13000.00,NGN,0,Closed,2020-04-02 00:00:00,Performing
Oluchi UREMENEKE,,7 IFELODUN STREET MILITARY ZONE BST EJIGBO,,"=""22134963""","=""44070673""","=""10666714""",Personal fixed term loan,2023-06-22 00:00:00,7500.00,8850.00,,0.00,8850.00,NGN,0,Open,2023-07-07 00:00:00,Performing
JUSTINA UKACHUKWU,"=""22478487541""",Nigeria,,"=""22138307""","=""43646972""","=""10663122""",Personal fixed term loan,2023-06-21 00:00:00,20000.00,25400.00,,0.00,25400.00,NGN,0,Open,2023-07-21 00:00:00,Performing
VICTORIA UDO,,IFA ATAI ETOI UYO,,"=""22138814""","=""44220641""","=""10681745""",Personal fixed term loan,2023-06-23 00:00:00,7500.00,8850.00,,0.00,8850.00,NGN,0,Open,2023-07-08 00:00:00,Performing
ISAAC EMOJERO,"=""22346662643""",FPPP H7 Lekki Nigeria,,"=""22139116""","=""44198789""","=""10671670""",Personal fixed term loan,2023-06-22 00:00:00,7500.00,8625.00,,0.00,8625.00,NGN,0,Open,2023-07-07 00:00:00,Performing
IBRAHIM IMAM,"=""22299380061""",16ERELU STREET IJESHA LAGOS,,"=""22139809""","=""43716461""","=""10488756""",Personal fixed term loan,2023-06-03 00:00:00,5000.00,6500.00,,6500.00,6500.00,NGN,1,Open,2023-07-03 00:00:00,Watchlist
JOY ALI,,NO 3 ALIADE ROAD GBOKO,,"=""22250320""","=""6742746""","=""10701225""",Personal fixed term loan,2023-06-25 00:00:00,5000.00,0.00,,0.00,6500.00,NGN,0,Closed,2023-07-25 00:00:00,Performing
OMOBOLANLE OLUWAFEMI,"=""22427064098""",183 IGBOSERE ROAD LAGOS ISLAND LAGOS Lagos Island Lagos St,,"=""22253664""","=""3800829""","=""466753956""",Personal fixed term loan,2019-12-05 00:00:00,2500.00,0.00,,0.00,2870.00,NGN,0,Closed,2019-12-20 00:00:00,Performing
ONYELUKACHUKWU EBOKA,"=""22201617526""",321 NNEBISI ROAD OPP UNION BANK ASABA Oshimili South Delta,,"=""22253762""","=""5423991""","=""159436100""",Personal fixed term loan,2020-03-04 00:00:00,7500.00,0.00,,0.00,8620.00,NGN,0,Closed,2020-03-19 00:00:00,Performing
ONYELUKACHUKWU EBOKA,"=""22201617526""",321 NNEBISI ROAD OPP UNION BANK ASABA Oshimili South Delta,,"=""22253762""","=""5423991""","=""1729428""",Personal fixed term loan,2020-03-03 00:00:00,5000.00,0.00,,0.00,5750.00,NGN,0,Closed,2020-03-18 00:00:00,Performing
ONYELUKACHUKWU EBOKA,"=""22201617526""",321 NNEBISI ROAD OPP UNION BANK ASABA Oshimili South Delta,,"=""22253762""","=""5423991""","=""1740675""",Personal fixed term loan,2020-03-04 00:00:00,7500.00,0.00,,0.00,8620.00,NGN,0,Closed,2020-03-19 00:00:00,Performing
IBRAHIM OLABODE,"=""22456121535""",32 BALOGUN STREET OSHODI OshodiIsolo Lagos State,,"=""22255027""","=""6618528""","=""1897093""",Personal fixed term loan,2020-03-27 00:00:00,10000.00,0.00,,0.00,13000.00,NGN,0,Closed,2020-04-27 00:00:00,Performing
IBRAHIM OLABODE,"=""22456121535""",32 BALOGUN STREET OSHODI OshodiIsolo Lagos State,,"=""22255027""","=""6618528""","=""2211362955""",Personal fixed term loan,2020-03-27 00:00:00,10000.00,0.00,,0.00,13000.00,NGN,0,Closed,2020-04-27 00:00:00,Performing
IBILOLA ADEFOLAYAN,,NO BII OZURI OBANGEDE Adavi Kogi State,,"=""22255836""","=""1351140""","=""175277291""",Personal fixed term loan,2019-06-24 00:00:00,10000.00,0.00,,0.00,13000.00,NGN,0,Closed,2019-07-24 00:00:00,Performing
PROMISE ALANEME,"=""22276567685""",28 RASAKI STREET OLODI APAPA LAGOS AjeromiIfelodun Lagos S,,"=""22256706""","=""5330910""","=""1494231""",Personal fixed term loan,2020-01-30 00:00:00,1500.00,0.00,,0.00,1720.00,NGN,0,Closed,2020-02-14 00:00:00,Performing
PROMISE ALANEME,"=""22276567685""",28 RASAKI STREET OLODI APAPA LAGOS AjeromiIfelodun Lagos S,,"=""22256706""","=""5330910""","=""2136464617""",Personal fixed term loan,2020-01-30 00:00:00,1500.00,0.00,,0.00,1720.00,NGN,0,Closed,2020-02-14 00:00:00,Performing
MOSUNMOLA HAMZAT,"=""22445436064""",NO 11IDI ORO STREET AWORAWO OJOO IBADAN Akinyele Oyo State,,"=""22259673""","=""1547554""","=""211298790""",Personal fixed term loan,2019-12-26 00:00:00,50000.00,0.00,,0.00,61000.00,NGN,0,Open,2020-01-27 00:00:00,Performing
OLUWAKEMI MAYAKI,"=""22224531900""",FG9PG8C OkoErin Rd 240281 Oko Erin Kwara Nigeria,,"=""22128032""","=""15973811""","=""10732315""",Personal fixed term loan,2023-06-28 00:00:00,7500.00,9675.00,,0.00,9675.00,NGN,0,Open,2023-07-28 00:00:00,Performing
CHIDIMMA NWANKWO,"=""22313792692""",13 EKPEM STREET OFF 200 OBOHIA ROAD ABA,,"=""22131507""","=""44167988""","=""10727274""",Personal fixed term loan,2023-06-28 00:00:00,30000.00,37500.00,,0.00,37500.00,NGN,0,Open,2023-07-28 00:00:00,Performing
EMMANUEL MBARAH,"=""22555626780""",APOSTOLIC CLOSE MADALLA CLOSE,,"=""22132043""","=""44058005""","=""10617796""",Personal fixed term loan,2023-06-17 00:00:00,7500.00,9675.00,,0.00,9675.00,NGN,0,Open,2023-07-17 00:00:00,Performing
EMMANUELLA CHIBUZOR,"=""22702213465""",NOBLE ACADEMY OKPANAM RD OKPANAM,,"=""22134098""","=""43426576""","=""10530828""",Personal fixed term loan,2023-06-08 00:00:00,7500.00,9675.00,,0.00,9675.00,NGN,0,Open,2023-07-08 00:00:00,Performing
TALENTLIGHT EZELOAGU,"=""22733378481""",AFTER CHIDREN OF WISDOM SCHOOL KAYARDA KUJE FCT,"=""07039795778""","=""22136252""","=""43726409""","=""10491024""",Personal fixed term loan,2023-06-04 00:00:00,30000.00,38400.00,,0.00,38400.00,NGN,0,Open,2023-07-04 00:00:00,Performing
OGECHI OGOR,"=""22472459959""",15 ANABA STREET,,"=""22139246""","=""43649543""","=""10503341""",Personal fixed term loan,2023-06-05 00:00:00,7500.00,9675.00,,0.00,9675.00,NGN,0,Open,2023-07-05 00:00:00,Performing
ANITA OHA,"=""22344055199""",ALVAN IKOKU FEDERAL COLLEGEOF EDUCATION OWERRI OWERRI,,"=""22249432""","=""7021836""","=""1945013""",Personal fixed term loan,2020-04-16 00:00:00,2500.00,0.00,,0.00,3250.00,NGN,0,Closed,2020-05-18 00:00:00,Performing
MOMODU ALIASU,"=""22163800031""",NO 11 OJOKONDO AREA AGBOWO Ibadan North Oyo State,,"=""22251218""","=""5954961""","=""1875097""",Personal fixed term loan,2020-03-24 00:00:00,2500.00,0.00,,0.00,3250.00,NGN,0,Closed,2020-04-23 00:00:00,Performing
GOODNESS OGBONNAYA,"=""22430181324""",13 ANIKULAPO STREET ORILE AGEGE Agege Lagos State,,"=""22252907""","=""5917569""","=""1663173""",Personal fixed term loan,2020-02-23 00:00:00,2500.00,0.00,,0.00,2500.00,NGN,0,Closed,2020-03-24 00:00:00,Performing
DENNIS ODEIGA,"=""22277633499""",MODUGANARI WARD MAIDUGURI BORNO STATE Maiduguri Borno Stat,,"=""22254562""","=""10139580""","=""2014281046""",Personal fixed term loan,2020-12-11 00:00:00,5000.00,0.00,,0.00,6000.00,NGN,0,Closed,2020-12-28 00:00:00,Performing
JOSHUA RICHARD,,Not Available,,"=""22254980""","=""1511949""","=""446213""",Personal fixed term loan,2019-08-01 00:00:00,1500.00,0.00,,0.00,1950.00,NGN,0,Closed,2019-09-02 00:00:00,Performing
SAHEED ADEBAYO,,NO 106 OLORUNSOLA STREET YABA ONDO Ondo West Ondo State,,"=""22255111""","=""6124164""","=""1740506""",Personal fixed term loan,2020-03-04 00:00:00,2500.00,0.00,,0.00,2870.00,NGN,0,Closed,2020-03-19 00:00:00,Performing
FAVOUR IDARAFAMOUS,"=""22508832370""",9 AYINKE STREET SHOGUNLE OshodiIsolo Lagos State,,"=""22255529""","=""3404121""","=""2217619383""",Personal fixed term loan,2019-12-16 00:00:00,1500.00,0.00,,0.00,1870.00,NGN,0,Closed,2020-01-15 00:00:00,Performing
FRANCIS MINAJ,"=""22542039474""",2 AULE STR AKURE Akure South Ondo State,,"=""22257469""","=""3854004""","=""34440295""",Personal fixed term loan,2019-12-23 00:00:00,1500.00,0.00,,0.00,1870.00,NGN,0,Closed,2020-01-22 00:00:00,Performing
YEMISI ADIGUN,"=""22191253209""",KUOLA ADEWUYI STREET APATA IBADAN Ido Oyo State,,"=""22259660""","=""5828488""","=""1791417""",Personal fixed term loan,2020-03-10 00:00:00,2500.00,0.00,,0.00,2870.00,NGN,0,Closed,2020-03-25 00:00:00,Performing
YEMISI ADIGUN,"=""22191253209""",KUOLA ADEWUYI STREET APATA IBADAN Ido Oyo State,,"=""22259660""","=""5828488""","=""30721004""",Personal fixed term loan,2020-03-10 00:00:00,2500.00,0.00,,0.00,2870.00,NGN,0,Closed,2020-03-25 00:00:00,Performing
ahmed gANIU,,NO 29 AIYEGBAMI STR AKODO,,"=""22136414""","=""43600406""","=""10557392""",Personal fixed term loan,2023-06-10 00:00:00,30000.00,38400.00,,0.00,38400.00,NGN,0,Open,2023-07-10 00:00:00,Performing
ASUKWO SUNDAY,,1 rufai Street,"=""2347067375485""","=""22243925""","=""16953023""","=""13315599""",Personal fixed term loan,2024-03-23 00:00:00,500000.00,294258.00,,294258.00,147693.00,NGN,26,Open,2025-01-11 00:00:00,Performing
FOLORUNSHO BOLA TOPE,,3 BASHORUN AGBOLA STREET MAJEK 1ST GATE AJAH,,"=""22245376""","=""5602121""","=""10605151""",Personal fixed term loan,2023-06-15 00:00:00,5000.00,0.00,,0.00,6500.00,NGN,0,Closed,2023-07-15 00:00:00,Performing
hammed bolarinwa,"=""22387980939""",e4809 koloko idi araba ibadan Ibadan NorthEast Oyo State,,"=""22249120""","=""6797880""","=""1925826""",Personal fixed term loan,2020-04-07 00:00:00,10000.00,0.00,,0.00,13000.00,NGN,0,Closed,2020-05-07 00:00:00,Performing
hammed bolarinwa,"=""22387980939""",e4809 koloko idi araba ibadan Ibadan NorthEast Oyo State,,"=""22249120""","=""6797880""","=""82769249""",Personal fixed term loan,2020-04-07 00:00:00,10000.00,0.00,,0.00,13000.00,NGN,0,Closed,2020-05-07 00:00:00,Performing
SODIQ RUFAI,"=""22536792543""",agbor PARK BENIN CITY,,"=""22251111""","=""3250110""","=""2134065247""",Personal fixed term loan,2019-12-13 00:00:00,5000.00,0.00,,0.00,5750.00,NGN,0,Closed,2019-12-30 00:00:00,Performing
BEATRICE UFOMADU,"=""22309040628""",49 BENDE ROAD BY UMUOBASI UMUAHIA Umuahia North Abia State,,"=""22251911""","=""5337150""","=""2150672""",Personal fixed term loan,2020-07-06 00:00:00,10000.00,0.00,,0.00,11500.00,NGN,0,Closed,2020-07-21 00:00:00,Performing
TIJJANI NASIRU,"=""22524709179""",NO 20 YARADUA QUARTERS DANTAMASHE BUS STOP,,"=""22251962""","=""6148161""","=""1818720""",Personal fixed term loan,2020-03-14 00:00:00,5000.00,0.00,,0.00,5750.00,NGN,0,Closed,2020-03-30 00:00:00,Performing
ADEGOKE ADEYEMI,"=""22456754157""",8 ELEJIGBO STREET OLORUNSOGO Ilorin West Kwara State,,"=""22254585""","=""5367933""","=""1814073""",Personal fixed term loan,2020-03-13 00:00:00,5000.00,0.00,,0.00,6250.00,NGN,0,Closed,2020-04-14 00:00:00,Performing
ADEGOKE ADEYEMI,"=""22456754157""",8 ELEJIGBO STREET OLORUNSOGO Ilorin West Kwara State,,"=""22254585""","=""5367933""","=""2133131354""",Personal fixed term loan,2020-03-13 00:00:00,5000.00,0.00,,0.00,6250.00,NGN,0,Closed,2020-04-14 00:00:00,Performing
RHODA TULUMA,,behind civil service commission,,"=""22254636""","=""7543866""","=""4717314""",Personal fixed term loan,2021-09-27 00:00:00,5000.00,0.00,,0.00,6500.00,NGN,0,Closed,2021-10-27 00:00:00,Performing
ONYEKACHI ANENE,"=""22302258121""",7 OKANU ST IKOTA B STOP,,"=""22255055""","=""5629518""","=""3137220""",Personal fixed term loan,2021-01-29 00:00:00,5000.00,0.00,,0.00,5500.00,NGN,0,Closed,2021-02-15 00:00:00,Performing
KOLAWOLE FANIRAN,"=""22248011349""",3 EFFARE STREET BASHUA ABEOKUTA NORTH Abeokuta South Ogun,,"=""22255506""","=""5650653""","=""157944537""",Personal fixed term loan,2020-02-25 00:00:00,2500.00,0.00,,0.00,2870.00,NGN,0,Closed,2020-03-11 00:00:00,Performing
KOLAWOLE FANIRAN,"=""22248011349""",3 EFFARE STREET BASHUA ABEOKUTA NORTH Abeokuta South Ogun,,"=""22255506""","=""5650653""","=""1679296""",Personal fixed term loan,2020-02-25 00:00:00,2500.00,0.00,,0.00,2870.00,NGN,0,Closed,2020-03-11 00:00:00,Performing
NAOMI OKWUDINI,"=""22166164273""",5 SIJUADESTREET ODOLOWU B STOP IJESHATEDO,"=""08050345557""","=""22255808""","=""6687639""","=""1912505""",Personal fixed term loan,2020-03-31 00:00:00,7500.00,0.00,,0.00,9750.00,NGN,0,Closed,2020-04-30 00:00:00,Performing
NAOMI OKWUDINI,"=""22166164273""",5 SIJUADESTREET ODOLOWU B STOP IJESHATEDO,"=""08050345557""","=""22255808""","=""6687639""","=""3056842406""",Personal fixed term loan,2020-03-31 00:00:00,7500.00,0.00,,0.00,9750.00,NGN,0,Closed,2020-04-30 00:00:00,Performing
QUEEN DAVID,"=""22366886067""",Not Available,,"=""22124678""","=""14434424""","=""10686612""",Personal fixed term loan,2023-06-24 00:00:00,20000.00,22600.00,,0.00,23600.00,NGN,0,Open,2023-07-09 00:00:00,Performing
RAYMOND FRANCIS,"=""22565905208""",15 LOUSI STRRET OBALENDE,,"=""22125635""","=""43871840""","=""10546071""",Personal fixed term loan,2023-06-09 00:00:00,7500.00,9675.00,,0.00,9675.00,NGN,0,Open,2023-07-09 00:00:00,Performing
SIXTUS NWAHIRI,"=""22354167806""",NO 5 PATRIC BOOKO ST JABI ABUJA,,"=""22128788""","=""44143808""","=""10660109""",Personal fixed term loan,2023-06-21 00:00:00,7500.00,8625.00,,0.00,8625.00,NGN,0,Open,2023-07-06 00:00:00,Performing
BRIGHT JOHNSON,"=""22684952914""",Azikoro Town Azikoro,,"=""22130594""","=""44117608""","=""10640566""",Personal fixed term loan,2023-06-19 00:00:00,30000.00,0.00,,0.00,35400.00,NGN,0,Closed,2023-07-04 00:00:00,Performing
HENRY EJEKUBI,,NO 177 EMMANUEL COLLEGE LAYOUT OWERRI,,"=""22130960""","=""43670134""","=""10691918""",Personal fixed term loan,2023-06-24 00:00:00,15000.00,17955.00,,0.00,17955.00,NGN,0,Open,2023-07-09 00:00:00,Performing
IMOTER ATSAREGH,"=""22731562769""",KWANDE,,"=""22131687""","=""43413167""","=""10527826""",Personal fixed term loan,2023-06-07 00:00:00,5000.00,6375.00,,0.00,6375.00,NGN,0,Open,2023-07-07 00:00:00,Performing
YOHANNA NGUNAT,,MATOLBOKKOS LGA,,"=""22132830""","=""42976265""","=""10519499""",Personal fixed term loan,2023-06-07 00:00:00,100000.00,155600.00,,0.00,51867.00,NGN,0,Open,2023-09-05 00:00:00,Performing
JENNIFER ESUA,"=""22415144227""",212 HARD WILSON,,"=""22134997""","=""44148172""","=""10654020""",Personal fixed term loan,2023-06-20 00:00:00,7500.00,0.00,,0.00,8850.00,NGN,0,Closed,2023-07-05 00:00:00,Performing
titilayo oladokun,,10 olorun esan street adigbe ogun state Obafemi Owode Ogun,,"=""22136067""","=""1640585""","=""10587373""",Personal fixed term loan,2023-06-14 00:00:00,20000.00,0.00,,0.00,25400.00,NGN,0,Closed,2023-07-14 00:00:00,Performing
GIDEON ERETE,,13 YETUNDE BROWN STREET IFAKO GBAGADA,,"=""22139248""","=""43677890""","=""10542877""",Personal fixed term loan,2023-06-09 00:00:00,7500.00,9675.00,,0.00,9675.00,NGN,0,Open,2023-07-09 00:00:00,Performing
ASHIMIYU TIAMIYU,,22 peters street,,"=""22249443""","=""953172""","=""127491""",Personal fixed term loan,2019-03-08 00:00:00,25000.00,0.00,,0.00,32500.00,NGN,0,Closed,2019-04-08 00:00:00,Performing
MOHAMMED ABDULKADIR,"=""22515921137""",HOTORO NOTHR,,"=""22250086""","=""5194341""","=""10564093""",Personal fixed term loan,2023-06-11 00:00:00,5000.00,0.00,,0.00,6500.00,NGN,0,Closed,2023-07-11 00:00:00,Performing
IBRAHIM UMAR,"=""22501612962""",50 FOUNDATION ROAD KANO Tarauni Kano State,,"=""22251960""","=""6121410""","=""1864272""",Personal fixed term loan,2020-03-22 00:00:00,5000.00,0.00,,0.00,5750.00,NGN,0,Closed,2020-04-06 00:00:00,Performing
ABDULMALIK O ABDULSALAM,"=""22399275050""",23 BABS ALABIADE STREET PIPELINE AREA Ilorin West Kwara St,,"=""22253587""","=""5823780""","=""1868849""",Personal fixed term loan,2020-03-23 00:00:00,1500.00,0.00,,0.00,1870.00,NGN,0,Closed,2020-04-22 00:00:00,Performing
omowho asama,,14 OLUWOLE SALAKO STREET SALAKO BUS STOP OBAWOLE IfakoIjai,,"=""22253689""","=""2387898""","=""5038166011""",Personal fixed term loan,2019-10-17 00:00:00,5000.00,0.00,,0.00,5750.00,NGN,0,Closed,2019-11-01 00:00:00,Performing
omowho asama,,14 OLUWOLE SALAKO STREET SALAKO BUS STOP OBAWOLE IfakoIjai,,"=""22253689""","=""2387898""","=""845020""",Personal fixed term loan,2019-10-17 00:00:00,5000.00,0.00,,0.00,5750.00,NGN,0,Closed,2019-11-01 00:00:00,Performing
DICKSON OBEREDI,"=""22261376193""",ONAWATETE ENDING EBRUMEDE OFF DSC ROUNDABOUT EFFURUN  Warr,,"=""22254559""","=""6130623""","=""1742895""",Personal fixed term loan,2020-03-04 00:00:00,2500.00,0.00,,0.00,2870.00,NGN,0,Closed,2020-03-19 00:00:00,Performing
VICTORIA UMOH,"=""22352560229""",65 SHAMSIDEEN JAIYESIMI STREET AGA IKORODU LAGOS Shomolu L,,"=""22256695""","=""6156324""","=""1752895""",Personal fixed term loan,2020-03-05 00:00:00,2500.00,0.00,,0.00,2870.00,NGN,0,Closed,2020-03-20 00:00:00,Performing
UNITY ENADEGHE,"=""22368086335""",93 IGUN STREET OFF 1ST EAST CIRCULA,"=""09061589188""","=""22133686""","=""38939095""","=""10598537""",Personal fixed term loan,2023-06-15 00:00:00,20000.00,25800.00,,0.00,25800.00,NGN,0,Open,2023-07-15 00:00:00,Performing
OLUSOLA OMOTAYO,"=""22345015020""",NO 40 OLUNISHOLA STREET IKENNE R,"=""08161751320""","=""22134120""","=""7807079""","=""10485545""",Personal fixed term loan,2023-06-03 00:00:00,5000.00,0.00,,0.00,6500.00,NGN,0,Closed,2023-07-03 00:00:00,Performing
DAVID OMOGO,"=""22688835060""",NO 1 CHIEF DUSTAN NWOGBAGA CRESCENT,,"=""22135281""","=""43996222""","=""10659871""",Personal fixed term loan,2023-06-21 00:00:00,7500.00,8850.00,,0.00,8850.00,NGN,0,Open,2023-07-06 00:00:00,Performing
KHADIJAT ADEYEMO,"=""22653983529""",42 OLOTO STREET OYINGBO LAGOS STATE,,"=""22135924""","=""43660972""","=""10464281""",Personal fixed term loan,2023-06-01 00:00:00,7500.00,0.00,,0.00,9675.00,NGN,0,Closed,2023-07-01 00:00:00,Performing
ADEGOKE ADEWUMI,"=""22729548984""",11 ITUN ABARA COMPOUND OFF AGO ILARA ROAD ILISAN REMOOgun,,"=""22136290""","=""43929185""","=""10694290""",Personal fixed term loan,2023-06-24 00:00:00,7500.00,9675.00,,0.00,9675.00,NGN,0,Open,2023-07-24 00:00:00,Performing
LUCY UMUORU,"=""22673495208""",NO 1A AGBAJA ROAD ABAKLIKI,,"=""22136358""","=""44311496""","=""10714523""",Personal fixed term loan,2023-06-26 00:00:00,7500.00,9675.00,,0.00,9675.00,NGN,0,Open,2023-07-26 00:00:00,Performing
CHUKWUAMAKA OKAFOR,"=""22442752404""",47 obiwali Road,"=""2349039082852""","=""22136515""","=""43718045""","=""10488978""",Personal fixed term loan,2023-06-03 00:00:00,20000.00,,,0.00,25800.00,NGN,0,Open,2023-07-10 00:00:00,Performing
JAMES DAVID,"=""22672211894""",24 IDUMU UGBO QUARTERS UTE OKPU DELTA STATEEdo State,,"=""22139323""","=""44337092""","=""10739391""",Personal fixed term loan,2023-06-29 00:00:00,20000.00,25400.00,,0.00,25400.00,NGN,0,Open,2023-07-29 00:00:00,Performing
FARID ADEDEJI,,14 ABIMBOLA ESTATE APATA NNPC BUS STOP IBADAN Ibadan South,,"=""22249959""","=""6112698""","=""1236664303""",Personal fixed term loan,2020-03-11 00:00:00,5000.00,0.00,,0.00,6250.00,NGN,0,Closed,2020-04-14 00:00:00,Performing
TAIWO TAIWO,"=""22413548984""",IKOT ODUATANG UBIUM VILLAGE NSIT UBIUM,,"=""22250095""","=""2310099""","=""3110685196""",Personal fixed term loan,2020-03-09 00:00:00,5000.00,0.00,,0.00,6500.00,NGN,0,Closed,2020-04-08 00:00:00,Performing
SAMUEL AFAPE,,3A GIDEON STREET AGAYE BSTOP IJE ODODO OJO LGA Ojo Lagos S,,"=""22252835""","=""6442005""","=""231475599""",Personal fixed term loan,2020-03-19 00:00:00,2500.00,0.00,,0.00,2870.00,NGN,0,Closed,2020-04-03 00:00:00,Performing
ABDULLAHI SALAHUDEEN,"=""22360302424""",Nigeria,,"=""22253546""","=""4199508""","=""2097052768""",Personal fixed term loan,2020-03-05 00:00:00,1500.00,0.00,,0.00,1870.00,NGN,0,Closed,2020-04-06 00:00:00,Performing
OLAIDE ADEOYE,"=""22530180799""",AGBOJUA STREET OTUN Moba Ekiti State,,"=""22253614""","=""7445931""","=""2184223""",Personal fixed term loan,2020-07-16 00:00:00,10000.00,0.00,,0.00,13000.00,NGN,0,Closed,2020-08-17 00:00:00,Performing
SHERIF OLANIPEKUN,"=""22159934584""",NYSC SECRETARIAT OSUN Aiyedire Osun State,,"=""22254550""","=""6032877""","=""1706453""",Personal fixed term loan,2020-02-28 00:00:00,1500.00,0.00,,0.00,1720.00,NGN,0,Closed,2020-03-16 00:00:00,Performing
SHERIF OLANIPEKUN,"=""22159934584""",NYSC SECRETARIAT OSUN Aiyedire Osun State,,"=""22254550""","=""6032877""","=""75182824""",Personal fixed term loan,2020-02-28 00:00:00,1500.00,0.00,,0.00,1720.00,NGN,0,Closed,2020-03-16 00:00:00,Performing
TIMILEYIN AMOSU,"=""22390805395""",20C IRUVUCHEBA ALIYUMAINATU HOUSE Okene Kogi State,,"=""22254984""","=""4122810""","=""221162887""",Personal fixed term loan,2020-03-23 00:00:00,1500.00,0.00,,0.00,1830.00,NGN,0,Closed,2020-04-22 00:00:00,Performing
EDWIN ONAAH,"=""22363397144""",MAKURDI Makurdi Benue State,,"=""22137801""","=""6317138""","=""10160075""",Personal fixed term loan,2023-05-03 00:00:00,10000.00,0.00,,0.00,12150.00,NGN,0,Closed,2023-05-18 00:00:00,Performing
EDWIN ONAAH,"=""22363397144""",MAKURDI Makurdi Benue State,,"=""22137801""","=""6317138""","=""10387272""",Personal fixed term loan,2023-05-25 00:00:00,15000.00,0.00,,0.00,18225.00,NGN,0,Closed,2023-06-09 00:00:00,Performing
KABIRAT MUSBAU,"=""22520772399""",No 5laola street,"=""07026760022""","=""22138099""","=""6157985""","=""10599088""",Personal fixed term loan,2023-06-15 00:00:00,2500.00,0.00,,0.00,3250.00,NGN,0,Closed,2023-07-15 00:00:00,Performing
NKEMAKONAM OFONG,"=""22313131633""",NO 22 ABEL ADEYOMI  STREET AT AJAH BUSTOP,,"=""22138350""","=""43968575""","=""10582190""",Personal fixed term loan,2023-06-13 00:00:00,7500.00,9675.00,,0.00,9675.00,NGN,0,Open,2023-07-13 00:00:00,Performing
NURAT SAIBU,,13 JI OPEODU IFAKO,,"=""22138952""","=""36022367""","=""10700353""",Personal fixed term loan,2023-06-25 00:00:00,30000.00,35400.00,,0.00,35400.00,NGN,0,Open,2023-07-10 00:00:00,Performing
YAKUBU TARI,,BEHIND HPOUSE OF ASSEMBLIES QUARTERS KUGBRU Karu Nasarawa,,"=""22139171""","=""20389997""","=""10750050""",Personal fixed term loan,2023-06-30 00:00:00,40000.00,61320.00,,0.00,20440.00,NGN,0,Open,2023-09-28 00:00:00,Performing
ADEDEJI FAGBOUN,,7 ADIGUN STREET BASHORUN IBADAN Lagelu Oyo State,,"=""22249205""","=""573741""","=""1699587""",Personal fixed term loan,2020-02-28 00:00:00,5000.00,0.00,,0.00,5750.00,NGN,0,Closed,2020-03-16 00:00:00,Performing
ADEDEJI FAGBOUN,,7 ADIGUN STREET BASHORUN IBADAN Lagelu Oyo State,,"=""22249205""","=""573741""","=""2063101447""",Personal fixed term loan,2020-02-28 00:00:00,5000.00,0.00,,0.00,5750.00,NGN,0,Closed,2020-03-16 00:00:00,Performing
SAMINU ABUBAKAR,"=""22474125397""",GSS WUSE ZONE 3 ABUJA Municipal Area Council FCT,,"=""22251077""","=""4612659""","=""175278975""",Personal fixed term loan,2019-12-31 00:00:00,15000.00,0.00,,0.00,17250.00,NGN,0,Closed,2020-01-15 00:00:00,Performing
NDIDI KALU,"=""22317112412""",OBEHIE UMUOKOMINI ASA Ukwa West Abia State,,"=""22251877""","=""5311218""","=""1582412""",Personal fixed term loan,2020-02-11 00:00:00,5000.00,0.00,,0.00,5750.00,NGN,0,Closed,2020-02-26 00:00:00,Performing
NDIDI KALU,"=""22317112412""",OBEHIE UMUOKOMINI ASA Ukwa West Abia State,,"=""22251877""","=""5311218""","=""6170124206""",Personal fixed term loan,2020-02-11 00:00:00,5000.00,0.00,,0.00,5750.00,NGN,0,Closed,2020-02-26 00:00:00,Performing
ABDULRAZAQ MOHAMMED,"=""22309340276""",36ODUOLA STREET IGBONA Olorunda Osun State,,"=""22254619""","=""1619670""","=""3080809853""",Personal fixed term loan,2019-08-17 00:00:00,5000.00,0.00,,0.00,6500.00,NGN,0,Closed,2019-09-16 00:00:00,Performing
OMOTALE LAWAL,"=""22256155110""",NO 5 OBADINA STREET TEKOBO IDI ABA ABEOKUTA Abeokuta South,,"=""22255021""","=""10026339""","=""106245579""",Personal fixed term loan,2020-12-12 00:00:00,2500.00,0.00,,0.00,3200.00,NGN,0,Closed,2021-01-11 00:00:00,Performing
SANI ALIYU,"=""22345364067""",MM 64 MAKARFI ROAD KAWO KADUNA Kaduna North Kaduna State,,"=""22256172""","=""5892078""","=""1662929""",Personal fixed term loan,2020-02-23 00:00:00,1500.00,0.00,,0.00,1500.00,NGN,0,Closed,2020-03-24 00:00:00,Performing
ASSUMPTA IKEANUMBA,"=""22176941037""",6 BOSUDE CLOSE OFF ISHOLA BELLO CLOSE AKIODE Ikeja Lagos S,,"=""22256693""","=""5788788""","=""1623453""",Personal fixed term loan,2020-02-18 00:00:00,2500.00,0.00,,0.00,2870.00,NGN,0,Closed,2020-03-04 00:00:00,Performing
ASSUMPTA IKEANUMBA,"=""22176941037""",6 BOSUDE CLOSE OFF ISHOLA BELLO CLOSE AKIODE Ikeja Lagos S,,"=""22256693""","=""5788788""","=""2036601954""",Personal fixed term loan,2020-02-18 00:00:00,2500.00,0.00,,0.00,2870.00,NGN,0,Closed,2020-03-04 00:00:00,Performing
BLESSING IKECHUKWU,"=""22431934947""",NO 45 PTI ROAD EFFURUN OPPOSISTE MARKET,,"=""22126243""","=""44108450""","=""10637228""",Personal fixed term loan,2023-06-19 00:00:00,7500.00,8850.00,,0.00,8850.00,NGN,0,Open,2023-07-04 00:00:00,Performing
ERIC OGBEMI,,OPPOSITE ASCENSION COLLEGE IMEKE,,"=""22127916""","=""43452857""","=""10496244""",Personal fixed term loan,2023-06-04 00:00:00,5000.00,6325.00,,0.00,6325.00,NGN,0,Open,2023-07-04 00:00:00,Performing
HOPE ONOME,"=""22597387193""",42 abeke road,,"=""22128115""","=""43412081""","=""10749909""",Personal fixed term loan,2023-06-30 00:00:00,7500.00,9675.00,,0.00,9675.00,NGN,0,Open,2023-07-30 00:00:00,Performing
ADEWALE AKINWUNMI,"=""22188612826""",FLT 4 PLT 57 BLK 114 IBA HOUSING ESTATE IBA,,"=""22133981""","=""44036168""","=""10664586""",Personal fixed term loan,2023-06-21 00:00:00,5000.00,1400.00,,0.00,5900.00,NGN,0,Open,2023-07-06 00:00:00,Performing
ONYINYE EZE,"=""22256340462""",NO 4 CHIEF MBA CLOSE BEHIND ROYAL DIAMOND IST ARTILLERY PH,,"=""22133982""","=""44127749""","=""10644483""",Personal fixed term loan,2023-06-19 00:00:00,7500.00,8750.00,,0.00,8850.00,NGN,0,Open,2023-07-04 00:00:00,Performing
TEMITOPE ATOLAGBE,,15 EGBEWA ROAD 3,,"=""22134196""","=""44000029""","=""10711203""",Personal fixed term loan,2023-06-26 00:00:00,20000.00,25800.00,,0.00,25800.00,NGN,0,Open,2023-07-26 00:00:00,Performing
NNABUKO ONYEBUCHI,,WORKS AND HOUSING GWARIMPA ABUJA,,"=""22135268""","=""43882670""","=""10550450""",Personal fixed term loan,2023-06-09 00:00:00,30000.00,38400.00,,0.00,38400.00,NGN,0,Open,2023-07-09 00:00:00,Performing
PRAISEGOD AMADIEGWU,"=""22670457043""",11 CHIMA STREET KARU,,"=""22139211""","=""42947795""","=""10750513""",Personal fixed term loan,2023-06-30 00:00:00,5000.00,6375.00,,0.00,6375.00,NGN,0,Open,2023-07-30 00:00:00,Performing
IJEOMA DIAKU,"=""22444839705""",25 YUSUF ESAN STREET AMUKOKO LAGOS,,"=""22139712""","=""43372427""","=""10482918""",Personal fixed term loan,2023-06-03 00:00:00,7500.00,9675.00,,9675.00,9675.00,NGN,1,Open,2023-07-03 00:00:00,Watchlist
Ayanleye Adeshola Christana,"=""22313679418""",Behind faith deliverance message ministry,,"=""22220935""","=""42314007""","=""10014752""",Personal fixed term loan,2023-04-19 00:00:00,30000.00,34500.00,,0.00,34500.00,NGN,0,Open,2023-05-04 00:00:00,Performing
FIDELIS OKPEAHIOR,"=""22277697750""",MTN MASK OFF UGBO VILLAGE BENIN CITY Oredo Edo State,,"=""22249716""","=""5930151""","=""10470630""",Personal fixed term loan,2023-06-02 00:00:00,5000.00,0.00,,0.00,6500.00,NGN,0,Closed,2023-07-02 00:00:00,Performing
MURTALA BELLO,"=""22468327941""",BLOCK A ROOM 6 YELWA POLICE BARRACK  Bauchi Bauchi State,,"=""22249930""","=""1764204""","=""2178991539""",Personal fixed term loan,2019-09-03 00:00:00,1500.00,0.00,,0.00,1950.00,NGN,0,Closed,2019-10-03 00:00:00,Performing
MUHAMMED DANJUMA,"=""22458030105""",FUL LOKOJA Lokoja Kogi State,,"=""22251902""","=""6886716""","=""1941741""",Personal fixed term loan,2020-04-14 00:00:00,7500.00,0.00,,0.00,8620.00,NGN,0,Closed,2020-04-29 00:00:00,Performing
oluwaseun mukaila,,ODOMOLASA STREET,"=""07068911426""","=""22252838""","=""2400999""","=""3905809012""",Personal fixed term loan,2019-12-11 00:00:00,1500.00,0.00,,0.00,1720.00,NGN,0,Closed,2019-12-27 00:00:00,Performing
MUIDEEN OLAYIWOLA,"=""22510657220""",AYEDUN BANKOLE CHURCH Akure South Ondo State,,"=""22253674""","=""7103292""","=""1951169""",Personal fixed term loan,2020-04-17 00:00:00,1500.00,0.00,,0.00,1720.00,NGN,0,Closed,2020-05-04 00:00:00,Performing
ISMAIL GANIYU,"=""22291538552""",IFESOWAPO ESTATE SOKA IBADAN Ibadan NorthWest Oyo State,,"=""22254981""","=""1654962""","=""167383489""",Personal fixed term loan,2019-08-22 00:00:00,1500.00,0.00,,0.00,1950.00,NGN,0,Closed,2019-09-23 00:00:00,Performing
EMMANUEL OGUNDEJI,"=""22149928375""",56 eyita akole palace road Lagos,"=""08185236835""","=""22256717""","=""5361081""","=""1901047""",Personal fixed term loan,2020-03-28 00:00:00,10000.00,0.00,,0.00,11500.00,NGN,0,Closed,2020-04-14 00:00:00,Performing
PRECIOUS OLUSEGUN,"=""22634747085""",NO3ALAPO QUARTERSIDOEKITI,,"=""22138772""","=""44071070""","=""10702660""",Personal fixed term loan,2023-06-25 00:00:00,20000.00,23000.00,,0.00,23000.00,NGN,0,Open,2023-07-10 00:00:00,Performing
TAIWO FUNMILAYO BUSAYO,"=""22253499907""",8 IJEUN LUKOSI TOWN,,"=""22237744""","=""5223359""","=""10265894""",Personal fixed term loan,2023-05-13 00:00:00,5000.00,0.00,,0.00,6000.00,NGN,0,Closed,2023-05-28 00:00:00,Performing
TAIWO FUNMILAYO BUSAYO,"=""22253499907""",8 IJEUN LUKOSI TOWN,,"=""22237744""","=""5223359""","=""10397937""",Personal fixed term loan,2023-05-26 00:00:00,27500.00,0.00,,0.00,33412.50,NGN,0,Closed,2023-06-10 00:00:00,Performing
WAREEZ OJEWALE,"=""22392756053""",Not Available,,"=""22251734""","=""2439891""","=""821579112""",Personal fixed term loan,2019-10-17 00:00:00,2500.00,0.00,,0.00,3120.00,NGN,0,Closed,2019-11-18 00:00:00,Performing
KEHINDE OGUNSOLA,"=""22466380034""",8 RADELU STREET MAKUN SAGAMU Shagamu Ogun State,,"=""22251934""","=""5177004""","=""1443100""",Personal fixed term loan,2020-01-22 00:00:00,1500.00,0.00,,0.00,1720.00,NGN,0,Closed,2020-02-06 00:00:00,Performing
KEHINDE OGUNSOLA,"=""22466380034""",8 RADELU STREET MAKUN SAGAMU Shagamu Ogun State,,"=""22251934""","=""5177004""","=""67664020""",Personal fixed term loan,2020-01-22 00:00:00,1500.00,0.00,,0.00,1720.00,NGN,0,Closed,2020-02-06 00:00:00,Performing
BELLO ADAMU,"=""22346310030""",36B RIMIN KEBBE,,"=""22252827""","=""6145995""","=""1749430""",Personal fixed term loan,2020-03-05 00:00:00,1500.00,0.00,,0.00,1720.00,NGN,0,Closed,2020-03-20 00:00:00,Performing
BELLO ADAMU,"=""22346310030""",36B RIMIN KEBBE,,"=""22252827""","=""6145995""","=""1803163""",Personal fixed term loan,2020-03-12 00:00:00,5000.00,0.00,,0.00,5750.00,NGN,0,Closed,2020-03-27 00:00:00,Performing
BELLO ADAMU,"=""22346310030""",36B RIMIN KEBBE,,"=""22252827""","=""6145995""","=""2072264182""",Personal fixed term loan,2020-03-12 00:00:00,5000.00,0.00,,0.00,5750.00,NGN,0,Closed,2020-03-27 00:00:00,Performing
TIMILEYIN JOHN,,12 ABANISE STREET IMALA ELEGA ABK Abeokuta North Ogun Stat,,"=""22252920""","=""4503729""","=""699092575""",Personal fixed term loan,2019-12-26 00:00:00,10000.00,0.00,,0.00,13000.00,NGN,0,Closed,2020-01-27 00:00:00,Performing
GBENGA AKINDE,"=""22176806583""",POWER LINE STORE Odigbo Ondo State,,"=""22254599""","=""5773089""","=""2079511768""",Personal fixed term loan,2020-02-21 00:00:00,2500.00,0.00,,0.00,3250.00,NGN,0,Closed,2020-03-23 00:00:00,Performing
OLUWASEUN OLADEJO,"=""22306933796""",28 AGRIC OSHOLONGE STREET IKORODU Ikorodu Lagos State,,"=""22254985""","=""4146483""","=""230950244""",Personal fixed term loan,2020-03-19 00:00:00,5000.00,0.00,,0.00,6100.00,NGN,0,Closed,2020-04-20 00:00:00,Performing
JAMILA KABIR,"=""22453344755""",FHA FLAT 3 BLOCK 36 ASOKORO ABUJA,,"=""22256171""","=""5756598""","=""1909958""",Personal fixed term loan,2020-03-30 00:00:00,10000.00,0.00,,0.00,12500.00,NGN,0,Closed,2020-04-29 00:00:00,Performing
JAMILA KABIR,"=""22453344755""",FHA FLAT 3 BLOCK 36 ASOKORO ABUJA,,"=""22256171""","=""5756598""","=""2049270866""",Personal fixed term loan,2020-03-30 00:00:00,10000.00,0.00,,0.00,12500.00,NGN,0,Closed,2020-04-29 00:00:00,Performing
RAYMOND ANUMADU,"=""22163401542""",NO 14 CHIEF SOLOMON STREET RUMUAGHOLU RIVERS STATE ObioAkp,,"=""22257464""","=""6018816""","=""1701472""",Personal fixed term loan,2020-02-28 00:00:00,1500.00,0.00,,0.00,1950.00,NGN,0,Closed,2020-03-30 00:00:00,Performing
RAYMOND ANUMADU,"=""22163401542""",NO 14 CHIEF SOLOMON STREET RUMUAGHOLU RIVERS STATE ObioAkp,,"=""22257464""","=""6018816""","=""222623981""",Personal fixed term loan,2020-02-28 00:00:00,1500.00,0.00,,0.00,1950.00,NGN,0,Closed,2020-03-30 00:00:00,Performing
SUNDAY OKORO,,2A AKWARA STREET OKPOKO ONITSHA Ogbaru Anambra State,,"=""22258436""","=""1682382""","=""896851""",Personal fixed term loan,2019-10-26 00:00:00,1500.00,0.00,,0.00,1870.00,NGN,0,Closed,2019-11-25 00:00:00,Performing
GIFT OGOH,"=""22174978251""",Chitrus estate opposite chatolic church sabon lugbe Abuja,,"=""22134346""","=""1537295""","=""717584""",Personal fixed term loan,2019-09-25 00:00:00,15000.00,0.00,,0.00,18750.00,NGN,0,Closed,2019-10-25 00:00:00,Performing
GIFT OGOH,"=""22174978251""",Chitrus estate opposite chatolic church sabon lugbe Abuja,,"=""22134346""","=""1537295""","=""811564""",Personal fixed term loan,2019-10-11 00:00:00,15000.00,0.00,,0.00,18750.00,NGN,0,Closed,2019-11-11 00:00:00,Performing
MONDAY DAVID,"=""22517383030""",HOUSE NO 4 62 ROAD 6TH AVENUE GWARINPA,,"=""22139147""","=""44304167""","=""10712935""",Personal fixed term loan,2023-06-26 00:00:00,7500.00,8850.00,,0.00,8850.00,NGN,0,Open,2023-07-11 00:00:00,Performing
Asochukwu Amarachi,"=""22238632646""",8 BEGER ROAD AJAH,,"=""22211111""","=""6566627""","=""10411043""",Personal fixed term loan,2023-05-27 00:00:00,5000.00,0.00,,0.00,6500.00,NGN,0,Closed,2023-06-26 00:00:00,Performing
CHIKEZIE CHIBUIKE VICTOR,"=""22345687740""",50 Location Bus Stop Port Harcourt Rivers,,"=""22237955""","=""804536""","=""10370139""",Personal fixed term loan,2023-05-23 00:00:00,5000.00,0.00,,0.00,6000.00,NGN,0,Closed,2023-06-07 00:00:00,Performing
OBIANKE MARVEL CHUKS,,NO 2 OBIANKE STREET OZORO,,"=""22243142""","=""7129241""","=""10376601""",Personal fixed term loan,2023-05-24 00:00:00,5000.00,0.00,,0.00,6000.00,NGN,0,Closed,2023-06-08 00:00:00,Performing
ADEJUMOKE RAUF,"=""22229329171""",ARMY BARRACKS MOKOLA OKE ITUNU IBADAN,,"=""22249058""","=""5747250""","=""10593196""",Personal fixed term loan,2023-06-14 00:00:00,5000.00,0.00,,0.00,6500.00,NGN,0,Closed,2023-07-14 00:00:00,Performing
OLUWASEUN OJO,"=""22176013121""",4 ADEDEWE STREET IMALEFALAFIA Ibadan SouthWest Oyo State,,"=""22249108""","=""5146767""","=""161186750""",Personal fixed term loan,2020-03-20 00:00:00,10000.00,0.00,,0.00,12500.00,NGN,0,Closed,2020-04-20 00:00:00,Performing
suebat azeez,"=""22280302737""",IKEJIS COMPOUND UMUIKWELLE VILLAGE EZIOWELLE,,"=""22251759""","=""3375759""","=""2070472077""",Personal fixed term loan,2019-12-11 00:00:00,2500.00,0.00,,0.00,3120.00,NGN,0,Closed,2020-01-10 00:00:00,Performing
MUSA BASHIR,"=""22546054136""",22 CHURCH STREET IJORA LAGOS,,"=""22252852""","=""3364995""","=""6323267705""",Personal fixed term loan,2020-07-24 00:00:00,5000.00,0.00,,0.00,6000.00,NGN,0,Closed,2020-08-10 00:00:00,Performing
ADESIJI ADEGUNLE,"=""22298845958""",35 KOLAWOLE STREET OKE ARO STREET AKURE,,"=""22253731""","=""6697035""","=""10542999""",Personal fixed term loan,2023-06-09 00:00:00,2500.00,0.00,,0.00,3037.50,NGN,0,Closed,2023-06-24 00:00:00,Performing
ADESIJI ADEGUNLE,"=""22298845958""",35 KOLAWOLE STREET OKE ARO STREET AKURE,,"=""22253731""","=""6697035""","=""216208857""",Personal fixed term loan,2020-03-31 00:00:00,2500.00,0.00,,0.00,2870.00,NGN,0,Closed,2020-04-15 00:00:00,Performing
SAMUEL OGUNNIYI,"=""22188010440""",10 KEMTA OKE BODE ABEOKUTA Abeokuta South Ogun State,,"=""22259304""","=""5610844""","=""1674455""",Personal fixed term loan,2020-02-25 00:00:00,2500.00,0.00,,0.00,3250.00,NGN,0,Closed,2020-03-26 00:00:00,Performing
SAMUEL OGUNNIYI,"=""22188010440""",10 KEMTA OKE BODE ABEOKUTA Abeokuta South Ogun State,,"=""22259304""","=""5610844""","=""2208959768""",Personal fixed term loan,2020-02-25 00:00:00,2500.00,0.00,,0.00,3250.00,NGN,0,Closed,2020-03-26 00:00:00,Performing
TERRY ADEHOR,"=""22352130507""",EKARA ONNE ELEME Eleme Rivers State,,"=""22260876""","=""5951257""","=""1675054""",Personal fixed term loan,2020-02-25 00:00:00,2500.00,0.00,,0.00,3250.00,NGN,0,Closed,2020-03-26 00:00:00,Performing
MUHAMMAD MUHAMMAD,,KUWAIT LINE TUDUN MURTALA KANO,,"=""22261569""","=""4606474""","=""2252169472""",Personal fixed term loan,2019-12-31 00:00:00,2500.00,0.00,,0.00,2870.00,NGN,0,Closed,2020-01-15 00:00:00,Performing
CATHERINE ATTAH,,NEAR CPC TRANSFER BACK OF PRISON DADIN KOWA KEFFI NASARAWA,,"=""22134458""","=""43836094""","=""10531669""",Personal fixed term loan,2023-06-08 00:00:00,7500.00,9675.00,,0.00,9675.00,NGN,0,Open,2023-07-08 00:00:00,Performing
OLUWAMAYOWA ADEKUNFE,,21 OGUNMODEDE STREET SOMORIN OBANTOKO Abeokuta South Ogun,,"=""22138453""","=""7217672""","=""10507837""",Personal fixed term loan,2023-06-05 00:00:00,5000.00,0.00,,0.00,6500.00,NGN,0,Closed,2023-07-27 00:00:00,Performing
AKINBOBOYE OROBOLA JULIUS,"=""22271582403""",NO 12 ORISUBARE STREET OFF KUOLA APATA IBDAN Ido Oyo State,,"=""22237691""","=""680369""","=""10604310""",Personal fixed term loan,2023-06-15 00:00:00,2500.00,0.00,,0.00,3000.00,NGN,0,Closed,2023-06-30 00:00:00,Performing
OKENWA IKENNA GODWIN,,NO 92 OLD ABAKALIKI RD EMENE,,"=""22247736""","=""7436771""","=""10696991""",Personal fixed term loan,2023-06-25 00:00:00,5000.00,0.00,,0.00,6000.00,NGN,0,Closed,2023-07-10 00:00:00,Performing
CHARLES BRAIMOH,"=""22323480408""",FACULTY OF NATURAL SCI DEPT OF BIOCHEMISTRY KabbaBunu Kogi,,"=""22251727""","=""5319354""","=""1844423""",Personal fixed term loan,2020-03-18 00:00:00,1500.00,0.00,,0.00,1870.00,NGN,0,Closed,2020-04-17 00:00:00,Performing
CHARLES BRAIMOH,"=""22323480408""",FACULTY OF NATURAL SCI DEPT OF BIOCHEMISTRY KabbaBunu Kogi,,"=""22251727""","=""5319354""","=""3082609174""",Personal fixed term loan,2020-03-18 00:00:00,1500.00,0.00,,0.00,1870.00,NGN,0,Closed,2020-04-17 00:00:00,Performing
ISA RAHMAN,"=""22545443278""",plot t IBB BLOCK AREA 4  Badagry Lagos State,,"=""22251778""","=""5800410""","=""1630385""",Personal fixed term loan,2020-02-18 00:00:00,2500.00,0.00,,0.00,2500.00,NGN,0,Closed,2020-03-19 00:00:00,Performing
SAHEED BABALOLA,,NO 7 COOPERATIVE ESTATE BADORE,,"=""22251927""","=""2801187""","=""2260045102""",Personal fixed term loan,2019-10-27 00:00:00,5000.00,0.00,,0.00,5750.00,NGN,0,Closed,2019-11-11 00:00:00,Performing
OLUWASEUN BAKARE,"=""22544773756""",1 AFO AFOLAYAN STREET IfakoIjaiye Lagos State,,"=""22254969""","=""6500061""","=""2264841797""",Personal fixed term loan,2020-03-21 00:00:00,2500.00,0.00,,0.00,3250.00,NGN,0,Closed,2020-04-20 00:00:00,Performing
AZEEZ SIKIRU,"=""22497812674""",3 AHSTRA STREET EJIGBO LAGOS OshodiIsolo Lagos State,,"=""22255020""","=""6008682""","=""1696061""",Personal fixed term loan,2020-02-27 00:00:00,2500.00,0.00,,0.00,3250.00,NGN,0,Closed,2020-03-30 00:00:00,Performing
CHRISTIANA OKPEKI,"=""22205104969""",19 PIPELINE ALAGBOLE OFF AKUTE  Ifo Ogun State,,"=""22255824""","=""3569400""","=""111611086""",Personal fixed term loan,2020-04-03 00:00:00,7500.00,0.00,,0.00,9370.00,NGN,0,Closed,2020-05-04 00:00:00,Performing
SAMSON YAMUSA,"=""22345362719""",KM 10 ABUJA EXPRESS ROAD KAKAU KADUNA STATE Chikun Kaduna,,"=""22256122""","=""6427389""","=""6019096819""",Personal fixed term loan,2020-07-22 00:00:00,10000.00,0.00,,0.00,12500.00,NGN,0,Closed,2020-08-21 00:00:00,Performing
ALIYU SANI,"=""22404973887""",UT 9 YORUBA STREET KAWO KADUNA Kaduna North Kaduna State,,"=""22256173""","=""5911731""","=""91487628""",Personal fixed term loan,2020-02-23 00:00:00,1500.00,0.00,,0.00,1500.00,NGN,0,Closed,2020-03-24 00:00:00,Performing
JEPHTHAH ADULPHUS,"=""22510909752""",KOLU AMA,,"=""22258415""","=""6708729""","=""10557218""",Personal fixed term loan,2023-06-10 00:00:00,5000.00,0.00,,0.00,6000.00,NGN,0,Closed,2023-06-25 00:00:00,Performing
FRANCESS NWABENU,"=""22255015712""",TIMBER SHADE OPPOSITE TRANSFORMER BWARI ABUJA Bwari FCT,,"=""22258815""","=""6038721""","=""3709335""",Personal fixed term loan,2021-05-10 00:00:00,20000.00,0.00,,0.00,24400.00,NGN,0,Closed,2021-06-09 00:00:00,Performing
JUSTICE NOSAKHARE,"=""22447197501""",12 AKITIPA STREET IJEBU ODE Ijebu Ode Ogun State,,"=""22259368""","=""3343297""","=""254830524""",Personal fixed term loan,2020-02-18 00:00:00,2500.00,0.00,,0.00,2870.00,NGN,0,Closed,2020-03-04 00:00:00,Performing
DORCAS AGBEKA,,SW960ODO ALARABAIBADAN Ibadan SouthWest Oyo State,,"=""22249171""","=""6924462""","=""30639815""",Personal fixed term loan,2020-04-12 00:00:00,1500.00,0.00,,0.00,1720.00,NGN,0,Closed,2020-04-27 00:00:00,Performing
MONDAY IDADA,"=""22316980050""",AFTER BRIGHTER SCHOOL BEHIND DUNAMIS CHURCH MINNA NIGER ST,,"=""22249288""","=""3385176""","=""4811027004""",Personal fixed term loan,2019-11-15 00:00:00,2500.00,0.00,,0.00,2870.00,NGN,0,Closed,2019-12-02 00:00:00,Performing
JULAIBIB ADAM,"=""22527601300""",ANGUWAR SHADO AREA,,"=""22249422""","=""6547203""","=""1878540""",Personal fixed term loan,2020-03-24 00:00:00,2500.00,0.00,,0.00,3250.00,NGN,0,Closed,2020-04-23 00:00:00,Performing
IFEANYI AGUBOSHIM,"=""22322524808""",AGUBOSHIM COMPOUND UMUEKPUOGBAKU OWERRI IMO Mbaitoli Imo S,,"=""22249958""","=""5777823""","=""2250634714""",Personal fixed term loan,2020-02-27 00:00:00,2500.00,0.00,,0.00,3250.00,NGN,0,Closed,2020-03-30 00:00:00,Performing
OLUGBENGA ABOYEJI,,NO 19 ALABEDE STREET OJOO IBADAN OYO STATE Akinyele Oyo St,,"=""22251194""","=""2991198""","=""6170887554""",Personal fixed term loan,2020-02-25 00:00:00,35000.00,0.00,,0.00,42700.00,NGN,0,Closed,2020-03-26 00:00:00,Performing
ADEGBOLAGA ADEBOWALE,"=""22153533275""",12 AMINU STREET MENDE MARYLAND LAGOS Kosofe Lagos State,,"=""22251730""","=""6109374""","=""1873340""",Personal fixed term loan,2020-03-23 00:00:00,10000.00,0.00,,0.00,13000.00,NGN,0,Closed,2020-04-22 00:00:00,Performing
ABIOLA AGBABIAKA,"=""22523687128""",NO 11 DAYSPRING STREET IWOFE PHC,,"=""22251845""","=""3066876""","=""2128475467""",Personal fixed term loan,2019-11-03 00:00:00,1500.00,0.00,,0.00,1720.00,NGN,0,Closed,2019-11-18 00:00:00,Performing
Olayinka Timothy,"=""22150612405""",MAYFAIR SOLAR CLOSE ILE IFE OSUN STATE Ife Central Osun St,,"=""22253566""","=""9805161""","=""169468542""",Personal fixed term loan,2020-11-24 00:00:00,20000.00,0.00,,0.00,26000.00,NGN,0,Closed,2020-12-24 00:00:00,Performing
ABEKE OWOLABI,,NO 20 SOJ STREETSAWMILL AREA ILORIN Ilorin South Kwara Sta,,"=""22253702""","=""6003024""","=""1694120""",Personal fixed term loan,2020-02-27 00:00:00,2500.00,0.00,,0.00,2870.00,NGN,0,Closed,2020-03-13 00:00:00,Performing
ABEKE OWOLABI,,NO 20 SOJ STREETSAWMILL AREA ILORIN Ilorin South Kwara Sta,,"=""22253702""","=""6003024""","=""2091159074""",Personal fixed term loan,2020-02-27 00:00:00,2500.00,0.00,,0.00,2870.00,NGN,0,Closed,2020-03-13 00:00:00,Performing
JEREMIAH GUDAKU,"=""22328888852""",SOKPO ABIEM STREET GRA GBOKO NORTH GBOKO Gboko Benue State,,"=""22254604""","=""6822543""","=""1927560""",Personal fixed term loan,2020-04-08 00:00:00,2500.00,0.00,,0.00,3250.00,NGN,0,Closed,2020-05-08 00:00:00,Performing
JEREMIAH GUDAKU,"=""22328888852""",SOKPO ABIEM STREET GRA GBOKO NORTH GBOKO Gboko Benue State,,"=""22254604""","=""6822543""","=""2083646281""",Personal fixed term loan,2020-04-08 00:00:00,2500.00,0.00,,0.00,3250.00,NGN,0,Closed,2020-05-08 00:00:00,Performing
Afusat Adisa,"=""22494526046""",35 makinde street alagbado,,"=""22255087""","=""5484546""","=""1535321""",Personal fixed term loan,2020-02-05 00:00:00,2500.00,0.00,,0.00,2870.00,NGN,0,Closed,2020-02-20 00:00:00,Performing
Afusat Adisa,"=""22494526046""",35 makinde street alagbado,,"=""22255087""","=""5484546""","=""6554730759""",Personal fixed term loan,2020-02-05 00:00:00,2500.00,0.00,,0.00,2870.00,NGN,0,Closed,2020-02-20 00:00:00,Performing
RAMOTA ADEFALU,,IBUKUNOLUWA PORTERS PHASE 2 Obafemi Owode Ogun State,,"=""22255840""","=""1605252""","=""2114111195""",Personal fixed term loan,2019-10-16 00:00:00,2500.00,0.00,,0.00,3120.00,NGN,0,Closed,2019-11-15 00:00:00,Performing
PEACE UWEAMBA,"=""22278736568""",ORON RD,,"=""22257576""","=""6870753""","=""2066492131""",Personal fixed term loan,2020-04-11 00:00:00,2500.00,0.00,,0.00,2870.00,NGN,0,Closed,2020-04-27 00:00:00,Performing
ABDULLAHI OMOYI SALIHU,"=""22225577048""",Not Available,,"=""22252824""","=""1356705""","=""114983216""",Personal fixed term loan,2019-06-22 00:00:00,1500.00,0.00,,0.00,1720.00,NGN,0,Closed,2019-07-08 00:00:00,Performing
ADEOLU ODUNFA,,No 10 Aderonke Opawale street Aba ode Alakia Ibadan Egbeda,,"=""22252924""","=""1589256""","=""701044413""",Personal fixed term loan,2019-11-01 00:00:00,15000.00,0.00,,0.00,18750.00,NGN,0,Closed,2019-12-02 00:00:00,Performing
ISARKU WAHABU,,32 OKERANTRY STREET,,"=""22254545""","=""2253612""","=""5533112018""",Personal fixed term loan,2019-10-06 00:00:00,1500.00,0.00,,0.00,1720.00,NGN,0,Closed,2019-10-21 00:00:00,Performing
BLESSING CHARLES,"=""22205562154""",2 LAWANI STREET ITIRO SURULERE Mushin Lagos State,,"=""22255146""","=""9676266""","=""2178995630""",Personal fixed term loan,2020-11-17 00:00:00,5000.00,0.00,,0.00,6000.00,NGN,0,Closed,2020-12-02 00:00:00,Performing
RABIU IBRAHIM,"=""22433139016""",MARKE BAKIN TITI MAKARFI Makarfi Kaduna State,,"=""22256181""","=""6303942""","=""1806119""",Personal fixed term loan,2020-03-12 00:00:00,1500.00,0.00,,0.00,1720.00,NGN,0,Closed,2020-03-27 00:00:00,Performing
RABIU IBRAHIM,"=""22433139016""",MARKE BAKIN TITI MAKARFI Makarfi Kaduna State,,"=""22256181""","=""6303942""","=""2120702536""",Personal fixed term loan,2020-03-12 00:00:00,1500.00,0.00,,0.00,1720.00,NGN,0,Closed,2020-03-27 00:00:00,Performing
ismail imran,"=""22516996794""",22 malumfashi road gwarrwaje Zaria Kaduna State,,"=""22256182""","=""6327174""","=""1813598""",Personal fixed term loan,2020-03-13 00:00:00,2500.00,0.00,,0.00,3250.00,NGN,0,Closed,2020-04-14 00:00:00,Performing
JOSHUA DADA,,no11 Harmony Street Ajinde 2 estateOluyole extensionIbadan,,"=""22259675""","=""1689994""","=""2117169610""",Personal fixed term loan,2019-08-26 00:00:00,1500.00,0.00,,0.00,1950.00,NGN,0,Closed,2019-09-25 00:00:00,Performing
JOSHUA DADA,,no11 Harmony Street Ajinde 2 estateOluyole extensionIbadan,,"=""22259675""","=""1689994""","=""535978""",Personal fixed term loan,2019-08-26 00:00:00,1500.00,0.00,,0.00,1950.00,NGN,0,Closed,2019-09-25 00:00:00,Performing
opeyemi olatunde,"=""22258164282""",fed poly ado ekiti Ado Ekiti Ekiti State,,"=""22259690""","=""5921653""","=""1700629""",Personal fixed term loan,2020-02-28 00:00:00,2500.00,0.00,,0.00,2500.00,NGN,0,Closed,2020-03-30 00:00:00,Performing
opeyemi olatunde,"=""22258164282""",fed poly ado ekiti Ado Ekiti Ekiti State,,"=""22259690""","=""5921653""","=""2056737813""",Personal fixed term loan,2020-02-28 00:00:00,2500.00,0.00,,0.00,2500.00,NGN,0,Closed,2020-03-30 00:00:00,Performing
CAROLINE ADENIYI,"=""22291644192""",SW81072 IMALEFALAFIA AYEGBUSI BUS STOP OKE ADO IBADAN Ibad,,"=""22261447""","=""1616269""","=""3037981032""",Personal fixed term loan,2020-03-10 00:00:00,7500.00,0.00,,0.00,9370.00,NGN,0,Closed,2020-04-09 00:00:00,Performing
ABAYOMI EGUNBIYI,"=""22375290093""",NO 6L OJUMOSE STR ADO EKITI Ado Ekiti Ekiti State,,"=""22263120""","=""5202601""","=""1448469""",Personal fixed term loan,2020-01-23 00:00:00,2500.00,0.00,,0.00,3250.00,NGN,0,Closed,2020-02-24 00:00:00,Performing
GABRIEL ORISAMEYITI,,93 IJOKA ROAD AKURE Akure South Ondo State,,"=""22263283""","=""6163312""","=""1809763""",Personal fixed term loan,2020-03-13 00:00:00,5000.00,0.00,,0.00,5750.00,NGN,0,Closed,2020-03-30 00:00:00,Performing
ESTHER UGOR,"=""22178523752""",HOUSE DIRECTLY BEHIND FIRST BANK MPAPE Bwari FCT,,"=""22263319""","=""6714061""","=""118594768""",Personal fixed term loan,2020-04-01 00:00:00,2500.00,0.00,,0.00,2870.00,NGN,0,Closed,2020-04-16 00:00:00,Performing
ESTHER UGOR,"=""22178523752""",HOUSE DIRECTLY BEHIND FIRST BANK MPAPE Bwari FCT,,"=""22263319""","=""6714061""","=""1918151""",Personal fixed term loan,2020-04-01 00:00:00,2500.00,0.00,,0.00,2870.00,NGN,0,Closed,2020-04-16 00:00:00,Performing
HALILAT BOLAJI,"=""22304072381""",14 15 Prince Alaba Oniru Road Victoria Island,,"=""22251780""","=""5955624""","=""1819942""",Personal fixed term loan,2020-03-14 00:00:00,2500.00,0.00,,0.00,3250.00,NGN,0,Closed,2020-04-14 00:00:00,Performing
IJEOMA OKAFOR,"=""22435229944""",NO3 AYODELE OLASUPO OFF EWUPE SANGO OTA AdoOdoOta Ogun Sta,,"=""22251963""","=""6328875""","=""1865128""",Personal fixed term loan,2020-03-22 00:00:00,5000.00,0.00,,0.00,5750.00,NGN,0,Closed,2020-04-06 00:00:00,Performing
IJEOMA OKAFOR,"=""22435229944""",NO3 AYODELE OLASUPO OFF EWUPE SANGO OTA AdoOdoOta Ogun Sta,,"=""22251963""","=""6328875""","=""2097252599""",Personal fixed term loan,2020-03-22 00:00:00,5000.00,0.00,,0.00,5750.00,NGN,0,Closed,2020-04-06 00:00:00,Performing
BIYAR BIOKOROGHA,"=""22340224746""",46 ABEKE ROAD SAPELE Sapele Delta Delta State,,"=""22253584""","=""6299619""","=""1859764""",Personal fixed term loan,2020-03-21 00:00:00,5000.00,0.00,,0.00,6250.00,NGN,0,Closed,2020-04-20 00:00:00,Performing
BIYAR BIOKOROGHA,"=""22340224746""",46 ABEKE ROAD SAPELE Sapele Delta Delta State,,"=""22253584""","=""6299619""","=""2080940304""",Personal fixed term loan,2020-03-21 00:00:00,5000.00,0.00,,0.00,6250.00,NGN,0,Closed,2020-04-20 00:00:00,Performing
TIMOTHY ONIFADE,"=""22416797464""",KIOWO STREETOKE OLA BUS STOP ILE IFE  Ife Central Osun Sta,,"=""22253618""","=""6101007""","=""1730377""",Personal fixed term loan,2020-03-03 00:00:00,2500.00,0.00,,0.00,3250.00,NGN,0,Closed,2020-04-02 00:00:00,Performing
GOODNESS JOHN,"=""22435346397""",2 YOMI KUKU STREET ALAPERE KETU Kosofe Lagos State,,"=""22253767""","=""3965460""","=""2177107867""",Personal fixed term loan,2019-12-06 00:00:00,1500.00,0.00,,0.00,1720.00,NGN,0,Closed,2019-12-23 00:00:00,Performing
BUKOLA OGUNSEGUN,"=""22458305209""",19 OMODADA STEET OFF PETER BUS STOP AmuwoOdofin Lagos Stat,,"=""22255822""","=""6502182""","=""1869781""",Personal fixed term loan,2020-03-23 00:00:00,10000.00,0.00,,0.00,13000.00,NGN,0,Closed,2020-04-22 00:00:00,Performing
BUKOLA OGUNSEGUN,"=""22458305209""",19 OMODADA STEET OFF PETER BUS STOP AmuwoOdofin Lagos Stat,,"=""22255822""","=""6502182""","=""2104360075""",Personal fixed term loan,2020-03-23 00:00:00,10000.00,0.00,,0.00,13000.00,NGN,0,Closed,2020-04-22 00:00:00,Performing
bolanle abdulazeez,"=""22275282011""",7 kayode olaniyan ayetobi amikanle Alimosho Lagos State,,"=""22256758""","=""6820362""","=""1927484""",Personal fixed term loan,2020-04-08 00:00:00,2500.00,0.00,,0.00,3250.00,NGN,0,Closed,2020-05-08 00:00:00,Performing
SELEKUMO GIFTAMASOMA,"=""22436983917""",20 CAPTAIN AMAGALA LAGOS BUS STOP PH Port Harcourt Rivers,,"=""22257477""","=""6109605""","=""1733851""",Personal fixed term loan,2020-03-03 00:00:00,1500.00,0.00,,0.00,1950.00,NGN,0,Closed,2020-04-02 00:00:00,Performing
EMMANUEL AKHABUE,"=""22353592836""",NO 5 OHOBUE ROAD EVBOMODY BENIN CITY Ikpoba Okha Edo State,,"=""22259668""","=""5921680""","=""1664099""",Personal fixed term loan,2020-02-23 00:00:00,10000.00,0.00,,0.00,10000.00,NGN,0,Closed,2020-03-24 00:00:00,Performing
sodiq adeniran,"=""22149649614""",no 10 ozumbabadiwe off akindesola street victoria island l,,"=""22261472""","=""6342430""","=""1827440""",Personal fixed term loan,2020-03-16 00:00:00,2500.00,0.00,,0.00,3250.00,NGN,0,Closed,2020-04-15 00:00:00,Performing
PAUL RAPHAEL,"=""22380465619""",3WR72V Mopa Nigeria,,"=""22261621""","=""5148559""","=""3052174567""",Personal fixed term loan,2020-01-22 00:00:00,1500.00,0.00,,0.00,1720.00,NGN,0,Closed,2020-02-06 00:00:00,Performing
TIMOTHY TERKULA,"=""22443152296""",HSE 28 ABEOKUTA STR GARKI AREA 8 HSE 28 ABEOKUTA STR GARKI,,"=""22263208""","=""6039652""","=""1833028""",Personal fixed term loan,2020-03-17 00:00:00,1500.00,0.00,,0.00,1870.00,NGN,0,Closed,2020-04-16 00:00:00,Performing
CHRISTIAN NWACHUKWU,"=""22656017030""",FLAT1B IKOTA HOUSING ESTATE,,"=""22134657""","=""36436351""","=""10720055""",Personal fixed term loan,2023-06-27 00:00:00,7500.00,9675.00,,0.00,9675.00,NGN,0,Open,2023-07-27 00:00:00,Performing
WILLIAMS OZOR,"=""22261857973""",4 CHIEF UKAH COURT MAIN LAND EMENE,,"=""22135127""","=""38726047""","=""10667761""",Personal fixed term loan,2023-06-22 00:00:00,7500.00,8625.00,,0.00,8625.00,NGN,0,Open,2023-07-07 00:00:00,Performing
ABIODUN MUSA,,ABIOLA TIJANI STREET ELEPETE BABA ADISA STOP IBEJU LEKKI,,"=""22136329""","=""44150381""","=""10663686""",Personal fixed term loan,2023-06-21 00:00:00,20000.00,25400.00,,0.00,25400.00,NGN,0,Open,2023-07-21 00:00:00,Performing
OLUWATOSIN ADEWALE,"=""22643431142""",19 OLORUNSOGO STREET IBEJU LEKKI,,"=""22136429""","=""43960754""","=""10578834""",Personal fixed term loan,2023-06-13 00:00:00,20000.00,25800.00,,0.00,25800.00,NGN,0,Open,2023-07-13 00:00:00,Performing
TEMITOPE OLALUDE,,Igbo Oloyin,,"=""22136899""","=""44376944""","=""10741149""",Personal fixed term loan,2023-06-29 00:00:00,7500.00,8850.00,,0.00,8850.00,NGN,0,Open,2023-07-14 00:00:00,Performing
OSEREMEN JULIAN,"=""22296892589""",BACHIRAWA QTRS UNGOGO L G A KANO,,"=""22137799""","=""42807104""","=""10560110""",Personal fixed term loan,2023-06-10 00:00:00,7500.00,7260.00,,7260.00,8850.00,NGN,9,Open,2023-06-25 00:00:00,Watchlist
FARUQ OLADIPO,,NATA ALA,,"=""22249103""","=""1736247""","=""569226""",Personal fixed term loan,2019-08-31 00:00:00,1500.00,0.00,,0.00,1950.00,NGN,0,Closed,2019-09-30 00:00:00,Performing
AKINSEFUNMI AKINJIYAN,"=""22163983394""",PLOT 1 BLOCK 2 YANBULE ESTATE ASHI IBADAN  Ibadan NorthWes,,"=""22251228""","=""5917719""","=""1912757""",Personal fixed term loan,2020-03-31 00:00:00,5000.00,0.00,,0.00,6250.00,NGN,0,Closed,2020-04-30 00:00:00,Performing
SAIFULLAHI ABDULLAHI,,NO 336 DORAYI KAEAMA,,"=""22252028""","=""7304571""","=""10702089""",Personal fixed term loan,2023-06-25 00:00:00,5000.00,0.00,,0.00,6000.00,NGN,0,Closed,2023-07-10 00:00:00,Performing
FOLASHADE BANTUN,"=""22278888410""",ILE TITUN OGUNGBADE IB,,"=""22252900""","=""8358390""","=""125576757""",Personal fixed term loan,2021-02-26 00:00:00,5000.00,0.00,,0.00,6500.00,NGN,0,Closed,2021-03-29 00:00:00,Performing
QUADRI OLUYEMI,,UMUEZEALA UMUKABIA,,"=""22252947""","=""2991624""","=""929789""",Personal fixed term loan,2019-10-31 00:00:00,10000.00,0.00,,0.00,13000.00,NGN,0,Closed,2019-12-02 00:00:00,Performing
AJIRI OTOBO,"=""22488859600""",40 KWALE RD OZORO DELTA,"=""08109470062""","=""22253600""","=""6099882""","=""1729778""",Personal fixed term loan,2020-03-03 00:00:00,10000.00,0.00,,0.00,13000.00,NGN,0,Closed,2020-04-02 00:00:00,Performing
MUINAT BADRU,,NO 7 TAYOBELLO ST OWUTU AGRIC IKORODU  Ikorodu Lagos State,,"=""22254972""","=""1564410""","=""560018""",Personal fixed term loan,2019-08-29 00:00:00,1500.00,0.00,,0.00,1950.00,NGN,0,Closed,2019-09-30 00:00:00,Performing
MERCY OFEORITSHE EYURUNTELA,,NO 8 OLORIRE COMPOUND ALORE ILORIN Ilorin West Kwara State,,"=""22255472""","=""1607841""","=""1050477""",Personal fixed term loan,2019-11-22 00:00:00,1500.00,0.00,,0.00,1720.00,NGN,0,Closed,2019-12-09 00:00:00,Performing
MERCY OFEORITSHE EYURUNTELA,,NO 8 OLORIRE COMPOUND ALORE ILORIN Ilorin West Kwara State,,"=""22255472""","=""1607841""","=""492478""",Personal fixed term loan,2019-08-16 00:00:00,4000.00,0.00,,0.00,5000.00,NGN,0,Closed,2019-09-16 00:00:00,Performing
YAHAYA TASIU,"=""22553821295""",209 SHARADA KANO Gwale Kano State,,"=""22256744""","=""8559888""","=""1239305537""",Personal fixed term loan,2020-12-16 00:00:00,5000.00,0.00,,0.00,6000.00,NGN,0,Closed,2020-12-31 00:00:00,Performing
CHUKWUEBUKA ogu,,Not Available,,"=""22258463""","=""1306221""","=""2059971270""",Personal fixed term loan,2019-06-10 00:00:00,5000.00,0.00,,0.00,6500.00,NGN,0,Closed,2019-07-10 00:00:00,Performing
OBIOMA LEONARD,,RD 7 IMO HOUSING ESTATE UMUGUMA WORLDBANK OW IMO STATE Owe,,"=""22259265""","=""3190798""","=""3083420815""",Personal fixed term loan,2020-03-14 00:00:00,10000.00,0.00,,0.00,13000.00,NGN,0,Closed,2020-04-14 00:00:00,Performing
LYNN ADENIYI,,8 LAWAL STREET IGESU AYOBO,,"=""22254605""","=""1502466""","=""77185081""",Personal fixed term loan,2019-08-30 00:00:00,10000.00,0.00,,0.00,13000.00,NGN,0,Closed,2019-09-30 00:00:00,Performing
DEBORAH KEHINDE,,JAVY ROYAL HOSTELOTTA AdoOdoOta Ogun State,,"=""22254971""","=""1554033""","=""256695220""",Personal fixed term loan,2019-08-29 00:00:00,15000.00,0.00,,0.00,18750.00,NGN,0,Closed,2019-09-30 00:00:00,Performing
DEBORAH KEHINDE,,JAVY ROYAL HOSTELOTTA AdoOdoOta Ogun State,,"=""22254971""","=""1554033""","=""559041""",Personal fixed term loan,2019-08-29 00:00:00,15000.00,0.00,,0.00,18750.00,NGN,0,Closed,2019-09-30 00:00:00,Performing
OLUWASEUN BABATUNDE,,19 HONOURABLE STREET OFF ISUTI ROAD IGANDO LAGOS Alimosho,,"=""22255839""","=""1603830""","=""2085326048""",Personal fixed term loan,2019-08-19 00:00:00,15000.00,0.00,,0.00,18750.00,NGN,0,Closed,2019-09-18 00:00:00,Performing
ISOKEN EMOVON,"=""22232182475""",2 OLORUNLOSE STREET IKOYI OKE OLAMBE OGUN STATE Ifo Ogun S,,"=""22255907""","=""4252950""","=""3072396730""",Personal fixed term loan,2019-12-17 00:00:00,2500.00,0.00,,0.00,2870.00,NGN,0,Closed,2020-01-02 00:00:00,Performing
RUKAYAT ISIAQ,,ido road Lagos state,,"=""22256158""","=""945819""","=""125245""",Personal fixed term loan,2019-03-07 00:00:00,20000.00,0.00,,0.00,26000.00,NGN,0,Closed,2019-04-08 00:00:00,Performing
RUKAYAT ISIAQ,,ido road Lagos state,,"=""22256158""","=""945819""","=""1764050288""",Personal fixed term loan,2019-03-07 00:00:00,20000.00,0.00,,0.00,26000.00,NGN,0,Closed,2019-04-08 00:00:00,Performing
CAROLINE EDAFIAGA,"=""22270918683""",ZONE JNO 46 MARKET BUS STOP MEBAMU Ojo Lagos State,,"=""22256707""","=""628551""","=""1884953""",Personal fixed term loan,2020-03-25 00:00:00,25000.00,0.00,,0.00,28750.00,NGN,0,Closed,2020-04-09 00:00:00,Performing
USMAN MUSA,"=""22435203353""",17 BELLO CLOSE OPP GLORY PLAZA DUTSE ABUJA,,"=""22258783""","=""13976958""","=""10647883""",Personal fixed term loan,2023-06-20 00:00:00,5000.00,0.00,,0.00,6000.00,NGN,0,Closed,2023-07-05 00:00:00,Performing
CHIBUEZE OPARA,,49 TETLOW ROAD OWERRI Owerri West Imo State,,"=""22259264""","=""1700731""","=""2351402790""",Personal fixed term loan,2019-08-27 00:00:00,1500.00,0.00,,0.00,1950.00,NGN,0,Closed,2019-09-26 00:00:00,Performing
ABDULLAHI SABITU,"=""22491308197""",ISOKAN IBADAN Ona Ara Oyo State,,"=""22259332""","=""6274585""","=""1240170106""",Personal fixed term loan,2020-03-11 00:00:00,1500.00,0.00,,0.00,1720.00,NGN,0,Closed,2020-03-26 00:00:00,Performing
IFEOLUWA TAIWO,"=""22515663172""",OLOPOMEWA MISSION HOUSE ELEYELE IBADAN Ibadan NorthWest Oy,,"=""22261455""","=""6198688""","=""1768573""",Personal fixed term loan,2020-03-07 00:00:00,1500.00,0.00,,0.00,1950.00,NGN,0,Closed,2020-04-06 00:00:00,Performing
IFEOLUWA TAIWO,"=""22515663172""",OLOPOMEWA MISSION HOUSE ELEYELE IBADAN Ibadan NorthWest Oy,,"=""22261455""","=""6198688""","=""801354429""",Personal fixed term loan,2020-03-07 00:00:00,1500.00,0.00,,0.00,1950.00,NGN,0,Closed,2020-04-06 00:00:00,Performing
YUSUF TAHIR,"=""22344430688""",5SABON LAYI KAWO  KADUNA Kaduna North Kaduna State,,"=""22261570""","=""5380984""","=""1614897""",Personal fixed term loan,2020-02-16 00:00:00,5000.00,0.00,,0.00,5750.00,NGN,0,Closed,2020-03-02 00:00:00,Performing
kazeem olowolagba,,NO 12 ANIPUPO STREET AGBELOBA ABEOKUTA OGUN STATE Abeokuta,,"=""22262506""","=""679867""","=""1395881""",Personal fixed term loan,2020-01-15 00:00:00,15000.00,0.00,,0.00,18300.00,NGN,0,Closed,2020-02-14 00:00:00,Performing
kazeem olowolagba,,NO 12 ANIPUPO STREET AGBELOBA ABEOKUTA OGUN STATE Abeokuta,,"=""22262506""","=""679867""","=""2088360526""",Personal fixed term loan,2020-01-15 00:00:00,15000.00,0.00,,0.00,18300.00,NGN,0,Closed,2020-02-14 00:00:00,Performing
ISIAQ ODEMUYIWA,"=""22553690864""",NO 38 ITAASIN STREET MODAKEKE Ife East Osun State,,"=""22263144""","=""5862058""","=""1653772""",Personal fixed term loan,2020-02-21 00:00:00,2500.00,0.00,,0.00,3120.00,NGN,0,Closed,2020-03-23 00:00:00,Performing
SAMUEL OGUNLANA,"=""22323176170""",25a somide odujinrin avenue omole phase 2,"=""2347035412600""","=""22132182""","=""43937087""","=""10570331""",Personal fixed term loan,2023-06-12 00:00:00,30000.00,38400.00,,0.00,38400.00,NGN,0,Open,2023-07-12 00:00:00,Performing
EMMANUEL OJOGU,,NO 8 MARUWA LEKKI PHASE 1 LAGOS,,"=""22133675""","=""43589537""","=""10662517""",Personal fixed term loan,2023-06-21 00:00:00,5000.00,3900.00,,0.00,5900.00,NGN,0,Open,2023-07-06 00:00:00,Performing
OLUWAFEMI JOSEPH,,LADELE CLOSE GATE IBADAN,,"=""22138432""","=""44037482""","=""10609468""",Personal fixed term loan,2023-06-16 00:00:00,20000.00,25800.00,,0.00,25800.00,NGN,0,Open,2023-07-16 00:00:00,Performing
MYRRIH IFEANYI,"=""22314751030""",NO 09 MBANO STREET,,"=""22138530""","=""43765370""","=""10506099""",Personal fixed term loan,2023-06-05 00:00:00,7500.00,9675.00,,0.00,9675.00,NGN,0,Open,2023-07-05 00:00:00,Performing
SULAIMON ADEGBIYI,"=""22184936658""",NO 40 ODO ONA OKE AYO IBADAN Ibadan SouthWest Oyo State,,"=""22251106""","=""6195279""","=""1788858""",Personal fixed term loan,2020-03-10 00:00:00,2500.00,0.00,,0.00,2870.00,NGN,0,Closed,2020-03-25 00:00:00,Performing
OLUWASEGUN ADISA,"=""22399090167""",1 PROGRESS STREET MOWE OGUN STATE Obafemi Owode Ogun State,,"=""22251808""","=""6425502""","=""1842148""",Personal fixed term loan,2020-03-18 00:00:00,2500.00,0.00,,0.00,3250.00,NGN,0,Closed,2020-04-17 00:00:00,Performing
OLUWASEGUN ADISA,"=""22399090167""",1 PROGRESS STREET MOWE OGUN STATE Obafemi Owode Ogun State,,"=""22251808""","=""6425502""","=""43413379""",Personal fixed term loan,2020-03-18 00:00:00,2500.00,0.00,,0.00,3250.00,NGN,0,Closed,2020-04-17 00:00:00,Performing
ISHAQ NASIRU,"=""22303480240""",KURNA,,"=""22251901""","=""5987502""","=""3663000935""",Personal fixed term loan,2020-03-01 00:00:00,1500.00,0.00,,0.00,1720.00,NGN,0,Closed,2020-03-16 00:00:00,Performing
MUSTAPHA ABUBAKAR,"=""22493324366""",Not Available,,"=""22252846""","=""10186641""","=""7132960018""",Personal fixed term loan,2020-12-15 00:00:00,5000.00,0.00,,0.00,6000.00,NGN,0,Closed,2020-12-30 00:00:00,Performing
AZEEZ AKALA,"=""22237972596""",6 Erelu street Surulere Lagos,,"=""22255041""","=""5968179""","=""1758673""",Personal fixed term loan,2020-03-06 00:00:00,2500.00,0.00,,0.00,2870.00,NGN,0,Closed,2020-03-23 00:00:00,Performing
YUSUPH ABDULKAREEM,,no 98 idumagbo street lagos island,,"=""22255552""","=""900315""","=""111314""",Personal fixed term loan,2019-02-19 00:00:00,30000.00,0.00,,0.00,39000.00,NGN,0,Closed,2019-03-21 00:00:00,Performing
SOIBILATE GEORGE,"=""22519855975""",53 ILORO STREET OKE IJEBU AKURE,,"=""22257483""","=""2238813""","=""804995351""",Personal fixed term loan,2019-10-03 00:00:00,1500.00,0.00,,0.00,1950.00,NGN,0,Closed,2019-11-04 00:00:00,Performing
OJOCHENEMI ALFA,"=""22448414577""",OPP ECWA CHURCH ANGWANDODO GWAGWALADA ABUJA FCT Gwagwalada,,"=""22258687""","=""6158259""","=""1811934""",Personal fixed term loan,2020-03-13 00:00:00,2500.00,0.00,,0.00,2870.00,NGN,0,Closed,2020-03-30 00:00:00,Performing
OJOCHENEMI ALFA,"=""22448414577""",OPP ECWA CHURCH ANGWANDODO GWAGWALADA ABUJA FCT Gwagwalada,,"=""22258687""","=""6158259""","=""6320187884""",Personal fixed term loan,2020-03-13 00:00:00,2500.00,0.00,,0.00,2870.00,NGN,0,Closed,2020-03-30 00:00:00,Performing
BLESSING OLANREWAJU,"=""22168176830""",Nigeria,"=""2348120072323""","=""22259287""","=""6537766""","=""1886707""",Personal fixed term loan,2020-03-25 00:00:00,2500.00,0.00,,0.00,3250.00,NGN,0,Closed,2020-04-24 00:00:00,Performing
SHERIFF KAZEEM,,OLORUNDA ABAA AKOBO,,"=""22259296""","=""1412695""","=""2125208383""",Personal fixed term loan,2019-08-22 00:00:00,2500.00,0.00,,0.00,3120.00,NGN,0,Closed,2019-09-23 00:00:00,Performing
SHERIFF KAZEEM,,OLORUNDA ABAA AKOBO,,"=""22259296""","=""1412695""","=""522217""",Personal fixed term loan,2019-08-22 00:00:00,2500.00,0.00,,0.00,3120.00,NGN,0,Closed,2019-09-23 00:00:00,Performing
ISLAMIYAT IBRAHIM,"=""22461428861""",18 AUD ROAD,,"=""22253530""","=""1783770""","=""2091050865""",Personal fixed term loan,2019-11-01 00:00:00,5000.00,0.00,,0.00,6250.00,NGN,0,Closed,2019-12-02 00:00:00,Performing
OPEYEMI OYENEYE,"=""22148853355""",19 SANUSI STREET BARUWA BUS STOP IJESHATEDO SURULERE Surul,,"=""22254968""","=""6010563""","=""217641350""",Personal fixed term loan,2020-04-09 00:00:00,2500.00,0.00,,0.00,3250.00,NGN,0,Closed,2020-05-11 00:00:00,Performing
OKECHUKWU ANDERSON,"=""22516208020""",5 SANDI STREET IGANDO Alimosho Lagos State,,"=""22255795""","=""5111508""","=""2124653041""",Personal fixed term loan,2020-02-25 00:00:00,7500.00,0.00,,0.00,9370.00,NGN,0,Closed,2020-03-26 00:00:00,Performing
BUSAYO AKINRINDE,"=""22515097542""",5 BAALE STREET ORILE AjeromiIfelodun Lagos State,,"=""22255868""","=""6717012""","=""1918488""",Personal fixed term loan,2020-04-01 00:00:00,2500.00,0.00,,0.00,2870.00,NGN,0,Closed,2020-04-16 00:00:00,Performing
BUSAYO AKINRINDE,"=""22515097542""",5 BAALE STREET ORILE AjeromiIfelodun Lagos State,,"=""22255868""","=""6717012""","=""2124046841""",Personal fixed term loan,2020-04-01 00:00:00,2500.00,0.00,,0.00,2870.00,NGN,0,Closed,2020-04-16 00:00:00,Performing
OLATUNJI GBADEBO,"=""22549883447""",4BANKOLE AVENUE ONIKOLOBO STR  Abeokuta South Ogun State,,"=""22256731""","=""6488052""","=""1865115""",Personal fixed term loan,2020-03-22 00:00:00,2500.00,0.00,,0.00,2870.00,NGN,0,Closed,2020-04-06 00:00:00,Performing
OLATUNJI GBADEBO,"=""22549883447""",4BANKOLE AVENUE ONIKOLOBO STR  Abeokuta South Ogun State,,"=""22256731""","=""6488052""","=""2142707858""",Personal fixed term loan,2020-03-22 00:00:00,2500.00,0.00,,0.00,2870.00,NGN,0,Closed,2020-04-06 00:00:00,Performing
SHAMSIYA LAWALI,"=""22256045521""",Mpape,,"=""22259246""","=""2553430""","=""839608""",Personal fixed term loan,2019-10-16 00:00:00,2500.00,0.00,,0.00,3250.00,NGN,0,Closed,2019-11-15 00:00:00,Performing
OLUWASEGUN ADELEKE,"=""22221702178""",NO 17 ALARO SANGO IBADAN OYO STATE Ibadan North Oyo State,,"=""22259303""","=""5379808""","=""1502171""",Personal fixed term loan,2020-01-31 00:00:00,2500.00,0.00,,0.00,3250.00,NGN,0,Closed,2020-03-02 00:00:00,Performing
OLUWASEGUN ADELEKE,"=""22221702178""",NO 17 ALARO SANGO IBADAN OYO STATE Ibadan North Oyo State,,"=""22259303""","=""5379808""","=""28943083""",Personal fixed term loan,2020-01-31 00:00:00,2500.00,0.00,,0.00,3250.00,NGN,0,Closed,2020-03-02 00:00:00,Performing
MUHAMMAD AHMAD,"=""22396045559""",PLOT 317 ULUKU KAUYEN MALAM MUHAMMAD TARAUNI LGA Tarauni K,,"=""22261411""","=""5334703""","=""1638595""",Personal fixed term loan,2020-02-19 00:00:00,5000.00,0.00,,0.00,6250.00,NGN,0,Closed,2020-03-20 00:00:00,Performing
ABDULGANEEY ABDULLAH,"=""22364444542""",6 CHICAGO CLOSE MAGBO OGIJO Shagamu Ogun State,,"=""22261484""","=""6381904""","=""1829434""",Personal fixed term loan,2020-03-16 00:00:00,10000.00,0.00,,0.00,13000.00,NGN,0,Closed,2020-04-15 00:00:00,Performing
ABOSEDE HASSAN,"=""22558708304""",1 KETU OLUYOMI STR ATAN OTAOGUN AdoOdoOta Ogun State,,"=""22261541""","=""6795661""","=""1925657""",Personal fixed term loan,2020-04-07 00:00:00,2500.00,0.00,,0.00,2870.00,NGN,0,Closed,2020-04-22 00:00:00,Performing
CHIKWADO OGBONNA,"=""22282682145""",OKEKE OGBOANIS COMPOUNDUMUOWONDI AGUUGWUUMUEZE Nkanu West,,"=""22262990""","=""4158817""","=""6171894076""",Personal fixed term loan,2019-12-21 00:00:00,5000.00,0.00,,0.00,6500.00,NGN,0,Closed,2020-01-20 00:00:00,Performing
BOLUWATIFE SOETAN,,1 boye oyetoro avenue,,"=""22265019""","=""1896427""","=""667180""",Personal fixed term loan,2019-09-16 00:00:00,1500.00,0.00,,0.00,1950.00,NGN,0,Closed,2019-10-16 00:00:00,Performing
Tope Oladunjoye,"=""22145273576""",30 Krist Oladuni Street Ejigbo OshodiIsolo Lagos State,,"=""22266028""","=""5882722""","=""1652738""",Personal fixed term loan,2020-02-21 00:00:00,2500.00,0.00,,0.00,2500.00,NGN,0,Closed,2020-03-23 00:00:00,Performing
ABIGAIL TOVIZUNKU,,2 ABIODUN STREET LADIPO ESTATE SHOGUNLE,,"=""22251795""","=""1689915""","=""537031""",Personal fixed term loan,2019-08-26 00:00:00,2500.00,0.00,,0.00,3250.00,NGN,0,Closed,2019-09-25 00:00:00,Performing
BIDEMI OLONIYO,"=""22406666613""",24 FEMI JULIUS AVENUE IBAFO OGUN STATE Obafemi Owode Ogun,,"=""22253548""","=""5620140""","=""1646545""",Personal fixed term loan,2020-02-21 00:00:00,2500.00,0.00,,0.00,3120.00,NGN,0,Closed,2020-03-23 00:00:00,Performing
KABIRU MALIK,"=""22527990886""",16 AJIPOWO STREET AKURE Akure South Ondo State,,"=""22254552""","=""7154544""","=""814549919""",Personal fixed term loan,2020-04-19 00:00:00,1500.00,0.00,,0.00,1720.00,NGN,0,Closed,2020-05-04 00:00:00,Performing
BLESSING ADAMS,,NYANG ASSAM STREET BESIDES PYTHAGOREAN,,"=""22255590""","=""1802853""","=""279764134""",Personal fixed term loan,2019-09-22 00:00:00,2500.00,0.00,,0.00,3250.00,NGN,0,Closed,2019-10-22 00:00:00,Performing
BLESSING ADAMS,,NYANG ASSAM STREET BESIDES PYTHAGOREAN,,"=""22255590""","=""1802853""","=""697796""",Personal fixed term loan,2019-09-22 00:00:00,2500.00,0.00,,0.00,3250.00,NGN,0,Closed,2019-10-22 00:00:00,Performing
MUBARAK BASHIR,"=""22369584504""",INGAWA ROAD,,"=""22256092""","=""3410733""","=""2088571087""",Personal fixed term loan,2020-03-26 00:00:00,2500.00,0.00,,0.00,3250.00,NGN,0,Closed,2020-04-27 00:00:00,Performing
HAFSAT SALISU,"=""22556137476""",RAFIN GUZA Kaduna North Kaduna State,,"=""22257496""","=""6252690""","=""1788209""",Personal fixed term loan,2020-03-10 00:00:00,1500.00,0.00,,0.00,1950.00,NGN,0,Closed,2020-04-09 00:00:00,Performing
HAFSAT ZUBAIRU,"=""22431409249""",NO 1 KWADO SABON TITI KADUNA STATE Kaduna South Kaduna Sta,,"=""22257543""","=""5630034""","=""242136005""",Personal fixed term loan,2020-03-17 00:00:00,30000.00,0.00,,0.00,34500.00,NGN,0,Closed,2020-04-01 00:00:00,Performing
FAITH EGBOCHE,,IBADAN,,"=""22259283""","=""2203570""","=""835407""",Personal fixed term loan,2019-10-15 00:00:00,1500.00,0.00,,0.00,1950.00,NGN,0,Closed,2019-11-14 00:00:00,Performing
SOGO OLATINWO,"=""22385584836""",ARIYO OLUNLOYO IBADAN Ona Ara Oyo State,,"=""22259334""","=""6467086""","=""1854279""",Personal fixed term loan,2020-03-20 00:00:00,2500.00,0.00,,0.00,2870.00,NGN,0,Closed,2020-04-06 00:00:00,Performing
TEMITOPE FADIPE,"=""22361293727""",1 Odoayo street,,"=""22260836""","=""3940453""","=""1140342""",Personal fixed term loan,2019-12-05 00:00:00,10000.00,0.00,,0.00,11500.00,NGN,0,Closed,2019-12-20 00:00:00,Performing
SARATU SALISU,"=""22578304476""",SABON GARI GURIN GAWA Kumbotso Kano State,,"=""22261389""","=""10219183""","=""7103072018""",Personal fixed term loan,2020-12-17 00:00:00,10000.00,0.00,,0.00,13000.00,NGN,0,Closed,2021-01-18 00:00:00,Performing
ESTHER FAPOJUWO,"=""22377278822""",88 OLOMOWEWE STR ADIYAN BS ADIYAN IFO Ifo Ogun State,,"=""22261538""","=""5972632""","=""1839760""",Personal fixed term loan,2020-03-18 00:00:00,5000.00,0.00,,0.00,5750.00,NGN,0,Closed,2020-04-02 00:00:00,Performing
AZEEZ SANNI,"=""22551798773""",ZONE H 74 IWALEWA STREET ELEKO YAKUBA ILORIN Moro Kwara St,,"=""22263980""","=""6874966""","=""6631085011""",Personal fixed term loan,2020-04-11 00:00:00,1500.00,0.00,,0.00,1720.00,NGN,0,Closed,2020-04-27 00:00:00,Performing
CLINTON OKOKIGHO,"=""22518981662""",NO 1 ESEVWORI STREET Udu Delta State,,"=""22264027""","=""6089053""","=""3148758983""",Personal fixed term loan,2020-03-05 00:00:00,5000.00,0.00,,0.00,6250.00,NGN,0,Closed,2020-04-06 00:00:00,Performing
abiodun AKINDELE,"=""22257899268""",FEDRAL COLLEGE OF EDUCATION OYO Ibadan North Oyo State,,"=""22264980""","=""4088032""","=""2252966262""",Personal fixed term loan,2019-12-10 00:00:00,2500.00,0.00,,0.00,3250.00,NGN,0,Closed,2020-01-09 00:00:00,Performing
HAKEEM BANKOLE,"=""22389723327""",819 SALIU ARIYO STREET BAL BALOGUN LAGOS ISLAND Lagos Isla,,"=""22265984""","=""4704286""","=""219810565""",Personal fixed term loan,2020-01-11 00:00:00,5000.00,0.00,,0.00,5750.00,NGN,0,Closed,2020-01-27 00:00:00,Performing
MOHAMMED AJIBOYE,"=""22735536962""",Mairua Road Funtua Katsina State,,"=""22134397""","=""43550941""","=""10518077""",Personal fixed term loan,2023-06-06 00:00:00,1500.00,1935.00,,0.00,1935.00,NGN,0,Open,2023-07-06 00:00:00,Performing
JOHNPAUL EZE,"=""22722902932""",Music Department Music Department University of Nigeria Un,,"=""22134601""","=""44307850""","=""10715932""",Personal fixed term loan,2023-06-27 00:00:00,10000.00,12800.00,,0.00,12800.00,NGN,0,Open,2023-07-27 00:00:00,Performing
BASSEY AKPAN,,IKOTA PRIMARY SCHOOL LEKKI EPE EXPRESS WAY,,"=""22135401""","=""933230""","=""10606706""",Personal fixed term loan,2023-06-15 00:00:00,7500.00,9675.00,,0.00,9675.00,NGN,0,Open,2023-07-15 00:00:00,Performing
Oluchi Nnubia,"=""22210723029""",46 Onu Aran Street Unity Estate Idimu,,"=""22138727""","=""43489055""","=""10739089""",Personal fixed term loan,2023-06-29 00:00:00,20000.00,23240.00,,0.00,23240.00,NGN,0,Open,2023-07-14 00:00:00,Performing
AKPOMIEMIE OHWOFASA,,NO3 MOCHI STREETBEAUTY VILLA SABO QTR AUCHI,,"=""22139328""","=""75590""","=""10390406""",Personal fixed term loan,2023-05-25 00:00:00,5000.00,0.00,,0.00,6000.00,NGN,0,Closed,2023-06-09 00:00:00,Performing
AKPOMIEMIE OHWOFASA,,NO3 MOCHI STREETBEAUTY VILLA SABO QTR AUCHI,,"=""22139328""","=""75590""","=""10419175""",Personal fixed term loan,2023-05-28 00:00:00,5000.00,0.00,,0.00,6075.00,NGN,0,Closed,2023-06-12 00:00:00,Performing
AKPOMIEMIE OHWOFASA,,NO3 MOCHI STREETBEAUTY VILLA SABO QTR AUCHI,,"=""22139328""","=""75590""","=""10563882""",Personal fixed term loan,2023-06-11 00:00:00,30000.00,0.00,,0.00,39000.00,NGN,0,Closed,2023-07-11 00:00:00,Performing
JORO MATHEW JOSHUA,"=""22463886485""",20 back of uba sabo sagamu,,"=""22247627""","=""20978318""","=""10573714""",Personal fixed term loan,2023-06-12 00:00:00,2500.00,0.00,,0.00,2950.00,NGN,0,Closed,2023-06-27 00:00:00,Performing
ADEBAYO SAMSON TEMITAYO,"=""22531071348""",3 ONAJIDE STREET WATECO JUNCTION IBADAN Ibadan SouthWest O,,"=""22248563""","=""6508637""","=""10509621""",Personal fixed term loan,2023-06-06 00:00:00,2500.00,0.00,,0.00,3000.00,NGN,0,Closed,2023-06-21 00:00:00,Performing
SULAIMON ADEGBITE,"=""22500324787""",2 KANGAMETA COMPOUND SABO AREA OYO Atiba Oyo State,,"=""22249096""","=""5845752""","=""1640365""",Personal fixed term loan,2020-02-20 00:00:00,2500.00,0.00,,0.00,2500.00,NGN,0,Closed,2020-03-23 00:00:00,Performing
KEMI AKINYEMI,"=""22256282304""",Tundan Shopping Complex Opposite Aleshinloye Market Off Di,,"=""22249164""","=""5658789""","=""1829159""",Personal fixed term loan,2020-03-16 00:00:00,10000.00,0.00,,0.00,11500.00,NGN,0,Closed,2020-03-31 00:00:00,Performing
OLUMIDE OMOYENI,"=""22436734333""",NO 69 URO STREET IJELU EKITI,,"=""22251721""","=""3452790""","=""2097835484""",Personal fixed term loan,2019-11-18 00:00:00,1500.00,0.00,,0.00,1950.00,NGN,0,Closed,2019-12-18 00:00:00,Performing
TITILAYO OLANIYAN,"=""22263920057""",2 TOLU STREET UNION AVENUE ONIFADE EXTENSION ONIFADE TOWNI,,"=""22252840""","=""9011529""","=""16538071""",Personal fixed term loan,2020-10-07 00:00:00,15000.00,0.00,,0.00,18000.00,NGN,0,Closed,2020-10-22 00:00:00,Performing
ATIYAT NASIRU,"=""22448438739""",Muslim Street Oppsite Muslim Cemetery Modekeke,"=""07033538394""","=""22253525""","=""6030900""","=""2252341825""",Personal fixed term loan,2020-03-16 00:00:00,5000.00,0.00,,0.00,6250.00,NGN,0,Closed,2020-04-15 00:00:00,Performing
DAVID IDOWU,"=""22337900587""",ANGWAN GEDE TUNGANMAJE FCT ABUJA Gwagwalada FCT,,"=""22259256""","=""2400604""","=""233236565""",Personal fixed term loan,2019-12-30 00:00:00,5000.00,0.00,,0.00,6100.00,NGN,0,Closed,2020-01-29 00:00:00,Performing
VICTOR UGWU,"=""22331536083""",5D AMOGBO LANENSUKKA Nsukka Enugu State,,"=""22262749""","=""12355831""","=""10677595""",Personal fixed term loan,2023-06-23 00:00:00,5000.00,0.00,,0.00,6500.00,NGN,0,Closed,2023-07-23 00:00:00,Performing
ODINAKA OGBONNA,"=""22461491852""",NO 16 PRESS LANE ACHARA LAYOUT Udenu Enugu State,,"=""22253672""","=""6091056""","=""1812987""",Personal fixed term loan,2020-03-13 00:00:00,2500.00,0.00,,0.00,2870.00,NGN,0,Closed,2020-03-30 00:00:00,Performing
ODINAKA OGBONNA,"=""22461491852""",NO 16 PRESS LANE ACHARA LAYOUT Udenu Enugu State,,"=""22253672""","=""6091056""","=""2211929442""",Personal fixed term loan,2020-03-13 00:00:00,2500.00,0.00,,0.00,2870.00,NGN,0,Closed,2020-03-30 00:00:00,Performing
ABDULLAHI ADEBAYO,"=""22478580677""",KEIWO AREA ILOBU,"=""08138393299""","=""22253765""","=""6538857""","=""1879475""",Personal fixed term loan,2020-03-24 00:00:00,2500.00,0.00,,0.00,2870.00,NGN,0,Closed,2020-04-08 00:00:00,Performing
IMOLEAYO WHESU,,Iworo ajido road,"=""08169678572""","=""22255058""","=""3484041""","=""103877933""",Personal fixed term loan,2020-01-13 00:00:00,10000.00,0.00,,0.00,11500.00,NGN,0,Closed,2020-01-28 00:00:00,Performing
OTUBURE AKUMABOR,,Not Available,,"=""22255837""","=""1452822""","=""2213040464""",Personal fixed term loan,2020-05-10 00:00:00,5000.00,0.00,,0.00,6100.00,NGN,0,Closed,2020-06-09 00:00:00,Performing
ANIEKPENO UDO,"=""22491268596""",EXCAPADE OPPOSITE SAMSUNG OFFICE WUSE 2 Municipal Area Cou,,"=""22257416""","=""1630968""","=""784740""",Personal fixed term loan,2019-10-07 00:00:00,5000.00,0.00,,0.00,6250.00,NGN,0,Closed,2019-11-06 00:00:00,Performing
PETER OKWUSOGU,"=""22469028764""",FRED SHAHO COMPOUND,,"=""22257530""","=""1734357""","=""658200""",Personal fixed term loan,2019-09-14 00:00:00,2500.00,0.00,,0.00,2870.00,NGN,0,Closed,2019-09-30 00:00:00,Performing
ASIYA BELLO,"=""22565073343""",KWARARO AREA MARADUN L G A,,"=""22259670""","=""1766527""","=""3100903648""",Personal fixed term loan,2019-09-03 00:00:00,1500.00,0.00,,0.00,1950.00,NGN,0,Closed,2019-10-03 00:00:00,Performing
FATIMA IBRAHIM,"=""22556452915""",FELELE  Lokoja Kogi State,,"=""22262435""","=""6800896""","=""1926080""",Personal fixed term loan,2020-04-07 00:00:00,2500.00,0.00,,0.00,2870.00,NGN,0,Closed,2020-04-22 00:00:00,Performing
DENNIS AZUBUIKE,"=""22563455769""",OGBE OFU QUARTERS OGWASHIUKU Aniocha South Delta State,,"=""22263439""","=""8721163""","=""136622146""",Personal fixed term loan,2020-09-22 00:00:00,5000.00,0.00,,0.00,6000.00,NGN,0,Closed,2020-10-07 00:00:00,Performing
AYUBA MUSA,"=""22226172318""",51 GORRIOLA STREET AJEGUNLE AjeromiIfelodun Lagos State,,"=""22264925""","=""6051967""","=""1714046""",Personal fixed term loan,2020-03-01 00:00:00,2500.00,0.00,,0.00,2870.00,NGN,0,Closed,2020-03-16 00:00:00,Performing
YUSUF SSAN,,BLK 64B PLOT 10 HAKEEM DICKSON STREET LEKKI PHASE 1 Eti Os,,"=""22265018""","=""1648624""","=""778627715""",Personal fixed term loan,2019-08-23 00:00:00,1500.00,0.00,,0.00,1950.00,NGN,0,Closed,2019-09-23 00:00:00,Performing
KEWE AGBI,,19b Sunday bada street ojo Lagos,,"=""22265286""","=""777013""","=""380812""",Personal fixed term loan,2019-07-14 00:00:00,1500.00,0.00,,0.00,1950.00,NGN,0,Closed,2019-08-13 00:00:00,Performing
BLESSING ORLUMBA,"=""22388691179""",Kreigani town,,"=""22266665""","=""3670738""","=""1124886""",Personal fixed term loan,2019-12-03 00:00:00,5000.00,0.00,,0.00,6250.00,NGN,0,Closed,2020-01-02 00:00:00,Performing
BLESSING ORLUMBA,"=""22388691179""",Kreigani town,,"=""22266665""","=""3670738""","=""2088691767""",Personal fixed term loan,2019-12-03 00:00:00,5000.00,0.00,,0.00,6250.00,NGN,0,Closed,2020-01-02 00:00:00,Performing
ABDUR AJAO,"=""22199354072""",Not Available,,"=""22267937""","=""14027098""","=""3888975""",Personal fixed term loan,2021-06-05 00:00:00,10000.00,0.00,,0.00,11600.00,NGN,0,Closed,2021-07-05 00:00:00,Performing
DESMOND OKOROJI,"=""22398062004""",12 OLD AGBEDE ROAD EWU Esan Central Edo State,,"=""22267962""","=""3650096""","=""2175136788""",Personal fixed term loan,2020-03-07 00:00:00,1500.00,0.00,,0.00,1870.00,NGN,0,Closed,2020-04-06 00:00:00,Performing
BONAVENTURE BOYO,"=""22257921389""",322 ROAD BLOCK 4 FLAT 12 FESTAC TOWN AmuwoOdofin Lagos Sta,,"=""22254960""","=""5700528""","=""1786252""",Personal fixed term loan,2020-03-10 00:00:00,7500.00,0.00,,0.00,9370.00,NGN,0,Closed,2020-04-09 00:00:00,Performing
BONAVENTURE BOYO,"=""22257921389""",322 ROAD BLOCK 4 FLAT 12 FESTAC TOWN AmuwoOdofin Lagos Sta,,"=""22254960""","=""5700528""","=""47018425""",Personal fixed term loan,2020-03-10 00:00:00,7500.00,0.00,,0.00,9370.00,NGN,0,Closed,2020-04-09 00:00:00,Performing
UCHE ANORUO,,6 AGBONYIN STR ADELABU BS SURULERE,,"=""22255803""","=""2883699""","=""49661300""",Personal fixed term loan,2019-10-29 00:00:00,1500.00,0.00,,0.00,1950.00,NGN,0,Closed,2019-11-28 00:00:00,Performing
J ATOLENGBE,,1st avenue U close House 1 festac,,"=""22255860""","=""2475405""","=""2073244587""",Personal fixed term loan,2019-10-12 00:00:00,1500.00,0.00,,0.00,1720.00,NGN,0,Closed,2019-10-28 00:00:00,Performing
J ATOLENGBE,,1st avenue U close House 1 festac,,"=""22255860""","=""2475405""","=""819933""",Personal fixed term loan,2019-10-12 00:00:00,1500.00,0.00,,0.00,1720.00,NGN,0,Closed,2019-10-28 00:00:00,Performing
OYETUNDE OYEWALE,,68AKODU STREET MUSHIN Mushin Lagos State,,"=""22256153""","=""5375691""","=""106818506""",Personal fixed term loan,2020-04-01 00:00:00,10000.00,0.00,,0.00,13000.00,NGN,0,Closed,2020-05-04 00:00:00,Performing
ONYINYE ANTHONY,"=""22178084471""",NO 26 OREMERIN STREET ITIRE SURULERE Surulere Lagos State,,"=""22256696""","=""6298623""","=""1872607""",Personal fixed term loan,2020-03-23 00:00:00,5000.00,0.00,,0.00,5750.00,NGN,0,Closed,2020-04-07 00:00:00,Performing
MUHAMMAD GARBA,,M30 DANASSABE ROAD NASSARAWA KADUNA Chikun Kaduna State,,"=""22256796""","=""4951896""","=""3090759704""",Personal fixed term loan,2020-01-22 00:00:00,5000.00,0.00,,0.00,6250.00,NGN,0,Closed,2020-02-21 00:00:00,Performing
IKECHUKWU ERONDU,,NO 8 STANDARD ROAD ELELENWO ObioAkpor Rivers State,,"=""22257439""","=""5558142""","=""1825329""",Personal fixed term loan,2020-03-16 00:00:00,5000.00,0.00,,0.00,6250.00,NGN,0,Closed,2020-04-15 00:00:00,Performing
IKECHUKWU ERONDU,,NO 8 STANDARD ROAD ELELENWO ObioAkpor Rivers State,,"=""22257439""","=""5558142""","=""48443373""",Personal fixed term loan,2020-03-16 00:00:00,5000.00,0.00,,0.00,6250.00,NGN,0,Closed,2020-04-15 00:00:00,Performing
SAMAILA MUHAMMAD,"=""22464276436""",KOFAR MAN AREA Gusau Zamfara State,,"=""22259254""","=""6767176""","=""2105822499""",Personal fixed term loan,2020-04-05 00:00:00,2500.00,0.00,,0.00,3250.00,NGN,0,Closed,2020-05-05 00:00:00,Performing
KAZEEM OLADIPUPO,"=""22524789830""",NO 6 SAWMILLIJAYE AREA ROADMONIYAIBADAN Akinyele Oyo State,,"=""22259311""","=""3390418""","=""812131288""",Personal fixed term loan,2019-11-15 00:00:00,1500.00,0.00,,0.00,1950.00,NGN,0,Closed,2019-12-16 00:00:00,Performing
ABDULLAHI MUHAMMED,"=""22543367499""",PLOT 1085 TUNGA BAY CLINIC ROAD MINNA,,"=""22259661""","=""6133840""","=""1769544""",Personal fixed term loan,2020-03-07 00:00:00,1500.00,0.00,,0.00,1720.00,NGN,0,Closed,2020-03-23 00:00:00,Performing
ABDULLAHI MUHAMMED,"=""22543367499""",PLOT 1085 TUNGA BAY CLINIC ROAD MINNA,,"=""22259661""","=""6133840""","=""3145000894""",Personal fixed term loan,2020-03-07 00:00:00,1500.00,0.00,,0.00,1720.00,NGN,0,Closed,2020-03-23 00:00:00,Performing
ABEL CYPRIAN,"=""22331869963""",Nigeria,,"=""22261376""","=""7848802""","=""22287733""",Personal fixed term loan,2020-08-18 00:00:00,5000.00,0.00,,0.00,6500.00,NGN,0,Closed,2020-09-17 00:00:00,Performing
ABEL CYPRIAN,"=""22331869963""",Nigeria,,"=""22261376""","=""7848802""","=""2317705""",Personal fixed term loan,2020-08-18 00:00:00,5000.00,0.00,,0.00,6500.00,NGN,0,Closed,2020-09-17 00:00:00,Performing
IBUKUNOLUWA ASHAOLU,"=""22341685472""",11 AKINLEMBOLA BABAFEMI STREET GIWA OKE ARO IJU ISHAGA Ifo,,"=""22261419""","=""4087318""","=""213355451""",Personal fixed term loan,2019-12-25 00:00:00,5000.00,0.00,,0.00,6250.00,NGN,0,Closed,2020-01-24 00:00:00,Performing
BALA ISIAKA,"=""22558768153""",EIKA ADAGU,,"=""22253001""","=""6606051""","=""10741375""",Personal fixed term loan,2023-06-29 00:00:00,27500.00,0.00,,0.00,35062.50,NGN,0,Closed,2023-07-29 00:00:00,Performing
ANIEVANS ABU,,35 OLUSHOLA IKANE STREETIDIMU Alimosho Lagos State,,"=""22255043""","=""952593""","=""693328056""",Personal fixed term loan,2019-09-24 00:00:00,1500.00,0.00,,0.00,1720.00,NGN,0,Closed,2019-10-09 00:00:00,Performing
Janet Babatunde,"=""22512674801""",IKOT AKPAN ABIA RD,,"=""22256779""","=""1639890""","=""449663476""",Personal fixed term loan,2019-09-12 00:00:00,5000.00,0.00,,0.00,6250.00,NGN,0,Closed,2019-10-14 00:00:00,Performing
CHINONSO ONWUEGBUCHULAM,"=""22322241952""",FEDERAL UNIVERSITY OF TECHNOLOGY STREETBEHIND BOSSO MARKET,,"=""22258392""","=""5391486""","=""1799169""",Personal fixed term loan,2020-03-11 00:00:00,1500.00,0.00,,0.00,1720.00,NGN,0,Closed,2020-03-26 00:00:00,Performing
CHINONSO ONWUEGBUCHULAM,"=""22322241952""",FEDERAL UNIVERSITY OF TECHNOLOGY STREETBEHIND BOSSO MARKET,,"=""22258392""","=""5391486""","=""294314576""",Personal fixed term loan,2020-03-12 00:00:00,5000.00,0.00,,0.00,6250.00,NGN,0,Closed,2020-04-14 00:00:00,Performing
NAJEEMDEEN WAHAB,"=""22281392308""",92 OWONIKOKO STREET OLUNLOYO AKANRAN ROAD IBADAN Ona Ara O,,"=""22259294""","=""6445330""","=""2164707""",Personal fixed term loan,2020-07-10 00:00:00,15000.00,0.00,,0.00,19500.00,NGN,0,Closed,2020-08-10 00:00:00,Performing
ENIOLA OLATUNDE,"=""22484259196""",17 OWODE OGBOMOSO Ogbomosho North Oyo State,,"=""22260923""","=""6252919""","=""1789991""",Personal fixed term loan,2020-03-10 00:00:00,2500.00,0.00,,0.00,3250.00,NGN,0,Closed,2020-04-09 00:00:00,Performing
ENIOLA OLATUNDE,"=""22484259196""",17 OWODE OGBOMOSO Ogbomosho North Oyo State,,"=""22260923""","=""6252919""","=""2111940123""",Personal fixed term loan,2020-03-10 00:00:00,2500.00,0.00,,0.00,3250.00,NGN,0,Closed,2020-04-09 00:00:00,Performing
SHADE AKINLUWA,,8 IBUOLA LANE OFF IJOKA ROAD AKURE Akure South Ondo State,,"=""22261425""","=""2900464""","=""2111732674""",Personal fixed term loan,2020-03-09 00:00:00,50000.00,0.00,,0.00,61000.00,NGN,0,Closed,2020-04-08 00:00:00,Performing
GALI BADAMASI,"=""22215127505""",NO 187 KABUGA GWALE LGA KANO,,"=""22262429""","=""6147022""","=""1842728""",Personal fixed term loan,2020-03-18 00:00:00,2500.00,0.00,,0.00,2870.00,NGN,0,Closed,2020-04-02 00:00:00,Performing
RIDWAAHI ALABI,"=""22417856757""",NO 22 AKARABATA STREET MODAKEKE ILE IFE  Ife East Osun Sta,,"=""22263140""","=""5230066""","=""1456209""",Personal fixed term loan,2020-01-24 00:00:00,1500.00,0.00,,0.00,1950.00,NGN,0,Closed,2020-02-24 00:00:00,Performing
RIDWAAHI ALABI,"=""22417856757""",NO 22 AKARABATA STREET MODAKEKE ILE IFE  Ife East Osun Sta,,"=""22263140""","=""5230066""","=""2093825829""",Personal fixed term loan,2020-01-24 00:00:00,1500.00,0.00,,0.00,1950.00,NGN,0,Closed,2020-02-24 00:00:00,Performing
TAOHEED ASAFE,,28 LAOYE STREETEDEGBOKIKI COMPOUND EDEOSUN Ede North Osun,,"=""22263174""","=""2694118""","=""3023090837""",Personal fixed term loan,2020-02-21 00:00:00,25000.00,0.00,,0.00,30500.00,NGN,0,Closed,2020-03-23 00:00:00,Performing
HAPPINESS MICHEAL,"=""22424350361""",JVQM8JW 330101 Orerokpe Delta Nigeria,,"=""22264042""","=""6794092""","=""1925629""",Personal fixed term loan,2020-04-06 00:00:00,2500.00,0.00,,0.00,3250.00,NGN,0,Closed,2020-05-06 00:00:00,Performing
HAPPINESS MICHEAL,"=""22424350361""",JVQM8JW 330101 Orerokpe Delta Nigeria,,"=""22264042""","=""6794092""","=""2094575176""",Personal fixed term loan,2020-04-06 00:00:00,2500.00,0.00,,0.00,3250.00,NGN,0,Closed,2020-05-06 00:00:00,Performing
STELLA ADEDOKUN,"=""22513285950""",10 AYINLA SADIKU STREET IJOKO  Ifo Ogun State,,"=""22264476""","=""7145614""","=""1965679""",Personal fixed term loan,2020-04-20 00:00:00,1500.00,0.00,,0.00,1720.00,NGN,0,Closed,2020-05-05 00:00:00,Performing
ADAOBI OZOEMENAM,,NO 15 OLARENWAJU OWORONSHOKI,,"=""22133426""","=""43838566""","=""10532820""",Personal fixed term loan,2023-06-08 00:00:00,7500.00,0.00,,0.00,9675.00,NGN,0,Closed,2023-07-08 00:00:00,Performing
AYOTOMIDE FAGBEMI,"=""22431364931""",NO 1 4TH AVENUE SHAGARI ESTATE AKURE,,"=""22135337""","=""44132248""","=""10645849""",Personal fixed term loan,2023-06-20 00:00:00,7500.00,8850.00,,0.00,8850.00,NGN,0,Open,2023-07-05 00:00:00,Performing
IBRAHIM IBRAHIM MIKAIL,,ABUJA,"=""07087879131""","=""22240854""","=""7676102""","=""10582582""",Personal fixed term loan,2023-06-13 00:00:00,5000.00,0.00,,0.00,6000.00,NGN,0,Closed,2023-06-28 00:00:00,Performing
isaac iserhienrhien,"=""22431688903""",19 eboigbe st off uwelu rd bc Egor Edo State,,"=""22249717""","=""6029940""","=""1942327""",Personal fixed term loan,2020-04-15 00:00:00,5000.00,0.00,,0.00,6500.00,NGN,0,Closed,2020-05-15 00:00:00,Performing
isaac iserhienrhien,"=""22431688903""",19 eboigbe st off uwelu rd bc Egor Edo State,,"=""22249717""","=""6029940""","=""3087594703""",Personal fixed term loan,2020-04-15 00:00:00,5000.00,0.00,,0.00,6500.00,NGN,0,Closed,2020-05-15 00:00:00,Performing
JUBRIL IYANDA,"=""22401773592""",39 IDIMU RD PONLE BS LAGOS,,"=""22251843""","=""2621709""","=""6358868016""",Personal fixed term loan,2019-10-21 00:00:00,1500.00,0.00,,0.00,1720.00,NGN,0,Closed,2019-11-05 00:00:00,Performing
PAUL OGBUEHI,"=""22523916787""",UKPOM IKOT IMOH UKPOM ANWANA Ikono Akwa Ibom State,,"=""22252904""","=""3992892""","=""2219118165""",Personal fixed term loan,2020-03-12 00:00:00,7500.00,0.00,,0.00,9150.00,NGN,0,Closed,2020-04-14 00:00:00,Performing
IPOOLA ADEREMI,"=""22305787114""",ARAYE GBAMI AREAEDEAFTER GAOSUN Ede North Osun State,,"=""22253579""","=""6014757""","=""1780450""",Personal fixed term loan,2020-03-09 00:00:00,5000.00,0.00,,0.00,6250.00,NGN,0,Closed,2020-04-08 00:00:00,Performing
IPOOLA ADEREMI,"=""22305787114""",ARAYE GBAMI AREAEDEAFTER GAOSUN Ede North Osun State,,"=""22253579""","=""6014757""","=""3010693869""",Personal fixed term loan,2020-03-09 00:00:00,5000.00,0.00,,0.00,6250.00,NGN,0,Closed,2020-04-08 00:00:00,Performing
SEYI ADEBAYO,"=""22303128087""",1 CHIEF OBANSA DAUDA STREET IJU ISHAGA LAGOS Ikeja Lagos S,,"=""22253597""","=""6122208""","=""1739497""",Personal fixed term loan,2020-03-04 00:00:00,2500.00,0.00,,0.00,3250.00,NGN,0,Closed,2020-04-03 00:00:00,Performing
TESSY AKPOWENE,,Not Available,,"=""22253686""","=""1373988""","=""3591120156""",Personal fixed term loan,2020-05-14 00:00:00,7500.00,0.00,,0.00,8620.00,NGN,0,Closed,2020-05-29 00:00:00,Performing
JOHN YAMA,,29 JI BASHURUN STREET NOR MAN WILLIAMS BSTOP IKOYI Eti Osa,,"=""22254983""","=""4083045""","=""101361289""",Personal fixed term loan,2019-12-15 00:00:00,1500.00,0.00,,0.00,1950.00,NGN,0,Closed,2020-01-14 00:00:00,Performing
UMAR JIMOH,"=""22148700994""",15 GANIU ALEJO STREET  Ikorodu Lagos State,,"=""22255508""","=""6380259""","=""2469627""",Personal fixed term loan,2020-09-21 00:00:00,20000.00,0.00,,0.00,22600.00,NGN,0,Closed,2020-10-06 00:00:00,Performing
UMAR JIMOH,"=""22148700994""",15 GANIU ALEJO STREET  Ikorodu Lagos State,,"=""22255508""","=""6380259""","=""3013589773""",Personal fixed term loan,2020-09-21 00:00:00,20000.00,0.00,,0.00,22600.00,NGN,0,Closed,2020-10-06 00:00:00,Performing
jodeph okoyeuto,,Not Available,,"=""22257430""","=""1420659""","=""6550837784""",Personal fixed term loan,2019-11-28 00:00:00,7500.00,0.00,,0.00,9150.00,NGN,0,Closed,2019-12-30 00:00:00,Performing
FAVOUR ARTHUR,,OLD ROAD MGBIRICHI OHAJI EGBEMA,,"=""22257498""","=""3101922""","=""953462""",Personal fixed term loan,2019-11-05 00:00:00,1500.00,0.00,,0.00,1950.00,NGN,0,Closed,2019-12-05 00:00:00,Performing
RICHARDS TARZAAN,"=""22169729802""",7 KAYODE STREET,,"=""22258452""","=""3084600""","=""5763007821""",Personal fixed term loan,2020-01-07 00:00:00,10000.00,0.00,,0.00,12500.00,NGN,0,Closed,2020-02-06 00:00:00,Performing
CHARITY NWAOKOUKWU,"=""22466158356""",89 TEMIDIRE STREET OLODI APAPA AjeromiIfelodun Lagos State,,"=""22254946""","=""8734623""","=""6320660501""",Personal fixed term loan,2020-09-22 00:00:00,5000.00,0.00,,0.00,6500.00,NGN,0,Closed,2020-10-22 00:00:00,Performing
BOSEDE ADENITAN,"=""22479525578""",50 ANIFOWOSE STREET ALADE  BUS STOP SHOMOLU LAGOS Shomolu,,"=""22255145""","=""9093729""","=""405421290""",Personal fixed term loan,2020-10-13 00:00:00,5000.00,0.00,,0.00,6000.00,NGN,0,Closed,2020-10-28 00:00:00,Performing
STEVEN ONAH,"=""22556227836""",3 TONADE STREET IKEJA LAGOS Ikeja Lagos State,,"=""22255796""","=""6057480""","=""1928379""",Personal fixed term loan,2020-04-09 00:00:00,1500.00,0.00,,0.00,1950.00,NGN,0,Closed,2020-05-11 00:00:00,Performing
EDUGHOM UKU,"=""22380616279""",OMOKWA TOWN ABUA CENTRAL AbuaOdual Rivers State,,"=""22257453""","=""5396556""","=""1791515""",Personal fixed term loan,2020-03-10 00:00:00,1500.00,0.00,,0.00,1870.00,NGN,0,Closed,2020-04-09 00:00:00,Performing
EDUGHOM UKU,"=""22380616279""",OMOKWA TOWN ABUA CENTRAL AbuaOdual Rivers State,,"=""22257453""","=""5396556""","=""723064836""",Personal fixed term loan,2020-03-10 00:00:00,1500.00,0.00,,0.00,1870.00,NGN,0,Closed,2020-04-09 00:00:00,Performing
DAVID ODUSINA,"=""22447770461""",NO 49 HOSPITAL JUNCTION JEDDO,"=""07054255891""","=""22258439""","=""1959705""","=""2210120417""",Personal fixed term loan,2020-01-16 00:00:00,7500.00,0.00,,0.00,9150.00,NGN,0,Closed,2020-02-17 00:00:00,Performing
MIKE ALEBURU,,No 1 ivbieye quart uzebba owan west edo state,,"=""22258690""","=""1392291""","=""6172509904""",Personal fixed term loan,2019-07-02 00:00:00,1500.00,0.00,,0.00,1720.00,NGN,0,Closed,2019-07-17 00:00:00,Performing
OLAJUMOKE OLANIYAN,,No 28 alagbayun street akobo ibadan,,"=""22259289""","=""2441410""","=""2452043250""",Personal fixed term loan,2019-12-13 00:00:00,15000.00,0.00,,0.00,18750.00,NGN,0,Closed,2020-01-13 00:00:00,Performing
OLUWABUNMI IYIOLA,,HSE9ROAD 9IDERA ESTATEAKOBOIBADAN Ibadan NorthEast Oyo Sta,,"=""22261448""","=""1683883""","=""248019049""",Personal fixed term loan,2019-10-07 00:00:00,2500.00,0.00,,0.00,3120.00,NGN,0,Closed,2019-11-06 00:00:00,Performing
ADEGOKE JAMES,"=""22307747444""",5 JAMES LANE MAKUN SAGAMU Shagamu Ogun State,,"=""22261462""","=""5452681""","=""1800986""",Personal fixed term loan,2020-03-12 00:00:00,5000.00,0.00,,0.00,6250.00,NGN,0,Closed,2020-04-14 00:00:00,Performing
ADEGOKE JAMES,"=""22307747444""",5 JAMES LANE MAKUN SAGAMU Shagamu Ogun State,,"=""22261462""","=""5452681""","=""64093041""",Personal fixed term loan,2020-03-12 00:00:00,5000.00,0.00,,0.00,6250.00,NGN,0,Closed,2020-04-14 00:00:00,Performing
OLUWATOYIN ALADE,"=""22293549480""",30 OKE ARO TUNTUNAKURE ONDO STATE Akure South Ondo State,,"=""22263234""","=""6511468""","=""1865881""",Personal fixed term loan,2020-03-22 00:00:00,2500.00,0.00,,0.00,2870.00,NGN,0,Closed,2020-04-06 00:00:00,Performing
OLUWATOYIN ALADE,"=""22293549480""",30 OKE ARO TUNTUNAKURE ONDO STATE Akure South Ondo State,,"=""22263234""","=""6511468""","=""34286963""",Personal fixed term loan,2020-03-22 00:00:00,2500.00,0.00,,0.00,2870.00,NGN,0,Closed,2020-04-06 00:00:00,Performing
OLUTAYO FAROMBI,,39 IFESOWAPO AMULOKO STREET AKOYOYO IBADAN ONA ARA OYO Ona,,"=""22264620""","=""3883411""","=""243259402""",Personal fixed term loan,2020-01-10 00:00:00,1500.00,0.00,,0.00,1870.00,NGN,0,Closed,2020-02-10 00:00:00,Performing
MORRISON NNEMONWU,,Ikorodu Lagos,,"=""22264941""","=""1603444""","=""493194""",Personal fixed term loan,2019-08-16 00:00:00,10000.00,0.00,,0.00,13000.00,NGN,0,Closed,2019-09-16 00:00:00,Performing
PHILIP ANYAORIE,,PLOT 2B BLOCK 35 SCHOOL RAOD CAL Calabar Municipal Cross R,,"=""22267564""","=""6490957""","=""1861264""",Personal fixed term loan,2020-03-21 00:00:00,2500.00,0.00,,0.00,3250.00,NGN,0,Closed,2020-04-20 00:00:00,Performing
OLUWABUKUNMI TAIWO,,1 FOLARIN STREET AREGBE ABEOKUTA Odeda Ogun State,,"=""22252830""","=""1828320""","=""631374""",Personal fixed term loan,2019-09-10 00:00:00,1500.00,0.00,,0.00,1950.00,NGN,0,Closed,2019-10-10 00:00:00,Performing
OLUWABUKUNMI TAIWO,,1 FOLARIN STREET AREGBE ABEOKUTA Odeda Ogun State,,"=""22252830""","=""1828320""","=""814904""",Personal fixed term loan,2019-10-11 00:00:00,2500.00,0.00,,0.00,2870.00,NGN,0,Closed,2019-10-28 00:00:00,Performing
OLAKUNLE OBASOOTO,,NO 35 OBANIGBA ST,,"=""22254602""","=""6428367""","=""1855555""",Personal fixed term loan,2020-03-20 00:00:00,2500.00,0.00,,0.00,3250.00,NGN,0,Closed,2020-04-20 00:00:00,Performing
OLAKUNLE OBASOOTO,,NO 35 OBANIGBA ST,,"=""22254602""","=""6428367""","=""3054148080""",Personal fixed term loan,2020-03-20 00:00:00,2500.00,0.00,,0.00,3250.00,NGN,0,Closed,2020-04-20 00:00:00,Performing
JOHN ZARIA,"=""22395341115""",CXJ4X6 Itawga Nigeria,,"=""22254989""","=""5494929""","=""4053074817""",Personal fixed term loan,2020-03-17 00:00:00,2500.00,0.00,,0.00,3250.00,NGN,0,Closed,2020-04-16 00:00:00,Performing
TEMITOPE ILORI,"=""22470135480""",NO 10 ORIOKUTA STREET ODOGBOLU Odogbolu Ogun State,,"=""22255523""","=""3649302""","=""5215233013""",Personal fixed term loan,2019-12-10 00:00:00,15000.00,0.00,,0.00,18750.00,NGN,0,Closed,2020-01-09 00:00:00,Performing
ADEWALE ABEGUNRIN,"=""22391675173""",NARASAWON TALESE,,"=""22256825""","=""3255705""","=""78977597""",Personal fixed term loan,2019-11-11 00:00:00,1500.00,0.00,,0.00,1950.00,NGN,0,Closed,2019-12-11 00:00:00,Performing
ADEWALE ABEGUNRIN,"=""22391675173""",NARASAWON TALESE,,"=""22256825""","=""3255705""","=""984814""",Personal fixed term loan,2019-11-11 00:00:00,1500.00,0.00,,0.00,1950.00,NGN,0,Closed,2019-12-11 00:00:00,Performing
MERCY OGIDI,"=""22338499987""",DUTSE BAUPMA AFTER BRIDGE  Bwari FCT,,"=""22258833""","=""530466""","=""10554583""",Personal fixed term loan,2023-06-10 00:00:00,5000.00,0.00,,0.00,6500.00,NGN,0,Closed,2023-07-10 00:00:00,Performing
BENSON OSSEI,"=""22242676306""",NO 76 EBIKADE OFF OHOVBE ROAD OFF BENINAGBOR ROAD,,"=""22259282""","=""5894707""","=""1656504""",Personal fixed term loan,2020-02-22 00:00:00,2500.00,0.00,,0.00,2500.00,NGN,0,Closed,2020-03-23 00:00:00,Performing
BENSON OSSEI,"=""22242676306""",NO 76 EBIKADE OFF OHOVBE ROAD OFF BENINAGBOR ROAD,,"=""22259282""","=""5894707""","=""1772320""",Personal fixed term loan,2020-03-08 00:00:00,5000.00,0.00,,0.00,5750.00,NGN,0,Closed,2020-03-23 00:00:00,Performing
OPEYEMI EMMANUEL ADESINA,"=""22318127084""",67 AROLA ROAD APETE AREA IBADAN,,"=""22259518""","=""708547""","=""10467435""",Personal fixed term loan,2023-06-01 00:00:00,5000.00,0.00,,0.00,6000.00,NGN,0,Closed,2023-06-16 00:00:00,Performing
TAIWO OKE,"=""22543671808""",26 SANGOTEDO OMI ADIO IBADAN Ibadan SouthWest Oyo State,,"=""22260903""","=""5316151""","=""2264508799""",Personal fixed term loan,2020-03-22 00:00:00,5000.00,0.00,,0.00,6250.00,NGN,0,Closed,2020-04-21 00:00:00,Performing
APPOLONIA OKOLO,,133 EHI ROAD Aba South Abia State,,"=""22261390""","=""2944714""","=""3017409480""",Personal fixed term loan,2019-12-23 00:00:00,7500.00,0.00,,0.00,9370.00,NGN,0,Closed,2020-01-22 00:00:00,Performing
MARTINS ENOCH,,NO 19A UGWUACHARA ROAD NSUKKA,,"=""22263011""","=""544810""","=""10596008""",Personal fixed term loan,2023-06-14 00:00:00,5000.00,0.00,,0.00,6500.00,NGN,0,Closed,2023-07-14 00:00:00,Performing
GANIYAT ABOYADE,"=""22499562272""",14 IYANDA STREET AGUNBELEWO AREA OSOGBO Irepodun Osun Stat,,"=""22263126""","=""3164887""","=""3131337207""",Personal fixed term loan,2019-11-08 00:00:00,1500.00,0.00,,0.00,1950.00,NGN,0,Closed,2019-12-09 00:00:00,Performing
MICHAEL IFESANWO,,BLOCK 192A AMUWOODOFIN LAGOS AmuwoOdofin Lagos State,,"=""22264313""","=""2782690""","=""3027458464""",Personal fixed term loan,2020-01-11 00:00:00,1500.00,0.00,,0.00,1720.00,NGN,0,Closed,2020-01-27 00:00:00,Performing
FAVOUR IGHO,"=""22604606772""",12 lucky London street osubi,"=""08147893788""","=""22138620""","=""44373617""","=""10738811""",Personal fixed term loan,2023-06-29 00:00:00,20000.00,25800.00,,0.00,25800.00,NGN,0,Open,2023-07-29 00:00:00,Performing
Abdul Hamza,,Marine Road PMB 1112 Lokoja Marine Kpata 260101 Lokoja Kog,,"=""22216464""","=""8082178""","=""10736124""",Personal fixed term loan,2023-06-29 00:00:00,5000.00,0.00,,0.00,6500.00,NGN,0,Closed,2023-07-29 00:00:00,Performing
OLAOGUNS REMILEKUN DEBORAH,"=""22254988417""",IDAGBA AJEGUNLE,,"=""22241098""","=""6153938""","=""10585121""",Personal fixed term loan,2023-06-13 00:00:00,5000.00,0.00,,0.00,6500.00,NGN,0,Closed,2023-07-13 00:00:00,Performing
VICTORIA SANYA,,SW81023 OKE ADO IBADAN Ibadan SouthWest Oyo State,,"=""22249088""","=""911490""","=""2046358004""",Personal fixed term loan,2019-12-02 00:00:00,5000.00,0.00,,0.00,6250.00,NGN,0,Closed,2020-01-02 00:00:00,Performing
STELLA OGBARETIN,"=""22454617272""",2 2ND AGHO STREET UZEBU QTRS BENIN CITY Oredo Edo State,,"=""22249271""","=""6534600""","=""1902643""",Personal fixed term loan,2020-03-28 00:00:00,2500.00,0.00,,0.00,2870.00,NGN,0,Closed,2020-04-14 00:00:00,Performing
STELLA OGBARETIN,"=""22454617272""",2 2ND AGHO STREET UZEBU QTRS BENIN CITY Oredo Edo State,,"=""22249271""","=""6534600""","=""2103426570""",Personal fixed term loan,2020-03-28 00:00:00,2500.00,0.00,,0.00,2870.00,NGN,0,Closed,2020-04-14 00:00:00,Performing
RODERICK IKEGWU,"=""22444030700""",BEKPAM NEW LAYOUT  IKEGWUS COMPOUND Obudu Cross River Stat,,"=""22251143""","=""4722567""","=""3117841786""",Personal fixed term loan,2020-01-06 00:00:00,10000.00,0.00,,0.00,13000.00,NGN,0,Closed,2020-02-05 00:00:00,Performing
KEHINDE OLAROGBA,,FELELE KOGI,,"=""22251745""","=""2938302""","=""49514465""",Personal fixed term loan,2019-10-29 00:00:00,1500.00,0.00,,0.00,1950.00,NGN,0,Closed,2019-11-28 00:00:00,Performing
VICTOR ARO,"=""22549531698""",OKE AGU UPPER GAA AKANBI ILORIN Ilorin West Kwara State,,"=""22253632""","=""5727795""","=""1743682""",Personal fixed term loan,2020-03-04 00:00:00,2500.00,0.00,,0.00,3120.00,NGN,0,Closed,2020-04-03 00:00:00,Performing
FAWAS LASISI,"=""22548882335""",6 EMEKA NWOBODO SELEWU IGBOGBO IKORODU Ikorodu Lagos State,,"=""22254987""","=""5201499""","=""1746827""",Personal fixed term loan,2020-03-05 00:00:00,1500.00,0.00,,0.00,1870.00,NGN,0,Closed,2020-04-06 00:00:00,Performing
FAWAS LASISI,"=""22548882335""",6 EMEKA NWOBODO SELEWU IGBOGBO IKORODU Ikorodu Lagos State,,"=""22254987""","=""5201499""","=""75852183""",Personal fixed term loan,2020-03-05 00:00:00,1500.00,0.00,,0.00,1870.00,NGN,0,Closed,2020-04-06 00:00:00,Performing
ESU ASUKWO,"=""22445428458""",19 OKULUKU ABIO ADO ODO OTA,,"=""22255489""","=""3227898""","=""93735419""",Personal fixed term loan,2020-03-17 00:00:00,2500.00,0.00,,0.00,2870.00,NGN,0,Closed,2020-04-01 00:00:00,Performing
JALILAT BASHIR,"=""22482088978""",NO 78 KAURA KADUNA,,"=""22256174""","=""5939961""","=""103109889""",Personal fixed term loan,2020-02-24 00:00:00,2500.00,0.00,,0.00,2500.00,NGN,0,Closed,2020-03-25 00:00:00,Performing
OLADOYIN JULIUS,"=""22158765877""",ILE SIKUNS COMPOUND AJEE AREA OGBOMOSO Ogbomosho North Oyo,,"=""22259248""","=""7587277""","=""812122525""",Personal fixed term loan,2020-07-08 00:00:00,10000.00,0.00,,0.00,13000.00,NGN,0,Closed,2020-08-07 00:00:00,Performing
SAHEED BABARINDE,"=""22542817676""",NO 21 KENGBE STREET ALAKIA ISEBO IBADAN Egbeda Oyo State,,"=""22259348""","=""6372178""","=""3160022449""",Personal fixed term loan,2020-03-16 00:00:00,2500.00,0.00,,0.00,2870.00,NGN,0,Closed,2020-03-31 00:00:00,Performing
oluseyi AROWOLO,"=""22274227800""",43 RD14 IDIOSAN OFF ADETOKUN ELEYELE EXT IBADAN Ido Oyo St,,"=""22259667""","=""4256779""","=""2133772704""",Personal fixed term loan,2020-03-28 00:00:00,10000.00,0.00,,0.00,12500.00,NGN,0,Closed,2020-04-27 00:00:00,Performing
CHINEDU DURU,"=""22369295471""",3 SUNMOLA ABAYOMI STREETMAFOLUKUOSHODILAGOS OshodiIsolo La,,"=""22253486""","=""6608187""","=""131831224""",Personal fixed term loan,2020-06-24 00:00:00,5000.00,0.00,,0.00,6500.00,NGN,0,Closed,2020-07-24 00:00:00,Performing
CHINEDU DURU,"=""22369295471""",3 SUNMOLA ABAYOMI STREETMAFOLUKUOSHODILAGOS OshodiIsolo La,,"=""22253486""","=""6608187""","=""2099251""",Personal fixed term loan,2020-06-24 00:00:00,5000.00,0.00,,0.00,6500.00,NGN,0,Closed,2020-07-24 00:00:00,Performing
MUMINAT ABDULKAREEM,"=""22504398553""",11  KEWULERE STREET ASADAM ROAD,,"=""22253554""","=""6621984""","=""1940125""",Personal fixed term loan,2020-04-14 00:00:00,1500.00,0.00,,0.00,1950.00,NGN,0,Closed,2020-05-14 00:00:00,Performing
GEORGINA ODAFE,"=""22421954746""",27 OLAWALE STREET AGAYE BUS STOP IJE ODODO LAGOS Ojo Lagos,,"=""22254976""","=""5626461""","=""1770907""",Personal fixed term loan,2020-03-08 00:00:00,5000.00,0.00,,0.00,6250.00,NGN,0,Closed,2020-04-07 00:00:00,Performing
GEORGINA ODAFE,"=""22421954746""",27 OLAWALE STREET AGAYE BUS STOP IJE ODODO LAGOS Ojo Lagos,,"=""22254976""","=""5626461""","=""726624739""",Personal fixed term loan,2020-03-08 00:00:00,5000.00,0.00,,0.00,6250.00,NGN,0,Closed,2020-04-07 00:00:00,Performing
OLUWATOBI ADEBANJO,"=""22475017002""",SAINT FRANCIS ROAD IKOT AKPANDEM OKON EKET,,"=""22255844""","=""3418329""","=""26625512""",Personal fixed term loan,2020-02-24 00:00:00,1500.00,0.00,,0.00,1720.00,NGN,0,Closed,2020-03-10 00:00:00,Performing
Abdullahi Isah,"=""22419080028""",NO15 KARADUA STR BARNAWA KADUNA Kaduna South Kaduna State,,"=""22257523""","=""5978739""","=""1685948""",Personal fixed term loan,2020-02-26 00:00:00,2500.00,0.00,,0.00,2870.00,NGN,0,Closed,2020-03-12 00:00:00,Performing
Abdullahi Isah,"=""22419080028""",NO15 KARADUA STR BARNAWA KADUNA Kaduna South Kaduna State,,"=""22257523""","=""5978739""","=""3112024430""",Personal fixed term loan,2020-02-26 00:00:00,2500.00,0.00,,0.00,2870.00,NGN,0,Closed,2020-03-12 00:00:00,Performing
JOYCE SAMPSON,,BEHIND FABIAN HOTEL ADO Ado Ekiti Ekiti State,,"=""22258459""","=""1611009""","=""728501704""",Personal fixed term loan,2019-08-16 00:00:00,2500.00,0.00,,0.00,3250.00,NGN,0,Closed,2019-09-16 00:00:00,Performing
saleem idris,,House No 12 plot 6 Abuja Maitama Shehu Shagari way,,"=""22258809""","=""2038632""","=""3108514268""",Personal fixed term loan,2019-09-25 00:00:00,2500.00,0.00,,0.00,2870.00,NGN,0,Closed,2019-10-10 00:00:00,Performing
saleem idris,,House No 12 plot 6 Abuja Maitama Shehu Shagari way,,"=""22258809""","=""2038632""","=""715595""",Personal fixed term loan,2019-09-25 00:00:00,2500.00,0.00,,0.00,2870.00,NGN,0,Closed,2019-10-10 00:00:00,Performing
KOREDE OLALERE,"=""22186201026""",NO 14 OLAFIMIHAN STREET AROMOLARAN IBADAN Ibadan NorthEast,,"=""22259327""","=""5689333""","=""2256485293""",Personal fixed term loan,2020-04-11 00:00:00,2500.00,0.00,,0.00,2870.00,NGN,0,Closed,2020-04-27 00:00:00,Performing
AJIBOLA SOLANKE,"=""22160563342""",1 SOLANKE STREET OLORUNTEDO OBANTOKO Odeda Ogun State,,"=""22261528""","=""5799592""","=""1657027""",Personal fixed term loan,2020-02-22 00:00:00,5000.00,0.00,,0.00,5750.00,NGN,0,Closed,2020-03-09 00:00:00,Performing
ANU OBAREMO,,8 ayo ogunbanwo street off orija estate abule iroko Sango,,"=""22262464""","=""1228489""","=""1062862""",Personal fixed term loan,2019-11-24 00:00:00,1500.00,0.00,,0.00,1720.00,NGN,0,Closed,2019-12-09 00:00:00,Performing
OMOYELE SODIMU,"=""22489818239""",SCHOOL ROAD ABAKPA KADUNA KADUNA STATE,"=""2348142264935""","=""22262485""","=""7465081""","=""10647945""",Personal fixed term loan,2023-06-20 00:00:00,5000.00,0.00,,0.00,6000.00,NGN,0,Closed,2023-07-05 00:00:00,Performing
EFE EDAFE,"=""22510266596""",83 CEMENTRY ROAD SAPELE Sapele Delta Delta State,,"=""22263196""","=""5956042""","=""1676774""",Personal fixed term loan,2020-02-25 00:00:00,2500.00,0.00,,0.00,3250.00,NGN,0,Closed,2020-03-26 00:00:00,Performing
LATIFAT ARIKE BASHIRU,"=""22336109330""",ADEWALE HOUSE BESIDE GAA APARA MOSQUE APARA AREA Oyo Oyo S,,"=""22255084""","=""6321981""","=""1812221""",Personal fixed term loan,2020-03-13 00:00:00,2500.00,0.00,,0.00,2870.00,NGN,0,Closed,2020-03-30 00:00:00,Performing
oluwatobiloba odumosu,"=""22184179864""",18 Olaotan street IkotunIgando Alimosho 102213 Lagos Niger,,"=""22255109""","=""5299701""","=""1813586""",Personal fixed term loan,2020-03-13 00:00:00,2500.00,0.00,,0.00,2870.00,NGN,0,Closed,2020-03-30 00:00:00,Performing
oluwatobiloba odumosu,"=""22184179864""",18 Olaotan street IkotunIgando Alimosho 102213 Lagos Niger,,"=""22255109""","=""5299701""","=""22638732""",Personal fixed term loan,2020-03-13 00:00:00,2500.00,0.00,,0.00,2870.00,NGN,0,Closed,2020-03-30 00:00:00,Performing
HADIZA ISHYAKU,"=""22487387737""",NO 13 GURBI ROAD USHANU Kaduna North Kaduna State,,"=""22256088""","=""6285036""","=""1799367""",Personal fixed term loan,2020-03-11 00:00:00,5000.00,0.00,,0.00,6250.00,NGN,0,Closed,2020-04-14 00:00:00,Performing
SALIM JIBRIL,"=""22486272744""",UMARU ALI SHINKAFI POLYTECHNIC SOKOTO Wamako Sokoto State,,"=""22256177""","=""6094626""","=""2112985879""",Personal fixed term loan,2020-03-02 00:00:00,1500.00,0.00,,0.00,1720.00,NGN,0,Closed,2020-03-17 00:00:00,Performing
IBRAHIM ISIYA,,HOUSE 5 BEFORE EAGLE HEIGHT KWANKWSHE SULEJA  Suleja Niger,,"=""22256186""","=""1688385""","=""536854""",Personal fixed term loan,2019-08-26 00:00:00,2500.00,0.00,,0.00,3250.00,NGN,0,Closed,2019-09-25 00:00:00,Performing
GAFAR LAWAL,"=""22246592729""",IKARE AKOKO,,"=""22256888""","=""6464568""","=""10700786""",Personal fixed term loan,2023-06-25 00:00:00,5000.00,0.00,,0.00,6500.00,NGN,0,Closed,2023-07-25 00:00:00,Performing
tamunomiebaka stanley,"=""22240797036""",7b amoni str azuabie town phc ObioAkpor Rivers State,,"=""22258419""","=""9935028""","=""2070869954""",Personal fixed term loan,2020-12-02 00:00:00,5000.00,0.00,,0.00,6000.00,NGN,0,Closed,2020-12-17 00:00:00,Performing
ABDULSAMAD ANIMASAHUN,"=""22463147252""",3 KOLA BUTTER STREET TRANSFOR MER BUS STOP MONIYA IBADAN I,,"=""22258628""","=""3485547""","=""261663533""",Personal fixed term loan,2020-03-11 00:00:00,2500.00,0.00,,0.00,3050.00,NGN,0,Closed,2020-04-14 00:00:00,Performing
MUSTAPHA MUSA,"=""22528429945""",BEHIND CENTRAL MOSQUE YERIMA STREET IJAYAPI ACROSS KUBWA B,,"=""22258828""","=""6076227""","=""1785532""",Personal fixed term loan,2020-03-10 00:00:00,10000.00,0.00,,0.00,12500.00,NGN,0,Closed,2020-04-09 00:00:00,Performing
SUNDAY OYESOLA,"=""22470762970""",4 OKEKOTO SAWMILL AREA IBADAN Egbeda Oyo State,,"=""22259330""","=""5987473""","=""1688352""",Personal fixed term loan,2020-02-26 00:00:00,1500.00,0.00,,0.00,1720.00,NGN,0,Closed,2020-03-12 00:00:00,Performing
SELEM HASSAN,"=""22307556895""",no 26 alhaji shitu street makinde ojoo,,"=""22260925""","=""1535434""","=""812230""",Personal fixed term loan,2019-10-11 00:00:00,15000.00,0.00,,0.00,18750.00,NGN,0,Closed,2019-11-11 00:00:00,Performing
AYOBAMI OGUNSHEYE,"=""22352181202""",11 OKIKIOLA BUSTOP IBARA ORILE ABEOKUTA Abeokuta North Ogu,,"=""22262504""","=""6110143""","=""1734460""",Personal fixed term loan,2020-03-03 00:00:00,15000.00,0.00,,0.00,19500.00,NGN,0,Closed,2020-04-02 00:00:00,Performing
CHIJIOKE UGWUANYI,,FLAT 6 PLOT 4 NGOWO POCKET LAYOUT Enugu East Enugu State,,"=""22263172""","=""1655761""","=""3122166140""",Personal fixed term loan,2019-08-22 00:00:00,1500.00,0.00,,0.00,1950.00,NGN,0,Closed,2019-09-23 00:00:00,Performing
ARAMIDE BIBIRE,"=""22445562956""",12 JEJELAIYE STREET MAGBON Badagry Lagos State,,"=""22264265""","=""6305758""","=""2100955073""",Personal fixed term loan,2020-03-12 00:00:00,10000.00,0.00,,0.00,13000.00,NGN,0,Closed,2020-04-14 00:00:00,Performing
JAMIU ADENIYI,"=""22527905787""",6 TINUBU ROAD ONIPANU Mushin Lagos State,,"=""22264474""","=""5995156""","=""1775032""",Personal fixed term loan,2020-03-08 00:00:00,1500.00,0.00,,0.00,1720.00,NGN,0,Closed,2020-03-23 00:00:00,Performing
DTU HARUNA,"=""22282838535""",SAMARU AREA ALONG ZARIA ROAD BEHIND KING FAHA BEHIND KING,,"=""22259252""","=""5996986""","=""1692614""",Personal fixed term loan,2020-02-27 00:00:00,10000.00,0.00,,0.00,13000.00,NGN,0,Closed,2020-03-30 00:00:00,Performing
OLADIPO ADELIYI,"=""22163043674""",6adeliyi street off onikolobooluwo abeokuta,,"=""22261485""","=""1542985""","=""501797""",Personal fixed term loan,2019-08-18 00:00:00,15000.00,0.00,,0.00,19500.00,NGN,0,Closed,2019-09-17 00:00:00,Performing
OLADIPO ADELIYI,"=""22163043674""",6adeliyi street off onikolobooluwo abeokuta,,"=""22261485""","=""1542985""","=""566318""",Personal fixed term loan,2019-08-30 00:00:00,25000.00,0.00,,0.00,31250.00,NGN,0,Closed,2019-09-30 00:00:00,Performing
EMMANUEL OJO,,Coker street,,"=""22263132""","=""2428372""","=""814138""",Personal fixed term loan,2019-10-11 00:00:00,1500.00,0.00,,0.00,1950.00,NGN,0,Closed,2019-11-11 00:00:00,Performing
OLAMIOTAN AGBOGUN,"=""22244870500""",NO 15 FAJUYI LANE OKESA INISANYA STREET Ado Ekiti Ekiti St,,"=""22263182""","=""5198827""","=""1447508""",Personal fixed term loan,2020-01-23 00:00:00,2500.00,0.00,,0.00,3250.00,NGN,0,Closed,2020-02-24 00:00:00,Performing
ISAAC ASHAFA,"=""22556792015""",46 MODINA ROAD IGANDO Alimosho Lagos State,,"=""22264275""","=""6573727""","=""6558093333""",Personal fixed term loan,2020-04-19 00:00:00,2500.00,0.00,,0.00,3250.00,NGN,0,Closed,2020-05-19 00:00:00,Performing
EFE MADAGWA,,NO 3 PRINCE ADETUWO CLOSE IPERIN AdoOdoOta Ogun State,,"=""22264293""","=""3681793""","=""270838784""",Personal fixed term loan,2020-01-18 00:00:00,15000.00,0.00,,0.00,19500.00,NGN,0,Closed,2020-02-17 00:00:00,Performing
EMMANUEL ADEYEMI,"=""22520313543""",13A CHURCH STR AYETORO OSOGBO Olorunda Osun State,,"=""22265279""","=""6690691""","=""1913513""",Personal fixed term loan,2020-03-31 00:00:00,10000.00,0.00,,0.00,13000.00,NGN,0,Closed,2020-04-30 00:00:00,Performing
EMMANUEL ADEYEMI,"=""22520313543""",13A CHURCH STR AYETORO OSOGBO Olorunda Osun State,,"=""22265279""","=""6690691""","=""2126731765""",Personal fixed term loan,2020-03-31 00:00:00,10000.00,0.00,,0.00,13000.00,NGN,0,Closed,2020-04-30 00:00:00,Performing
MICHAEL UBANGHA,"=""22209625282""",NO 18 AFRICAN ROAD AJERE EKORI Yakuur Cross River State,,"=""22266029""","=""6774661""","=""1925338""",Personal fixed term loan,2020-04-06 00:00:00,10000.00,0.00,,0.00,13000.00,NGN,0,Closed,2020-05-06 00:00:00,Performing
MICHAEL UBANGHA,"=""22209625282""",NO 18 AFRICAN ROAD AJERE EKORI Yakuur Cross River State,,"=""22266029""","=""6774661""","=""3059153383""",Personal fixed term loan,2020-04-06 00:00:00,10000.00,0.00,,0.00,13000.00,NGN,0,Closed,2020-05-06 00:00:00,Performing
NSIKANABASI AKPAN,"=""22398360443""",8PM58J Mbiabong IkotUdofia Nigeria,,"=""22267569""","=""3701812""","=""80878750""",Personal fixed term loan,2020-01-20 00:00:00,20000.00,0.00,,0.00,24400.00,NGN,0,Closed,2020-02-19 00:00:00,Performing
IBRAHIM ABUBAKAR,,Gwalada,,"=""22267744""","=""1524298""","=""3117466178""",Personal fixed term loan,2019-07-29 00:00:00,1500.00,0.00,,0.00,1950.00,NGN,0,Closed,2019-08-28 00:00:00,Performing
IBRAHIM ABUBAKAR,,Gwalada,,"=""22267744""","=""1524298""","=""431619""",Personal fixed term loan,2019-07-29 00:00:00,1500.00,0.00,,0.00,1950.00,NGN,0,Closed,2019-08-28 00:00:00,Performing
MAYOWA ODUTAYO,"=""22149245654""",NO 31 POLICE POST BESIDE VISAFONE OFFICE IBADAN Ibadan Sou,,"=""22268019""","=""6128396""","=""692096529""",Personal fixed term loan,2020-03-04 00:00:00,2500.00,0.00,,0.00,2870.00,NGN,0,Closed,2020-03-19 00:00:00,Performing
ABDULLATEEF HAMMED,"=""22349791418""",TRINITY ROADOJOOIBADAN Akinyele Oyo State,,"=""22268037""","=""6425441""","=""1842149""",Personal fixed term loan,2020-03-18 00:00:00,2500.00,0.00,,0.00,2870.00,NGN,0,Closed,2020-04-02 00:00:00,Performing
ADEKEMI OGUNDARE,"=""22452086993""",10 ALAJAGBE STREET MABOLAJE AREA OYO Oyo East Oyo State,,"=""22251925""","=""6136587""","=""1745544""",Personal fixed term loan,2020-03-04 00:00:00,2500.00,0.00,,0.00,2870.00,NGN,0,Closed,2020-03-19 00:00:00,Performing
SOLIU NAFIU,"=""22507144304""",IREPODUN LOCAL GOVERNMENT Irepodun Osun State,,"=""22253729""","=""6144753""","=""1748641""",Personal fixed term loan,2020-03-05 00:00:00,2500.00,0.00,,0.00,2870.00,NGN,0,Closed,2020-03-20 00:00:00,Performing
ANDREW BABATUNDE,"=""22243270895""",22 JEJE STREETDANJUMA AKURE,"=""07041888696""","=""22254597""","=""4876935""","=""174331606""",Personal fixed term loan,2020-03-01 00:00:00,5000.00,0.00,,0.00,6250.00,NGN,0,Closed,2020-03-31 00:00:00,Performing
CHRISTOPHER DZIDAD,,NO 10 OSHINEYE STREET BARIGA Shomolu Lagos State,,"=""22255026""","=""5803872""","=""1628585""",Personal fixed term loan,2020-02-18 00:00:00,2500.00,0.00,,0.00,3250.00,NGN,0,Closed,2020-03-19 00:00:00,Performing
CHRISTOPHER DZIDAD,,NO 10 OSHINEYE STREET BARIGA Shomolu Lagos State,,"=""22255026""","=""5803872""","=""782942172""",Personal fixed term loan,2020-02-18 00:00:00,2500.00,0.00,,0.00,3250.00,NGN,0,Closed,2020-03-19 00:00:00,Performing
SAFIYA MUNSUR,"=""22334127170""",2B AUWAL STREET KADUNA Kaduna South Kaduna State,,"=""22256176""","=""6058740""","=""158185858""",Personal fixed term loan,2020-04-08 00:00:00,2500.00,0.00,,0.00,3250.00,NGN,0,Closed,2020-05-08 00:00:00,Performing
SAFIYA MUNSUR,"=""22334127170""",2B AUWAL STREET KADUNA Kaduna South Kaduna State,,"=""22256176""","=""6058740""","=""1927184""",Personal fixed term loan,2020-04-08 00:00:00,2500.00,0.00,,0.00,3250.00,NGN,0,Closed,2020-05-08 00:00:00,Performing
AUWSKIA ABUBAKAR,,12 AYINDE STREET AJEGUNLE APAPA LAGOS,,"=""22256187""","=""1770111""","=""163638325""",Personal fixed term loan,2019-09-04 00:00:00,1500.00,0.00,,0.00,1950.00,NGN,0,Closed,2019-10-04 00:00:00,Performing
JOSEPH OWANI,"=""22217166058""",88 OKE AYO STREET KAJOLA  Ondo West Ondo State,,"=""22257405""","=""7184367""","=""2094044805""",Personal fixed term loan,2020-06-21 00:00:00,5000.00,0.00,,0.00,6500.00,NGN,0,Closed,2020-07-21 00:00:00,Performing
SALOME EKE,"=""22516417220""",26 ERODACHI OZUOBA PH ObioAkpor Rivers State,,"=""22257630""","=""7800054""","=""2512674""",Personal fixed term loan,2020-09-29 00:00:00,5000.00,0.00,,0.00,6000.00,NGN,0,Closed,2020-10-14 00:00:00,Performing
ABEL NATHANIEL,"=""22520742523""",21 EDEBIRI STREET OHOVBE QTRS Uhunmwonde Edo State,,"=""22259277""","=""3794179""","=""2127038856""",Personal fixed term loan,2020-02-20 00:00:00,1500.00,0.00,,0.00,1870.00,NGN,0,Closed,2020-03-23 00:00:00,Performing
MARYANN ONYEANUNA,"=""22273810319""",UMUAKALI NAZE Owerri North Imo State,,"=""22260856""","=""9904861""","=""21596969""",Personal fixed term loan,2020-11-29 00:00:00,5000.00,0.00,,0.00,6500.00,NGN,0,Closed,2020-12-29 00:00:00,Performing
ABDULFATAH ABUBAKAR,,Not Available,,"=""22260867""","=""2018314""","=""2057537807""",Personal fixed term loan,2019-09-24 00:00:00,2500.00,0.00,,0.00,3250.00,NGN,0,Closed,2019-10-24 00:00:00,Performing
FOPEFOLUWA ANJOLAOLUWA,"=""22245038873""",2 LOVE ROAD OFF EXCELLENT AVENUE OKE ALABIDUN NEW AIRPORT,,"=""22260924""","=""6696877""","=""30767949""",Personal fixed term loan,2020-03-31 00:00:00,10000.00,0.00,,0.00,13000.00,NGN,0,Closed,2020-04-30 00:00:00,Performing
ANAS IBRAHIM,"=""22436555158""",NO 08 DORAYI CHIRANCHI GABAS KANO STATE KANO STATE GWALE,,"=""22261442""","=""6200923""","=""1769385""",Personal fixed term loan,2020-03-07 00:00:00,1500.00,0.00,,0.00,1950.00,NGN,0,Closed,2020-04-06 00:00:00,Performing
ANAS IBRAHIM,"=""22436555158""",NO 08 DORAYI CHIRANCHI GABAS KANO STATE KANO STATE GWALE,,"=""22261442""","=""6200923""","=""423934509""",Personal fixed term loan,2020-03-07 00:00:00,1500.00,0.00,,0.00,1950.00,NGN,0,Closed,2020-04-06 00:00:00,Performing
samuel amadi,,107 BAALE STREET ORILE IGANMU LAGOS,,"=""22257480""","=""2519370""","=""807494415""",Personal fixed term loan,2019-10-14 00:00:00,1500.00,0.00,,0.00,1950.00,NGN,0,Closed,2019-11-13 00:00:00,Performing
OLAMIDE ADEKUNLE,"=""22203095764""",OLOMI ACADEMY IBADAN Ibadan SouthWest Oyo State,,"=""22259313""","=""5820313""","=""1760711""",Personal fixed term loan,2020-03-06 00:00:00,15000.00,0.00,,0.00,18750.00,NGN,0,Closed,2020-04-06 00:00:00,Performing
OLAMIDE ADEKUNLE,"=""22203095764""",OLOMI ACADEMY IBADAN Ibadan SouthWest Oyo State,,"=""22259313""","=""5820313""","=""42899836""",Personal fixed term loan,2020-03-06 00:00:00,15000.00,0.00,,0.00,18750.00,NGN,0,Closed,2020-04-06 00:00:00,Performing
ADEKUNLE ADEBAYO,"=""22258443891""",SWE 89 ADEBOGUN STREET CHALLENG IBADAN Ibadan SouthWest Oy,,"=""22260824""","=""5237314""","=""1623448""",Personal fixed term loan,2020-02-18 00:00:00,5000.00,0.00,,0.00,5750.00,NGN,0,Closed,2020-03-04 00:00:00,Performing
ADEKUNLE ADEBAYO,"=""22258443891""",SWE 89 ADEBOGUN STREET CHALLENG IBADAN Ibadan SouthWest Oy,,"=""22260824""","=""5237314""","=""64933297""",Personal fixed term loan,2020-02-18 00:00:00,5000.00,0.00,,0.00,5750.00,NGN,0,Closed,2020-03-04 00:00:00,Performing
CHIOMA UHIARA,"=""22419406536""",UHIARAS COMPOUND AMIZI OLOKORO UMUAHIA Umuahia South Abia,,"=""22261410""","=""5327908""","=""3112065411""",Personal fixed term loan,2020-01-29 00:00:00,10000.00,0.00,,0.00,13000.00,NGN,0,Closed,2020-02-28 00:00:00,Performing
LUCAS OLAPEGBA,"=""22462259415""",10 ANUOLUWAPO STREET IJOKO SANGO OTA OGUN STATE AdoOdoOta,,"=""22261424""","=""6237388""","=""262187812""",Personal fixed term loan,2020-03-13 00:00:00,5000.00,0.00,,0.00,6250.00,NGN,0,Closed,2020-04-14 00:00:00,Performing
TAIWO ADEDAYO,"=""22409539451""",PLOT 19BANKO ESTATEODO ONA ELEWE Oluyole Oyo State,,"=""22261503""","=""6423022""","=""1841789""",Personal fixed term loan,2020-03-18 00:00:00,2500.00,0.00,,0.00,2870.00,NGN,0,Closed,2020-04-02 00:00:00,Performing
TAIWO ADEDAYO,"=""22409539451""",PLOT 19BANKO ESTATEODO ONA ELEWE Oluyole Oyo State,,"=""22261503""","=""6423022""","=""84974416""",Personal fixed term loan,2020-03-18 00:00:00,2500.00,0.00,,0.00,2870.00,NGN,0,Closed,2020-04-02 00:00:00,Performing
HANNAH OYEWOLE,"=""22228933878""",15 OLUWASHINA STREET ITIRECHURCH BUS STOP ITIRE SURULERE,,"=""22264368""","=""5536210""","=""1803715""",Personal fixed term loan,2020-03-12 00:00:00,2500.00,0.00,,0.00,2870.00,NGN,0,Closed,2020-03-27 00:00:00,Performing
CHIOMA OKAFOR,,Lambasa 106104 Lekki Lagos Nigeria,,"=""22265461""","=""6744181""","=""1921259""",Personal fixed term loan,2020-04-03 00:00:00,2500.00,0.00,,0.00,2870.00,NGN,0,Closed,2020-04-20 00:00:00,Performing
CHIOMA OKAFOR,,Lambasa 106104 Lekki Lagos Nigeria,,"=""22265461""","=""6744181""","=""72285913""",Personal fixed term loan,2020-04-03 00:00:00,2500.00,0.00,,0.00,2870.00,NGN,0,Closed,2020-04-20 00:00:00,Performing
ADESIJI ALUKO,,PD 1ilajeilesa,,"=""22265954""","=""2539078""","=""31263996""",Personal fixed term loan,2019-10-16 00:00:00,1500.00,0.00,,0.00,1720.00,NGN,0,Closed,2019-10-31 00:00:00,Performing
ADESIJI ALUKO,,PD 1ilajeilesa,,"=""22265954""","=""2539078""","=""841529""",Personal fixed term loan,2019-10-16 00:00:00,1500.00,0.00,,0.00,1720.00,NGN,0,Closed,2019-10-31 00:00:00,Performing
BLESSING BALOGUN,,3 SHOWO STR IBAFO Obafemi Owode Ogun State,,"=""22266047""","=""1188946""","=""421840343""",Personal fixed term loan,2020-01-03 00:00:00,10000.00,0.00,,0.00,13000.00,NGN,0,Closed,2020-02-03 00:00:00,Performing
GOODNESS NWAWURU,"=""22458815456""",NO 2 NATIONAL STREET MILE 3 DIOBUPORTHARCOURT Port Harcour,,"=""22266647""","=""6259057""","=""1794249""",Personal fixed term loan,2020-03-11 00:00:00,2500.00,0.00,,0.00,3250.00,NGN,0,Closed,2020-04-14 00:00:00,Performing
JOHN NWACHUKWU,"=""22606445593""",UMUAGHARA OBIBI,,"=""22132017""","=""43935437""","=""10569435""",Personal fixed term loan,2023-06-12 00:00:00,5000.00,6400.00,,0.00,6400.00,NGN,0,Open,2023-07-12 00:00:00,Performing
KEHINDE ADEPEGBA,"=""22390019914""",10 ADEBISI STR,,"=""22133938""","=""43944647""","=""10573072""",Personal fixed term loan,2023-06-12 00:00:00,7500.00,3661.00,,3661.00,8625.00,NGN,7,Open,2023-06-27 00:00:00,Watchlist
VICTORIA OGUNNOWO,"=""22535367634""",2A AKEEM JAIGBE STREET LUCKY FIBRE IKORODU,,"=""22135110""","=""38190364""","=""10640843""",Personal fixed term loan,2023-06-19 00:00:00,10000.00,11800.00,,0.00,11800.00,NGN,0,Open,2023-07-04 00:00:00,Performing
TITILAYO ADEKUNLE,"=""22306245543""",10 OLORUNKEMI STREET SANGO,,"=""22138603""","=""44250506""","=""10691911""",Personal fixed term loan,2023-06-24 00:00:00,20000.00,25400.00,,0.00,25400.00,NGN,0,Open,2023-07-24 00:00:00,Performing
LEONARD NJOKU,"=""22253984315""",NO 2 LAWANI STREET SURULERE,,"=""22138820""","=""44230961""","=""10684445""",Personal fixed term loan,2023-06-23 00:00:00,20000.00,23600.00,,0.00,23600.00,NGN,0,Open,2023-07-08 00:00:00,Performing
RAFIU CHRISTIANA RUKA,"=""22479944681""",17magbon Alade ibejulekki Lagos,"=""08107039625""","=""22241983""","=""11477678""","=""10424950""",Personal fixed term loan,2023-05-29 00:00:00,5000.00,0.00,,0.00,6500.00,NGN,0,Closed,2023-06-28 00:00:00,Performing
TEMITOPE AINA,"=""22501940122""",Sabon sara Jakusko Local Govt Area,,"=""22249173""","=""19697586""","=""772732237""",Personal fixed term loan,2021-11-03 00:00:00,7500.00,0.00,,0.00,7500.00,NGN,0,Closed,2021-11-18 00:00:00,Performing
MERCY TIMOTHY,"=""22458459043""",BEHIND HOLY SPIRIT CHURCH WUKARI Wukari Taraba State,,"=""22250224""","=""6088821""","=""10667975""",Personal fixed term loan,2023-06-22 00:00:00,7500.00,0.00,,0.00,9000.00,NGN,0,Closed,2023-07-07 00:00:00,Performing
MAYOWA OSUNLOLA,"=""22176778589""",11GARDOL STREET IFAKO AGEGE  Agege Lagos State,,"=""22255053""","=""5137215""","=""10098832""",Personal fixed term loan,2020-01-22 00:00:00,2500.00,0.00,,0.00,2870.00,NGN,0,Closed,2020-02-06 00:00:00,Performing
BOLANLE KAYODE,"=""22556701716""",OLOGEDE STREET MAJIDUN Ikorodu Lagos State,,"=""22255940""","=""8903778""","=""131956833""",Personal fixed term loan,2020-09-30 00:00:00,5000.00,0.00,,0.00,6000.00,NGN,0,Closed,2020-10-15 00:00:00,Performing
SAADATU ADAMU,"=""22522341830""",NO AE 7A MATAZU CLOSE KASUA BARCHI ROUNDABOUT KADUNA Kadun,,"=""22256089""","=""7129599""","=""1957671""",Personal fixed term loan,2020-04-18 00:00:00,1500.00,0.00,,0.00,1950.00,NGN,0,Closed,2020-05-18 00:00:00,Performing
kehinde ajayi,,14 OGUNSAKIN STREET ISHASHI PIPELINE  Ifo Ogun State,,"=""22256159""","=""1600164""","=""486932""",Personal fixed term loan,2019-08-14 00:00:00,2500.00,0.00,,0.00,3250.00,NGN,0,Closed,2019-09-13 00:00:00,Performing
RICHEAL OKORIE,"=""22465026247""",28AIT ROAD,"=""2349019349089""","=""22256774""","=""6164862""","=""1756259""",Personal fixed term loan,2020-03-06 00:00:00,2500.00,0.00,,0.00,3250.00,NGN,0,Closed,2020-04-06 00:00:00,Performing
RICHEAL OKORIE,"=""22465026247""",28AIT ROAD,"=""2349019349089""","=""22256774""","=""6164862""","=""4393069764""",Personal fixed term loan,2020-03-06 00:00:00,2500.00,0.00,,0.00,3250.00,NGN,0,Closed,2020-04-06 00:00:00,Performing
ZAINAB AHMAD,"=""22524821857""",KUFAINA ROAD USHANU KADUNA,,"=""22257495""","=""6044025""","=""1710993""",Personal fixed term loan,2020-02-29 00:00:00,2500.00,0.00,,0.00,3250.00,NGN,0,Closed,2020-03-30 00:00:00,Performing
SADIAT SALAWU,,12 OWOLESHO STREET SHARP CORNER OKE BOLA IBADAN Ibadan Sou,,"=""22259284""","=""2361295""","=""3072197188""",Personal fixed term loan,2020-02-27 00:00:00,7500.00,0.00,,0.00,9370.00,NGN,0,Closed,2020-03-30 00:00:00,Performing
AYUBA MUSA,"=""22551186776""",TUDUN WADA MUBI SOUTH  Mubi South Adamawa State,,"=""22259684""","=""5485267""","=""1739327""",Personal fixed term loan,2020-03-04 00:00:00,2500.00,0.00,,0.00,3120.00,NGN,0,Closed,2020-04-03 00:00:00,Performing
BARRY OLALEKAN,"=""22323889214""",OGOOLUWA VILLA ANUOLUWAPO STREET OBA ADEYEMI ROAD MOBOLAJE,,"=""22131780""","=""44095853""","=""10633130""",Personal fixed term loan,2023-06-18 00:00:00,30000.00,38400.00,,0.00,38400.00,NGN,0,Open,2023-07-18 00:00:00,Performing
IFEOLUWATUMILARA IMMANUEL,"=""22673286752""",NO 20 LATONA STR OSOGBO,,"=""22131937""","=""37444891""","=""10643159""",Personal fixed term loan,2023-06-19 00:00:00,2500.00,2989.00,,0.00,2992.50,NGN,0,Open,2023-07-04 00:00:00,Performing
AIMANOHI AGBONGIAGUE,"=""22204867191""",1 GODSWILL OBADIARU STREET ESTATE,,"=""22132716""","=""44307857""","=""10725748""",Personal fixed term loan,2023-06-28 00:00:00,7500.00,8850.00,,0.00,8850.00,NGN,0,Open,2023-07-13 00:00:00,Performing
YUSUF ADEWALE,"=""22229245367""",Papa Ajao 23401 Lagos Nigeria,,"=""22133082""","=""43518386""","=""10561397""",Personal fixed term loan,2023-06-11 00:00:00,5000.00,6035.00,,6035.00,5985.00,NGN,8,Open,2023-06-26 00:00:00,Watchlist
OLUWATOSIN AMODEMAJA,,PLOT 12 SHALOM ESTATE IJAIYE OJOKORO Alimosho Lagos State,,"=""22133950""","=""7128359""","=""10408197""",Personal fixed term loan,2023-05-27 00:00:00,5000.00,0.00,,0.00,6000.00,NGN,0,Closed,2023-06-11 00:00:00,Performing
ELIJAH JEMISEYE,"=""22383427557""",8 ADEYEMI STREET ABARANJE ROAD,,"=""22134588""","=""7595420""","=""10305674""",Personal fixed term loan,2023-05-17 00:00:00,5000.00,0.00,,0.00,6000.00,NGN,0,Closed,2023-06-01 00:00:00,Performing
ELIJAH JEMISEYE,"=""22383427557""",8 ADEYEMI STREET ABARANJE ROAD,,"=""22134588""","=""7595420""","=""10364147""",Personal fixed term loan,2023-05-23 00:00:00,5000.00,0.00,,0.00,6075.00,NGN,0,Closed,2023-06-07 00:00:00,Performing
MAYOWA ABASS,"=""22462686749""",17 IKUBOLAJE STREET ANIBABA IKORODU,,"=""22136685""","=""42280541""","=""10653500""",Personal fixed term loan,2023-06-20 00:00:00,20000.00,23600.00,,0.00,23600.00,NGN,0,Open,2023-07-05 00:00:00,Performing
WALI SAMUEL,"=""22274759291""",No 2 Julius close behind ozuoba market,"=""08078350120""","=""22218216""","=""6247467""","=""10468839""",Personal fixed term loan,2023-06-02 00:00:00,5000.00,0.00,,0.00,6500.00,NGN,0,Closed,2023-07-02 00:00:00,Performing
TAWA OLOWE,"=""22460530655""",NO 23 AYANKOYA STR OKE ADO Ibadan SouthWest Oyo State,,"=""22249125""","=""6003072""","=""97542644""",Personal fixed term loan,2020-02-27 00:00:00,1500.00,0.00,,0.00,1720.00,NGN,0,Closed,2020-03-13 00:00:00,Performing
GONI UMAR,"=""22285003813""",FOTO COMPOUND OVWIAN Udu Delta State,,"=""22249904""","=""10211280""","=""2004406000""",Personal fixed term loan,2020-12-14 00:00:00,5000.00,0.00,,0.00,6000.00,NGN,0,Closed,2020-12-29 00:00:00,Performing
SADIAT OGUNDEYIN,"=""22149034355""",ROAD 19 HOUSE 4 ADEBISI LAYOUT APATA Ido Oyo State,,"=""22251206""","=""6490959""","=""121909902""",Personal fixed term loan,2020-03-21 00:00:00,2500.00,0.00,,0.00,3250.00,NGN,0,Closed,2020-04-20 00:00:00,Performing
OLIVER AHIA,"=""22288403694""",cc 17 nagoggo street tudun wada kaduna Kaduna South Kaduna,,"=""22255609""","=""3455682""","=""694835573""",Personal fixed term loan,2020-01-03 00:00:00,15000.00,0.00,,0.00,18750.00,NGN,0,Closed,2020-02-03 00:00:00,Performing
noah oke,,alade area ogbomoso oyo state ibadan Ogbomosho North Oyo S,,"=""22257549""","=""5871327""","=""1649210""",Personal fixed term loan,2020-02-21 00:00:00,2500.00,0.00,,0.00,2500.00,NGN,0,Closed,2020-03-09 00:00:00,Performing
EDWIN OBIWUAKU,"=""22267187791""",IZOMBE OGUTA LGA IMO STATE Yenagoa Bayelsa State,,"=""22258417""","=""8881626""","=""3068460766""",Personal fixed term loan,2020-09-29 00:00:00,5000.00,0.00,,0.00,6000.00,NGN,0,Closed,2020-10-14 00:00:00,Performing
MOSUNMOLA ABDULAZEEZ,,15 TOTAL FSTATION DEEPER LIFE JUNCTION BYAZHIN ABUJA Bwari,,"=""22258553""","=""2720253""","=""229641447""",Personal fixed term loan,2020-03-14 00:00:00,15000.00,0.00,,0.00,18300.00,NGN,0,Closed,2020-04-14 00:00:00,Performing
OLUDELE EMMANUEL,"=""22280156949""",PLOT 2 ADENIJI LAYOUT IWO ROAD AREA IBADAN Ibadan NorthEas,,"=""22249128""","=""6198582""","=""1768758""",Personal fixed term loan,2020-03-07 00:00:00,2500.00,0.00,,0.00,2870.00,NGN,0,Closed,2020-03-23 00:00:00,Performing
MARY BUTU,"=""22327452670""",GENERAL HOSPITAL RDTAKUM TARABA STATE Takum Taraba State,,"=""22249949""","=""5921550""","=""1843831""",Personal fixed term loan,2020-03-18 00:00:00,2500.00,0.00,,0.00,3250.00,NGN,0,Closed,2020-04-17 00:00:00,Performing
ABDULLAHI YAHAYA,"=""22584978692""",NO 238 ZANGO QUARTERS ADO BAYERO ROAD KANO MUNICIPAL LGA KAN,,"=""22251068""","=""10469007""","=""2167881483""",Personal fixed term loan,2020-12-21 00:00:00,30000.00,0.00,,0.00,21290.00,NGN,0,Closed,2021-02-19 00:00:00,Performing
IBRAHIM LAWAL,"=""22559497070""",ZARIA LOCAL GOVT KADUNA STATE,,"=""22251889""","=""6624309""","=""3150986626""",Personal fixed term loan,2020-03-28 00:00:00,2500.00,0.00,,0.00,2870.00,NGN,0,Closed,2020-04-14 00:00:00,Performing
IKECHUKWU OKAFOR,"=""22158627595""",NO 2 LINK ROAD WARRI Warri South Delta State,,"=""22253744""","=""6150765""","=""1751491""",Personal fixed term loan,2020-03-05 00:00:00,2500.00,0.00,,0.00,2870.00,NGN,0,Closed,2020-03-20 00:00:00,Performing
COLLINS ONWUEGBUZIE,"=""22387508812""",2 MONDAY STREET Ika North East Delta State,,"=""22253761""","=""5234988""","=""1458119""",Personal fixed term loan,2020-01-25 00:00:00,10000.00,0.00,,0.00,11500.00,NGN,0,Closed,2020-02-10 00:00:00,Performing
COLLINS ONWUEGBUZIE,"=""22387508812""",2 MONDAY STREET Ika North East Delta State,,"=""22253761""","=""5234988""","=""2170960308""",Personal fixed term loan,2020-01-25 00:00:00,10000.00,0.00,,0.00,11500.00,NGN,0,Closed,2020-02-10 00:00:00,Performing
OVBOKHAN AIWEKHOE,"=""22243930928""",63 FIRST EAST CIRCULAR ROAD BENIN CITY  Uvwie Delta State,,"=""22254561""","=""6179862""","=""1761052""",Personal fixed term loan,2020-03-06 00:00:00,15000.00,0.00,,0.00,17250.00,NGN,0,Closed,2020-03-23 00:00:00,Performing
DAVID THOMAS,,64 EKIUGBO UGHELLI ROAD,,"=""22254612""","=""3302655""","=""61143004""",Personal fixed term loan,2020-01-04 00:00:00,5000.00,0.00,,0.00,6250.00,NGN,0,Closed,2020-02-03 00:00:00,Performing
REJOICE CHIGOZIE,"=""22366247996""",36 UNIPORT RD CHOBA,,"=""22257484""","=""3072252""","=""252057842""",Personal fixed term loan,2020-07-13 00:00:00,20000.00,0.00,,0.00,25400.00,NGN,0,Closed,2020-08-12 00:00:00,Performing
NEHEMIAH PHILIP,"=""22525992585""",NO 41 LUMUMBER ST MILE 2 DIOBU PH ObioAkpor Rivers State,,"=""22257551""","=""7550013""","=""2058734""",Personal fixed term loan,2020-06-11 00:00:00,5000.00,0.00,,0.00,5750.00,NGN,0,Closed,2020-06-26 00:00:00,Performing
NEHEMIAH PHILIP,"=""22525992585""",NO 41 LUMUMBER ST MILE 2 DIOBU PH ObioAkpor Rivers State,,"=""22257551""","=""7550013""","=""812493575""",Personal fixed term loan,2020-06-11 00:00:00,5000.00,0.00,,0.00,5750.00,NGN,0,Closed,2020-06-26 00:00:00,Performing
AMINU IBRAHIM,,No 5 jahi 2beside jahi plaza abuja,,"=""22258823""","=""1605291""","=""490632""",Personal fixed term loan,2019-08-15 00:00:00,1500.00,0.00,,0.00,1950.00,NGN,0,Closed,2019-09-16 00:00:00,Performing
OLUWATOBI AFOLABI,"=""22161723879""",88 POLICE POST STR OBANITOKO ABEOKUTA  Abeokuta South Ogun,,"=""22259309""","=""6609862""","=""1894240""",Personal fixed term loan,2020-03-27 00:00:00,2500.00,0.00,,0.00,3250.00,NGN,0,Closed,2020-04-27 00:00:00,Performing
MAYOWA ADEKOLA,"=""22303415066""",26 KOLAWOLE STREET OKORO IJOKODO AREA Egbeda Oyo State,,"=""22259356""","=""5559226""","=""128452146""",Personal fixed term loan,2020-03-13 00:00:00,5000.00,0.00,,0.00,5750.00,NGN,0,Closed,2020-03-30 00:00:00,Performing
MAYOWA ADEKOLA,"=""22303415066""",26 KOLAWOLE STREET OKORO IJOKODO AREA Egbeda Oyo State,,"=""22259356""","=""5559226""","=""1810187""",Personal fixed term loan,2020-03-13 00:00:00,5000.00,0.00,,0.00,5750.00,NGN,0,Closed,2020-03-30 00:00:00,Performing
MARIAM TOLANI,"=""22595801167""",23 EFUNSETAN STREET IYANA IPA,,"=""22125975""","=""43762607""","=""10595695""",Personal fixed term loan,2023-06-14 00:00:00,5000.00,6375.00,,0.00,6375.00,NGN,0,Open,2023-07-14 00:00:00,Performing
MICHAEL AKPAN,"=""22557201288""",no 20 udo ekaumoh str,,"=""22128784""","=""44134442""","=""10647028""",Personal fixed term loan,2023-06-20 00:00:00,7500.00,8850.00,,0.00,8850.00,NGN,0,Open,2023-07-05 00:00:00,Performing
KENNETH JOHNSON,"=""22290640786""",28 izobo str eff,,"=""22132342""","=""44206577""","=""10679455""",Personal fixed term loan,2023-06-23 00:00:00,7500.00,8850.00,,0.00,8850.00,NGN,0,Open,2023-07-08 00:00:00,Performing
HEZEKIAH OYEDIJO,,ILE AGBOYE COMPOUND IPETUMODU,,"=""22136035""","=""43975714""","=""10586461""",Personal fixed term loan,2023-06-13 00:00:00,10000.00,12900.00,,0.00,12900.00,NGN,0,Open,2023-07-13 00:00:00,Performing
HAYATU IBRAHIM,"=""22564385623""",DAMARE YOLA TOWN Yola South Adamawa State,,"=""22238216""","=""5408426""","=""10339987""",Personal fixed term loan,2023-05-20 00:00:00,2500.00,0.00,,0.00,3000.00,NGN,0,Closed,2023-06-04 00:00:00,Performing
ADIGBI OLUWATSIN FRANCIS,"=""22630185623""",Not Available,,"=""22245304""","=""5767391""","=""10281513""",Personal fixed term loan,2023-05-14 00:00:00,5000.00,0.00,,0.00,6500.00,NGN,0,Closed,2023-06-13 00:00:00,Performing
DEMUIHIN IORKOSE,,OPP WELFARE QTRS ALONG OTUKPO RD,,"=""22253406""","=""5949225""","=""10681874""",Personal fixed term loan,2023-06-23 00:00:00,5000.00,0.00,,0.00,6500.00,NGN,0,Closed,2023-07-23 00:00:00,Performing
AWAWU FAGBO,"=""22187407276""",252 IYEMOGUN ROAD ILESA OSUN STATE Ilesa East Osun State,,"=""22254964""","=""6666627""","=""1907280""",Personal fixed term loan,2020-03-30 00:00:00,2500.00,0.00,,0.00,3250.00,NGN,0,Closed,2020-04-29 00:00:00,Performing
AWAWU FAGBO,"=""22187407276""",252 IYEMOGUN ROAD ILESA OSUN STATE Ilesa East Osun State,,"=""22254964""","=""6666627""","=""3079794696""",Personal fixed term loan,2020-03-30 00:00:00,2500.00,0.00,,0.00,3250.00,NGN,0,Closed,2020-04-29 00:00:00,Performing
OLUWAFUNMILAYO ADEBANJO,"=""22201841675""",100 MORONFOLU STREET AKOKA YABA  Shomolu Lagos State,,"=""22254978""","=""6306657""","=""1807778""",Personal fixed term loan,2020-03-12 00:00:00,1500.00,0.00,,0.00,1950.00,NGN,0,Closed,2020-04-14 00:00:00,Performing
YETUNDE ADEREMI,,66 shaibu okoya street aboru,,"=""22255513""","=""2552286""","=""2127129907""",Personal fixed term loan,2019-10-21 00:00:00,5000.00,0.00,,0.00,6500.00,NGN,0,Closed,2019-11-20 00:00:00,Performing
YETUNDE ADEREMI,,66 shaibu okoya street aboru,,"=""22255513""","=""2552286""","=""864973""",Personal fixed term loan,2019-10-21 00:00:00,5000.00,0.00,,0.00,6500.00,NGN,0,Closed,2019-11-20 00:00:00,Performing
HARRISON ONU,"=""22259238447""",NARICT ZARIA Sabon Gari Kaduna State,,"=""22257471""","=""6109524""","=""1749373""",Personal fixed term loan,2020-03-05 00:00:00,2500.00,0.00,,0.00,3250.00,NGN,0,Closed,2020-04-06 00:00:00,Performing
JUDE DIKE,"=""22519294657""",29 buraimoh street,"=""8143731044""","=""22259894""","=""6185623""","=""10605122""",Personal fixed term loan,2023-06-15 00:00:00,5000.00,0.00,,0.00,6500.00,NGN,0,Closed,2023-07-15 00:00:00,Performing
ODION JOHN,"=""22171649709""",MFM IGANDO LAGOS BY JI EDE BUS STOPIGANDO LAGOS,,"=""22260829""","=""6489136""","=""1860260""",Personal fixed term loan,2020-03-21 00:00:00,2500.00,0.00,,0.00,2870.00,NGN,0,Closed,2020-04-06 00:00:00,Performing
ODION JOHN,"=""22171649709""",MFM IGANDO LAGOS BY JI EDE BUS STOPIGANDO LAGOS,,"=""22260829""","=""6489136""","=""2281099729""",Personal fixed term loan,2020-03-21 00:00:00,2500.00,0.00,,0.00,2870.00,NGN,0,Closed,2020-04-06 00:00:00,Performing
OLAYIMIKA ADEKANBI,"=""22330073837""",10 AGBENUOYE AREA OKE OGUNJI OBANTOKO ABEOKUTA Odeda Ogun,,"=""22261480""","=""6791815""","=""1930181""",Personal fixed term loan,2020-04-10 00:00:00,2500.00,0.00,,0.00,3250.00,NGN,0,Closed,2020-05-11 00:00:00,Performing
OLANREWAJU SOYOYE,"=""22257986146""",63 ILUGUN ASALU ROAD Abeokuta North Ogun State,,"=""22251851""","=""5898126""","=""1830002""",Personal fixed term loan,2020-03-16 00:00:00,2500.00,0.00,,0.00,2870.00,NGN,0,Closed,2020-03-31 00:00:00,Performing
HENRYNWADINOBI BALOGU,"=""22427989623""",BALOGUS COMPD UMUCHIEME OGBODIUKWU Umuahia South Abia Stat,,"=""22251958""","=""5638626""","=""1620558""",Personal fixed term loan,2020-02-17 00:00:00,2500.00,0.00,,0.00,2870.00,NGN,0,Closed,2020-03-03 00:00:00,Performing
AONDONGU ZUAGA,"=""22517328231""",OPPOSITE NKST CHURCH GEV YANDEV  Gboko Benue State,,"=""22253553""","=""6378015""","=""802422785""",Personal fixed term loan,2020-03-16 00:00:00,10000.00,0.00,,0.00,13000.00,NGN,0,Closed,2020-04-15 00:00:00,Performing
TOBECHUKWU OYIBO,"=""22554601348""",19 UDUMUWARA EKPAN Uvwie Delta State,,"=""22253589""","=""5817828""","=""1670256""",Personal fixed term loan,2020-02-24 00:00:00,5000.00,0.00,,0.00,6250.00,NGN,0,Closed,2020-03-25 00:00:00,Performing
GBOYEGA KAZEEM,,NO 4 OLA ORESANYA STREET KETU Kosofe Lagos State,,"=""22253730""","=""6430296""","=""58980190""",Personal fixed term loan,2020-03-21 00:00:00,2500.00,0.00,,0.00,2870.00,NGN,0,Closed,2020-04-06 00:00:00,Performing
OLUYEMI AKANDE,"=""22153340446""",98 OYEDEJI STREET STREET OFF OJO ROAD AJEGUNLE  AjeromiIfe,,"=""22255995""","=""4039761""","=""473253270""",Personal fixed term loan,2019-12-08 00:00:00,5000.00,0.00,,0.00,5750.00,NGN,0,Closed,2019-12-23 00:00:00,Performing
SAMUEL INIOBONG,"=""22445993417""",BEHIND BLUE HOUSE NEW NYANYA Karu Nasarawa State,,"=""22257440""","=""6684018""","=""1916167""",Personal fixed term loan,2020-03-31 00:00:00,2500.00,0.00,,0.00,3250.00,NGN,0,Closed,2020-04-30 00:00:00,Performing
SAMUEL OGUNDOYIN,"=""22544602595""",OGUNDOYIN VILLA IDIOSEOKE OLA NEW ERUWA Ibarapa East Oyo S,,"=""22259305""","=""5701924""","=""1226789195""",Personal fixed term loan,2020-02-13 00:00:00,1500.00,0.00,,0.00,1950.00,NGN,0,Closed,2020-03-16 00:00:00,Performing
SAMUEL OGUNDOYIN,"=""22544602595""",OGUNDOYIN VILLA IDIOSEOKE OLA NEW ERUWA Ibarapa East Oyo S,,"=""22259305""","=""5701924""","=""1597768""",Personal fixed term loan,2020-02-13 00:00:00,1500.00,0.00,,0.00,1950.00,NGN,0,Closed,2020-03-16 00:00:00,Performing
OLUCHUKWU ONAH,,OWERRE IBAGWA AKA  NSUKKA Igbo Eze South Enugu State,,"=""22261441""","=""526285""","=""1435149""",Personal fixed term loan,2020-01-21 00:00:00,5000.00,0.00,,0.00,5750.00,NGN,0,Closed,2020-02-05 00:00:00,Performing
ESTHER SIMEON,"=""22526210219""",3 OKE ANU STREET OMOTOSHO Okitipupa Ondo State,,"=""22263156""","=""4575859""","=""125603729""",Personal fixed term loan,2019-12-30 00:00:00,10000.00,0.00,,0.00,13000.00,NGN,0,Closed,2020-01-29 00:00:00,Performing
OLUWASEUN ODUMUYIWA,"=""22223662249""",NO 6 SHORINMADE EYITAN STREET OYOKORO ROAD IKORODU Ikorodu,,"=""22264319""","=""6212137""","=""1780813""",Personal fixed term loan,2020-03-09 00:00:00,10000.00,0.00,,0.00,11500.00,NGN,0,Closed,2020-03-24 00:00:00,Performing
UDUAK VICTOR,"=""22452053328""",NO 57B EDIM OTOP CALABAR Calabar Municipal Cross River Sta,,"=""22266691""","=""6757990""","=""6321530810""",Personal fixed term loan,2020-04-04 00:00:00,2500.00,0.00,,0.00,3250.00,NGN,0,Closed,2020-05-04 00:00:00,Performing
KOLAWOLE IDOWU,"=""22436708516""",NO 20 LAFIAJI ODO ONA ELEWE IBADAN  Oluyole Oyo State,,"=""22268170""","=""5564525""","=""1782460""",Personal fixed term loan,2020-03-09 00:00:00,10000.00,0.00,,0.00,12500.00,NGN,0,Closed,2020-04-08 00:00:00,Performing
KOLAWOLE IDOWU,"=""22436708516""",NO 20 LAFIAJI ODO ONA ELEWE IBADAN  Oluyole Oyo State,,"=""22268170""","=""5564525""","=""3011829889""",Personal fixed term loan,2020-03-09 00:00:00,10000.00,0.00,,0.00,12500.00,NGN,0,Closed,2020-04-08 00:00:00,Performing
SUBOMI OLAJIDE,"=""22450207332""",47 ADEADENAIKE STR IRAWO IKORODU Ikorodu Lagos State,,"=""22255833""","=""6708324""","=""2178153627""",Personal fixed term loan,2020-04-01 00:00:00,10000.00,0.00,,0.00,13000.00,NGN,0,Closed,2020-05-04 00:00:00,Performing
EVANS EZEKPORNWO,,GAWON NAMA AREA,,"=""22257419""","=""1633497""","=""573010320""",Personal fixed term loan,2019-09-19 00:00:00,10000.00,0.00,,0.00,12500.00,NGN,0,Closed,2019-10-21 00:00:00,Performing
UWEM ROBERT,"=""22266870113""",NO 103 WATER BOARD OGOJA RD OBUDU Obudu Cross River State,,"=""22258423""","=""9602115""","=""2007438387""",Personal fixed term loan,2020-12-02 00:00:00,15000.00,0.00,,0.00,19500.00,NGN,0,Closed,2021-01-01 00:00:00,Performing
CHIDOZIE MBADIWE,"=""22365135320""",ZARMANGANDA BEHIND FCS,,"=""22258437""","=""1845525""","=""3067380698""",Personal fixed term loan,2019-09-11 00:00:00,10000.00,0.00,,0.00,13000.00,NGN,0,Closed,2019-10-11 00:00:00,Performing
KAYODE OGUNDIPE,"=""22283123940""",32 SANUSI STREET BEHIND COCACOLA BODIJA IBADAN,,"=""22259023""","=""5193853""","=""10605734""",Personal fixed term loan,2023-06-15 00:00:00,5000.00,0.00,,0.00,6500.00,NGN,0,Closed,2023-07-30 00:00:00,Performing
FRANCIS ADEBAYO,"=""22513399624""",BEHIND SAINT JAMES ANGLICAN PRIMARY SCHOOOL UGBE AKOKO Ako,,"=""22262432""","=""5793364""","=""3137234580""",Personal fixed term loan,2020-03-23 00:00:00,10000.00,0.00,,0.00,12500.00,NGN,0,Closed,2020-04-22 00:00:00,Performing
MONDAY AUGUSTINE,,Ilishan remo,,"=""22262500""","=""1755307""","=""605380""",Personal fixed term loan,2019-09-05 00:00:00,2500.00,0.00,,0.00,3120.00,NGN,0,Closed,2019-10-07 00:00:00,Performing
ADEMOLA AYENI,,Adefun ado ekiti,,"=""22263286""","=""2468533""","=""817590""",Personal fixed term loan,2019-10-12 00:00:00,1500.00,0.00,,0.00,1720.00,NGN,0,Closed,2019-10-28 00:00:00,Performing
SHADE AFOLABI,"=""22147400536""",26 ABANICHE STREET IKOTUN Alimosho Lagos State,,"=""22264890""","=""7596025""","=""2146370""",Personal fixed term loan,2020-07-06 00:00:00,1500.00,0.00,,0.00,1810.00,NGN,0,Closed,2020-07-21 00:00:00,Performing
SHADE AFOLABI,"=""22147400536""",26 ABANICHE STREET IKOTUN Alimosho Lagos State,,"=""22264890""","=""7596025""","=""26233034""",Personal fixed term loan,2020-07-06 00:00:00,1500.00,0.00,,0.00,1810.00,NGN,0,Closed,2020-07-21 00:00:00,Performing
DAMILOLA ENIOLAWUN,"=""22249127090""",125 IGBOGBO RD IKORODU,,"=""22265325""","=""6640483""","=""1950174""",Personal fixed term loan,2020-04-17 00:00:00,2500.00,0.00,,0.00,2870.00,NGN,0,Closed,2020-05-04 00:00:00,Performing
GRACE EMEH,"=""22416261192""",13 EMEHS COMPUND RUMUHIA EMOHUA Emuoha Rivers State,,"=""22266711""","=""1627198""","=""2093133364""",Personal fixed term loan,2020-03-05 00:00:00,2500.00,0.00,,0.00,3050.00,NGN,0,Closed,2020-04-06 00:00:00,Performing
MESSIAH ORLUYE,,CHIEF ORLUYES COMPOUND ULAEHUDA Ahoada East Rivers State,,"=""22267579""","=""2515867""","=""3125333523""",Personal fixed term loan,2019-10-14 00:00:00,10000.00,0.00,,0.00,13000.00,NGN,0,Closed,2019-11-13 00:00:00,Performing
GABRIEL PHILLIP,,OLATUNDE BAKARE STREET IMEKE BADAGRY Badagry Lagos State,,"=""22268065""","=""5641376""","=""1888963""",Personal fixed term loan,2020-03-26 00:00:00,10000.00,0.00,,0.00,11500.00,NGN,0,Closed,2020-04-14 00:00:00,Performing
GOODNESS IZUNWANNE,,IZUNWANNES COMPD UBOMIRI Mbaitoli Imo State,,"=""22268116""","=""2150717""","=""59002159""",Personal fixed term loan,2019-09-29 00:00:00,2500.00,0.00,,0.00,2870.00,NGN,0,Closed,2019-10-14 00:00:00,Performing
SHAKIRAT AKINSOLA,"=""22301498650""",1 Ijaye abeokuta ogun state,,"=""22268248""","=""3414740""","=""1017248""",Personal fixed term loan,2019-11-16 00:00:00,1500.00,0.00,,0.00,1720.00,NGN,0,Closed,2019-12-02 00:00:00,Performing
SHAKIRAT AKINSOLA,"=""22301498650""",1 Ijaye abeokuta ogun state,,"=""22268248""","=""3414740""","=""169182758""",Personal fixed term loan,2019-11-16 00:00:00,1500.00,0.00,,0.00,1720.00,NGN,0,Closed,2019-12-02 00:00:00,Performing
HAMMED FOLORUNSHO,,63 KRLANI STREET ADEALU BUS STOP IYANA IPAJA  Alimosho Lagos,,"=""22256156""","=""6170736""","=""1761297""",Personal fixed term loan,2020-03-06 00:00:00,10000.00,0.00,,0.00,13000.00,NGN,0,Closed,2020-04-06 00:00:00,Performing
JAMES TOBA,"=""22263763029""",4 OREMEJI ROUND ABOUTIFAKO GBAGADALagos State,,"=""22256726""","=""6807312""","=""1929106""",Personal fixed term loan,2020-04-10 00:00:00,2500.00,0.00,,0.00,2870.00,NGN,0,Closed,2020-04-27 00:00:00,Performing
JAMES TOBA,"=""22263763029""",4 OREMEJI ROUND ABOUTIFAKO GBAGADALagos State,,"=""22256726""","=""6807312""","=""6232367011""",Personal fixed term loan,2020-04-10 00:00:00,2500.00,0.00,,0.00,2870.00,NGN,0,Closed,2020-04-27 00:00:00,Performing
SARAFA OGUNDEJI,"=""22210554135""",BEHIND OLUBADAN HIGH SCHOOL ADEKILE  IBADAN  Ona Ara Oyo S,,"=""22259351""","=""6814267""","=""1947006""",Personal fixed term loan,2020-04-16 00:00:00,5000.00,0.00,,0.00,5750.00,NGN,0,Closed,2020-05-04 00:00:00,Performing
COLLINS KINGSLEY,"=""22542186088""",2A DILLION STREET KIRIKIRI AMUWO LAGOS AmuwoOdofin Lagos S,,"=""22259700""","=""2636728""","=""1223073943""",Personal fixed term loan,2019-11-22 00:00:00,5000.00,0.00,,0.00,6250.00,NGN,0,Closed,2019-12-23 00:00:00,Performing
Ganiyat TAiwo,"=""22528954025""",Akinwunmistreetjoju road,"=""9012916183""","=""22261504""","=""6433513""","=""1844395""",Personal fixed term loan,2020-03-18 00:00:00,2500.00,0.00,,0.00,2870.00,NGN,0,Closed,2020-04-02 00:00:00,Performing
HUDU YAHAYA,"=""22491417235""",JIGAWA PANDA KUMO Akko Gombe State,,"=""22261572""","=""6281596""","=""1938564""",Personal fixed term loan,2020-04-14 00:00:00,1500.00,0.00,,0.00,1720.00,NGN,0,Closed,2020-04-29 00:00:00,Performing
HUDU YAHAYA,"=""22491417235""",JIGAWA PANDA KUMO Akko Gombe State,,"=""22261572""","=""6281596""","=""36436206""",Personal fixed term loan,2020-04-14 00:00:00,1500.00,0.00,,0.00,1720.00,NGN,0,Closed,2020-04-29 00:00:00,Performing
Iyabo Olatona,,Ikorodu,,"=""22264946""","=""1538977""","=""443619""",Personal fixed term loan,2019-08-01 00:00:00,1500.00,0.00,,0.00,1950.00,NGN,0,Closed,2019-09-02 00:00:00,Performing
TIMI ORUMOBIRI,"=""22270682137""",NO 18 CREEK ROAD Port Harcourt Rivers State,,"=""22266818""","=""10121065""","=""2071484271""",Personal fixed term loan,2020-12-11 00:00:00,5000.00,0.00,,0.00,6000.00,NGN,0,Closed,2020-12-28 00:00:00,Performing
MATILDA OJIEZELE,"=""22350440761""",6 AGHO STREET OFF EKENWAN ROAD BENIN CITY Oredo Edo State,,"=""22267958""","=""3308555""","=""3041289750""",Personal fixed term loan,2020-01-22 00:00:00,45000.00,0.00,,0.00,54900.00,NGN,0,Closed,2020-02-21 00:00:00,Performing
OLASUNBO ATOYEBI,"=""22297878852""",4 OMITADE STREET ODEJAYI OLD IFE ROAD IBADAN Egbeda Oyo St,,"=""22267988""","=""6613340""","=""1895348""",Personal fixed term loan,2020-03-27 00:00:00,2500.00,0.00,,0.00,3250.00,NGN,0,Closed,2020-04-27 00:00:00,Performing
OLASUNBO ATOYEBI,"=""22297878852""",4 OMITADE STREET ODEJAYI OLD IFE ROAD IBADAN Egbeda Oyo St,,"=""22267988""","=""6613340""","=""34780122""",Personal fixed term loan,2020-03-27 00:00:00,2500.00,0.00,,0.00,3250.00,NGN,0,Closed,2020-04-27 00:00:00,Performing
CHIDIMM AMAKU,,7 jalo road numan,,"=""22268141""","=""699665""","=""133109""",Personal fixed term loan,2019-03-16 00:00:00,10000.00,0.00,,0.00,13000.00,NGN,0,Closed,2019-04-15 00:00:00,Performing
CHIDIMM AMAKU,,7 jalo road numan,,"=""22268141""","=""699665""","=""3071692806""",Personal fixed term loan,2019-03-16 00:00:00,10000.00,0.00,,0.00,13000.00,NGN,0,Closed,2019-04-15 00:00:00,Performing
ANAS MUHAMMAD,"=""22407917239""",NO 56 SANI MAINAGGE,,"=""22268192""","=""3066533""","=""2108641604""",Personal fixed term loan,2019-11-04 00:00:00,1500.00,0.00,,0.00,1950.00,NGN,0,Closed,2019-12-04 00:00:00,Performing
YEKINNI ABIOYE,"=""22458871625""",13 SHORINMADE STR AGUDA BUS STOP OGBA IKEJA IfakoIjaiye La,,"=""22268239""","=""4399889""","=""261336589""",Personal fixed term loan,2020-01-13 00:00:00,5000.00,0.00,,0.00,6250.00,NGN,0,Closed,2020-02-12 00:00:00,Performing
ROSELINE OSILONYA,"=""22422948845""",YANMARKET RIKKOS JOS,,"=""22254993""","=""3414720""","=""1017612""",Personal fixed term loan,2019-11-16 00:00:00,2500.00,0.00,,0.00,3250.00,NGN,0,Closed,2019-12-16 00:00:00,Performing
MUINAT TONADE,,Not Available,,"=""22254998""","=""1490106""","=""802810133""",Personal fixed term loan,2019-11-27 00:00:00,1500.00,0.00,,0.00,1870.00,NGN,0,Closed,2019-12-27 00:00:00,Performing
BUKOLA AYORINDE,"=""22584205835""",21 OWODE STREET OFF IKORODU IGBOGBO LAGOS,,"=""22255200""","=""6209622""","=""10638861""",Personal fixed term loan,2023-06-19 00:00:00,5000.00,0.00,,0.00,6000.00,NGN,0,Closed,2023-07-04 00:00:00,Performing
EMBELAKPOR ANESAH,"=""22200725769""",PELE IFE ROAD ONDO,,"=""22257465""","=""2221965""","=""156347179""",Personal fixed term loan,2020-03-04 00:00:00,30000.00,0.00,,0.00,37500.00,NGN,0,Closed,2020-04-03 00:00:00,Performing
OKOYE OBIOMA,"=""22190162070""",NO 15 YOHANNA MADAKI STREET SABO GRA Chikun Kaduna State,,"=""22258835""","=""2299677""","=""4602077027""",Personal fixed term loan,2019-10-05 00:00:00,2500.00,0.00,,0.00,3250.00,NGN,0,Closed,2019-11-04 00:00:00,Performing
OKOYE OBIOMA,"=""22190162070""",NO 15 YOHANNA MADAKI STREET SABO GRA Chikun Kaduna State,,"=""22258835""","=""2299677""","=""775789""",Personal fixed term loan,2019-10-05 00:00:00,2500.00,0.00,,0.00,3250.00,NGN,0,Closed,2019-11-04 00:00:00,Performing
HANSAU ABUBAKAR,"=""22513503832""",SANTAR NAMAMA,,"=""22261409""","=""5204224""","=""1448849""",Personal fixed term loan,2020-01-23 00:00:00,1500.00,0.00,,0.00,1950.00,NGN,0,Closed,2020-02-24 00:00:00,Performing
HANSAU ABUBAKAR,"=""22513503832""",SANTAR NAMAMA,,"=""22261409""","=""5204224""","=""781746263""",Personal fixed term loan,2020-01-23 00:00:00,1500.00,0.00,,0.00,1950.00,NGN,0,Closed,2020-02-24 00:00:00,Performing
ALEX JOHNSON,,64 EWOLUWO SHAGAMU Shagamu Ogun State,,"=""22261486""","=""1681411""","=""2180429116""",Personal fixed term loan,2019-10-20 00:00:00,5000.00,0.00,,0.00,6250.00,NGN,0,Closed,2019-11-19 00:00:00,Performing
BUKUNMI JOHNSON,,NO 5 OKEAYO STREET APETE IBADAN Ido Oyo State,,"=""22261586""","=""2914306""","=""2126279513""",Personal fixed term loan,2020-03-02 00:00:00,2500.00,0.00,,0.00,2870.00,NGN,0,Closed,2020-03-17 00:00:00,Performing
DAMILOLA ODEYEMI,"=""22334075875""",7 ADUN IFE OLUWA STREET EGAN IGONDO Alimosho Lagos State,,"=""22264358""","=""6202558""","=""1769786""",Personal fixed term loan,2020-03-07 00:00:00,1500.00,0.00,,0.00,1720.00,NGN,0,Closed,2020-03-23 00:00:00,Performing
DAMILOLA ODEYEMI,"=""22334075875""",7 ADUN IFE OLUWA STREET EGAN IGONDO Alimosho Lagos State,,"=""22264358""","=""6202558""","=""4447166016""",Personal fixed term loan,2020-03-07 00:00:00,1500.00,0.00,,0.00,1720.00,NGN,0,Closed,2020-03-23 00:00:00,Performing
JAMILU ADAMU,"=""22308422799""",NO 1 MAIN ROAD BADARAWA KADUNA Kaduna North Kaduna State,,"=""22267525""","=""5587156""","=""1562183""",Personal fixed term loan,2020-02-08 00:00:00,1500.00,0.00,,0.00,1720.00,NGN,0,Closed,2020-02-24 00:00:00,Performing
FUNMILAYO AKINRINOLA,"=""22225997754""",BEHIND OANODO FILLING OWODE AREA OYO,,"=""22268295""","=""6835499""","=""1928530""",Personal fixed term loan,2020-04-09 00:00:00,2500.00,0.00,,0.00,2870.00,NGN,0,Closed,2020-04-24 00:00:00,Performing
ABAYOMI OLAOGUN,,43tinubu street ita eko,,"=""22268304""","=""1459040""","=""908719""",Personal fixed term loan,2019-10-28 00:00:00,1500.00,0.00,,0.00,1720.00,NGN,0,Closed,2019-11-12 00:00:00,Performing
OLUWATIMILEHIN DADA,"=""22172319302""",54 HOUSING EST RD ADEBAYO ADO EKITI Ado Ekiti Ekiti State,,"=""22268395""","=""3768518""","=""159498072""",Personal fixed term loan,2020-02-28 00:00:00,25000.00,0.00,,0.00,30500.00,NGN,0,Closed,2020-03-30 00:00:00,Performing
ADEREMI AMONIMO,"=""22287836473""",4PALACE ROADIGBARA OKEONDO STATE Ifedore Ondo State,,"=""22268504""","=""4217558""","=""8169639232""",Personal fixed term loan,2020-03-25 00:00:00,2500.00,0.00,,0.00,2870.00,NGN,0,Closed,2020-04-09 00:00:00,Performing
ASHIMIYU OWOLABI,,no3 dareclose off alimosho lagos,,"=""22251069""","=""472359""","=""28918""",Personal fixed term loan,2018-10-12 00:00:00,2500.00,0.00,,0.00,3200.00,NGN,0,Closed,2018-11-09 00:00:00,Performing
NEHEMIAH NWANOSIKE,"=""22469789429""",Nigeria,,"=""22251720""","=""2702952""","=""2107051479""",Personal fixed term loan,2020-03-04 00:00:00,2500.00,0.00,,0.00,3120.00,NGN,0,Closed,2020-04-03 00:00:00,Performing
ADEDOYIN ADEBAYO,"=""22374310493""",BOROBORO AREA ALONG GBENGA OYEKOLA SCHEME OYO Atiba Oyo St,,"=""22251855""","=""2240508""","=""121815128""",Personal fixed term loan,2020-03-17 00:00:00,5000.00,0.00,,0.00,5750.00,NGN,0,Closed,2020-04-01 00:00:00,Performing
DRESSMAN PEREDI,"=""22490549290""",8394 OPEMIPO STREET ORITA CHALLENGE IBADAN,,"=""22253627""","=""3798177""","=""2114103013""",Personal fixed term loan,2019-11-29 00:00:00,1500.00,0.00,,0.00,1950.00,NGN,0,Closed,2019-12-30 00:00:00,Performing
EMMANUEL ARHAGBA,"=""22523846323""",ALONG YAH SALAM AREA COTTAGE JUNCTION EDE,,"=""22254613""","=""3316995""","=""4920002558""",Personal fixed term loan,2019-11-13 00:00:00,1500.00,0.00,,0.00,1950.00,NGN,0,Closed,2019-12-13 00:00:00,Performing
MARY AJOSE,,10 GLORY LAND ESTATE IYESI OKO AFO BADAGRY LAGOS,,"=""22255078""","=""6295386""","=""10730534""",Personal fixed term loan,2023-06-28 00:00:00,7500.00,0.00,,0.00,8850.00,NGN,0,Closed,2023-07-13 00:00:00,Performing
AMARACHI AUGUSTINE,"=""22541119652""",Umuekwune,"=""09034395780""","=""22255864""","=""4134198""","=""527830822""",Personal fixed term loan,2019-12-12 00:00:00,1500.00,0.00,,0.00,1720.00,NGN,0,Closed,2019-12-27 00:00:00,Performing
INYENEOBONG UDOH,"=""22519433157""",NDINYA MFIA Ikono Akwa Ibom State,,"=""22257436""","=""4196496""","=""111522711""",Personal fixed term loan,2019-12-20 00:00:00,1500.00,0.00,,0.00,1950.00,NGN,0,Closed,2020-01-20 00:00:00,Performing
INDA WAZIRI,"=""22295264521""",37B AKERELE ROAD SHITTA SURULERE  Surulere Lagos State Lag,,"=""22258422""","=""3833874""","=""2073237309""",Personal fixed term loan,2019-12-01 00:00:00,2500.00,0.00,,0.00,3250.00,NGN,0,Closed,2019-12-31 00:00:00,Performing
CHIAMAKA ANYIAM,"=""22174520496""",NO 37 YESUFU STREET OFF OJO MOTORS IKPOBA HILL BENIN CITY,,"=""22258808""","=""6404250""","=""1836435""",Personal fixed term loan,2020-03-17 00:00:00,2500.00,0.00,,0.00,2870.00,NGN,0,Closed,2020-04-01 00:00:00,Performing
CHIAMAKA ANYIAM,"=""22174520496""",NO 37 YESUFU STREET OFF OJO MOTORS IKPOBA HILL BENIN CITY,,"=""22258808""","=""6404250""","=""2252917611""",Personal fixed term loan,2020-03-17 00:00:00,2500.00,0.00,,0.00,2870.00,NGN,0,Closed,2020-04-01 00:00:00,Performing
DAMILOLA TEMITOPE,"=""22555381928""",NO 6  OKE AYO TUNTUN OKI OLODO IBADAN Lagelu Oyo State,,"=""22259357""","=""6218713""","=""35288733""",Personal fixed term loan,2020-03-12 00:00:00,2500.00,0.00,,0.00,2870.00,NGN,0,Closed,2020-03-27 00:00:00,Performing
GODWIN PALMER,"=""22421577828""",FLAT 1 TEACHER QUARTER ADORLO SCHOOL ADORLO ROAD BENIN CIT,,"=""22260780""","=""7668160""","=""2358193""",Personal fixed term loan,2020-08-27 00:00:00,20000.00,0.00,,0.00,13500.00,NGN,0,Closed,2020-10-26 00:00:00,Performing
GODWIN PALMER,"=""22421577828""",FLAT 1 TEACHER QUARTER ADORLO SCHOOL ADORLO ROAD BENIN CIT,,"=""22260780""","=""7668160""","=""236298964""",Personal fixed term loan,2020-08-27 00:00:00,20000.00,0.00,,0.00,13500.00,NGN,0,Closed,2020-10-26 00:00:00,Performing
UMAR ABDULRAHMAN,"=""22457374347""",39 CHIRANCHI DUHUWA KUMBOTSO LGA Kumbotso Kano State,,"=""22261580""","=""5885029""","=""1655441""",Personal fixed term loan,2020-02-22 00:00:00,2500.00,0.00,,0.00,2500.00,NGN,0,Closed,2020-03-09 00:00:00,Performing
UMAR ABDULRAHMAN,"=""22457374347""",39 CHIRANCHI DUHUWA KUMBOTSO LGA Kumbotso Kano State,,"=""22261580""","=""5885029""","=""2178490568""",Personal fixed term loan,2020-02-22 00:00:00,2500.00,0.00,,0.00,2500.00,NGN,0,Closed,2020-03-09 00:00:00,Performing
FUNMILAYO ODENIYI,"=""22356970842""",NO 1 MOSALSHI STREET IGANDO Alimosho Lagos State,,"=""22255519""","=""5939136""","=""2125284525""",Personal fixed term loan,2020-02-24 00:00:00,10000.00,0.00,,0.00,10000.00,NGN,0,Closed,2020-03-25 00:00:00,Performing
adeyinka adedipe,"=""22154356190""",2 adefuwa street off adebayo street mushin lagos Mushin La,,"=""22255576""","=""6452757""","=""1849685""",Personal fixed term loan,2020-03-19 00:00:00,10000.00,0.00,,0.00,13000.00,NGN,0,Closed,2020-04-20 00:00:00,Performing
CHIZOBA AKACHUKWU,,NO 17 ENWE STREET UYO Uyo Akwa Ibom State,,"=""22255869""","=""1082799""","=""2111665770""",Personal fixed term loan,2020-01-06 00:00:00,30000.00,0.00,,0.00,34500.00,NGN,0,Closed,2020-01-21 00:00:00,Performing
PATIENCE ADAMA,"=""22541173146""",NO 15 OGUDU ROAD OJOTA LAGOS Kosofe Lagos State,,"=""22255919""","=""5903847""","=""1858076""",Personal fixed term loan,2020-03-21 00:00:00,5000.00,0.00,,0.00,5750.00,NGN,0,Closed,2020-04-06 00:00:00,Performing
GADDAFI AHMAD,"=""22401141748""",27 MOROVIA ROAD URIMI KADUNA Kaduna North Kaduna State,,"=""22256180""","=""6239514""","=""1790284""",Personal fixed term loan,2020-03-10 00:00:00,1500.00,0.00,,0.00,1950.00,NGN,0,Closed,2020-04-09 00:00:00,Performing
RACHAEL AMUKAMARA,,Amukamara family  Awo omamma umuokwe imo state,,"=""22259263""","=""1556137""","=""3120247616""",Personal fixed term loan,2019-10-14 00:00:00,15000.00,0.00,,0.00,18300.00,NGN,0,Closed,2019-11-13 00:00:00,Performing
RACHAEL AMUKAMARA,,Amukamara family  Awo omamma umuokwe imo state,,"=""22259263""","=""1556137""","=""828251""",Personal fixed term loan,2019-10-14 00:00:00,15000.00,0.00,,0.00,18300.00,NGN,0,Closed,2019-11-13 00:00:00,Performing
YAKUBU DANIEL,"=""22243859337""",ILIYA ANGO CRCN CHURCH RAFIN KADA Wukari Taraba State,,"=""22259663""","=""6213181""","=""2609462""",Personal fixed term loan,2020-10-16 00:00:00,15000.00,0.00,,0.00,16650.00,NGN,0,Closed,2020-11-02 00:00:00,Performing
MARIAM ODEBODE,"=""22231349541""",34 BARIKA STREET SANGO OJOO UI SECOND GATE,"=""08065824672""","=""22262460""","=""5712898""","=""1662327""",Personal fixed term loan,2020-02-23 00:00:00,2500.00,0.00,,0.00,2870.00,NGN,0,Closed,2020-03-09 00:00:00,Performing
MARIAM ODEBODE,"=""22231349541""",34 BARIKA STREET SANGO OJOO UI SECOND GATE,"=""08065824672""","=""22262460""","=""5712898""","=""6570126006""",Personal fixed term loan,2020-02-23 00:00:00,2500.00,0.00,,0.00,2870.00,NGN,0,Closed,2020-03-09 00:00:00,Performing
ESTHER AWOBONA,"=""22188769443""",5 ADEOYE ADEYEMI STREET CAR WASH BUSSTOP OGIJO,,"=""22263914""","=""6166348""","=""10722184""",Personal fixed term loan,2023-06-27 00:00:00,5000.00,0.00,,0.00,6500.00,NGN,0,Closed,2023-07-27 00:00:00,Performing
GODWIN ANIKE,,4 MABIA STREET UGWUAGOR ABAKPA NIKE ENUGU Enugu East Enugu,,"=""22266672""","=""6300166""","=""733082364""",Personal fixed term loan,2020-03-12 00:00:00,1500.00,0.00,,0.00,1950.00,NGN,0,Closed,2020-04-14 00:00:00,Performing
OGECHI NWAHIRI,"=""22504662258""",NO 9 UMUIKERE STREET OFF CHIGBU Ahiazu Mbaise Imo State,,"=""22266683""","=""3061924""","=""1350001340""",Personal fixed term loan,2020-02-09 00:00:00,25000.00,0.00,,0.00,30500.00,NGN,0,Closed,2020-03-10 00:00:00,Performing
JOSHUA SOLOMON,"=""22380773323""",ETTA AGBOR LAYOUT Calabar Municipal Cross River State,,"=""22266808""","=""5567473""","=""1850970""",Personal fixed term loan,2020-03-19 00:00:00,5000.00,0.00,,0.00,5750.00,NGN,0,Closed,2020-04-03 00:00:00,Performing
JOSHUA SOLOMON,"=""22380773323""",ETTA AGBOR LAYOUT Calabar Municipal Cross River State,,"=""22266808""","=""5567473""","=""5863060267""",Personal fixed term loan,2020-03-19 00:00:00,5000.00,0.00,,0.00,5750.00,NGN,0,Closed,2020-04-03 00:00:00,Performing
CHIBUIKE GORDON,,124 harruk road rumuigbo,,"=""22267501""","=""2651917""","=""859826""",Personal fixed term loan,2019-10-20 00:00:00,15000.00,0.00,,0.00,17250.00,NGN,0,Closed,2019-11-04 00:00:00,Performing
FIDELIS OKWUEDEI,"=""22152685511""",Unnamed Road Nigeria,,"=""22128962""","=""43471547""","=""10709309""",Personal fixed term loan,2023-06-26 00:00:00,25000.00,38900.00,,0.00,12967.00,NGN,0,Open,2023-09-24 00:00:00,Performing
ELIZABETH JOSIAH,,OPPOSITE RCCG ANGWAN SHAHO KARMO ABUJA,,"=""22131513""","=""44189501""","=""10669884""",Personal fixed term loan,2023-06-22 00:00:00,7500.00,9675.00,,0.00,9675.00,NGN,0,Open,2023-07-22 00:00:00,Performing
CHRISTIAN JAJA,"=""22242176314""",NO 2 NDOKI STREET PORTHACOURT Port Harcourt Rivers State,,"=""22133292""","=""1433953""","=""10750299""",Personal fixed term loan,2023-06-30 00:00:00,20000.00,25500.00,,0.00,25500.00,NGN,0,Open,2023-07-30 00:00:00,Performing
DAISY ESAMAH,"=""22275624262""",10 EGUNO STREET UDU ROAD ENERHEN WARRI,,"=""22135957""","=""3050080""","=""10737087""",Personal fixed term loan,2023-06-29 00:00:00,20000.00,23000.00,,0.00,23000.00,NGN,0,Open,2023-07-14 00:00:00,Performing
BUNMI AYODELE,"=""22543896434""",1 UNITY CLOSE SATELLITE TOWN LAGOS,,"=""22249219""","=""2908065""","=""6642046014""",Personal fixed term loan,2020-10-28 00:00:00,5000.00,0.00,,0.00,6000.00,NGN,0,Closed,2020-11-12 00:00:00,Performing
DAVID OLADELE,"=""22413811659""",LAM ADESHINA ESTATE EGBEDA LOCAL GOVT IBADAN Egbeda Oyo St,,"=""22251191""","=""5274282""","=""1656730""",Personal fixed term loan,2020-02-22 00:00:00,5000.00,0.00,,0.00,6250.00,NGN,0,Closed,2020-03-23 00:00:00,Performing
DAVID OLADELE,"=""22413811659""",LAM ADESHINA ESTATE EGBEDA LOCAL GOVT IBADAN Egbeda Oyo St,,"=""22251191""","=""5274282""","=""421997230""",Personal fixed term loan,2020-02-22 00:00:00,5000.00,0.00,,0.00,6250.00,NGN,0,Closed,2020-03-23 00:00:00,Performing
tomori ayinde,"=""22364417135""",AGC TARAKU Gwer East Benue State,,"=""22251798""","=""3889137""","=""3416796010""",Personal fixed term loan,2020-01-01 00:00:00,1500.00,0.00,,0.00,1950.00,NGN,0,Closed,2020-01-31 00:00:00,Performing
RAFIAT RASAQ,"=""22497543314""",AYEGBAMI ODO EJA EDE Ede North Osun State,,"=""22254542""","=""6032169""","=""1934689""",Personal fixed term loan,2020-04-12 00:00:00,15000.00,0.00,,0.00,17250.00,NGN,0,Closed,2020-04-27 00:00:00,Performing
OSEFATU SHAFAU,"=""22479423401""",SABONGARI BICHI KANO,,"=""22255542""","=""3553530""","=""3127326301""",Personal fixed term loan,2020-01-18 00:00:00,10000.00,0.00,,0.00,13000.00,NGN,0,Closed,2020-02-17 00:00:00,Performing
ADISA ADEYANJU,,4 ASHIMOLOWO STREET IFO OGUN STATE Ifo Ogun State,,"=""22256821""","=""6999435""","=""1966756""",Personal fixed term loan,2020-04-21 00:00:00,5000.00,0.00,,0.00,6500.00,NGN,0,Closed,2020-05-21 00:00:00,Performing
GODWIN AKWAOWO,"=""22258298460""",DAEWOO NIG LTD  WARRI Warri North Delta State,,"=""22258386""","=""6383286""","=""2770795""",Personal fixed term loan,2020-11-19 00:00:00,10000.00,0.00,,0.00,12000.00,NGN,0,Closed,2020-12-04 00:00:00,Performing
CHUKWUMA OBIEFUNA,"=""22231818384""",Anifedo motors limited kubwa express fct Abuja Nigeria,,"=""22258700""","=""792063""","=""81439""",Personal fixed term loan,2019-01-08 00:00:00,5000.00,0.00,,0.00,5750.00,NGN,0,Closed,2019-01-23 00:00:00,Performing
jamilu ibrahim,,tunga minna Niger state,,"=""22260858""","=""1628257""","=""505998""",Personal fixed term loan,2019-08-19 00:00:00,15000.00,0.00,,0.00,19500.00,NGN,0,Closed,2019-09-18 00:00:00,Performing
jamilu ibrahim,,tunga minna Niger state,,"=""22260858""","=""1628257""","=""774108155""",Personal fixed term loan,2019-08-19 00:00:00,15000.00,0.00,,0.00,19500.00,NGN,0,Closed,2019-09-18 00:00:00,Performing
chukwuebuka okoro,"=""22381084785""",okoros compound ndioha umuri amaimo  Ikeduru Imo State,,"=""22260865""","=""1802470""","=""3103449912""",Personal fixed term loan,2019-10-26 00:00:00,5000.00,0.00,,0.00,6250.00,NGN,0,Closed,2019-11-25 00:00:00,Performing
ABIBAT AKOREDE,"=""22549421193""",NO 10 MOKOLA STREET ROAD 7 IFE Ife Central Osun State,,"=""22261451""","=""6121027""","=""1738902""",Personal fixed term loan,2020-03-04 00:00:00,10000.00,0.00,,0.00,13000.00,NGN,0,Closed,2020-04-03 00:00:00,Performing
ADENIRAN ODUGBESAN,"=""22440864776""",52 ADEMOLA STREET KETU Kosofe Lagos State,,"=""22255800""","=""5612871""","=""176097038""",Personal fixed term loan,2020-03-15 00:00:00,5000.00,0.00,,0.00,6100.00,NGN,0,Closed,2020-04-14 00:00:00,Performing
ADENIRAN ODUGBESAN,"=""22440864776""",52 ADEMOLA STREET KETU Kosofe Lagos State,,"=""22255800""","=""5612871""","=""1790416""",Personal fixed term loan,2020-03-10 00:00:00,5000.00,0.00,,0.00,5750.00,NGN,0,Closed,2020-03-25 00:00:00,Performing
ADENIRAN ODUGBESAN,"=""22440864776""",52 ADEMOLA STREET KETU Kosofe Lagos State,,"=""22255800""","=""5612871""","=""1824209""",Personal fixed term loan,2020-03-15 00:00:00,5000.00,0.00,,0.00,6100.00,NGN,0,Closed,2020-04-14 00:00:00,Performing
PWAJOK PAM,"=""22461779606""",OPPOSITE DAILY CHOICE BAKERY ZARAMAGANDA Jos South Plateau,,"=""22257463""","=""6013554""","=""1793736""",Personal fixed term loan,2020-03-11 00:00:00,1500.00,0.00,,0.00,1950.00,NGN,0,Closed,2020-04-14 00:00:00,Performing
JUHAILA ABDULLAHI,"=""22464711195""",CHANNEL 7 ANGLO JOS JOS SOUTH Jos North Plateau State,,"=""22258435""","=""5921199""","=""1663882""",Personal fixed term loan,2020-02-23 00:00:00,2500.00,0.00,,0.00,2500.00,NGN,0,Closed,2020-03-24 00:00:00,Performing
SAHEED LAMIDI,"=""22183035145""",NW557C AKINTOLA ROAD EKOTEDO AREA  Ibadan NorthWest Oyo S,,"=""22259344""","=""5764750""","=""1718374""",Personal fixed term loan,2020-03-01 00:00:00,5000.00,0.00,,0.00,5750.00,NGN,0,Closed,2020-03-16 00:00:00,Performing
SAHEED LAMIDI,"=""22183035145""",NW557C AKINTOLA ROAD EKOTEDO AREA  Ibadan NorthWest Oyo S,,"=""22259344""","=""5764750""","=""2036268922""",Personal fixed term loan,2020-03-18 00:00:00,7500.00,0.00,,0.00,8620.00,NGN,0,Closed,2020-04-02 00:00:00,Performing
MARY LAWAL,"=""22206323655""",PELUSERIKI OLUYOLE ESTSTE ALARO  Ido Oyo State,,"=""22260914""","=""3864589""","=""115615013""",Personal fixed term loan,2019-12-02 00:00:00,2500.00,0.00,,0.00,3250.00,NGN,0,Closed,2020-01-02 00:00:00,Performing
ITUNU SHOFILE,"=""22470834103""",14 KESTA STREET SELEWU IKORODU Ikorodu Lagos State,,"=""22261416""","=""3326632""","=""293603787""",Personal fixed term loan,2019-12-30 00:00:00,2500.00,0.00,,0.00,3120.00,NGN,0,Closed,2020-01-29 00:00:00,Performing
OLUBUNMI OLAREWAJU,,9 FAJUKE LAYOUT OKE OMIRU ILESA Ilesa West Osun State,,"=""22262488""","=""1075096""","=""252877022""",Personal fixed term loan,2020-01-18 00:00:00,10000.00,0.00,,0.00,12000.00,NGN,0,Closed,2020-02-17 00:00:00,Performing
JUMOKE ADEYOJU,"=""22437487548""",AI 10 OGBON OKUN STRT OKESA ILESA OSUN STATE Akure South O,,"=""22263188""","=""6924850""","=""4329769""",Personal fixed term loan,2021-08-04 00:00:00,10000.00,0.00,,0.00,13000.00,NGN,0,Closed,2021-09-03 00:00:00,Performing
HABEEB OMOTOSHO,"=""22423381221""",38 sariiganmu orile Lagos state,,"=""22264458""","=""2212339""","=""823388""",Personal fixed term loan,2019-10-13 00:00:00,2500.00,0.00,,0.00,2870.00,NGN,0,Closed,2019-10-28 00:00:00,Performing
OLUWAREMILEKUN AYODELE,,No 4 Obafemi Street,,"=""22267695""","=""412636""","=""3138884126""",Personal fixed term loan,2019-09-15 00:00:00,10000.00,0.00,,0.00,13000.00,NGN,0,Closed,2019-10-15 00:00:00,Performing
OLUWAREMILEKUN AYODELE,,No 4 Obafemi Street,,"=""22267695""","=""412636""","=""661680""",Personal fixed term loan,2019-09-15 00:00:00,10000.00,0.00,,0.00,13000.00,NGN,0,Closed,2019-10-15 00:00:00,Performing
BASEET WAHEED,"=""22362342208""",ILE ALAKITAN COMPOUND PAKOYI OYO Oyo Oyo State,,"=""22267995""","=""3824558""","=""3097679931""",Personal fixed term loan,2020-02-15 00:00:00,2500.00,0.00,,0.00,3250.00,NGN,0,Closed,2020-03-16 00:00:00,Performing
JOSHUA MUNACHISO,,92 AKINTOLA STREET JERICHO IBADAN Ibadan NorthWest Oyo Sta,,"=""22268104""","=""3610583""","=""702854978""",Personal fixed term loan,2020-03-03 00:00:00,7500.00,0.00,,0.00,9150.00,NGN,0,Closed,2020-04-02 00:00:00,Performing
ENEBECHUKWU CHEKWUBE,"=""22720798751""",Nigeria,"=""2347062707674""","=""22129137""","=""42898496""","=""10567174""",Personal fixed term loan,2023-06-11 00:00:00,5000.00,6035.00,,6035.00,5985.00,NGN,8,Open,2023-06-26 00:00:00,Watchlist
ANJOLAOLUWA ADEYEMI,"=""22580281006""",ADO ODO OTA AREA,,"=""22133717""","=""41649580""","=""10639949""",Personal fixed term loan,2023-06-19 00:00:00,20000.00,25000.00,,0.00,25000.00,NGN,0,Open,2023-07-19 00:00:00,Performing
BRIGHT EKEJI,"=""22535410668""",02 ILOBA CLOSE OKPANAM ROAD ASABA,"=""2349034766038""","=""22134596""","=""44279308""","=""10702278""",Personal fixed term loan,2023-06-25 00:00:00,20000.00,25400.00,,0.00,25400.00,NGN,0,Open,2023-07-25 00:00:00,Performing
Samson Adenekan,"=""22201977952""",72 oluwatedo estate road ilepa ifo,,"=""22136468""","=""43333934""","=""10588948""",Personal fixed term loan,2023-06-14 00:00:00,20000.00,25000.00,,0.00,25000.00,NGN,0,Open,2023-07-14 00:00:00,Performing
MORONKE DAHUNSI,"=""22467321216""",1 gbadebo adewusi st abarunje ikotun,,"=""22138554""","=""43968563""","=""10585100""",Personal fixed term loan,2023-06-13 00:00:00,20000.00,25400.00,,0.00,25400.00,NGN,0,Open,2023-07-13 00:00:00,Performing
OLUCHUKWU OGBU,"=""22261828069""",JOSEPH OTIKES RESIDENCE IN EZEAWULU VILLAGE NIBO,,"=""22138847""","=""44285216""","=""10734994""",Personal fixed term loan,2023-06-29 00:00:00,7500.00,8978.00,,0.00,8977.50,NGN,0,Open,2023-07-14 00:00:00,Performing
MONDAY BASSEY,"=""22520530540""",15 doyin bus stop,"=""2348180351468""","=""22252845""","=""6673053""","=""1911093""",Personal fixed term loan,2020-03-30 00:00:00,2500.00,0.00,,0.00,2870.00,NGN,0,Closed,2020-04-14 00:00:00,Performing
KUBURA GIWA,,Not Available,,"=""22255810""","=""1361124""","=""4935118019""",Personal fixed term loan,2019-07-25 00:00:00,7500.00,0.00,,0.00,9370.00,NGN,0,Closed,2019-08-26 00:00:00,Performing
PATIENCE OMOROGBE,"=""22516234245""",NO 4 VETERINARY AREA MOKOLA IBADAN Ibadan North Oyo State,,"=""22259361""","=""6701395""","=""1915512""",Personal fixed term loan,2020-03-31 00:00:00,2500.00,0.00,,0.00,2870.00,NGN,0,Closed,2020-04-15 00:00:00,Performing
PATIENCE OMOROGBE,"=""22516234245""",NO 4 VETERINARY AREA MOKOLA IBADAN Ibadan North Oyo State,,"=""22259361""","=""6701395""","=""6011592010""",Personal fixed term loan,2020-03-31 00:00:00,2500.00,0.00,,0.00,2870.00,NGN,0,Closed,2020-04-15 00:00:00,Performing
JOSEPH JOSEPH,"=""22470330968""",KABANG Mubi South Adamawa State,,"=""22259397""","=""6256624""","=""1789800""",Personal fixed term loan,2020-03-10 00:00:00,1500.00,0.00,,0.00,1720.00,NGN,0,Closed,2020-03-25 00:00:00,Performing
TEMITOPE OLANREWAJU,"=""22146420175""",13 TUNDE OGINNI CRESCENT BABA EGBE ABULEEGBA MERIN LAGOS A,,"=""22260783""","=""3421699""","=""2106460553""",Personal fixed term loan,2020-08-15 00:00:00,20000.00,0.00,,0.00,22600.00,NGN,0,Closed,2020-08-31 00:00:00,Performing
SAHEED OLANIYI,"=""22168838444""",NO 12 AROMIRE AVENUE IKEJA LAGOS Ikeja Lagos State,,"=""22261526""","=""5795707""","=""1684449""",Personal fixed term loan,2020-02-26 00:00:00,15000.00,0.00,,0.00,17250.00,NGN,0,Closed,2020-03-12 00:00:00,Performing
SEUN ADEBISI,,Odo osan ire,,"=""22264041""","=""2089768""","=""2066813196""",Personal fixed term loan,2019-09-27 00:00:00,2500.00,0.00,,0.00,3250.00,NGN,0,Closed,2019-10-28 00:00:00,Performing
SEUN ADEBISI,,Odo osan ire,,"=""22264041""","=""2089768""","=""727069""",Personal fixed term loan,2019-09-27 00:00:00,2500.00,0.00,,0.00,3250.00,NGN,0,Closed,2019-10-28 00:00:00,Performing
AYABA OJELABI,,4 Olusola Afolabi Street Abule Egba Lagos,,"=""22265034""","=""401455""","=""113825""",Personal fixed term loan,2019-02-23 00:00:00,25000.00,0.00,,0.00,32500.00,NGN,0,Closed,2019-03-25 00:00:00,Performing
IDRIS OLAITAN,"=""22544455641""",5 CHRIS MATTHEW STREET OKOKOMAIKO Ojo Lagos State,,"=""22266070""","=""6617152""","=""1896302""",Personal fixed term loan,2020-03-27 00:00:00,2500.00,0.00,,0.00,3250.00,NGN,0,Closed,2020-04-27 00:00:00,Performing
AYODELE KAWAILU,"=""22188217687""",25 OGUNMEFUN STREET PEDRO Shomolu Lagos State,,"=""22255006""","=""5895945""","=""1884332""",Personal fixed term loan,2020-03-25 00:00:00,2500.00,0.00,,0.00,3250.00,NGN,0,Closed,2020-04-24 00:00:00,Performing
CHINWENDU NNANTA,"=""22249244537""",3 ONILEWURA STR OFF ALAFIA BST ORILE IGAN AjeromiIfelodun La,,"=""22255806""","=""4370703""","=""3072332929""",Personal fixed term loan,2019-12-25 00:00:00,2500.00,0.00,,0.00,3120.00,NGN,0,Closed,2020-01-24 00:00:00,Performing
BABATUNDE SOYINGBE,"=""22276662548""",BLOCK 2 FLAT 2 LSWC QUARTER BSTOP ISHASHI OJO Ojo Lagos St,,"=""22255857""","=""6552768""","=""157694784""",Personal fixed term loan,2020-03-24 00:00:00,2500.00,0.00,,0.00,2870.00,NGN,0,Closed,2020-04-08 00:00:00,Performing
damilola oladapo,,lekki,,"=""22256727""","=""995595""","=""892873""",Personal fixed term loan,2019-10-25 00:00:00,1500.00,0.00,,0.00,1720.00,NGN,0,Closed,2019-11-11 00:00:00,Performing
ABUBAKAR SULEIMAN,,NO 29 ABUBAKAR DIAR LINE SHEKA MAKARANTA Kumbotso Kano Sta,,"=""22261573""","=""6664708""","=""1912033""",Personal fixed term loan,2020-03-30 00:00:00,2500.00,0.00,,0.00,2870.00,NGN,0,Closed,2020-04-14 00:00:00,Performing
BLESSING ORUAMEN,"=""22490682771""",OKE OLA ILARO Egbado South Ogun State,,"=""22261624""","=""6015085""","=""1771626""",Personal fixed term loan,2020-03-08 00:00:00,2500.00,0.00,,0.00,2870.00,NGN,0,Closed,2020-03-23 00:00:00,Performing
BLESSING ORUAMEN,"=""22490682771""",OKE OLA ILARO Egbado South Ogun State,,"=""22261624""","=""6015085""","=""2113889307""",Personal fixed term loan,2020-03-08 00:00:00,2500.00,0.00,,0.00,2870.00,NGN,0,Closed,2020-03-23 00:00:00,Performing
CHIGOZIE MADUFORO,"=""22526692679""",AMFOR JUNCTION UMUAHIA NORTH ABIA Umuahia North Abia State,,"=""22263243""","=""5240503""","=""1459093""",Personal fixed term loan,2020-01-25 00:00:00,2500.00,0.00,,0.00,2870.00,NGN,0,Closed,2020-02-10 00:00:00,Performing
FAITH OKOJERE,"=""22419016450""",Not Available,,"=""22264415""","=""6693787""","=""3135902""",Personal fixed term loan,2021-01-29 00:00:00,5000.00,0.00,,0.00,6000.00,NGN,0,Closed,2021-02-15 00:00:00,Performing
ADEBIMPE WILLOUGHBYJEGEDE,,10 BABALOLA STREET SAWMILL IFAKO GBAGADA Kosofe Lagos Stat,,"=""22264596""","=""2677684""","=""23478686""",Personal fixed term loan,2019-11-09 00:00:00,1500.00,0.00,,0.00,1870.00,NGN,0,Closed,2019-12-09 00:00:00,Performing
ISREAL ERIC,"=""22514807281""",35B BOURDILLION ROAD IKOYI,,"=""22265015""","=""5678251""","=""10457291""",Personal fixed term loan,2023-06-01 00:00:00,2500.00,0.00,,0.00,3250.00,NGN,0,Closed,2023-07-01 00:00:00,Performing
CHIGAEMEZU OPARA,"=""22198300593""",METROCK LIMITED KM 6 OWERRI ORLU ROAD OWERRI,"=""2348065625349""","=""22265717""","=""7384627""","=""10679358""",Personal fixed term loan,2023-06-23 00:00:00,5000.00,0.00,,0.00,6500.00,NGN,0,Closed,2023-07-23 00:00:00,Performing
IMEH UDONTRE,"=""22196971896""",6ifesowapo street ogudu ojota lagos,,"=""22265968""","=""1911691""","=""676375""",Personal fixed term loan,2019-09-18 00:00:00,10000.00,0.00,,0.00,11500.00,NGN,0,Closed,2019-10-03 00:00:00,Performing
SAMUEL WILLIAMS,"=""22423821451""",NO 19 OKON INOK STREET CALABAR Calabar Municipal Cross Riv,,"=""22266787""","=""5458138""","=""1525920""",Personal fixed term loan,2020-02-04 00:00:00,2500.00,0.00,,0.00,2870.00,NGN,0,Closed,2020-02-19 00:00:00,Performing
SAMUEL WILLIAMS,"=""22423821451""",NO 19 OKON INOK STREET CALABAR Calabar Municipal Cross Riv,,"=""22266787""","=""5458138""","=""3122740070""",Personal fixed term loan,2020-02-04 00:00:00,2500.00,0.00,,0.00,2870.00,NGN,0,Closed,2020-02-19 00:00:00,Performing
TYONA AKPONGU,,SERENITY ESTATE KARISHI FCT ABUJA Municipal Area Council F,,"=""22268089""","=""5942759""","=""1879508""",Personal fixed term loan,2020-03-24 00:00:00,5000.00,0.00,,0.00,6250.00,NGN,,Closed,2020-04-23 00:00:00,Performing
SAMUEL,"=""22197662881""",Isokun Oyo Nigeria,,"=""22113724""","=""44147713""","=""10655195""",Personal fixed term loan,2023-06-20 00:00:00,20000.00,25800.00,,0.00,25800.00,NGN,0,Open,2023-07-20 00:00:00,Performing
EMMANUEL DOGHRON,"=""22254655731""",C1122R ENUGU CRESCENT DSC,,"=""22128449""","=""44399621""","=""10750565""",Personal fixed term loan,2023-06-30 00:00:00,20000.00,25800.00,,0.00,25800.00,NGN,0,Open,2023-07-30 00:00:00,Performing
LILIAN YOUNG,"=""22384032309""",8 MILES OPPOSITE TERMINUS INN UMUAGU OBA,,"=""22130222""","=""44187646""","=""10688366""",Personal fixed term loan,2023-06-24 00:00:00,7500.00,9675.00,,0.00,9675.00,NGN,0,Open,2023-07-24 00:00:00,Performing
ANDREW OKARIKE,"=""22627734445""",WW2597 Choba Nigeria,,"=""22132376""","=""15391477""","=""10510225""",Personal fixed term loan,2023-06-06 00:00:00,7500.00,7375.00,,0.00,9675.00,NGN,0,Open,2023-07-06 00:00:00,Performing
OLUWABUKOLAMI FAJIMI,"=""22173936214""",11 KILANI STREET IYANA IPAJA,,"=""22139263""","=""43781336""","=""10511005""",Personal fixed term loan,2023-06-06 00:00:00,7500.00,9675.00,,0.00,9675.00,NGN,0,Open,2023-07-06 00:00:00,Performing
AGAMENE SANDRA EBIPAMINE,,W8P6QRQ Baybridge Rd 569101 Yenagoa Bayelsa Nigeria,,"=""22246955""","=""7292708""","=""10379551""",Personal fixed term loan,2023-05-24 00:00:00,5000.00,0.00,,0.00,6500.00,NGN,0,Closed,2023-06-23 00:00:00,Performing
OMOLOLA YUSUFF,"=""22284561282""",NO 24 PAAPA AKOBO OJURIN IBADAN Ibadan NorthEast Oyo State,,"=""22249078""","=""5874609""","=""1708495""",Personal fixed term loan,2020-02-29 00:00:00,7500.00,0.00,,0.00,9370.00,NGN,0,Closed,2020-03-30 00:00:00,Performing
DAVID OGUNDIPE,"=""22556651646""",OLUWO EGBEDA Egbeda Oyo State,,"=""22249146""","=""6910125""","=""1934460""",Personal fixed term loan,2020-04-12 00:00:00,1500.00,0.00,,0.00,1720.00,NGN,0,Closed,2020-04-27 00:00:00,Performing
FATIMO OYEWUMI,"=""22276819117""",BOLUWAJI Oluyole Oyo State,,"=""22251117""","=""6616686""","=""1897133""",Personal fixed term loan,2020-03-27 00:00:00,2500.00,0.00,,0.00,2870.00,NGN,0,Closed,2020-04-14 00:00:00,Performing
OLUWASEUN YUSUFF,"=""22308697045""",ZONE 5 ORISUNBARE REA OWODE OPP WIRE  CABLE APATA IBADAN I,,"=""22251771""","=""6358941""","=""1863608""",Personal fixed term loan,2020-03-22 00:00:00,2500.00,0.00,,0.00,3250.00,NGN,0,Closed,2020-04-21 00:00:00,Performing
MAXWELL ANTHONY,"=""22439183367""",GR7WCP Asagba Nigeria,,"=""22253240""","=""6685503""","=""10708733""",Personal fixed term loan,2023-06-26 00:00:00,5000.00,0.00,,0.00,6500.00,NGN,0,Closed,2023-07-26 00:00:00,Performing
PATRICK FALEYE,,IWO ROAD EJIGBO OSUN STATE Ejigbo Osun State,,"=""22253376""","=""7109679""","=""10558125""",Personal fixed term loan,2023-06-10 00:00:00,5000.00,0.00,,0.00,6500.00,NGN,0,Closed,2023-07-10 00:00:00,Performing
COMFORT GEORGE,"=""22179067327""",28 MEMUDU STREET ALAPERE,,"=""22254997""","=""23880267""","=""5798870""",Personal fixed term loan,2022-02-01 00:00:00,30000.00,0.00,,0.00,38220.00,NGN,0,Closed,2022-03-03 00:00:00,Performing
TIMOTHY EBIPAKETEIN,"=""22477733267""",5 IYAGUN SURULERE Surulere Lagos State Lagos State,,"=""22257601""","=""2914755""","=""1001670464""",Personal fixed term loan,2019-11-21 00:00:00,5000.00,0.00,,0.00,5750.00,NGN,0,Closed,2019-12-06 00:00:00,Performing
MUHAMMED OKUNOLA,"=""22355373428""",NO 4MERCY QUARTERS OLORUNDAABAA ROAD IBADAN Lagelu Oyo Sta,,"=""22259306""","=""5742700""","=""215872398""",Personal fixed term loan,2020-02-15 00:00:00,2500.00,0.00,,0.00,3250.00,NGN,0,Closed,2020-03-16 00:00:00,Performing
DIVINE EZE,"=""22474050077""",PRESCO,,"=""22259677""","=""2420617""","=""832423""",Personal fixed term loan,2019-10-15 00:00:00,1500.00,0.00,,0.00,1950.00,NGN,0,Closed,2019-11-14 00:00:00,Performing
SAMUEL OGUNLANA,"=""22226838832""",Powerline Odo Ona Ibadan Oyo State,,"=""22260927""","=""1898743""","=""131236771""",Personal fixed term loan,2019-09-17 00:00:00,2500.00,0.00,,0.00,3250.00,NGN,0,Closed,2019-10-17 00:00:00,Performing
MARY JAMES,,NO 5 MODEL STREET IJOKA ROADAKURE Akure South Ondo State,,"=""22253612""","=""6716307""","=""1918419""",Personal fixed term loan,2020-04-01 00:00:00,10000.00,0.00,,0.00,13000.00,NGN,0,Closed,2020-05-04 00:00:00,Performing
MOSHOOD LAWAL,"=""22234237995""",8 IFELODUN STREET ABULE EGBA IfakoIjaiye Lagos State,,"=""22255577""","=""6802014""","=""1927416""",Personal fixed term loan,2020-04-08 00:00:00,2500.00,0.00,,0.00,3250.00,NGN,0,Closed,2020-05-08 00:00:00,Performing
ALEXANDER AJAYI,"=""22215912985""",FF15REHOBOTH HALL BABCOCK UNIVERSITY Ikenne Ogun State,,"=""22255854""","=""5675232""","=""1815083""",Personal fixed term loan,2020-03-13 00:00:00,10000.00,0.00,,0.00,11500.00,NGN,0,Closed,2020-03-30 00:00:00,Performing
ALEXANDER AJAYI,"=""22215912985""",FF15REHOBOTH HALL BABCOCK UNIVERSITY Ikenne Ogun State,,"=""22255854""","=""5675232""","=""782981991""",Personal fixed term loan,2020-03-13 00:00:00,10000.00,0.00,,0.00,11500.00,NGN,0,Closed,2020-03-30 00:00:00,Performing
RACHEAL SERIKI,,11 malik okanle street bayota lagos,,"=""22255986""","=""5248059""","=""10653168""",Personal fixed term loan,2023-06-20 00:00:00,5000.00,0.00,,0.00,6000.00,NGN,0,Closed,2023-07-05 00:00:00,Performing
CHRISTIAN CHINWO,"=""22180007129""",BAUCHI,,"=""22258453""","=""3725238""","=""1017989243""",Personal fixed term loan,2019-11-27 00:00:00,2500.00,0.00,,0.00,3250.00,NGN,0,Closed,2019-12-27 00:00:00,Performing
ZAKIYU ABUBAKAR,"=""22419143754""",DAN UMMA B AREA Chafe Zamfara State,,"=""22259253""","=""6589024""","=""1920822""",Personal fixed term loan,2020-04-02 00:00:00,2500.00,0.00,,0.00,3250.00,NGN,0,Closed,2020-05-04 00:00:00,Performing
OLAMILEKAN OJUAWO,,5B OYEDEJI STREET OFF OJO ROADAPAPAAJEGUNLELAGOS AjeromiIf,,"=""22259321""","=""3367801""","=""3020008798""",Personal fixed term loan,2020-03-17 00:00:00,5000.00,0.00,,0.00,5750.00,NGN,0,Closed,2020-04-01 00:00:00,Performing
SAMSON POPOOLA,,ZONE 10 AGBOMO LAYOUT IJOKA ROAD AKURE ONDO STATE  Akure S,,"=""22261402""","=""2658523""","=""468695234""",Personal fixed term loan,2019-12-19 00:00:00,7500.00,0.00,,0.00,9150.00,NGN,0,Closed,2020-01-20 00:00:00,Performing
Yusuff Zubair,"=""22175051667""",27 Alagbeji Street Isale Eko  Lagos Mainland Lagos State,,"=""22261602""","=""6181144""","=""1761596""",Personal fixed term loan,2020-03-06 00:00:00,2500.00,0.00,,0.00,2870.00,NGN,0,Closed,2020-03-23 00:00:00,Performing
Yusuff Zubair,"=""22175051667""",27 Alagbeji Street Isale Eko  Lagos Mainland Lagos State,,"=""22261602""","=""6181144""","=""3004941362""",Personal fixed term loan,2020-03-06 00:00:00,2500.00,0.00,,0.00,2870.00,NGN,0,Closed,2020-03-23 00:00:00,Performing
SUNDAY OWOYEMI,"=""22378259352""",16 MOROCO COMMUNITY ODOKEKERE IKORODU Ikorodu Lagos State,,"=""22264644""","=""6497524""","=""1862403""",Personal fixed term loan,2020-03-21 00:00:00,2500.00,0.00,,0.00,3250.00,NGN,0,Closed,2020-04-20 00:00:00,Performing
SUNDAY OWOYEMI,"=""22378259352""",16 MOROCO COMMUNITY ODOKEKERE IKORODU Ikorodu Lagos State,,"=""22264644""","=""6497524""","=""43089667""",Personal fixed term loan,2020-03-21 00:00:00,2500.00,0.00,,0.00,3250.00,NGN,0,Closed,2020-04-20 00:00:00,Performing
QOREEB SURAJUDEEN,,iroko,,"=""22266716""","=""949093""","=""126213""",Personal fixed term loan,2019-03-08 00:00:00,25000.00,0.00,,0.00,32500.00,NGN,0,Closed,2019-04-08 00:00:00,Performing
QOREEB SURAJUDEEN,,iroko,,"=""22266716""","=""949093""","=""2123195209""",Personal fixed term loan,2019-03-08 00:00:00,25000.00,0.00,,0.00,32500.00,NGN,0,Closed,2019-04-08 00:00:00,Performing
OPEYEMI ABDULATEEF,"=""22378857695""",ABACHA ROAD BY CHIKAS Karu Nasarawa State,,"=""22267818""","=""5335555""","=""1832445""",Personal fixed term loan,2020-03-17 00:00:00,5000.00,0.00,,0.00,5750.00,NGN,0,Closed,2020-04-01 00:00:00,Performing
OPEYEMI ABDULATEEF,"=""22378857695""",ABACHA ROAD BY CHIKAS Karu Nasarawa State,,"=""22267818""","=""5335555""","=""3027674576""",Personal fixed term loan,2020-03-17 00:00:00,5000.00,0.00,,0.00,5750.00,NGN,0,Closed,2020-04-01 00:00:00,Performing
FRIDAY LOGO,,54 JETTY ROAD,,"=""22136343""","=""44234771""","=""10686097""",Personal fixed term loan,2023-06-23 00:00:00,20000.00,25400.00,,0.00,25400.00,NGN,0,Open,2023-07-23 00:00:00,Performing
KOLAPO RIDWAN AANUOLUWAPO,"=""22469559523""",ungwan kuyambana wase,,"=""22242717""","=""5863430""","=""10268925""",Personal fixed term loan,2023-05-13 00:00:00,1500.00,0.00,,0.00,1822.50,NGN,0,Closed,2023-05-28 00:00:00,Performing
KOLAPO RIDWAN AANUOLUWAPO,"=""22469559523""",ungwan kuyambana wase,,"=""22242717""","=""5863430""","=""3123857722""",Personal fixed term loan,2020-02-23 00:00:00,1500.00,0.00,,0.00,1500.00,NGN,0,Closed,2020-03-24 00:00:00,Performing
COMFORT UCHE,"=""22520347452""",NO 5 YARO ROAD OFF HOSPITAL ROAD Chanchaga Niger State,,"=""22249233""","=""5970387""","=""1745504""",Personal fixed term loan,2020-03-04 00:00:00,5000.00,0.00,,0.00,5750.00,NGN,0,Closed,2020-03-19 00:00:00,Performing
JOHN EDEDEY,"=""22208581673""",1 MADAM EVELYN IGBAFE HSE MFM RD OFF BODE RD JATTU,,"=""22249719""","=""7404330""","=""10532888""",Personal fixed term loan,2023-06-08 00:00:00,5000.00,0.00,,0.00,6500.00,NGN,0,Closed,2023-07-08 00:00:00,Performing
OJOACHE ODOMA,,BEHIND CEFN CHURCH OLUBOJO ANKPA ODOMA ACHADU JOSHUA COMPO,,"=""22251898""","=""5673357""","=""1811914""",Personal fixed term loan,2020-03-13 00:00:00,10000.00,0.00,,0.00,11500.00,NGN,0,Closed,2020-03-30 00:00:00,Performing
KAYODE ADEBAYO,"=""22341794073""",KAJOLA HOUSE OKE MORO AREA IKIRE,,"=""22253756""","=""4131453""","=""3090682198""",Personal fixed term loan,2019-12-12 00:00:00,1500.00,0.00,,0.00,1720.00,NGN,0,Closed,2019-12-27 00:00:00,Performing
DAYO ONAOLAPO,,2 ILO STREET AGBADO STATION Ifo Ogun State,,"=""22255042""","=""6860769""","=""10561336""",Personal fixed term loan,2023-06-11 00:00:00,5000.00,0.00,,0.00,5750.00,NGN,0,Closed,2023-06-26 00:00:00,Performing
MONDAY UDOWONG,"=""22300692741""",1 ORE OFE STREET MOWE Obafemi Owode Ogun State,,"=""22256135""","=""3651411""","=""694385542""",Personal fixed term loan,2020-10-23 00:00:00,10000.00,0.00,,0.00,13000.00,NGN,0,Closed,2020-11-23 00:00:00,Performing
SODIQ AJAYI,"=""22142897290""",3BALOGUN OLUKAYODE STR LAKWE BUSTOP,,"=""22256814""","=""6208896""","=""10565960""",Personal fixed term loan,2023-06-11 00:00:00,5000.00,0.00,,0.00,6500.00,NGN,0,Closed,2023-07-11 00:00:00,Performing
SAMANTHA IBISO,,26 IBISO CLOSE EMMA ESTATE PH ObioAkpor Rivers State,,"=""22258393""","=""5571135""","=""34741734""",Personal fixed term loan,2020-02-19 00:00:00,5000.00,0.00,,0.00,5750.00,NGN,0,Closed,2020-03-05 00:00:00,Performing
HAFSATU KIGBU,"=""22346740927""",13AC DRIVE 4 OPPOSITE CLOSE 7 PRINCE AND PRINCESS ESTATE A,,"=""22258800""","=""4001775""","=""25769408""",Personal fixed term loan,2020-01-08 00:00:00,40000.00,0.00,,0.00,46000.00,NGN,0,Closed,2020-01-23 00:00:00,Performing
ADEWUMI SALAM,"=""22295014690""",ADESOLA AREA AKANRAN Ona Ara Oyo State,,"=""22259679""","=""3029623""","=""177486985""",Personal fixed term loan,2019-11-02 00:00:00,10000.00,0.00,,0.00,13000.00,NGN,0,Closed,2019-12-02 00:00:00,Performing
VICTOR BOLARINWA,"=""22495731337""",ADELEORI STREET JEGEDE OLUNLOYO  Ona Ara Oyo State,,"=""22259686""","=""5730517""","=""3130312359""",Personal fixed term loan,2020-03-12 00:00:00,7500.00,0.00,,0.00,9370.00,NGN,0,Closed,2020-04-14 00:00:00,Performing
ABBAS HUSSAINI,"=""22366427910""",98 NAIBAWA MAIKALWA QTRS ZARIA ROAD KUMBOTSO LGA Kumbotso,,"=""22261744""","=""10424056""","=""140858588""",Personal fixed term loan,2020-12-20 00:00:00,5000.00,0.00,,0.00,6000.00,NGN,0,Closed,2021-01-04 00:00:00,Performing
YAWALE DEW,"=""22497598686""",YAMMATA CIKIN GARI,,"=""22262430""","=""2862274""","=""432256063""",Personal fixed term loan,2019-10-27 00:00:00,1500.00,0.00,,0.00,1720.00,NGN,0,Closed,2019-11-11 00:00:00,Performing
CHIZOBA EZE,"=""22529708856""",Enugu State,,"=""22263130""","=""6435718""","=""1845086""",Personal fixed term loan,2020-03-19 00:00:00,10000.00,0.00,,0.00,13000.00,NGN,0,Closed,2020-04-20 00:00:00,Performing
TAIWO OJEOKUN,"=""22164676174""",10OLUANA ROADAKINGBILEMONIYA Akinyele Oyo State,,"=""22259358""","=""6255787""","=""693406958""",Personal fixed term loan,2020-03-10 00:00:00,1500.00,0.00,,0.00,1720.00,NGN,0,Closed,2020-03-25 00:00:00,Performing
PRECIOUS AKINSETE,"=""22515267314""",71 ALADE STREET ODO ONA KEKERE BSTOP OLUYOLE LGA IBADAN,,"=""22259693""","=""6257287""","=""1829533""",Personal fixed term loan,2020-03-16 00:00:00,2500.00,0.00,,0.00,3250.00,NGN,0,Closed,2020-04-15 00:00:00,Performing
ilham aminu,"=""22224177573""",3 adawa road gawuna brigate  Nasarawa Kano State,,"=""22261430""","=""10426270""","=""1438115207""",Personal fixed term loan,2020-12-20 00:00:00,10000.00,0.00,,0.00,13000.00,NGN,0,Closed,2021-01-19 00:00:00,Performing
PRISCILLA AUDU,"=""22257031156""",22 QUEEN AMINA KUBWA ABUJA Bwari FCT,,"=""22263202""","=""5210542""","=""1450191""",Personal fixed term loan,2020-01-24 00:00:00,10000.00,0.00,,0.00,13000.00,NGN,0,Closed,2020-02-24 00:00:00,Performing
MICHAEL OKENIYI,"=""22194879510""",1 PETER AREMU IKOTUN LAGOS BY ASALU BS,,"=""22264923""","=""4930072""","=""3087639888""",Personal fixed term loan,2020-11-09 00:00:00,5000.00,0.00,,0.00,5500.00,NGN,0,Closed,2020-11-24 00:00:00,Performing
IBRAHIM MUSA,"=""22549738644""",18 MASALLACI STREET KAWO Kaduna North Kaduna State,,"=""22265423""","=""5388019""","=""1698068""",Personal fixed term loan,2020-02-28 00:00:00,1500.00,0.00,,0.00,1720.00,NGN,0,Closed,2020-03-16 00:00:00,Performing
MUSA AKINBODE,"=""22486202316""",11 ISOFE STREET OFF EWUSI ROAD Shagamu Ogun State,,"=""22265974""","=""6203386""","=""1770153""",Personal fixed term loan,2020-03-07 00:00:00,1500.00,0.00,,0.00,1720.00,NGN,0,Closed,2020-03-23 00:00:00,Performing
MUSA AKINBODE,"=""22486202316""",11 ISOFE STREET OFF EWUSI ROAD Shagamu Ogun State,,"=""22265974""","=""6203386""","=""2250622012""",Personal fixed term loan,2020-03-07 00:00:00,1500.00,0.00,,0.00,1720.00,NGN,0,Closed,2020-03-23 00:00:00,Performing
STANDLEY UDONSI,"=""22384808360""",1 CHIEF AMADI STREET MILE 4 MARKET JUNCTION ObioAkpor Rive,,"=""22266695""","=""6626311""","=""175157775""",Personal fixed term loan,2020-03-27 00:00:00,2500.00,0.00,,0.00,3250.00,NGN,0,Closed,2020-04-27 00:00:00,Performing
STANDLEY UDONSI,"=""22384808360""",1 CHIEF AMADI STREET MILE 4 MARKET JUNCTION ObioAkpor Rive,,"=""22266695""","=""6626311""","=""1898378""",Personal fixed term loan,2020-03-27 00:00:00,2500.00,0.00,,0.00,3250.00,NGN,0,Closed,2020-04-27 00:00:00,Performing
PATRICK EBU,"=""22297486952""",MONIAYA HOSPITAL STAFF QUARTERS OSGOJA Ogoja Cross River S,,"=""22266846""","=""8819797""","=""3042420566""",Personal fixed term loan,2020-10-26 00:00:00,5000.00,0.00,,0.00,6000.00,NGN,0,Closed,2020-11-10 00:00:00,Performing
BOHARY NZOKURUN,,33 arkau Street flat,,"=""22267495""","=""2588362""","=""847482""",Personal fixed term loan,2019-10-17 00:00:00,1500.00,0.00,,0.00,1720.00,NGN,0,Closed,2019-11-01 00:00:00,Performing
TAIWO IJATOYE,,No 7 orioke aseyori steet ibadan,,"=""22267981""","=""1588835""","=""2123632036""",Personal fixed term loan,2019-08-20 00:00:00,5000.00,0.00,,0.00,6250.00,NGN,0,Closed,2019-09-19 00:00:00,Performing
TOLUWANIMI SAMUEL,"=""22538557955""",ZONE 4B ALADE ADUA OLUWO Egbeda Oyo State,,"=""22268081""","=""6893351""","=""1933711""",Personal fixed term loan,2020-04-11 00:00:00,1500.00,0.00,,0.00,1720.00,NGN,0,Closed,2020-04-27 00:00:00,Performing
INNOCENT OKEREKE,"=""22267847264""",LAMB OF GOD LODGE UMUERIM NEKEDE Owerri West Imo State,,"=""22268367""","=""9035459""","=""47652509""",Personal fixed term loan,2020-10-15 00:00:00,5000.00,0.00,,0.00,6500.00,NGN,0,Closed,2020-11-16 00:00:00,Performing
FARIDA LADAN,"=""22383001861""",NO 21 BAKURA ROAD KANWURI  Gusau Zamfara State,,"=""22268832""","=""5262518""","=""1749474""",Personal fixed term loan,2020-03-05 00:00:00,1500.00,0.00,,0.00,1870.00,NGN,0,Closed,2020-04-06 00:00:00,Performing
GIFT GODWIN,"=""22524238363""",14 ROAD 1 PHASE 3 ELIMINIGWE ESTATE WOJI ObioAkpor Rivers,,"=""22258379""","=""7125732""","=""2219706629""",Personal fixed term loan,2020-04-18 00:00:00,2500.00,0.00,,0.00,2870.00,NGN,0,Closed,2020-05-04 00:00:00,Performing
OPEYEMI ADEKUNLE,,BLIND CENTRE AKALA ROAD OGBOMOSHO Oyo Oyo State,,"=""22259349""","=""6374581""","=""1828908""",Personal fixed term loan,2020-03-16 00:00:00,5000.00,0.00,,0.00,5750.00,NGN,0,Closed,2020-03-31 00:00:00,Performing
SUMAIYA DAUDA,"=""22542498754""",BYE PASS YOLA TOWN Yola South Adamawa State,,"=""22260787""","=""6145537""","=""1749797""",Personal fixed term loan,2020-03-05 00:00:00,1500.00,0.00,,0.00,1720.00,NGN,0,Closed,2020-03-20 00:00:00,Performing
TEMITAYO AJAYI,,No 23 eree street ayedun ekiti,,"=""22264029""","=""1665100""","=""3140035170""",Personal fixed term loan,2019-08-23 00:00:00,2500.00,0.00,,0.00,3250.00,NGN,0,Closed,2019-09-23 00:00:00,Performing
TEMITAYO AJAYI,,No 23 eree street ayedun ekiti,,"=""22264029""","=""1665100""","=""524198""",Personal fixed term loan,2019-08-23 00:00:00,2500.00,0.00,,0.00,3250.00,NGN,0,Closed,2019-09-23 00:00:00,Performing
ABOSEDE OYEDOKUN,,4 PAKURO ROAD OFF AZEGBE COMPLEX MOWE Obafemi Owode Ogun S,,"=""22265284""","=""5883358""","=""1670674""",Personal fixed term loan,2020-02-24 00:00:00,10000.00,0.00,,0.00,10000.00,NGN,0,Closed,2020-03-25 00:00:00,Performing
DAVID DAVIDS,"=""22208054245""",1A ADEBOWALE STREET ALAGBOLE LAGOS  IfakoIjaiye Lagos Sta,,"=""22265969""","=""2970940""","=""111162777""",Personal fixed term loan,2020-03-13 00:00:00,15000.00,0.00,,0.00,17250.00,NGN,0,Closed,2020-03-30 00:00:00,Performing
FAITH OKORO,,17 KUGWARU CAPITAL HOTEL ADO Karu Nasarawa State,,"=""22266688""","=""6815308""","=""1928659""",Personal fixed term loan,2020-04-09 00:00:00,2500.00,0.00,,0.00,3250.00,NGN,0,Closed,2020-05-11 00:00:00,Performing
GODSWILL AWARA,"=""22230567276""",NO 20 UWASE BY AMICATU,,"=""22267488""","=""7621159""","=""10539182""",Personal fixed term loan,2023-06-08 00:00:00,5000.00,0.00,,0.00,6500.00,NGN,0,Closed,2023-07-08 00:00:00,Performing
MUaposAZU IBRAHIM,,Muhammadu buhari quarter mambila barracks,,"=""22267922""","=""18349""","=""101838""",Personal fixed term loan,2019-02-06 00:00:00,10000.00,0.00,,0.00,13000.00,NGN,0,Closed,2019-03-11 00:00:00,Performing
MUaposAZU IBRAHIM,,Muhammadu buhari quarter mambila barracks,,"=""22267922""","=""18349""","=""3049707655""",Personal fixed term loan,2019-02-06 00:00:00,10000.00,0.00,,0.00,13000.00,NGN,0,Closed,2019-03-11 00:00:00,Performing
OLAIDE OLAJIDE,"=""22549415259""",ZONE 8 IBAGN KUTE WOFUN IBADAN Iwajowa Oyo State,,"=""22268024""","=""6286235""","=""1833554""",Personal fixed term loan,2020-03-17 00:00:00,1500.00,0.00,,0.00,1720.00,NGN,0,Closed,2020-04-01 00:00:00,Performing
OLAIDE OLAJIDE,"=""22549415259""",ZONE 8 IBAGN KUTE WOFUN IBADAN Iwajowa Oyo State,,"=""22268024""","=""6286235""","=""2141713575""",Personal fixed term loan,2020-03-17 00:00:00,1500.00,0.00,,0.00,1720.00,NGN,0,Closed,2020-04-01 00:00:00,Performing
INUWAL USMAN,"=""22379438198""",SHEKA MAKARANTA,,"=""22268275""","=""5147144""","=""265278892""",Personal fixed term loan,2020-01-22 00:00:00,1500.00,0.00,,0.00,1720.00,NGN,0,Closed,2020-02-06 00:00:00,Performing
MORUFF ADEBOYE,,No 23 idiomoh street osogbo,,"=""22268424""","=""3203630""","=""41667570""",Personal fixed term loan,2019-11-08 00:00:00,1500.00,0.00,,0.00,1950.00,NGN,0,Closed,2019-12-09 00:00:00,Performing
MORUFF ADEBOYE,,No 23 idiomoh street osogbo,,"=""22268424""","=""3203630""","=""975612""",Personal fixed term loan,2019-11-08 00:00:00,1500.00,0.00,,0.00,1950.00,NGN,0,Closed,2019-12-09 00:00:00,Performing
IDOWU GAFERA,"=""22257700935""",KM 3 OFF GBOKO ROAD MKD NGURSWANDE STREET MKD Makurdi Benu,,"=""22268526""","=""6549254""","=""2020638313""",Personal fixed term loan,2021-01-27 00:00:00,15000.00,0.00,,0.00,19500.00,NGN,0,Closed,2021-02-26 00:00:00,Performing
SALAMATU MUHAMMAD,"=""22505240091""",92 KUSFA Zaria Kaduna State,,"=""22257524""","=""6201615""","=""1769736""",Personal fixed term loan,2020-03-07 00:00:00,2500.00,0.00,,0.00,2870.00,NGN,0,Closed,2020-03-23 00:00:00,Performing
PRAISE EWUZIE,"=""22261176319""",NO 28 ADADA STREET LOCATION 15 UMUEBULE 2 Etche Rivers Sta,,"=""22258460""","=""6674658""","=""1909559""",Personal fixed term loan,2020-03-30 00:00:00,2500.00,0.00,,0.00,3250.00,NGN,0,Closed,2020-04-29 00:00:00,Performing
GAMBO IDRIS,"=""22349218319""",KIYAWA TOWN JIGAWA Kiyawa Jigawa State,,"=""22259255""","=""9619468""","=""717449464""",Personal fixed term loan,2020-11-14 00:00:00,15000.00,0.00,,0.00,19500.00,NGN,0,Closed,2020-12-14 00:00:00,Performing
ZAINAB BALOGUN,"=""22534544997""",63 YISA KOSIRUOLUWA STREET JOYLAND ESTATE OLOMOWEWE BSTOP,,"=""22262497""","=""5240041""","=""1796857""",Personal fixed term loan,2020-03-11 00:00:00,35000.00,0.00,,0.00,43750.00,NGN,0,Closed,2020-04-14 00:00:00,Performing
ZAINAB BALOGUN,"=""22534544997""",63 YISA KOSIRUOLUWA STREET JOYLAND ESTATE OLOMOWEWE BSTOP,,"=""22262497""","=""5240041""","=""450444989""",Personal fixed term loan,2020-03-11 00:00:00,35000.00,0.00,,0.00,43750.00,NGN,0,Closed,2020-04-14 00:00:00,Performing
DAMILOLA ADEYEYE,,12 NKPORO STREET IBAFO  Obafemi Owode Ogun State,,"=""22264910""","=""5987953""","=""12008716""",Personal fixed term loan,2020-10-18 00:00:00,5000.00,0.00,,0.00,6000.00,NGN,0,Closed,2020-11-02 00:00:00,Performing
DAMILOLA ADEYEYE,,12 NKPORO STREET IBAFO  Obafemi Owode Ogun State,,"=""22264910""","=""5987953""","=""2616358""",Personal fixed term loan,2020-10-18 00:00:00,5000.00,0.00,,0.00,6000.00,NGN,0,Closed,2020-11-02 00:00:00,Performing
ESTHER ORJI,"=""22419005184""",13 Lagos St Surulere 101241 Lagos Nigeria,,"=""22265305""","=""5829289""","=""1759299""",Personal fixed term loan,2020-03-06 00:00:00,5000.00,0.00,,0.00,5750.00,NGN,0,Closed,2020-03-23 00:00:00,Performing
KWAME AWUJE,"=""22368028892""",NO 120C AHOADA ROAD OMOKU Ahoada West Rivers State,,"=""22266709""","=""5998615""","=""1864828""",Personal fixed term loan,2020-03-22 00:00:00,1500.00,0.00,,0.00,1870.00,NGN,0,Closed,2020-04-21 00:00:00,Performing
KANU CHIJIOKE,,NO 5 ELDER ANTHONY AVENUE IWOFE RD RUMUEPIRIKOM PH  ObioAk,,"=""22266714""","=""1646962""","=""3061059723""",Personal fixed term loan,2020-03-02 00:00:00,2500.00,0.00,,0.00,3050.00,NGN,0,Closed,2020-04-01 00:00:00,Performing
UWEMOBONG OROK,"=""22433551494""",MBIABONG ETOI Uyo Akwa Ibom State,,"=""22267509""","=""5288413""","=""1704043""",Personal fixed term loan,2020-02-28 00:00:00,2500.00,0.00,,0.00,2870.00,NGN,0,Closed,2020-03-16 00:00:00,Performing
UWEMOBONG OROK,"=""22433551494""",MBIABONG ETOI Uyo Akwa Ibom State,,"=""22267509""","=""5288413""","=""2136838207""",Personal fixed term loan,2020-02-28 00:00:00,2500.00,0.00,,0.00,2870.00,NGN,0,Closed,2020-03-16 00:00:00,Performing
TEMIDAYO AJAYI,,40 FANATOU STREET Oredo Edo State,,"=""22268045""","=""6099992""","=""1241400316""",Personal fixed term loan,2020-03-05 00:00:00,2500.00,0.00,,0.00,2870.00,NGN,0,Closed,2020-03-20 00:00:00,Performing
elizabeth oginni,"=""22354581927""",ELERU ONIGBINDE OLODO IBADAN Egbeda Oyo State,,"=""22268152""","=""3881198""","=""2019660671""",Personal fixed term loan,2019-12-02 00:00:00,2500.00,0.00,,0.00,3250.00,NGN,0,Closed,2020-01-02 00:00:00,Performing
ADEDAMOLA ORIADE,"=""22332433893""",NO 1 ENIOLA STREET FEDERAL HOUSING ESTATE OLOMORE ABEOKUTA,,"=""22268254""","=""3020378""","=""3076503699""",Personal fixed term loan,2020-03-04 00:00:00,2500.00,0.00,,0.00,2870.00,NGN,0,Closed,2020-03-19 00:00:00,Performing
AMARACHI NWORU,"=""22507450634""",NWORU COMP OKPUMUKWU VILLAGE Aba North Abia State,,"=""22268343""","=""6008222""","=""1816080""",Personal fixed term loan,2020-03-14 00:00:00,2500.00,0.00,,0.00,3250.00,NGN,0,Closed,2020-04-14 00:00:00,Performing
RACHEL NWAIGWE,"=""22364901432""",13 IMMAM THANNI STREET IJESHA Surulere Lagos State Lagos S,,"=""22255551""","=""6519618""","=""1967012""",Personal fixed term loan,2020-04-21 00:00:00,15000.00,0.00,,0.00,18750.00,NGN,0,Closed,2020-05-21 00:00:00,Performing
EVELYN EKPEYONG,"=""22480334101""",89A OGBUNABALI RD PH,,"=""22255812""","=""1535892""","=""439997""",Personal fixed term loan,2019-07-31 00:00:00,1500.00,0.00,,0.00,1950.00,NGN,0,Closed,2019-08-30 00:00:00,Performing
RASHEED AJIBADE,,Not Available,,"=""22256126""","=""1526259""","=""142496766""",Personal fixed term loan,2019-08-27 00:00:00,20000.00,0.00,,0.00,25000.00,NGN,0,Closed,2019-09-26 00:00:00,Performing
RASHEED AJIBADE,,Not Available,,"=""22256126""","=""1526259""","=""545892""",Personal fixed term loan,2019-08-27 00:00:00,20000.00,0.00,,0.00,25000.00,NGN,0,Closed,2019-09-26 00:00:00,Performing
JOHN ETIM,,66 OROK OROK CALABAR,,"=""22258416""","=""807237""","=""10691824""",Personal fixed term loan,2023-06-24 00:00:00,5000.00,0.00,,0.00,6000.00,NGN,0,Closed,2023-07-09 00:00:00,Performing
HANSON ISIDAHOMEN,"=""22464875770""",COMFORT HOSTELOFF IHUMUDUMUNEPA LINEEKPOMA Esan West Edo S,,"=""22259688""","=""5883700""","=""1812123""",Personal fixed term loan,2020-03-13 00:00:00,2500.00,0.00,,0.00,3120.00,NGN,0,Closed,2020-04-14 00:00:00,Performing
HANSON ISIDAHOMEN,"=""22464875770""",COMFORT HOSTELOFF IHUMUDUMUNEPA LINEEKPOMA Esan West Edo S,,"=""22259688""","=""5883700""","=""3122067704""",Personal fixed term loan,2020-03-13 00:00:00,2500.00,0.00,,0.00,3120.00,NGN,0,Closed,2020-04-14 00:00:00,Performing
suleiman sulehman,"=""22477627290""",FARAWA Kumbotso Kano State,,"=""22261435""","=""5758285""","=""1626947""",Personal fixed term loan,2020-02-18 00:00:00,2500.00,0.00,,0.00,3250.00,NGN,0,Closed,2020-03-19 00:00:00,Performing
BARAKAT OLALEKAN,"=""22493763831""",NO 10FAJUYI SABO LAGERE ILEIFE Ife Central Osun State,,"=""22261449""","=""5926876""","=""2125080088""",Personal fixed term loan,2020-08-13 00:00:00,10000.00,0.00,,0.00,13000.00,NGN,0,Closed,2020-09-14 00:00:00,Performing
BARAKAT OLALEKAN,"=""22493763831""",NO 10FAJUYI SABO LAGERE ILEIFE Ife Central Osun State,,"=""22261449""","=""5926876""","=""2300397""",Personal fixed term loan,2020-08-13 00:00:00,10000.00,0.00,,0.00,13000.00,NGN,0,Closed,2020-09-14 00:00:00,Performing
Chinge Audu,,Sharada Phase 3 kano Gwale Kano State,,"=""22262428""","=""6099109""","=""1781525""",Personal fixed term loan,2020-03-09 00:00:00,2500.00,0.00,,0.00,2870.00,NGN,0,Closed,2020-03-24 00:00:00,Performing
MUHAMMED JIBRIN,"=""22319674024""",GANAJA VILLAGELKJ Ajaokuta Kogi State,,"=""22262453""","=""5907364""","=""1772000""",Personal fixed term loan,2020-03-08 00:00:00,5000.00,0.00,,0.00,5750.00,NGN,0,Closed,2020-03-23 00:00:00,Performing
MUHAMMED JIBRIN,"=""22319674024""",GANAJA VILLAGELKJ Ajaokuta Kogi State,,"=""22262453""","=""5907364""","=""3025724890""",Personal fixed term loan,2020-03-08 00:00:00,5000.00,0.00,,0.00,5750.00,NGN,0,Closed,2020-03-23 00:00:00,Performing
UTHMAN OLADIPUPO,"=""22495952532""",5M6WVF Ijagbo Offa Nigeria,,"=""22263232""","=""6011653""","=""1765928""",Personal fixed term loan,2020-03-07 00:00:00,2500.00,0.00,,0.00,2870.00,NGN,0,Closed,2020-03-23 00:00:00,Performing
EMMANUEL OJEI,,No 3 apata street ibereko badagry,,"=""22264593""","=""1341235""","=""432571""",Personal fixed term loan,2019-07-29 00:00:00,2500.00,0.00,,0.00,3120.00,NGN,0,Closed,2019-08-28 00:00:00,Performing
MATHEW AKONJIE,"=""22357271900""",9 kokumo estate Alagbado lagos,,"=""22264618""","=""1612450""","=""198882423""",Personal fixed term loan,2019-08-17 00:00:00,1500.00,0.00,,0.00,1950.00,NGN,0,Closed,2019-09-16 00:00:00,Performing
MATHEW AKONJIE,"=""22357271900""",9 kokumo estate Alagbado lagos,,"=""22264618""","=""1612450""","=""500128""",Personal fixed term loan,2019-08-17 00:00:00,1500.00,0.00,,0.00,1950.00,NGN,0,Closed,2019-09-16 00:00:00,Performing
PRECIOUS BASSEY,"=""22371445857""",BLOCK Y FLAT 2 ENGINEER QUATERS OJO CANTONMENT  IMSU FRONT,,"=""22258441""","=""3512235""","=""701750011""",Personal fixed term loan,2020-02-24 00:00:00,2500.00,0.00,,0.00,2500.00,NGN,0,Closed,2020-03-25 00:00:00,Performing
FATIMA ABDULMALIK,"=""22507625731""",NO 1 ROAD 5 FAGUN ONDO,,"=""22258627""","=""3089721""","=""1625224""",Personal fixed term loan,2020-02-18 00:00:00,1500.00,0.00,,0.00,1720.00,NGN,0,Closed,2020-03-04 00:00:00,Performing
FATIMA ABDULMALIK,"=""22507625731""",NO 1 ROAD 5 FAGUN ONDO,,"=""22258627""","=""3089721""","=""2120403279""",Personal fixed term loan,2020-02-18 00:00:00,1500.00,0.00,,0.00,1720.00,NGN,0,Closed,2020-03-04 00:00:00,Performing
FATIMA ABDULMALIK,"=""22507625731""",NO 1 ROAD 5 FAGUN ONDO,,"=""22258627""","=""3089721""","=""950719""",Personal fixed term loan,2019-11-04 00:00:00,1500.00,0.00,,0.00,1950.00,NGN,0,Closed,2019-12-04 00:00:00,Performing
KABIRU OLADIMEJI,"=""22425846506""",12 ODUDUWA STREET OWORONSHOKI BSTOP Shomolu Lagos State,,"=""22259338""","=""7058929""","=""1945750""",Personal fixed term loan,2020-04-16 00:00:00,1500.00,0.00,,0.00,1720.00,NGN,0,Closed,2020-05-04 00:00:00,Performing
INNOCENT OKWUBI,,ONDO UGBOJU Oturkpo Benue State,,"=""22263171""","=""1546549""","=""2084909022""",Personal fixed term loan,2019-08-23 00:00:00,2500.00,0.00,,0.00,3120.00,NGN,0,Closed,2019-09-23 00:00:00,Performing
OLATUNJI JOSEPH,"=""22164202676""",IST AVENUE R CLOSE HOSE 7 FESTAC TOWN LAGOS  AmuwoOdofin L,,"=""22264636""","=""5669701""","=""1957406""",Personal fixed term loan,2020-04-18 00:00:00,5000.00,0.00,,0.00,6100.00,NGN,0,Closed,2020-05-18 00:00:00,Performing
ABDULAZIZ ABDULMUMINI,"=""22142864104""",1 IGORIN ST ITIRE SURULERE LAGOS Surulere Lagos State Lago,,"=""22264929""","=""6494365""","=""1861596""",Personal fixed term loan,2020-03-21 00:00:00,5000.00,0.00,,0.00,5750.00,NGN,0,Closed,2020-04-06 00:00:00,Performing
GRACE IKOWA,"=""22198067649""",NO 6 TTC ROAD NSUKKA Nsukka Enugu State,,"=""22266040""","=""2858527""","=""6170819092""",Personal fixed term loan,2020-01-22 00:00:00,2500.00,0.00,,0.00,3250.00,NGN,0,Closed,2020-02-21 00:00:00,Performing
HAGGAI KEFAS,"=""22364424449""",COL KUM STRT BAUCHI RING RD JOS Jos North Plateau State,,"=""22266640""","=""6271924""","=""1805616""",Personal fixed term loan,2020-03-12 00:00:00,1500.00,0.00,,0.00,1950.00,NGN,0,Closed,2020-04-14 00:00:00,Performing
HAGGAI KEFAS,"=""22364424449""",COL KUM STRT BAUCHI RING RD JOS Jos North Plateau State,,"=""22266640""","=""6271924""","=""199217181""",Personal fixed term loan,2020-03-12 00:00:00,1500.00,0.00,,0.00,1950.00,NGN,0,Closed,2020-04-14 00:00:00,Performing
AJIBOLA ADEKUNLE,"=""22449891234""",3 ADIGUN STREET BODE AREA MIOLETE IBADAN  Ibadan SouthEas,,"=""22268026""","=""6384035""","=""1830819""",Personal fixed term loan,2020-03-16 00:00:00,2500.00,0.00,,0.00,2870.00,NGN,0,Closed,2020-03-31 00:00:00,Performing
AJIBOLA ADEKUNLE,"=""22449891234""",3 ADIGUN STREET BODE AREA MIOLETE IBADAN  Ibadan SouthEas,,"=""22268026""","=""6384035""","=""254297352""",Personal fixed term loan,2020-03-16 00:00:00,2500.00,0.00,,0.00,2870.00,NGN,0,Closed,2020-03-31 00:00:00,Performing
OLALEKAN OGUNNOIKI,"=""22278143757""",FAITH HALL OSHIBONKA COMPOUND AGO IWOYE OGUN Ifo Ogun Stat,,"=""22268119""","=""3075101""","=""773209983""",Personal fixed term loan,2020-01-04 00:00:00,10000.00,0.00,,0.00,11500.00,NGN,0,Closed,2020-01-20 00:00:00,Performing
MUIZ OJO,,12 GAS LINE AREA EYITA OGIJO,,"=""22268226""","=""1445003""","=""2080037956""",Personal fixed term loan,2019-09-19 00:00:00,7500.00,0.00,,0.00,9150.00,NGN,0,Closed,2019-10-21 00:00:00,Performing
MUIZ OJO,,12 GAS LINE AREA EYITA OGIJO,,"=""22268226""","=""1445003""","=""679443""",Personal fixed term loan,2019-09-19 00:00:00,7500.00,0.00,,0.00,9150.00,NGN,0,Closed,2019-10-21 00:00:00,Performing
ABUBAKAR MUHAMMED,"=""22303282109""",NO2AROWOSAYE STREETFATE ILORINKWST Ilorin South Kwara Stat,,"=""22253633""","=""6318615""","=""1811266""",Personal fixed term loan,2020-03-13 00:00:00,2500.00,0.00,,0.00,3250.00,NGN,0,Closed,2020-04-14 00:00:00,Performing
ABUBAKAR MUHAMMED,"=""22303282109""",NO2AROWOSAYE STREETFATE ILORINKWST Ilorin South Kwara Stat,,"=""22253633""","=""6318615""","=""35352627""",Personal fixed term loan,2020-03-13 00:00:00,2500.00,0.00,,0.00,3250.00,NGN,0,Closed,2020-04-14 00:00:00,Performing
MICHEAL AFOLAYAN,,CA C OKE IDANDE OBBO AJEGUNLE ROAD ETAN Ekiti Kwara State,,"=""22254637""","=""9088362""","=""4331048413""",Personal fixed term loan,2020-10-12 00:00:00,5000.00,0.00,,0.00,6500.00,NGN,0,Closed,2020-11-11 00:00:00,Performing
MARYAM IBRAHIM,"=""22533081204""",NO 6 UDOTUNG UBO STREET UYO Uyo Akwa Ibom State,,"=""22256007""","=""10360380""","=""3167861479""",Personal fixed term loan,2020-12-19 00:00:00,5000.00,0.00,,0.00,6000.00,NGN,0,Closed,2021-01-04 00:00:00,Performing
GODWIN DUNG,"=""22232694750""",OPPOSITE COCIN LCCDASHWANKURUJOS Jos South Plateau State,,"=""22258432""","=""8588610""","=""4681056953""",Personal fixed term loan,2020-10-19 00:00:00,20000.00,0.00,,0.00,24000.00,NGN,0,Closed,2020-11-18 00:00:00,Performing
PATRICIA OWAN,"=""22450997370""",13AKINTOLA CLOSEIDI ORO BUS STOPMUSHIN,,"=""22258798""","=""3050391""","=""3119328704""",Personal fixed term loan,2019-11-19 00:00:00,2500.00,0.00,,0.00,2870.00,NGN,0,Closed,2019-12-04 00:00:00,Performing
ANAS SHEHU,"=""22490078507""",KANWURIN KOFAR MANI AREA GUSAU,,"=""22260870""","=""6697072""","=""3132550975""",Personal fixed term loan,2020-04-05 00:00:00,2500.00,0.00,,0.00,3250.00,NGN,0,Closed,2020-05-05 00:00:00,Performing
OLUWASEYI JEARIOGBE,"=""22539049905""",3 IFESOWAPO STREET ABEOKUTA Odeda Ogun State,,"=""22261423""","=""6126748""","=""1777457""",Personal fixed term loan,2020-03-09 00:00:00,2500.00,0.00,,0.00,3250.00,NGN,0,Closed,2020-04-08 00:00:00,Performing
OLUWASEYI JEARIOGBE,"=""22539049905""",3 IFESOWAPO STREET ABEOKUTA Odeda Ogun State,,"=""22261423""","=""6126748""","=""2136247216""",Personal fixed term loan,2020-03-09 00:00:00,2500.00,0.00,,0.00,3250.00,NGN,0,Closed,2020-04-08 00:00:00,Performing
EMMANUEL OKEOWO,"=""22490415892""",NO 22 IDOTITUN STREET AJAKA SAGAMU Shagamu Ogun State,,"=""22261623""","=""5695183""","=""1606069""",Personal fixed term loan,2020-02-15 00:00:00,1500.00,0.00,,0.00,1720.00,NGN,0,Closed,2020-03-02 00:00:00,Performing
EMMANUEL OKEOWO,"=""22490415892""",NO 22 IDOTITUN STREET AJAKA SAGAMU Shagamu Ogun State,,"=""22261623""","=""5695183""","=""427629362""",Personal fixed term loan,2020-02-15 00:00:00,1500.00,0.00,,0.00,1720.00,NGN,0,Closed,2020-03-02 00:00:00,Performing
DAYO OYEJUNLE,,TIPPER GARAGE,,"=""22262474""","=""4280632""","=""2120278693""",Personal fixed term loan,2019-12-28 00:00:00,5000.00,0.00,,0.00,5750.00,NGN,0,Closed,2020-01-13 00:00:00,Performing
KAMORDEEN ELESINMETA,,No 27 olukemi street soccer oyo Ibadan,,"=""22264295""","=""2244481""","=""763795""",Personal fixed term loan,2019-10-03 00:00:00,15000.00,0.00,,0.00,19500.00,NGN,0,Closed,2019-11-04 00:00:00,Performing
damilola fakiyesi,,125 a apapa road ebute metta west Lagos Mainland Lagos Sta,,"=""22264614""","=""1346113""","=""2070667916""",Personal fixed term loan,2020-01-16 00:00:00,2500.00,0.00,,0.00,3120.00,NGN,0,Closed,2020-02-17 00:00:00,Performing
ADENIYI MAKINDE,"=""22351864142""",2 iyemoja st mafoluku oshodi,,"=""22265967""","=""1533058""","=""69356510""",Personal fixed term loan,2019-10-01 00:00:00,7500.00,0.00,,0.00,9150.00,NGN,0,Closed,2019-10-31 00:00:00,Performing
ADENIYI MAKINDE,"=""22351864142""",2 iyemoja st mafoluku oshodi,,"=""22265967""","=""1533058""","=""714940""",Personal fixed term loan,2019-09-25 00:00:00,7500.00,0.00,,0.00,8620.00,NGN,0,Closed,2019-10-10 00:00:00,Performing
ISA MARIAM,"=""22146468227""",11 AKINFENWA STREET IfakoIjaiye Lagos State,,"=""22255832""","=""6476256""","=""1856595""",Personal fixed term loan,2020-03-20 00:00:00,2500.00,0.00,,0.00,3250.00,NGN,0,Closed,2020-04-20 00:00:00,Performing
ISA MARIAM,"=""22146468227""",11 AKINFENWA STREET IfakoIjaiye Lagos State,,"=""22255832""","=""6476256""","=""243167639""",Personal fixed term loan,2020-03-20 00:00:00,2500.00,0.00,,0.00,3250.00,NGN,0,Closed,2020-04-20 00:00:00,Performing
ABDULRAZAQ UMAR,"=""22274854028""",NO 2 RIVER ROAD KWARU BADARAWA Kaduna North Kaduna State,,"=""22256031""","=""5900361""","=""1659912""",Personal fixed term loan,2020-02-22 00:00:00,1500.00,0.00,,0.00,1500.00,NGN,0,Closed,2020-03-09 00:00:00,Performing
HARMONY NICHOLAS,,10 OGAYEMI CLOSE IWAYAYABA IWAYA BSTOP IWAYAYABA LAGO,,"=""22258390""","=""1941102""","=""6553319429""",Personal fixed term loan,2019-09-27 00:00:00,5000.00,0.00,,0.00,5750.00,NGN,0,Closed,2019-10-14 00:00:00,Performing
HARMONY NICHOLAS,,10 OGAYEMI CLOSE IWAYAYABA IWAYA BSTOP IWAYAYABA LAGO,,"=""22258390""","=""1941102""","=""726198""",Personal fixed term loan,2019-09-27 00:00:00,5000.00,0.00,,0.00,5750.00,NGN,0,Closed,2019-10-14 00:00:00,Performing
ABIODUN OLATUNJI,"=""22243726202""",NO 2YEMETU BARRACKS OFF ADEOYO ROAD Ibadan North Oyo State,,"=""22259339""","=""7130038""","=""1958415""",Personal fixed term loan,2020-04-18 00:00:00,1500.00,0.00,,0.00,1720.00,NGN,0,Closed,2020-05-04 00:00:00,Performing
POSSIBLE MOSES,"=""22261639111""",A25 ITABALOGUN STREET AUGA AKOKO Akoko SouthEast Ondo Stat,,"=""22261412""","=""6054727""","=""1712755""",Personal fixed term loan,2020-02-29 00:00:00,2500.00,0.00,,0.00,2870.00,NGN,0,Closed,2020-03-16 00:00:00,Performing
POSSIBLE MOSES,"=""22261639111""",A25 ITABALOGUN STREET AUGA AKOKO Akoko SouthEast Ondo Stat,,"=""22261412""","=""6054727""","=""3074423562""",Personal fixed term loan,2020-03-08 00:00:00,5000.00,0.00,,0.00,6250.00,NGN,0,Closed,2020-04-07 00:00:00,Performing
ANTHONY OTENE,"=""22493106436""",A14 VILLA SUITE MAKURDI BSU SECOND GATE MAKU,,"=""22263119""","=""3264625""","=""428272624""",Personal fixed term loan,2019-12-14 00:00:00,5000.00,0.00,,0.00,6250.00,NGN,0,Closed,2020-01-13 00:00:00,Performing
ESTHER OKAFOR,"=""22145699178""",17 ANDOYIN STREET OFF MAJARO ONIKE YABA Lagos Mainland Lag,,"=""22263184""","=""5580952""","=""1748470""",Personal fixed term loan,2020-03-05 00:00:00,20000.00,0.00,,0.00,25000.00,NGN,0,Closed,2020-04-06 00:00:00,Performing
MUSILIU MUSTAFA,,42 JOSEPH STREETLAGOS ISLAND Lagos Island Lagos State,,"=""22265292""","=""5243197""","=""3012242388""",Personal fixed term loan,2020-03-05 00:00:00,2500.00,0.00,,0.00,2870.00,NGN,0,Closed,2020-03-20 00:00:00,Performing
VICTOR DANLADI,"=""22535736807""",NYANYA GWANDARA Karu Nasarawa State,,"=""22265491""","=""6152590""","=""1752092""",Personal fixed term loan,2020-03-05 00:00:00,1500.00,0.00,,0.00,1950.00,NGN,0,Closed,2020-04-06 00:00:00,Performing
OJO AIYEJINO,,NO 1 ALODE FARM OPPOSITE EMILLY PRIMARY SCHOOL ALODE Eleme,,"=""22266677""","=""6144514""","=""1754880""",Personal fixed term loan,2020-03-06 00:00:00,2500.00,0.00,,0.00,2870.00,NGN,0,Closed,2020-03-23 00:00:00,Performing
OJO AIYEJINO,,NO 1 ALODE FARM OPPOSITE EMILLY PRIMARY SCHOOL ALODE Eleme,,"=""22266677""","=""6144514""","=""1874732""",Personal fixed term loan,2020-03-24 00:00:00,2500.00,0.00,,0.00,3120.00,NGN,0,Closed,2020-04-23 00:00:00,Performing
OJO AIYEJINO,,NO 1 ALODE FARM OPPOSITE EMILLY PRIMARY SCHOOL ALODE Eleme,,"=""22266677""","=""6144514""","=""2017312213""",Personal fixed term loan,2020-03-24 00:00:00,2500.00,0.00,,0.00,3120.00,NGN,0,Closed,2020-04-23 00:00:00,Performing
EMEKA UZOAMAKA,"=""22383770035""",NO 33 ELEM T STREET RUKPOKWU BY AIR PORT ROAD PHC ObioAkpo,,"=""22266678""","=""7071142""","=""1953083""",Personal fixed term loan,2020-04-17 00:00:00,1500.00,0.00,,0.00,1950.00,NGN,0,Closed,2020-05-18 00:00:00,Performing
MOSES ODUNAYO,,NO 37 IDEMO STREET IKOLE EKITI Ikole Ekiti State,,"=""22256757""","=""557172""","=""10613789""",Personal fixed term loan,2023-06-16 00:00:00,5000.00,0.00,,0.00,6500.00,NGN,0,Closed,2023-07-16 00:00:00,Performing
VICTORY OKOLI,"=""22445613043""",29 SHEM JOSHUA STREET ABULE OSHUN Ojo Lagos State,,"=""22257427""","=""5997087""","=""1699217""",Personal fixed term loan,2020-02-28 00:00:00,2500.00,0.00,,0.00,3250.00,NGN,0,Closed,2020-03-30 00:00:00,Performing
CHIDIMMA LAWRENCE,"=""22441022476""",CUSTOM ROAD BY EXPRESS YENAGOA  Yenagoa Bayelsa State,,"=""22257478""","=""6651750""","=""1905356""",Personal fixed term loan,2020-03-29 00:00:00,2500.00,0.00,,0.00,3250.00,NGN,0,Closed,2020-04-28 00:00:00,Performing
HAUWA SAIDU,"=""22427059197""",NO 1 SARKI PAWA ROAD DANBUSHIYA Kaduna North Kaduna State,,"=""22257529""","=""6576777""","=""1885533""",Personal fixed term loan,2020-03-25 00:00:00,2500.00,0.00,,0.00,2870.00,NGN,0,Closed,2020-04-09 00:00:00,Performing
YISAU ADEGBOYEGA,"=""22333298301""",S6792 OWODE ACADEMY AREA IBADAN Ibadan SouthEast Oyo State,,"=""22259301""","=""4112584""","=""2178249364""",Personal fixed term loan,2020-02-03 00:00:00,10000.00,0.00,,0.00,13000.00,NGN,0,Closed,2020-03-04 00:00:00,Performing
VICTOR OKANLAWON,"=""22518586591""",3 JIMOH ODEYALE STREET IFO Ifo Ogun State,,"=""22261422""","=""5693140""","=""2218858284""",Personal fixed term loan,2020-02-13 00:00:00,2500.00,0.00,,0.00,3250.00,NGN,0,Closed,2020-03-16 00:00:00,Performing
abubakar salisu,,UNGUWA UKU LAYIN ISA DAGWAJE Tarauni Kano State,,"=""22261571""","=""6112240""","=""1735648""",Personal fixed term loan,2020-03-03 00:00:00,2500.00,0.00,,0.00,2870.00,NGN,0,Closed,2020-03-18 00:00:00,Performing
ISMAIL JIMOH,"=""22471191508""",11 OLAKOTAN STREET ABEBI OSI AdoOdoOta Ogun State,,"=""22261622""","=""5255563""","=""1691560""",Personal fixed term loan,2020-02-27 00:00:00,1500.00,0.00,,0.00,1720.00,NGN,0,Closed,2020-03-13 00:00:00,Performing
MUKHTAR OLAGOKE,"=""22366266810""",92A ILE OWOBOKO OBA AKINJOLE WAY OFF Ejigbo Osun State,,"=""22263143""","=""5791717""","=""1926145""",Personal fixed term loan,2020-04-07 00:00:00,10000.00,0.00,,0.00,13000.00,NGN,0,Closed,2020-05-07 00:00:00,Performing
MOHAMMED BALOGUN,"=""22267286399""",CBQ 47 FLAT 35 IKEJA CANTONMENTLAGOS Ikeja Lagos State,,"=""22266068""","=""6051070""","=""6020383323""",Personal fixed term loan,2020-03-05 00:00:00,2500.00,0.00,,0.00,3250.00,NGN,0,Closed,2020-04-06 00:00:00,Performing
HAPPINESS FELIX,"=""22402467991""",ROAD 4 ELIMINIGWE HOUSING ESTATE RS  Eleme Rivers State,,"=""22266687""","=""6319006""","=""1811265""",Personal fixed term loan,2020-03-13 00:00:00,10000.00,0.00,,0.00,13000.00,NGN,0,Closed,2020-04-14 00:00:00,Performing
FATAI BAKARE,"=""22214305403""",BACK OF CO OIL SSTSTION IWO ROAD IBADAN Ibadan NorthEast O,,"=""22268040""","=""6801596""","=""2791603016""",Personal fixed term loan,2020-04-07 00:00:00,2500.00,0.00,,0.00,2870.00,NGN,0,Closed,2020-04-22 00:00:00,Performing
ABIODUN MAKINDE,,3 UNITY STREET AJUWON BSTOP AKUTE Ifo Ogun State,,"=""22268259""","=""5566817""","=""1617385""",Personal fixed term loan,2020-02-17 00:00:00,2500.00,0.00,,0.00,2870.00,NGN,0,Closed,2020-03-03 00:00:00,Performing
ABIODUN MAKINDE,,3 UNITY STREET AJUWON BSTOP AKUTE Ifo Ogun State,,"=""22268259""","=""5566817""","=""168329754""",Personal fixed term loan,2020-02-17 00:00:00,2500.00,0.00,,0.00,2870.00,NGN,0,Closed,2020-03-03 00:00:00,Performing
DORCAS ELUTILO,,ZONE 5 IFE CITY ILEIFE OSUN Ondo West Ondo State,,"=""22268440""","=""3027050""","=""219579255""",Personal fixed term loan,2019-12-15 00:00:00,2500.00,0.00,,0.00,3250.00,NGN,0,Closed,2020-01-14 00:00:00,Performing
USMAN BADMUS,"=""22527188063""",Ajegunle,,"=""22268640""","=""2510033""","=""2130482426""",Personal fixed term loan,2019-10-26 00:00:00,1500.00,0.00,,0.00,1720.00,NGN,0,Closed,2019-11-11 00:00:00,Performing
abdulrafiu abdulsalam,,NO 79 Agegelagos,,"=""22255553""","=""930576""","=""117753""",Personal fixed term loan,2019-02-28 00:00:00,30000.00,0.00,,0.00,39000.00,NGN,0,Closed,2019-04-01 00:00:00,Performing
abdulrafiu abdulsalam,,NO 79 Agegelagos,,"=""22255553""","=""930576""","=""2088648101""",Personal fixed term loan,2019-02-28 00:00:00,30000.00,0.00,,0.00,39000.00,NGN,0,Closed,2019-04-01 00:00:00,Performing
RICHARD OGOLOMA,"=""22319811315""",37 OGOLOMA STR OROWOROKWO PH Port Harcourt Rivers State,,"=""22257482""","=""4151958""","=""6010044714""",Personal fixed term loan,2019-12-13 00:00:00,1500.00,0.00,,0.00,1950.00,NGN,0,Closed,2020-01-13 00:00:00,Performing
RUTH ADEOTI,,Gimbiya Street Garki,,"=""22258818""","=""1686003""","=""533785""",Personal fixed term loan,2019-08-25 00:00:00,10000.00,0.00,,0.00,13000.00,NGN,0,Closed,2019-09-24 00:00:00,Performing
BEST EZIAMADI,,Apkodim ezinihitte mbaise,,"=""22259268""","=""2440870""","=""995098""",Personal fixed term loan,2019-11-12 00:00:00,7500.00,0.00,,0.00,9370.00,NGN,0,Closed,2019-12-12 00:00:00,Performing
ADEMOLA ADEGOKE,"=""22444465061""",NO 1 UNITY IYANA TIPPER STREET EWUOLOJA LIKOSI SAGAMU OGUN,,"=""22259297""","=""1529149""","=""5748182015""",Personal fixed term loan,2019-11-12 00:00:00,1500.00,0.00,,0.00,1870.00,NGN,0,Closed,2019-12-12 00:00:00,Performing
BABATUNDE AZEEZ,"=""22451651000""",22 alabata street bakery bstop egbeda lagos Alimosho Lagos,,"=""22259347""","=""6071632""","=""1769841""",Personal fixed term loan,2020-03-07 00:00:00,2500.00,0.00,,0.00,2870.00,NGN,0,Closed,2020-03-23 00:00:00,Performing
NURADDEEN ISAH,"=""22493992503""",ZAWACHIKI HOUSING ESTATE NO 256,,"=""22261626""","=""6585481""","=""1931185""",Personal fixed term loan,2020-04-11 00:00:00,1500.00,0.00,,0.00,1720.00,NGN,0,Closed,2020-04-27 00:00:00,Performing
BEKEWEI MAYE,"=""22158472313""",23 NIKATSEKPE ST OFF NEBURAGHO OFF MCPHERSON,,"=""22263198""","=""6441556""","=""1846724""",Personal fixed term loan,2020-03-19 00:00:00,2500.00,0.00,,0.00,3250.00,NGN,0,Closed,2020-04-20 00:00:00,Performing
OPE MACAULAY,"=""22194407603""",24 FATUSI STRT AJIGBO OshodiIsolo Lagos State,,"=""22264291""","=""6628180""","=""1905111""",Personal fixed term loan,2020-03-29 00:00:00,2500.00,0.00,,0.00,3250.00,NGN,0,Closed,2020-04-28 00:00:00,Performing
OPE MACAULAY,"=""22194407603""",24 FATUSI STRT AJIGBO OshodiIsolo Lagos State,,"=""22264291""","=""6628180""","=""2065723447""",Personal fixed term loan,2020-03-29 00:00:00,2500.00,0.00,,0.00,3250.00,NGN,0,Closed,2020-04-28 00:00:00,Performing
MICHEAL AJANAKU,"=""22335206498""",1 adanitan close ojokoro Alimosho Lagos State,,"=""22264641""","=""6156370""","=""1869610""",Personal fixed term loan,2020-03-23 00:00:00,2500.00,0.00,,0.00,3250.00,NGN,0,Closed,2020-04-22 00:00:00,Performing
SAMUEL OGUNYEMI,"=""22375700703""",NO 17 EVOR ROAD GRA PHSE 1 PHC Port Harcourt Rivers State,,"=""22265956""","=""3828073""","=""120444754""",Personal fixed term loan,2020-02-19 00:00:00,1500.00,0.00,,0.00,1720.00,NGN,0,Closed,2020-03-05 00:00:00,Performing
IMIRANA BASHIR,"=""22187749530""",ZARIA ROAD SOBA Soba Kaduna State,,"=""22266013""","=""7019437""","=""14183947""",Personal fixed term loan,2020-06-10 00:00:00,5000.00,0.00,,0.00,6250.00,NGN,0,Closed,2020-07-10 00:00:00,Performing
IMIRANA BASHIR,"=""22187749530""",ZARIA ROAD SOBA Soba Kaduna State,,"=""22266013""","=""7019437""","=""2055147""",Personal fixed term loan,2020-06-10 00:00:00,5000.00,0.00,,0.00,6250.00,NGN,0,Closed,2020-07-10 00:00:00,Performing
SUNDAY OZEMOYA OKOROH,,19 MAGGI ATINUKE STREET OFF OLUSAIBU BS ABARANJEIKOTUN Ali,,"=""22266063""","=""1409842""","=""131429805""",Personal fixed term loan,2019-09-06 00:00:00,2500.00,0.00,,0.00,3120.00,NGN,0,Closed,2019-10-07 00:00:00,Performing
GODSWILL IDIEGE,,6 GRACE EDET EYO Calabar Municipal Cross River State,,"=""22266649""","=""2190199""","=""3109279263""",Personal fixed term loan,2019-10-21 00:00:00,5000.00,0.00,,0.00,6250.00,NGN,0,Closed,2019-11-20 00:00:00,Performing
ABBA AHMAD,"=""22590036681""",NO 232 KUNTAU BABA SADDAU GWALE LOCAL GOVERNMENT AREAKANO,,"=""22260795""","=""10412740""","=""2171845347""",Personal fixed term loan,2020-12-19 00:00:00,5000.00,0.00,,0.00,6000.00,NGN,0,Closed,2021-01-04 00:00:00,Performing
babatunde ashofor,"=""22193740776""",ufodo qtrs ibillo AkokoEdo Edo State,,"=""22260860""","=""6809641""","=""1939886""",Personal fixed term loan,2020-04-14 00:00:00,2500.00,0.00,,0.00,3250.00,NGN,0,Closed,2020-05-14 00:00:00,Performing
babatunde ashofor,"=""22193740776""",ufodo qtrs ibillo AkokoEdo Edo State,,"=""22260860""","=""6809641""","=""2042340089""",Personal fixed term loan,2020-04-14 00:00:00,2500.00,0.00,,0.00,3250.00,NGN,0,Closed,2020-05-14 00:00:00,Performing
NDUBUISI AKAGHA,"=""22169649102""",3 OGBODU STREET RUKPOKWU ObioAkpor Rivers State,,"=""22260863""","=""1534345""","=""3040897005""",Personal fixed term loan,2019-12-10 00:00:00,15000.00,0.00,,0.00,18750.00,NGN,0,Closed,2020-01-09 00:00:00,Performing
IDRIS OPEYEMI,"=""22530629685""",25OD IFE RD SAW MILL IBADAN Egbeda Oyo State,,"=""22260910""","=""5281588""","=""2131869138""",Personal fixed term loan,2020-03-05 00:00:00,5000.00,0.00,,0.00,6250.00,NGN,0,Closed,2020-04-06 00:00:00,Performing
Emmanuel Umoren,"=""22205616422""",16 AKWARANDU OFF IKOT EKEPENE ROAD OGBOR HILL ABA  Aba Nor,,"=""22261446""","=""5196919""","=""124663212""",Personal fixed term loan,2020-01-23 00:00:00,2500.00,0.00,,0.00,3250.00,NGN,0,Closed,2020-02-24 00:00:00,Performing
MARY GODWIN,"=""22502155497""",18 AKPAJO JAKA BUS STOP ELEME Port Harcourt Rivers State,,"=""22263203""","=""5975947""","=""1699342""",Personal fixed term loan,2020-02-28 00:00:00,2500.00,0.00,,0.00,3250.00,NGN,0,Closed,2020-03-30 00:00:00,Performing
REMIGIUS ARUSIUKA,"=""22367396118""",EZIOHA AMAGU ORU EAST Oru East Imo State,,"=""22264003""","=""9443896""","=""8109321870""",Personal fixed term loan,2020-12-09 00:00:00,5000.00,0.00,,0.00,6000.00,NGN,0,Closed,2020-12-24 00:00:00,Performing
TOHEEB JELILI,"=""22489160525""",1 ADEYEMO STREET OFF MILE 2 B STOP KIRIKIRI TOWN Lagos Sta,,"=""22267998""","=""5690852""","=""104709406""",Personal fixed term loan,2020-02-19 00:00:00,5000.00,0.00,,0.00,6250.00,NGN,0,Closed,2020-03-20 00:00:00,Performing
TOHEEB JELILI,"=""22489160525""",1 ADEYEMO STREET OFF MILE 2 B STOP KIRIKIRI TOWN Lagos Sta,,"=""22267998""","=""5690852""","=""1633302""",Personal fixed term loan,2020-02-19 00:00:00,5000.00,0.00,,0.00,6250.00,NGN,0,Closed,2020-03-20 00:00:00,Performing
JUDITH EHOHON,,99 OHEN STREET OFF GUOBADIA  BENIN CITY Oredo Edo State,,"=""22268097""","=""643346""","=""1149520""",Personal fixed term loan,2019-12-06 00:00:00,5000.00,0.00,,0.00,6100.00,NGN,0,Closed,2020-01-06 00:00:00,Performing
JUDITH EHOHON,,99 OHEN STREET OFF GUOBADIA  BENIN CITY Oredo Edo State,,"=""22268097""","=""643346""","=""1778662""",Personal fixed term loan,2020-03-09 00:00:00,5000.00,0.00,,0.00,6100.00,NGN,0,Closed,2020-04-08 00:00:00,Performing
ADEOLA ADETOSHO,,P83C479 Ladele Obadiji Street 112105 Ijoko Ogun State Nige,,"=""22268351""","=""3788423""","=""777230989""",Personal fixed term loan,2019-12-07 00:00:00,1500.00,0.00,,0.00,1950.00,NGN,0,Closed,2020-01-06 00:00:00,Performing
SAMSON AKINBAYO,"=""22408568157""",D A 11 ANAYE STREET IPETU IJESA Oriade Osun State,,"=""22268398""","=""6419354""","=""1840321""",Personal fixed term loan,2020-03-18 00:00:00,2500.00,0.00,,0.00,3250.00,NGN,0,Closed,2020-04-17 00:00:00,Performing
SAMSON AKINBAYO,"=""22408568157""",D A 11 ANAYE STREET IPETU IJESA Oriade Osun State,,"=""22268398""","=""6419354""","=""3109544785""",Personal fixed term loan,2020-03-18 00:00:00,2500.00,0.00,,0.00,3250.00,NGN,0,Closed,2020-04-17 00:00:00,Performing
Zakariyau Atoyebi,,Alalas compound Oba Ile Olorunda Osun State,,"=""22268416""","=""6602828""","=""1904950""",Personal fixed term loan,2020-03-29 00:00:00,2500.00,0.00,,0.00,3250.00,NGN,0,Closed,2020-04-28 00:00:00,Performing
KAYODE EGBEOLA,"=""22233434209""",15 BANJO STREET TEJUOSHO Surulere Lagos State Lagos State,,"=""22251100""","=""3891681""","=""3060642027""",Personal fixed term loan,2020-02-01 00:00:00,5000.00,0.00,,0.00,5750.00,NGN,0,Closed,2020-02-17 00:00:00,Performing
MUSTAPHA JIMOH,"=""22545532789""",12 WILLIAM AWODEHIN DRIVE GRA Ikeja Lagos State,,"=""22251853""","=""6376140""","=""1943124""",Personal fixed term loan,2020-04-15 00:00:00,2500.00,0.00,,0.00,2870.00,NGN,0,Closed,2020-04-30 00:00:00,Performing
MUSTAPHA JIMOH,"=""22545532789""",12 WILLIAM AWODEHIN DRIVE GRA Ikeja Lagos State,,"=""22251853""","=""6376140""","=""2265084775""",Personal fixed term loan,2020-04-15 00:00:00,2500.00,0.00,,0.00,2870.00,NGN,0,Closed,2020-04-30 00:00:00,Performing
AHMED SHUAIBU,"=""22347168030""",LOKONGOMA PHASE 2 LOKOJA,,"=""22252086""","=""5195280""","=""10556467""",Personal fixed term loan,2023-06-10 00:00:00,5000.00,0.00,,0.00,6000.00,NGN,0,Closed,2023-06-25 00:00:00,Performing
ANNA AGGI,"=""22383583833""",25 ALICE TINUBU STREET ORILE LAGOS AjeromiIfelodun Lagos S,,"=""22255830""","=""6250170""","=""161387629""",Personal fixed term loan,2020-03-14 00:00:00,1500.00,0.00,,0.00,1950.00,NGN,0,Closed,2020-04-14 00:00:00,Performing
ANNA AGGI,"=""22383583833""",25 ALICE TINUBU STREET ORILE LAGOS AjeromiIfelodun Lagos S,,"=""22255830""","=""6250170""","=""1819541""",Personal fixed term loan,2020-03-14 00:00:00,1500.00,0.00,,0.00,1950.00,NGN,0,Closed,2020-04-14 00:00:00,Performing
TUMININU ADENUGA,"=""22350599911""",1ST AVE FHA LUGEB ABUJA Municipal Area Council FCT,,"=""22258805""","=""6355710""","=""1821919""",Personal fixed term loan,2020-03-15 00:00:00,5000.00,0.00,,0.00,5750.00,NGN,0,Closed,2020-03-30 00:00:00,Performing
IDOWU ADENIYI,"=""22158009748""",OLOGEDE SUPERMARKETODA RDAKURE Akure South Ondo State,,"=""22261396""","=""5376790""","=""1710655""",Personal fixed term loan,2020-02-29 00:00:00,10000.00,0.00,,0.00,13000.00,NGN,0,Closed,2020-03-30 00:00:00,Performing
IDOWU ADENIYI,"=""22158009748""",OLOGEDE SUPERMARKETODA RDAKURE Akure South Ondo State,,"=""22261396""","=""5376790""","=""2026915267""",Personal fixed term loan,2020-02-29 00:00:00,10000.00,0.00,,0.00,13000.00,NGN,0,Closed,2020-03-30 00:00:00,Performing
OLAMIDE IDRIS,"=""22295271466""",16 SURULERE STREET OKE ARO AKURE Akure South Ondo State,,"=""22263200""","=""6835993""","=""1928205""",Personal fixed term loan,2020-04-09 00:00:00,2500.00,0.00,,0.00,3250.00,NGN,0,Closed,2020-05-11 00:00:00,Performing
OLAMIDE IDRIS,"=""22295271466""",16 SURULERE STREET OKE ARO AKURE Akure South Ondo State,,"=""22263200""","=""6835993""","=""2109148241""",Personal fixed term loan,2020-04-09 00:00:00,2500.00,0.00,,0.00,3250.00,NGN,0,Closed,2020-05-11 00:00:00,Performing
LEONARD APEH,"=""22390115878""",24 SALEM HOSPETAL Oturkpo Benue State,,"=""22263318""","=""6692008""","=""1934343""",Personal fixed term loan,2020-04-12 00:00:00,7500.00,0.00,,0.00,8620.00,NGN,0,Closed,2020-04-27 00:00:00,Performing
YETUNDE OGUNSOLA,"=""22216974766""",2 BUSOLA OLAYIWOLA STREET OBAWOLE IfakoIjaiye Lagos State,,"=""22264889""","=""6815167""","=""1927203""",Personal fixed term loan,2020-04-08 00:00:00,2500.00,0.00,,0.00,2870.00,NGN,0,Closed,2020-04-23 00:00:00,Performing
YETUNDE OGUNSOLA,"=""22216974766""",2 BUSOLA OLAYIWOLA STREET OBAWOLE IfakoIjaiye Lagos State,,"=""22264889""","=""6815167""","=""46778518""",Personal fixed term loan,2020-04-08 00:00:00,2500.00,0.00,,0.00,2870.00,NGN,0,Closed,2020-04-23 00:00:00,Performing
AKINKUNMI ADENIYI,"=""22237717955""",590 ATERE I LAYOUTOMI ADIO AMULUDUN AREA Ido Oyo State,,"=""22265025""","=""5288806""","=""170162277""",Personal fixed term loan,2020-03-11 00:00:00,7500.00,0.00,,0.00,9370.00,NGN,0,Closed,2020-04-14 00:00:00,Performing
AFOKE OSIOH,"=""22323432049""",Nigeria,,"=""22258650""","=""6340275""","=""10552737""",Personal fixed term loan,2023-06-10 00:00:00,5000.00,0.00,,0.00,6500.00,NGN,0,Closed,2023-07-25 00:00:00,Performing
MUHAMMAD SALEH,"=""22503199672""",GANDU ALBASA Kano Municipal Kano State,,"=""22261701""","=""10222609""","=""101058530""",Personal fixed term loan,2020-12-15 00:00:00,5000.00,0.00,,0.00,6000.00,NGN,0,Closed,2020-12-30 00:00:00,Performing
VICTORIA AKINLOYE,,14 OLUSESI STREET ISAGA LAGOS STATE Lagos Island Lagos Sta,,"=""22264259""","=""3031666""","=""2118344074""",Personal fixed term loan,2019-11-10 00:00:00,2500.00,0.00,,0.00,3250.00,NGN,0,Closed,2019-12-10 00:00:00,Performing
AYOOLA JAGUNNA,,19 car wash ikorodu,,"=""22264566""","=""1604311""","=""490017""",Personal fixed term loan,2019-08-15 00:00:00,1500.00,0.00,,0.00,1950.00,NGN,0,Closed,2019-09-16 00:00:00,Performing
HAPPINESS UGWUZOR,"=""22358287078""",12 WILLIAM STREET EBUTRE IGA IKORODU Ikorodu Lagos State,,"=""22266045""","=""6694477""","=""1915054""",Personal fixed term loan,2020-03-31 00:00:00,2500.00,0.00,,0.00,3250.00,NGN,0,Closed,2020-04-30 00:00:00,Performing
HAPPINESS UGWUZOR,"=""22358287078""",12 WILLIAM STREET EBUTRE IGA IKORODU Ikorodu Lagos State,,"=""22266045""","=""6694477""","=""3072007405""",Personal fixed term loan,2020-03-31 00:00:00,2500.00,0.00,,0.00,3250.00,NGN,0,Closed,2020-04-30 00:00:00,Performing
UCHENNA EKELEME,"=""22334250111""",ORO AMUNE OVIM ISUIKWUATO ABIA STATE,,"=""22267510""","=""6052906""","=""1711596""",Personal fixed term loan,2020-02-29 00:00:00,2500.00,0.00,,0.00,2870.00,NGN,0,Closed,2020-03-16 00:00:00,Performing
ADEBAYO REIS,"=""22353770984""",QUATERS 924 AROMOLARAN AREA OLD IFE RD IBADAN Ibadan North,,"=""22268003""","=""6248345""","=""1671013822""",Personal fixed term loan,2020-04-14 00:00:00,7500.00,0.00,,0.00,9750.00,NGN,0,Closed,2020-05-14 00:00:00,Performing
OLANIYI OGUNJOBI,"=""22228700681""",10 OLUWALOGBON QUARTERS APATA IBADAN Ibadan SouthWest Oyo,,"=""22268017""","=""5821487""","=""1643636""",Personal fixed term loan,2020-02-20 00:00:00,2500.00,0.00,,0.00,2500.00,NGN,0,Closed,2020-03-06 00:00:00,Performing
OLANIYI OGUNJOBI,"=""22228700681""",10 OLUWALOGBON QUARTERS APATA IBADAN Ibadan SouthWest Oyo,,"=""22268017""","=""5821487""","=""1796039""",Personal fixed term loan,2020-03-11 00:00:00,5000.00,0.00,,0.00,5750.00,NGN,0,Closed,2020-03-26 00:00:00,Performing
ANTHONY AWUJOOLA,"=""22498468746""",13 ELEYELE STR ILE IFE Ife East Osun State,,"=""22268110""","=""6192353""","=""1766326""",Personal fixed term loan,2020-03-07 00:00:00,2500.00,0.00,,0.00,3250.00,NGN,0,Closed,2020-04-06 00:00:00,Performing
ISMAIL BABATUNDE,"=""22505318194""",IBADAN Ido Oyo State,,"=""22268296""","=""7074986""","=""1947054""",Personal fixed term loan,2020-04-16 00:00:00,1500.00,0.00,,0.00,1720.00,NGN,0,Closed,2020-05-04 00:00:00,Performing
YUSUF RAHEEM,"=""22484301611""",NO5 ALALUBOSA MARABAILORIN Ilorin South Kwara State,,"=""22268496""","=""5465051""","=""2112103868""",Personal fixed term loan,2020-02-04 00:00:00,1500.00,0.00,,0.00,1720.00,NGN,0,Closed,2020-02-19 00:00:00,Performing
JOY KAYODE,"=""22265385254""",3 FALODUN STR OSHINLE AKURE Akure South Ondo State,,"=""22268510""","=""7297109""","=""2580781""",Personal fixed term loan,2020-10-11 00:00:00,5000.00,0.00,,0.00,6000.00,NGN,0,Closed,2020-10-26 00:00:00,Performing
SHARAFADEEN BASHIRU,,Ikorodu,,"=""22268589""","=""2833730""","=""5895703011""",Personal fixed term loan,2019-10-25 00:00:00,2500.00,0.00,,0.00,3250.00,NGN,0,Closed,2019-11-25 00:00:00,Performing
VICTORIA ALLI,,4 OGABI STREET OLUWA ILOGBO EREMI Badagry Lagos State,,"=""22268603""","=""1557296""","=""2177427004""",Personal fixed term loan,2019-08-15 00:00:00,12000.00,0.00,,0.00,15000.00,NGN,0,Closed,2019-09-16 00:00:00,Performing
MOSUNMOLA HAMZAT,"=""22445436064""",NO 11IDI ORO STREET AWORAWO OJOO IBADAN Akinyele Oyo State,,"=""22259673""","=""1547554""","=""3181342027""",Personal fixed term loan,2019-10-22 00:00:00,15000.00,0.00,,0.00,18300.00,NGN,0,Open,2019-11-21 00:00:00,Performing
WASIU AKIBU,,Pasta compoundokebalogunoyo,,"=""22259678""","=""2461813""","=""815676""",Personal fixed term loan,2019-10-11 00:00:00,1500.00,0.00,,0.00,1950.00,NGN,0,Closed,2019-11-11 00:00:00,Performing
PETER OSAMWONYI,"=""22168486423""",7 ADUWEI STREET OFF UWELU QTRS  Egor Edo State,,"=""22260180""","=""8078944""","=""10739851""",Personal fixed term loan,2023-06-29 00:00:00,5000.00,0.00,,0.00,6500.00,NGN,0,Closed,2023-07-29 00:00:00,Performing
babayemi emmanuel,"=""22514617510""",5788H83 212102 Ogbomosho Nigeria,,"=""22261450""","=""6026476""","=""1740907""",Personal fixed term loan,2020-03-04 00:00:00,5000.00,0.00,,0.00,6250.00,NGN,0,Closed,2020-04-03 00:00:00,Performing
CHINENYE NKEMEGBUNAM,,Akpugo iwollo,,"=""22263315""","=""2662834""","=""1150006033""",Personal fixed term loan,2019-10-24 00:00:00,2500.00,0.00,,0.00,2870.00,NGN,0,Closed,2019-11-08 00:00:00,Performing
CHINENYE NKEMEGBUNAM,,Akpugo iwollo,,"=""22263315""","=""2662834""","=""887034""",Personal fixed term loan,2019-10-24 00:00:00,2500.00,0.00,,0.00,2870.00,NGN,0,Closed,2019-11-08 00:00:00,Performing
NGUSEER MTEM,"=""22321621827""",Owners occupier makurdi benue state,,"=""22264017""","=""1614511""","=""4821039174""",Personal fixed term loan,2019-10-02 00:00:00,15000.00,0.00,,0.00,18750.00,NGN,0,Closed,2019-11-01 00:00:00,Performing
NGUSEER MTEM,"=""22321621827""",Owners occupier makurdi benue state,,"=""22264017""","=""1614511""","=""754378""",Personal fixed term loan,2019-10-02 00:00:00,15000.00,0.00,,0.00,18750.00,NGN,0,Closed,2019-11-01 00:00:00,Performing
BOLAJI OLADIPUPO,"=""22340183102""",5 OLUWOLE FAGBOTE EWUPE TOWN Ewekoro Ogun State,,"=""22264324""","=""6130789""","=""1877723""",Personal fixed term loan,2020-03-24 00:00:00,5000.00,0.00,,0.00,5750.00,NGN,0,Closed,2020-04-08 00:00:00,Performing
BOLAJI OLADIPUPO,"=""22340183102""",5 OLUWOLE FAGBOTE EWUPE TOWN Ewekoro Ogun State,,"=""22264324""","=""6130789""","=""3070576408""",Personal fixed term loan,2020-03-24 00:00:00,5000.00,0.00,,0.00,5750.00,NGN,0,Closed,2020-04-08 00:00:00,Performing
YUSUF BALOGUN,,5 adekunle lane off orile road,"=""2347061340314""","=""22264617""","=""1486687""","=""4547537017""",Personal fixed term loan,2020-03-06 00:00:00,1500.00,0.00,,0.00,1830.00,NGN,0,Closed,2020-04-06 00:00:00,Performing
MICHAEL OHALETE,"=""22198934378""",27a mutiru onibanjo surulere lagos,,"=""22265017""","=""1630312""","=""2076450583""",Personal fixed term loan,2019-08-25 00:00:00,1500.00,0.00,,0.00,1950.00,NGN,0,Closed,2019-09-24 00:00:00,Performing
MICHAEL OHALETE,"=""22198934378""",27a mutiru onibanjo surulere lagos,,"=""22265017""","=""1630312""","=""532602""",Personal fixed term loan,2019-08-25 00:00:00,1500.00,0.00,,0.00,1950.00,NGN,0,Closed,2019-09-24 00:00:00,Performing
christopher john,"=""22317913927""",NO 20 JAJI ROAD KADUNA Kaduna North Kaduna State,,"=""22265487""","=""5619553""","=""1735451""",Personal fixed term loan,2020-03-03 00:00:00,2500.00,0.00,,0.00,3120.00,NGN,0,Closed,2020-04-02 00:00:00,Performing
christopher john,"=""22317913927""",NO 20 JAJI ROAD KADUNA Kaduna North Kaduna State,,"=""22265487""","=""5619553""","=""2138709534""",Personal fixed term loan,2020-03-03 00:00:00,2500.00,0.00,,0.00,3120.00,NGN,0,Closed,2020-04-02 00:00:00,Performing
FARIDA JAMIU,"=""22345771557""",NO 01 NAIRA ROAD RIGASA KADUNA Igabi Kaduna State,,"=""22265496""","=""6255688""","=""140228864""",Personal fixed term loan,2020-03-10 00:00:00,5000.00,0.00,,0.00,6250.00,NGN,0,Closed,2020-04-09 00:00:00,Performing
FARIDA JAMIU,"=""22345771557""",NO 01 NAIRA ROAD RIGASA KADUNA Igabi Kaduna State,,"=""22265496""","=""6255688""","=""1789449""",Personal fixed term loan,2020-03-10 00:00:00,5000.00,0.00,,0.00,6250.00,NGN,0,Closed,2020-04-09 00:00:00,Performing
SAHEED OLADIMEJI,"=""22530602747""",No 3 Itohun street Agbovipe bus stop Zinvie Badagry,"=""08025484070""","=""22264034""","=""5876407""","=""1651552""",Personal fixed term loan,2020-02-21 00:00:00,1500.00,0.00,,0.00,1500.00,NGN,0,Closed,2020-03-23 00:00:00,Performing
SAHEED OLADIMEJI,"=""22530602747""",No 3 Itohun street Agbovipe bus stop Zinvie Badagry,"=""08025484070""","=""22264034""","=""5876407""","=""818360060""",Personal fixed term loan,2020-02-21 00:00:00,1500.00,0.00,,0.00,1500.00,NGN,0,Closed,2020-03-23 00:00:00,Performing
MONSURU IBRAHIM,,NO 1717 CHURCH STREET MAKOKO YABA,,"=""22264327""","=""2261911""","=""448542231""",Personal fixed term loan,2019-10-03 00:00:00,1500.00,0.00,,0.00,1720.00,NGN,0,Closed,2019-10-18 00:00:00,Performing
JOHN ACHAKA,"=""22258635674""",OFF ZATRIA ROAD BEHIND JETS FARIN GADA Jos North Plateau S,,"=""22266699""","=""2823805""","=""791123078""",Personal fixed term loan,2020-03-12 00:00:00,2500.00,0.00,,0.00,3250.00,NGN,0,Closed,2020-04-14 00:00:00,Performing
OLANREWAJU OLADIIPO,"=""22364702743""",NO 30 AGBON MARKET ONIGUGURU AREA IYANA CHURCH IBADAN Lage,,"=""22268042""","=""6814124""","=""30933210""",Personal fixed term loan,2020-04-08 00:00:00,2500.00,0.00,,0.00,2870.00,NGN,0,Closed,2020-04-23 00:00:00,Performing
OLUWATOSIN BELLO,"=""22462857538""",1 2ND CLOSE MERCYLAND ESTATE BENJAMIN STREET IBADAN OYO ST,,"=""22268071""","=""2955995""","=""264610239""",Personal fixed term loan,2020-10-03 00:00:00,20000.00,0.00,,0.00,23000.00,NGN,0,Closed,2020-10-19 00:00:00,Performing
MOHAMMED ABDULLAHI,"=""22493599272""",TW2ISAH USMAN HSEOPPOSIT E GTBANKTUNGA AREA Chanchaga Nige,,"=""22268121""","=""6203411""","=""1770055""",Personal fixed term loan,2020-03-07 00:00:00,1500.00,0.00,,0.00,1950.00,NGN,0,Closed,2020-04-06 00:00:00,Performing
ABDULLAHI YUSIF,,NO 51 LAYIN GIDAUNIYA BREAD DAWAKIN DAKATA,,"=""22268178""","=""3235259""","=""3127044948""",Personal fixed term loan,2019-11-10 00:00:00,1500.00,0.00,,0.00,1950.00,NGN,0,Closed,2019-12-10 00:00:00,Performing
DANIEL TAIWO,"=""22514631044""",SHIMAWA Obafemi Owode Ogun State,,"=""22268228""","=""3834098""","=""800406723""",Personal fixed term loan,2019-12-01 00:00:00,1500.00,0.00,,0.00,1950.00,NGN,0,Closed,2019-12-31 00:00:00,Performing
ISREAL EWEWU,"=""22210969364""",NO1 OKEIBUKUN STREET OFF FALANA KOLAREWIRE ONDO Ondo West,,"=""22268471""","=""6612839""","=""44033850""",Personal fixed term loan,2020-03-28 00:00:00,5000.00,0.00,,0.00,5750.00,NGN,0,Closed,2020-04-14 00:00:00,Performing
TOCHUKWU NNAMANI,"=""22250507326""",NO 31 AMAETITI STREET ABAKPA NIKE ENUGU Enugu East Enugu S,,"=""22268521""","=""6811262""","=""1926856""",Personal fixed term loan,2020-04-08 00:00:00,1500.00,0.00,,0.00,1950.00,NGN,0,Closed,2020-05-08 00:00:00,Performing
TOCHUKWU NNAMANI,"=""22250507326""",NO 31 AMAETITI STREET ABAKPA NIKE ENUGU Enugu East Enugu S,,"=""22268521""","=""6811262""","=""6617148015""",Personal fixed term loan,2020-04-08 00:00:00,1500.00,0.00,,0.00,1950.00,NGN,0,Closed,2020-05-08 00:00:00,Performing
GRACE AJAYIBEMBE,"=""22418663987""",11 ATANDA AKINREMI ORILE  Agege Lagos State,,"=""22268578""","=""5871293""","=""1789351""",Personal fixed term loan,2020-03-10 00:00:00,2500.00,0.00,,0.00,3250.00,NGN,0,Closed,2020-04-09 00:00:00,Performing
BLESSING ENIOLA,"=""22309862318""",17 ADAMSON STREETKETU Kosofe Lagos State,,"=""22268628""","=""5937131""","=""1869909""",Personal fixed term loan,2020-03-23 00:00:00,7500.00,0.00,,0.00,8620.00,NGN,0,Closed,2020-04-07 00:00:00,Performing
BLESSING ENIOLA,"=""22309862318""",17 ADAMSON STREETKETU Kosofe Lagos State,,"=""22268628""","=""5937131""","=""40838575""",Personal fixed term loan,2020-03-23 00:00:00,7500.00,0.00,,0.00,8620.00,NGN,0,Closed,2020-04-07 00:00:00,Performing
TESTIMONY FRANKLIN,"=""22603634273""",ACCESS BANK PLC PLOT 1665 OYIN JOLAYEMI STREET V ISLAND,,"=""22257597""","=""12919761""","=""4093413""",Personal fixed term loan,2021-07-03 00:00:00,5000.00,0.00,,0.00,5800.00,NGN,0,Closed,2021-07-19 00:00:00,Performing
DONALD ASOM,"=""22546507320""",INSIDE SABON GIDA MARKET KEFFI NASARAWA  Keffi Nasarawa St,,"=""22258374""","=""6423696""","=""2140622915""",Personal fixed term loan,2020-04-04 00:00:00,2500.00,0.00,,0.00,2870.00,NGN,0,Closed,2020-04-20 00:00:00,Performing
PETER ADEJUMOBI,,OLUKOLAS COMPOUND AKINMOORIN OYO Afijio Oyo State,,"=""22259312""","=""4135591""","=""2059933403""",Personal fixed term loan,2020-03-12 00:00:00,1500.00,0.00,,0.00,1870.00,NGN,0,Closed,2020-04-14 00:00:00,Performing
ABDULRAHAMAN SANNI,"=""22510462143""",BULUMKUTU TSALLAKE LAYIN KACHALLA MAIDUGURI Maiduguri Born,,"=""22259639""","=""3744460""","=""798861072""",Personal fixed term loan,2020-01-07 00:00:00,20000.00,0.00,,0.00,23000.00,NGN,0,Closed,2020-01-22 00:00:00,Performing
DEBORAH FAKAYODE,"=""22496221084""",ROAD 19 HOUSE 13 OKE ATA HOUSING ESTATE OGUN STATE ABEAOKU,,"=""22261611""","=""2303962""","=""457359396""",Personal fixed term loan,2020-01-05 00:00:00,2500.00,0.00,,0.00,2870.00,NGN,0,Closed,2020-01-20 00:00:00,Performing
TOHEEB AJISAFE,"=""22516728827""",8 BOLA HASSAN AGBOYI KETU LAGOS Kosofe Lagos State,,"=""22262513""","=""6497080""","=""1869855""",Personal fixed term loan,2020-03-23 00:00:00,10000.00,0.00,,0.00,13000.00,NGN,0,Closed,2020-04-22 00:00:00,Performing
TOHEEB AJISAFE,"=""22516728827""",8 BOLA HASSAN AGBOYI KETU LAGOS Kosofe Lagos State,,"=""22262513""","=""6497080""","=""2125398073""",Personal fixed term loan,2020-03-23 00:00:00,10000.00,0.00,,0.00,13000.00,NGN,0,Closed,2020-04-22 00:00:00,Performing
ABDULLAHI AISHA,"=""22406787183""",Bakin kasuwa,,"=""22264549""","=""1766578""","=""591184""",Personal fixed term loan,2019-09-03 00:00:00,1500.00,0.00,,0.00,1950.00,NGN,0,Closed,2019-10-03 00:00:00,Performing
Oluwaseun RUFAI,"=""22173583645""",91 IMam Ligali Street Ojota Ogudu ORI OKE  Kosofe Lagos St,,"=""22265964""","=""5745385""","=""1610722""",Personal fixed term loan,2020-02-15 00:00:00,2500.00,0.00,,0.00,2870.00,NGN,0,Closed,2020-03-02 00:00:00,Performing
Oluwaseun RUFAI,"=""22173583645""",91 IMam Ligali Street Ojota Ogudu ORI OKE  Kosofe Lagos St,,"=""22265964""","=""5745385""","=""3028356825""",Personal fixed term loan,2020-02-15 00:00:00,2500.00,0.00,,0.00,2870.00,NGN,0,Closed,2020-03-02 00:00:00,Performing
PETER OPARA,,No 31 Swali yenago by winners road opposite chief house,,"=""22266698""","=""1731907""","=""568280""",Personal fixed term loan,2019-08-31 00:00:00,1500.00,0.00,,0.00,1950.00,NGN,0,Closed,2019-09-30 00:00:00,Performing
JOSHUA AKINWALE,,NO 29 MONATAN WOFUN OLODO IBADAN Ibadan SouthEast Oyo Stat,,"=""22268163""","=""4491188""","=""2080512086""",Personal fixed term loan,2020-02-22 00:00:00,5000.00,0.00,,0.00,6250.00,NGN,0,Closed,2020-03-23 00:00:00,Performing
LAWAN SULAIMAN,"=""22443211070""",NO 502 SHARADA PHASE ONE GINDIN GARU KANO Kano Municipal K,,"=""22268270""","=""5956457""","=""1735724""",Personal fixed term loan,2020-03-03 00:00:00,5000.00,0.00,,0.00,5750.00,NGN,0,Closed,2020-03-18 00:00:00,Performing
IFEOMA ONYEKANANKEA,"=""22332596354""",GEORGE UGBOMA STREET GRA ASABA Oshimili South Delta State,,"=""22268536""","=""5607173""","=""1431042152""",Personal fixed term loan,2020-02-24 00:00:00,15000.00,0.00,,0.00,15000.00,NGN,0,Closed,2020-03-25 00:00:00,Performing
IFEOMA ONYEKANANKEA,"=""22332596354""",GEORGE UGBOMA STREET GRA ASABA Oshimili South Delta State,,"=""22268536""","=""5607173""","=""1665448""",Personal fixed term loan,2020-02-24 00:00:00,15000.00,0.00,,0.00,15000.00,NGN,0,Closed,2020-03-25 00:00:00,Performing
MULIKA RUFAI,"=""22378667209""",1 AREPO ST OKO EWE IJOKO OGUN STATE AdoOdoOta Ogun State,,"=""22255784""","=""7173504""","=""3244880""",Personal fixed term loan,2021-02-21 00:00:00,5000.00,0.00,,0.00,6500.00,NGN,0,Closed,2021-03-23 00:00:00,Performing
onyedikachi onyema,,KETU STREET OFADA,,"=""22258451""","=""1717833""","=""2095164380""",Personal fixed term loan,2019-08-29 00:00:00,2500.00,0.00,,0.00,3250.00,NGN,0,Closed,2019-09-30 00:00:00,Performing
onyedikachi onyema,,KETU STREET OFADA,,"=""22258451""","=""1717833""","=""559154""",Personal fixed term loan,2019-08-29 00:00:00,2500.00,0.00,,0.00,3250.00,NGN,0,Closed,2019-09-30 00:00:00,Performing
KENAN LUKA,,Gimbiya Street Area 11 Garki Abuja,,"=""22258817""","=""1598658""","=""457379606""",Personal fixed term loan,2019-08-14 00:00:00,10000.00,0.00,,0.00,13000.00,NGN,0,Closed,2019-09-13 00:00:00,Performing
KENAN LUKA,,Gimbiya Street Area 11 Garki Abuja,,"=""22258817""","=""1598658""","=""486842""",Personal fixed term loan,2019-08-14 00:00:00,10000.00,0.00,,0.00,13000.00,NGN,0,Closed,2019-09-13 00:00:00,Performing
KAZEEM KILASO,"=""22459252441""",NO 10 KILASO STREET OLOMORE  Abeokuta South Ogun State,,"=""22261625""","=""6075007""","=""1728262""",Personal fixed term loan,2020-03-03 00:00:00,1500.00,0.00,,0.00,1720.00,NGN,0,Closed,2020-03-18 00:00:00,Performing
EDAFEMUNO ATAGBO,,IYERIRI LANE Isoko North Delta State,,"=""22263131""","=""1742203""","=""3123753202""",Personal fixed term loan,2019-11-03 00:00:00,1500.00,0.00,,0.00,1870.00,NGN,0,Closed,2019-12-03 00:00:00,Performing
DOLAPO JEGEDE,"=""22511629826""",58 IFESOWAPO STREET IJOKAROAD Akure South Ondo State,,"=""22263204""","=""6210832""","=""1779475""",Personal fixed term loan,2020-03-09 00:00:00,1500.00,0.00,,0.00,1950.00,NGN,0,Closed,2020-04-08 00:00:00,Performing
TOHEEB AFOLABI,"=""22512976532""",2 AJOLO JUOTA STREET OKE ABIYE ALAGBADO Alimosho Lagos Sta,,"=""22264276""","=""5813779""","=""1858242""",Personal fixed term loan,2020-03-21 00:00:00,2500.00,0.00,,0.00,3120.00,NGN,0,Closed,2020-04-20 00:00:00,Performing
TOHEEB AFOLABI,"=""22512976532""",2 AJOLO JUOTA STREET OKE ABIYE ALAGBADO Alimosho Lagos Sta,,"=""22264276""","=""5813779""","=""799785580""",Personal fixed term loan,2020-03-21 00:00:00,2500.00,0.00,,0.00,3120.00,NGN,0,Closed,2020-04-20 00:00:00,Performing
OLATUBOSUN ANIYIKAIYE,"=""22218146215""",BLK M6 FLAT 10 NIGERIA AIR FORCE BASE IKEJA LAGOS Ikeja La,,"=""22264642""","=""6425647""","=""170096390""",Personal fixed term loan,2020-03-18 00:00:00,2500.00,0.00,,0.00,3250.00,NGN,0,Closed,2020-04-17 00:00:00,Performing
OLATUBOSUN ANIYIKAIYE,"=""22218146215""",BLK M6 FLAT 10 NIGERIA AIR FORCE BASE IKEJA LAGOS Ikeja La,,"=""22264642""","=""6425647""","=""1844594""",Personal fixed term loan,2020-03-18 00:00:00,2500.00,0.00,,0.00,3250.00,NGN,0,Closed,2020-04-17 00:00:00,Performing
BABATUNDE ALAWODE,"=""22519894620""",17 DATINPO STREET EGBEDA AKOWONJO LAGOS Alimosho Lagos Sta,,"=""22265280""","=""6973417""","=""2126856073""",Personal fixed term loan,2020-04-13 00:00:00,1500.00,0.00,,0.00,1950.00,NGN,0,Closed,2020-05-13 00:00:00,Performing
ABDULKADIR UMAR,,UMAR ZAILANI RESIDENCE SAND A ROAD JIPPU JAM BSTOP YOLA Yo,,"=""22267952""","=""6231686""","=""218699695""",Personal fixed term loan,2020-03-09 00:00:00,1500.00,0.00,,0.00,1950.00,NGN,0,Closed,2020-04-08 00:00:00,Performing
DUL COMMANDER,"=""22523345631""",PLOT 2 BOLUWAJI TEMITOPE STRT IB Oluyole Oyo State,,"=""22268020""","=""6240659""","=""1806887""",Personal fixed term loan,2020-03-12 00:00:00,1500.00,0.00,,0.00,1720.00,NGN,0,Closed,2020-03-27 00:00:00,Performing
ADEYEMO RIDWAN,,3 IDOWU ODUBIYI OFF ISIBA STREET  Mushin Lagos State,,"=""22268109""","=""6151958""","=""1910558""",Personal fixed term loan,2020-03-30 00:00:00,5000.00,0.00,,0.00,6250.00,NGN,0,Closed,2020-04-29 00:00:00,Performing
SULEIMAN BELLO,"=""22224799337""",AREA8 SEC 2 BLK1 FLT 2ZURU CLOSE GARKI ABUJA Municipal Are,,"=""22254966""","=""3748599""","=""1088142""",Personal fixed term loan,2019-11-27 00:00:00,1500.00,0.00,,0.00,1950.00,NGN,0,Closed,2019-12-27 00:00:00,Performing
SULEIMAN BELLO,"=""22224799337""",AREA8 SEC 2 BLK1 FLT 2ZURU CLOSE GARKI ABUJA Municipal Are,,"=""22254966""","=""3748599""","=""2115074714""",Personal fixed term loan,2019-11-27 00:00:00,1500.00,0.00,,0.00,1950.00,NGN,0,Closed,2019-12-27 00:00:00,Performing
ISMAIL OLAWALE,,27 ADISA BALOGUN STREET ALAPERE KETU Kosofe Lagos State,,"=""22255023""","=""1567152""","=""469251""",Personal fixed term loan,2019-08-08 00:00:00,10000.00,0.00,,0.00,13000.00,NGN,0,Closed,2019-09-09 00:00:00,Performing
UCHENNA EZE,,1 ONIBUORE STREET IKATE Surulere Lagos State Lagos State,,"=""22255802""","=""9112686""","=""99183782""",Personal fixed term loan,2020-10-13 00:00:00,15000.00,0.00,,0.00,19500.00,NGN,0,Closed,2020-11-12 00:00:00,Performing
AISHATU ADAMU,"=""22501570220""",14 KASTINA STRET OFF KANA ROAD KAWO,,"=""22257497""","=""7898610""","=""2205916""",Personal fixed term loan,2020-07-22 00:00:00,30000.00,0.00,,0.00,39000.00,NGN,0,Closed,2020-08-21 00:00:00,Performing
AISHATU ADAMU,"=""22501570220""",14 KASTINA STRET OFF KANA ROAD KAWO,,"=""22257497""","=""7898610""","=""3131836009""",Personal fixed term loan,2020-07-22 00:00:00,30000.00,0.00,,0.00,39000.00,NGN,0,Closed,2020-08-21 00:00:00,Performing
OBIAGELI OKONKWO,"=""22305951032""",03 IYANA ALFA STR OLOSHUGBO B STOP IKORODU  Kosofe Lagos S,,"=""22258433""","=""1543491""","=""32014487""",Personal fixed term loan,2019-08-03 00:00:00,10000.00,0.00,,0.00,13000.00,NGN,0,Closed,2019-09-02 00:00:00,Performing
OBIAGELI OKONKWO,"=""22305951032""",03 IYANA ALFA STR OLOSHUGBO B STOP IKORODU  Kosofe Lagos S,,"=""22258433""","=""1543491""","=""451633""",Personal fixed term loan,2019-08-03 00:00:00,10000.00,0.00,,0.00,13000.00,NGN,0,Closed,2019-09-02 00:00:00,Performing
KAMORU MUSTAPHA,"=""22550102913""",OLAYIWOLAS HOUSE ATOHEED AREA OGBOMOSO Ogbomosho North Oyo,,"=""22259646""","=""6055468""","=""1920037""",Personal fixed term loan,2020-04-02 00:00:00,2500.00,0.00,,0.00,2870.00,NGN,0,Closed,2020-04-17 00:00:00,Performing
BOSE ADEBAYO,"=""22372148368""",KANO ROAD KABBA KabbaBunu Kogi State,,"=""22262454""","=""8335084""","=""3101594760""",Personal fixed term loan,2020-08-27 00:00:00,5000.00,0.00,,0.00,6000.00,NGN,0,Closed,2020-09-11 00:00:00,Performing
KOKOU KONOU,,23 ADIBE STREET JOLLY HOTEL AWKA SOUTH Awka South Anambra,,"=""22262511""","=""1260712""","=""54828134""",Personal fixed term loan,2020-02-22 00:00:00,7500.00,0.00,,0.00,9370.00,NGN,0,Closed,2020-03-23 00:00:00,Performing
Pamela Apeti,"=""22165915782""",No 27 Salami Street Oworoshoki Kosofe,,"=""22262747""","=""788554""","=""10593377""",Personal fixed term loan,2023-06-14 00:00:00,5000.00,0.00,,0.00,6500.00,NGN,0,Closed,2023-07-14 00:00:00,Performing
DAMILOLA ADEBISI,"=""22522612561""",TOPPERS LODGE AREA ARA VILLAGE Moro Kwara State,,"=""22263290""","=""5909731""","=""1661797""",Personal fixed term loan,2020-02-23 00:00:00,5000.00,0.00,,0.00,5750.00,NGN,0,Closed,2020-03-09 00:00:00,Performing
SAHEED SERIKI,,7 OJO STREET SHASHA OGUNTADE AKOWONJO Alimosho Lagos State,,"=""22264326""","=""7631704""","=""2457059""",Personal fixed term loan,2020-09-18 00:00:00,5000.00,0.00,,0.00,6050.00,NGN,0,Closed,2020-10-05 00:00:00,Performing
OLUWAPELUMI AWESU,"=""22341278843""",20 BIFELODUN STREETOPEKI BSTOPIPAJA Alimosho Lagos State,,"=""22265026""","=""6018994""","=""1882816""",Personal fixed term loan,2020-03-25 00:00:00,10000.00,0.00,,0.00,12500.00,NGN,0,Closed,2020-04-24 00:00:00,Performing
FUNMILAYO TAIWO,"=""22333713527""",NO 20 AYOGBOYINDE STREET TANKEILORIN KWARAILORIN Ilorin So,,"=""22265962""","=""7685656""","=""2128178""",Personal fixed term loan,2020-07-01 00:00:00,5000.00,0.00,,0.00,5750.00,NGN,0,Closed,2020-07-16 00:00:00,Performing
DONATUS NJOKU,,N175 IDI OWO  Ibadan North Oyo State,,"=""22257418""","=""1612896""","=""701106""",Personal fixed term loan,2019-09-23 00:00:00,5000.00,0.00,,0.00,6250.00,NGN,0,Closed,2019-10-23 00:00:00,Performing
BARILE NWIDADAH,"=""22293351892""",10 ATALI TOWN NEAR BONAZA HOTEL RUMUOKWURUSI Port Harcourt,,"=""22258454""","=""6670839""","=""1908612""",Personal fixed term loan,2020-03-30 00:00:00,2500.00,0.00,,0.00,3250.00,NGN,0,Closed,2020-04-29 00:00:00,Performing
BASIRU OYEFEMI,"=""22350476546""",ile ilepe oke iseke area oyo  Oyo Oyo State,,"=""22260911""","=""5860096""","=""3030900731""",Personal fixed term loan,2020-02-20 00:00:00,2500.00,0.00,,0.00,2500.00,NGN,0,Closed,2020-03-23 00:00:00,Performing
OLUWAYEMI AKINBOLA,"=""22237767840""",ROOM 2 CASTLE OF PEACE IGAN RO  Ijebu North Ogun State,,"=""22261398""","=""6218356""","=""1775292""",Personal fixed term loan,2020-03-08 00:00:00,2500.00,0.00,,0.00,3250.00,NGN,0,Closed,2020-04-07 00:00:00,Performing
TUESDAY TOLUHI,,No 2 kajola kabbakogi state,,"=""22261612""","=""2466442""","=""904183""",Personal fixed term loan,2019-10-28 00:00:00,5000.00,0.00,,0.00,5750.00,NGN,0,Closed,2019-11-12 00:00:00,Performing
LIVINUS ENEH,,17 chief ekwueme street abgani road,,"=""22263133""","=""2511847""","=""240393589""",Personal fixed term loan,2019-10-16 00:00:00,1500.00,0.00,,0.00,1950.00,NGN,0,Closed,2019-11-15 00:00:00,Performing
LIVINUS ENEH,,17 chief ekwueme street abgani road,,"=""22263133""","=""2511847""","=""837829""",Personal fixed term loan,2019-10-16 00:00:00,1500.00,0.00,,0.00,1950.00,NGN,0,Closed,2019-11-15 00:00:00,Performing
YUSUF OLATUNJI OLANIYAN,"=""22313052303""",3 CHIEF NWAFOR STREET IJU ISHAGA Agege Lagos State,,"=""22263134""","=""3458116""","=""209637709""",Personal fixed term loan,2020-01-17 00:00:00,1500.00,0.00,,0.00,1870.00,NGN,0,Closed,2020-02-17 00:00:00,Performing
BRIDGET OLOGUNTI,"=""22240771898""",148 IKESE QUARTER OKA AKOKO Akoko SouthWest Ondo State,,"=""22263170""","=""5250028""","=""1461334""",Personal fixed term loan,2020-01-25 00:00:00,2500.00,0.00,,0.00,3250.00,NGN,0,Closed,2020-02-24 00:00:00,Performing
RAUBILU UBAIMMAM,"=""22386887501""",KANO STREET MAKURDI Makurdi Benue State,,"=""22263233""","=""6209899""","=""1772164""",Personal fixed term loan,2020-03-08 00:00:00,2500.00,0.00,,0.00,2870.00,NGN,0,Closed,2020-03-23 00:00:00,Performing
RAUBILU UBAIMMAM,"=""22386887501""",KANO STREET MAKURDI Makurdi Benue State,,"=""22263233""","=""6209899""","=""3104879228""",Personal fixed term loan,2020-03-08 00:00:00,2500.00,0.00,,0.00,2870.00,NGN,0,Closed,2020-03-23 00:00:00,Performing
Ayorinde AFAINIYA,,36 POST OFFICE ROAD MUSHIN Mushin Lagos State,,"=""22264320""","=""1422907""","=""12724854""",Personal fixed term loan,2020-03-11 00:00:00,1500.00,0.00,,0.00,1720.00,NGN,0,Closed,2020-03-26 00:00:00,Performing
ABDULSALAM BASHIR,"=""22407669510""",NO ISHIKA ROAD MAKERA RIGSA Igabi Kaduna State,,"=""22267563""","=""6304639""","=""1806408""",Personal fixed term loan,2020-03-12 00:00:00,1500.00,0.00,,0.00,1950.00,NGN,0,Closed,2020-04-14 00:00:00,Performing
FARIDAH ADELEKE,,OKE ODO AGUNBELEWO Osogbo Osun State,,"=""22268064""","=""887012""","=""240084""",Personal fixed term loan,2019-05-23 00:00:00,1500.00,0.00,,0.00,1720.00,NGN,0,Closed,2019-06-07 00:00:00,Performing
FARIDAH ADELEKE,,OKE ODO AGUNBELEWO Osogbo Osun State,,"=""22268064""","=""887012""","=""424338128""",Personal fixed term loan,2019-05-23 00:00:00,1500.00,0.00,,0.00,1720.00,NGN,0,Closed,2019-06-07 00:00:00,Performing
NWACHUKWU ONUCHUKWU,"=""22502917752""",No234 TMurtala,,"=""22268399""","=""6552728""","=""1878406""",Personal fixed term loan,2020-03-24 00:00:00,2500.00,0.00,,0.00,3250.00,NGN,0,Closed,2020-04-23 00:00:00,Performing
OKEME IKRUMALE,"=""22338545024""",19 AKPONANA STR IWHREKPOKPO Ughelli North Delta State,,"=""22268499""","=""5211920""","=""1460570""",Personal fixed term loan,2020-01-25 00:00:00,2500.00,0.00,,0.00,2870.00,NGN,0,Closed,2020-02-10 00:00:00,Performing
SULAIMAN ABDULLAHI,"=""22508310830""",KETAREN SABON GARIN RIJAU NIGER ALI TABAKO RESIDENCE,,"=""22256793""","=""3340425""","=""6024867935""",Personal fixed term loan,2020-03-12 00:00:00,5000.00,0.00,,0.00,6250.00,NGN,0,Closed,2020-04-14 00:00:00,Performing
ISAIAH EZEKIEL,"=""22250185618""",ISAIAH COMPD CLOSE TO ONDO FILLING STATION AGW LAMBO Keffi,,"=""22257493""","=""9221787""","=""2041514621""",Personal fixed term loan,2020-10-19 00:00:00,10000.00,0.00,,0.00,13000.00,NGN,0,Closed,2020-11-18 00:00:00,Performing
ADEBOSIN OMOTOMILEWA,,1 AYODELE STREET BEHIND BOLORUNDURO ADIGBE ABEOKUTA,,"=""22257593""","=""3067425""","=""945336""",Personal fixed term loan,2019-11-03 00:00:00,2500.00,0.00,,0.00,2870.00,NGN,0,Closed,2019-11-18 00:00:00,Performing
PAUL MERUKE,"=""22221037063""",59 OPEBI ROAD IKEJA  Ikeja Lagos State,,"=""22260935""","=""6520402""","=""148022752""",Personal fixed term loan,2020-03-29 00:00:00,1500.00,0.00,,0.00,1950.00,NGN,0,Closed,2020-04-28 00:00:00,Performing
PAUL MERUKE,"=""22221037063""",59 OPEBI ROAD IKEJA  Ikeja Lagos State,,"=""22260935""","=""6520402""","=""1905792""",Personal fixed term loan,2020-03-29 00:00:00,1500.00,0.00,,0.00,1950.00,NGN,0,Closed,2020-04-28 00:00:00,Performing
MUDASSIR ABDULLAHI,"=""22205468195""",SHARADA JEAN FILLIN KASHU,,"=""22261437""","=""6238387""","=""1789915""",Personal fixed term loan,2020-03-10 00:00:00,10000.00,0.00,,0.00,13000.00,NGN,0,Closed,2020-04-09 00:00:00,Performing
ZAINAB ADEOYE,"=""22507316149""",11 SHOSANYA STREET OBADA OKO ABEOKUTA OGUN STATE Ewekoro O,,"=""22261537""","=""5608489""","=""1769938""",Personal fixed term loan,2020-03-07 00:00:00,2500.00,0.00,,0.00,2870.00,NGN,0,Closed,2020-03-23 00:00:00,Performing
ZAINAB ADEOYE,"=""22507316149""",11 SHOSANYA STREET OBADA OKO ABEOKUTA OGUN STATE Ewekoro O,,"=""22261537""","=""5608489""","=""269649180""",Personal fixed term loan,2020-03-07 00:00:00,2500.00,0.00,,0.00,2870.00,NGN,0,Closed,2020-03-23 00:00:00,Performing
MUSTAPHA ADISA,,No 4 ogunwale crest off abimbola way felele ibadan,,"=""22261588""","=""3072298""","=""953163""",Personal fixed term loan,2019-11-05 00:00:00,1500.00,0.00,,0.00,1720.00,NGN,0,Closed,2019-11-20 00:00:00,Performing
immaculate david,,15 AGUIYI IRONSI STREET ABAKALIKI EBONYI State,,"=""22263158""","=""800998""","=""923624""",Personal fixed term loan,2019-10-31 00:00:00,15000.00,0.00,,0.00,18000.00,NGN,0,Closed,2019-12-02 00:00:00,Performing
UCHENNA onuabuchi,"=""22319016534""",NO 28B QUEENS CLOSE GRA ENUGU Enugu North Enugu State,,"=""22263309""","=""6156013""","=""1795543""",Personal fixed term loan,2020-03-11 00:00:00,5000.00,0.00,,0.00,5750.00,NGN,0,Closed,2020-03-26 00:00:00,Performing
UCHENNA onuabuchi,"=""22319016534""",NO 28B QUEENS CLOSE GRA ENUGU Enugu North Enugu State,,"=""22263309""","=""6156013""","=""720550562""",Personal fixed term loan,2020-03-11 00:00:00,5000.00,0.00,,0.00,5750.00,NGN,0,Closed,2020-03-26 00:00:00,Performing
OLAYINKA AKINBOLA,"=""22351478633""",NO 14 OSHINLE QTRS AKURE Akure South Ondo State,,"=""22263979""","=""5954971""","=""1676321""",Personal fixed term loan,2020-02-25 00:00:00,2500.00,0.00,,0.00,2870.00,NGN,0,Closed,2020-03-11 00:00:00,Performing
OLUWAFEMI ADENUBI,"=""22142525571""",HOUSE DH 7A  B FEDERAL LOW COST ESTATE MOSAN IPAJA Alimosh,,"=""22264930""","=""6616222""","=""87099471""",Personal fixed term loan,2020-03-27 00:00:00,10000.00,0.00,,0.00,11500.00,NGN,0,Closed,2020-04-14 00:00:00,Performing
HTCIENTH AGBO,,4 OWORONSHOKI STREET IJU ISHAGA IfakoIjaiye Lagos State,,"=""22265030""","=""1862854""","=""16017853""",Personal fixed term loan,2020-02-27 00:00:00,50000.00,0.00,,0.00,61000.00,NGN,0,Closed,2020-03-30 00:00:00,Performing
munirat obani,,4 shoga street igando Alimosho Lagos State,,"=""22265281""","=""2325097""","=""3111858924""",Personal fixed term loan,2020-03-27 00:00:00,7500.00,0.00,,0.00,9150.00,NGN,0,Closed,2020-04-27 00:00:00,Performing
SAMUEL NWACHUKWU,"=""22326913301""",17 EDO COLLEGE ROAD OFF WIRE ROAD BENIN CITY Oredo Edo Sta,,"=""22259517""","=""6743662""","=""10558109""",Personal fixed term loan,2023-06-10 00:00:00,5000.00,0.00,,0.00,6000.00,NGN,0,Closed,2023-06-25 00:00:00,Performing
ADENIYI ADENIYI,,E12 Ekunro street ilase ijesa,,"=""22263159""","=""1650130""","=""2109879295""",Personal fixed term loan,2019-08-23 00:00:00,2500.00,0.00,,0.00,3120.00,NGN,0,Closed,2019-09-23 00:00:00,Performing
ADENIYI ADENIYI,,E12 Ekunro street ilase ijesa,,"=""22263159""","=""1650130""","=""527332""",Personal fixed term loan,2019-08-23 00:00:00,2500.00,0.00,,0.00,3120.00,NGN,0,Closed,2019-09-23 00:00:00,Performing
Vivian Egeruo,"=""22330226790""",,"=""07030824634""","=""22265299""","=""4283077""","=""3025680042""",Personal fixed term loan,2019-12-18 00:00:00,1500.00,0.00,,0.00,1720.00,NGN,0,Closed,2020-01-02 00:00:00,Performing
YAKUBU SAIDU,"=""22245300699""",ZARIA ROAD RIGASA KADUNA Kaduna North Kaduna State,,"=""22265499""","=""6158428""","=""1754243""",Personal fixed term loan,2020-03-05 00:00:00,1500.00,0.00,,0.00,1950.00,NGN,0,Closed,2020-04-06 00:00:00,Performing
YAKUBU SAIDU,"=""22245300699""",ZARIA ROAD RIGASA KADUNA Kaduna North Kaduna State,,"=""22265499""","=""6158428""","=""45609846""",Personal fixed term loan,2020-03-05 00:00:00,1500.00,0.00,,0.00,1950.00,NGN,0,Closed,2020-04-06 00:00:00,Performing
AHMED MOHAMMED,"=""22518769576""",NO D9 KAGARKO ROAD UNGWAN DOSA KADUNA Kaduna North Kaduna,,"=""22266703""","=""6240697""","=""1923731""",Personal fixed term loan,2020-04-05 00:00:00,2500.00,0.00,,0.00,3250.00,NGN,0,Closed,2020-05-05 00:00:00,Performing
AHMED MOHAMMED,"=""22518769576""",NO D9 KAGARKO ROAD UNGWAN DOSA KADUNA Kaduna North Kaduna,,"=""22266703""","=""6240697""","=""6025635302""",Personal fixed term loan,2020-04-05 00:00:00,2500.00,0.00,,0.00,3250.00,NGN,0,Closed,2020-05-05 00:00:00,Performing
EBIFINI ODOGU,"=""22542929238""",19 edang street  ajere ekori  yakurr LGA,,"=""22266754""","=""5975983""","=""1784280""",Personal fixed term loan,2020-03-10 00:00:00,5000.00,0.00,,0.00,5750.00,NGN,0,Closed,2020-03-25 00:00:00,Performing
EBAHE ISAAC,"=""22162016075""",Ismail Mai Biskit Street XHXMXVR Kawo 700213 Kano Nigeria,,"=""22267605""","=""7913308""","=""58130782""",Personal fixed term loan,2020-08-10 00:00:00,5000.00,0.00,,0.00,6500.00,NGN,0,Closed,2020-09-09 00:00:00,Performing
OLUWAKAYODE ADEBISI,,6 SANGOTEDO STREET OMI ADIO IBADAN Ido Oyo State,,"=""22268005""","=""6525620""","=""1869892""",Personal fixed term loan,2020-03-23 00:00:00,2500.00,0.00,,0.00,2870.00,NGN,0,Closed,2020-04-07 00:00:00,Performing
OLUWAKAYODE ADEBISI,,6 SANGOTEDO STREET OMI ADIO IBADAN Ido Oyo State,,"=""22268005""","=""6525620""","=""1870275""",Personal fixed term loan,2020-03-23 00:00:00,5000.00,0.00,,0.00,6250.00,NGN,0,Closed,2020-04-22 00:00:00,Performing
ATAIRU ISMAILA,"=""22288190503""",PRDI OPOPOCHO SUMAILA ONIPES HOUSE IHIMA Okehi Kogi State,,"=""22268205""","=""5614673""","=""1722542""",Personal fixed term loan,2020-03-02 00:00:00,7500.00,0.00,,0.00,9370.00,NGN,0,Closed,2020-04-01 00:00:00,Performing
ABIODUN ALAO,"=""22389025702""",15 ADESHINA STREET AGBADO TOYIN BUS STOP OGUN STATE Ifo Og,,"=""22268256""","=""6532844""","=""1872163""",Personal fixed term loan,2020-03-23 00:00:00,2500.00,0.00,,0.00,2870.00,NGN,0,Closed,2020-04-07 00:00:00,Performing
ABIODUN ALAO,"=""22389025702""",15 ADESHINA STREET AGBADO TOYIN BUS STOP OGUN STATE Ifo Og,,"=""22268256""","=""6532844""","=""2108366752""",Personal fixed term loan,2020-03-23 00:00:00,2500.00,0.00,,0.00,2870.00,NGN,0,Closed,2020-04-07 00:00:00,Performing
SAMUEL ELUMESHIKE,"=""22326627970""",UNIQUE SCHOOL REFINARY ROAD WARRI DELA Ndokwa East Delta S,,"=""22268643""","=""3763391""","=""2062660347""",Personal fixed term loan,2019-11-28 00:00:00,2500.00,0.00,,0.00,2870.00,NGN,0,Closed,2019-12-13 00:00:00,Performing
EBENEZER ERIC,"=""22373273276""",Unnamed Road Ogbogoro Nigeria,,"=""22257406""","=""7952451""","=""10685423""",Personal fixed term loan,2023-06-23 00:00:00,5000.00,0.00,,0.00,6500.00,NGN,0,Closed,2023-07-23 00:00:00,Performing
GLORY OKONOFUA,"=""22482090779""",GWARINPA ESTATE ABUJA Bwari FCT,,"=""22258601""","=""722202""","=""1076783""",Personal fixed term loan,2019-11-26 00:00:00,10000.00,0.00,,0.00,13000.00,NGN,0,Closed,2019-12-27 00:00:00,Performing
Anita Uchenna,"=""22224701811""",Not Available,,"=""22259271""","=""2420500""","=""852389013""",Personal fixed term loan,2019-10-19 00:00:00,2500.00,0.00,,0.00,3120.00,NGN,0,Closed,2019-11-18 00:00:00,Performing
ABDULRAZAQ BASHIRU,"=""22442644309""",NO 36D IDOJI STREET  Okene Kogi State,,"=""22261443""","=""6751138""","=""1927922""",Personal fixed term loan,2020-04-09 00:00:00,2500.00,0.00,,0.00,3250.00,NGN,0,Closed,2020-05-11 00:00:00,Performing
DAMILARE AMAO,,ILE OBAMU OLOKUTA ADUMBU STREET OGBOMOSHO Ogbomosho North,,"=""22261452""","=""6194893""","=""1767218""",Personal fixed term loan,2020-03-07 00:00:00,2500.00,0.00,,0.00,3250.00,NGN,0,Closed,2020-04-06 00:00:00,Performing
HABIBA ABDULRAHAMAN,"=""22440375814""",GIDAN ALBASA Kano Municipal Kano State,,"=""22261745""","=""10433578""","=""265065362""",Personal fixed term loan,2020-12-20 00:00:00,5000.00,0.00,,0.00,6000.00,NGN,0,Closed,2021-01-04 00:00:00,Performing
INALEGWU OKODEJE,,10 ONISHA STRT Oturkpo Benue State,,"=""22263122""","=""2304079""","=""3093374991""",Personal fixed term loan,2019-10-12 00:00:00,2500.00,0.00,,0.00,3120.00,NGN,0,Closed,2019-11-11 00:00:00,Performing
LEBI DOSUMU,"=""22540959251""",8 OGUNFAYO STREET IDIMU Alimosho Lagos State,,"=""22264015""","=""6498625""","=""2137344851""",Personal fixed term loan,2020-03-24 00:00:00,2500.00,0.00,,0.00,3250.00,NGN,0,Closed,2020-04-23 00:00:00,Performing
OGBUDU AFO,"=""22144762851""",1 HOUSE OFF LIPARA STREET POWERLINE ODOGUNYAN Ikorodu Lago,,"=""22264317""","=""5873503""","=""1675680""",Personal fixed term loan,2020-02-25 00:00:00,2500.00,0.00,,0.00,2500.00,NGN,0,Closed,2020-03-11 00:00:00,Performing
SULAIMON OYEDEJI,"=""22340565753""",NO 28 MOSHALASHI STREET AGBADO STATION Ifo Ogun State,,"=""22264894""","=""5850973""","=""10866081""",Personal fixed term loan,2020-02-20 00:00:00,1500.00,0.00,,0.00,1500.00,NGN,0,Closed,2020-03-06 00:00:00,Performing
SULAIMON OYEDEJI,"=""22340565753""",NO 28 MOSHALASHI STREET AGBADO STATION Ifo Ogun State,,"=""22264894""","=""5850973""","=""1641947""",Personal fixed term loan,2020-02-20 00:00:00,1500.00,0.00,,0.00,1500.00,NGN,0,Closed,2020-03-06 00:00:00,Performing
EZEANOCHIE EZELIOHA,,NO 12 NZERIBE CLOSE OMOJUWA ESTATE MILE 12 LAGOS STATE Kos,,"=""22265294""","=""712042""","=""1874214""",Personal fixed term loan,2020-03-24 00:00:00,20000.00,0.00,,0.00,23000.00,NGN,0,Closed,2020-04-08 00:00:00,Performing
EZEANOCHIE EZELIOHA,,NO 12 NZERIBE CLOSE OMOJUWA ESTATE MILE 12 LAGOS STATE Kos,,"=""22265294""","=""712042""","=""694488""",Personal fixed term loan,2019-09-21 00:00:00,2500.00,0.00,,0.00,3250.00,NGN,0,Closed,2019-10-21 00:00:00,Performing
JAMILU YAHUZA,"=""22533729067""",NO 66 KAWO STREET RAFIN GUZA KAWO KADUNA STATE Kaduna Nort,,"=""22265489""","=""5843842""","=""1639688""",Personal fixed term loan,2020-02-20 00:00:00,1500.00,0.00,,0.00,1500.00,NGN,0,Closed,2020-03-23 00:00:00,Performing
PROSPER NNAMAKA,,11 bangaju street igbogbo ikorodu lagos,,"=""22265987""","=""2058601""","=""723526""",Personal fixed term loan,2019-09-26 00:00:00,2500.00,0.00,,0.00,2870.00,NGN,0,Closed,2019-10-11 00:00:00,Performing
RUTH AKWASHIKI GABI,"=""22329743448""",NATIONAL SUPPLY OPPOSITE OLIVET MEDICAL CENTRE LAFIA Lafia,,"=""22266666""","=""6414154""","=""1916244""",Personal fixed term loan,2020-03-31 00:00:00,5000.00,0.00,,0.00,6250.00,NGN,0,Closed,2020-04-30 00:00:00,Performing
DENNIS TIMOTHY,"=""22475870106""",Nigeria,,"=""22260803""","=""6260263""","=""3150245936""",Personal fixed term loan,2020-03-10 00:00:00,2500.00,0.00,,0.00,2870.00,NGN,0,Closed,2020-03-25 00:00:00,Performing
UMEADI OKONJI,,5 BABASALA STREET AMUKOKO AjeromiIfelodun Lagos State,,"=""22261454""","=""542167""","=""1091342""",Personal fixed term loan,2019-11-28 00:00:00,5000.00,0.00,,0.00,6250.00,NGN,0,Closed,2019-12-30 00:00:00,Performing
UMEADI OKONJI,,5 BABASALA STREET AMUKOKO AjeromiIfelodun Lagos State,,"=""22261454""","=""542167""","=""2026721820""",Personal fixed term loan,2019-11-28 00:00:00,5000.00,0.00,,0.00,6250.00,NGN,0,Closed,2019-12-30 00:00:00,Performing
AYINDE ABIDOYE,,11 YEMI ODEWENWA STREET KUMAPAYI IWO ROAD IBADAN Ibadan No,,"=""22262426""","=""4030279""","=""3016935501""",Personal fixed term loan,2020-03-20 00:00:00,2500.00,0.00,,0.00,2870.00,NGN,0,Closed,2020-04-06 00:00:00,Performing
STANLEY OKEKE,"=""22198348331""",NO 17 ENUGU UKWU STREET WBHE UMUAHIA Umuahia North Abia St,,"=""22262492""","=""1283383""","=""2262432447""",Personal fixed term loan,2020-02-20 00:00:00,2500.00,0.00,,0.00,3120.00,NGN,0,Closed,2020-03-23 00:00:00,Performing
TUNDE AJIBOYE,"=""22459906180""",OKE ABATA LAGERE AREA ODEOMU Aiyedaade Osun State,,"=""22263292""","=""5973448""","=""1683583""",Personal fixed term loan,2020-02-26 00:00:00,1500.00,0.00,,0.00,1720.00,NGN,0,Closed,2020-03-12 00:00:00,Performing
BLESSING ERHUNWMSEE,"=""22520263596""",4B UNITY CLOSE ISHERI IDIMU Alimosho Lagos State,,"=""22264264""","=""5806039""","=""1813139""",Personal fixed term loan,2020-03-13 00:00:00,10000.00,0.00,,0.00,13000.00,NGN,0,Closed,2020-04-14 00:00:00,Performing
BLESSING ERHUNWMSEE,"=""22520263596""",4B UNITY CLOSE ISHERI IDIMU Alimosho Lagos State,,"=""22264264""","=""5806039""","=""3137286235""",Personal fixed term loan,2020-03-13 00:00:00,10000.00,0.00,,0.00,13000.00,NGN,0,Closed,2020-04-14 00:00:00,Performing
UYIOSA OSGIEIGIEHON,,40 OPELOYERU STREET EGBE Alimosho Lagos State,,"=""22264311""","=""6299314""","=""16024639""",Personal fixed term loan,2020-03-12 00:00:00,2500.00,0.00,,0.00,2870.00,NGN,0,Closed,2020-03-27 00:00:00,Performing
UYIOSA OSGIEIGIEHON,,40 OPELOYERU STREET EGBE Alimosho Lagos State,,"=""22264311""","=""6299314""","=""1804867""",Personal fixed term loan,2020-03-12 00:00:00,2500.00,0.00,,0.00,2870.00,NGN,0,Closed,2020-03-27 00:00:00,Performing
Mathew Daodu,"=""22496303456""",No 4 Odegbere Ibaka Oka Akoko SouthWest Ondo State,,"=""22265985""","=""7725517""","=""2149140""",Personal fixed term loan,2020-07-06 00:00:00,5000.00,0.00,,0.00,5750.00,NGN,0,Closed,2020-07-21 00:00:00,Performing
HAFIZA ADAM ISA,"=""22415537665""",754 AJAYI STR RIKKOS JUNCTION JOS NORTH Jos North Plateau,,"=""22266636""","=""8981338""","=""233436389""",Personal fixed term loan,2020-10-17 00:00:00,15000.00,0.00,,0.00,19500.00,NGN,0,Closed,2020-11-16 00:00:00,Performing
FUNKE OYEKANMI,"=""22160439287""",N4582 OLD ADEOYO ROAD IDI ODO YEMETU IBADAN,"=""08069423937""","=""22268008""","=""5850977""","=""1683335""",Personal fixed term loan,2020-02-26 00:00:00,5000.00,0.00,,0.00,5750.00,NGN,0,Closed,2020-03-12 00:00:00,Performing
ISMAIL ISIAKA,,ABALOJOS HOUSE IFELODUN MOSQUE OKE OLOLA AREA Atiba Oyo St,,"=""22268021""","=""6249116""","=""121143492""",Personal fixed term loan,2020-03-25 00:00:00,2500.00,0.00,,0.00,2870.00,NGN,0,Closed,2020-04-09 00:00:00,Performing
ISMAIL ISIAKA,,ABALOJOS HOUSE IFELODUN MOSQUE OKE OLOLA AREA Atiba Oyo St,,"=""22268021""","=""6249116""","=""1882717""",Personal fixed term loan,2020-03-25 00:00:00,2500.00,0.00,,0.00,2870.00,NGN,0,Closed,2020-04-09 00:00:00,Performing
CHINAZA OKPE,"=""22545419741""",UMUAMADI UMUEJE OBINZE Owerri West Imo State,,"=""22268055""","=""5268791""","=""2201530""",Personal fixed term loan,2020-07-21 00:00:00,5000.00,0.00,,0.00,6000.00,NGN,0,Closed,2020-08-05 00:00:00,Performing
AKINLOLU OJEBODE,"=""22435500267""",PLOT 8 OJEBODE STREET AKOBO IBADAN  Lagelu Oyo State,,"=""22263310""","=""1004008""","=""2097427908""",Personal fixed term loan,2020-05-26 00:00:00,5000.00,0.00,,0.00,5750.00,NGN,0,Closed,2020-06-10 00:00:00,Performing
KEHINDE OLORUNFEMI,"=""22249372405""",26 OKUSAGA STREET ILUPEJU  Mushin Lagos State,,"=""22264314""","=""3381415""","=""208674534""",Personal fixed term loan,2019-11-16 00:00:00,2500.00,0.00,,0.00,2870.00,NGN,0,Closed,2019-12-02 00:00:00,Performing
MOSES OLATUNJI,"=""22183021782""",MIRACLE VILLA AMIKANLE,,"=""22264348""","=""4057951""","=""6017294116""",Personal fixed term loan,2019-12-09 00:00:00,2500.00,0.00,,0.00,2870.00,NGN,0,Closed,2019-12-24 00:00:00,Performing
damilola komolafe,"=""22431993818""",sango ota,,"=""22264463""","=""3788044""","=""1169036""",Personal fixed term loan,2019-12-09 00:00:00,1500.00,0.00,,0.00,1720.00,NGN,0,Closed,2019-12-24 00:00:00,Performing
damilola komolafe,"=""22431993818""",sango ota,,"=""22264463""","=""3788044""","=""3115042792""",Personal fixed term loan,2019-12-09 00:00:00,1500.00,0.00,,0.00,1720.00,NGN,0,Closed,2019-12-24 00:00:00,Performing
GRACE INYANG,"=""22419155241""",15DREAM ESTATE STREETOMITORO IJEDE ROAD BSTOP IKORODU Ikor,,"=""22264565""","=""5262937""","=""235006476""",Personal fixed term loan,2020-03-21 00:00:00,5000.00,0.00,,0.00,6250.00,NGN,0,Closed,2020-04-20 00:00:00,Performing
EMMANUEL ADEBOYEJE,,8MOBAREDELE STREETODE IRELE Irele Ondo State,,"=""22264612""","=""2415847""","=""68208151""",Personal fixed term loan,2019-12-15 00:00:00,2500.00,0.00,,0.00,3120.00,NGN,0,Closed,2020-01-14 00:00:00,Performing
YAHAYA AJAO,,No 13 ikorodu lagos,,"=""22264965""","=""931363""","=""118225""",Personal fixed term loan,2019-02-28 00:00:00,25000.00,0.00,,0.00,32500.00,NGN,0,Closed,2019-04-01 00:00:00,Performing
Cynthia OLONG,"=""22143600044""",23 road W close block c flat 15 festac town lagos AmuwoOdo,,"=""22265297""","=""5676916""","=""2849043""",Personal fixed term loan,2020-12-02 00:00:00,20000.00,0.00,,0.00,25600.00,NGN,0,Closed,2021-01-01 00:00:00,Performing
Cynthia OLONG,"=""22143600044""",23 road W close block c flat 15 festac town lagos AmuwoOdo,,"=""22265297""","=""5676916""","=""3062984572""",Personal fixed term loan,2020-12-02 00:00:00,20000.00,0.00,,0.00,25600.00,NGN,0,Closed,2021-01-01 00:00:00,Performing
ADEBAYO ADEBOWALE,,No 29 progressive estate ayobo road celle bustop,,"=""22265501""","=""2514346""","=""828722""",Personal fixed term loan,2019-10-14 00:00:00,1500.00,0.00,,0.00,1950.00,NGN,0,Closed,2019-11-13 00:00:00,Performing
OMONYEMEN OSEGHALE,"=""22452857467""",NO 1 OSEGHALE STREET OFF ONEWA ROAD UROMI EDO STATE Esan N,,"=""22266050""","=""5353027""","=""1813238""",Personal fixed term loan,2020-03-13 00:00:00,2500.00,0.00,,0.00,3250.00,NGN,0,Closed,2020-04-14 00:00:00,Performing
EBERE DAVID,"=""22242328548""",PLOT 1068 WUYE ABUJA Municipal Area Council FCT,,"=""22267807""","=""9121321""","=""6005608126""",Personal fixed term loan,2020-10-30 00:00:00,5000.00,0.00,,0.00,6000.00,NGN,0,Closed,2020-11-16 00:00:00,Performing
OLUWAGBEMIGA OGUNDELE,"=""22505690078""",St Francis Catholic Church Manchok,,"=""22268105""","=""3951899""","=""795548613""",Personal fixed term loan,2020-03-07 00:00:00,10000.00,0.00,,0.00,12200.00,NGN,0,Closed,2020-04-06 00:00:00,Performing
umar muhammed,"=""22180789360""",BEHIND MTN MASK 1ST 200 UNIT LOKOJA Lokoja Kogi State,,"=""22268207""","=""5908034""","=""1660325""",Personal fixed term loan,2020-02-23 00:00:00,2500.00,0.00,,0.00,2500.00,NGN,0,Closed,2020-03-24 00:00:00,Performing
AKEEM HASSAN,,2 ANUOLUWAPO STREET HERITAGE ESTATE AKUTE Ifo Ogun State,,"=""22268241""","=""3949043""","=""2058843053""",Personal fixed term loan,2020-02-19 00:00:00,1500.00,0.00,,0.00,1870.00,NGN,0,Closed,2020-03-20 00:00:00,Performing
EFFIONG AKANIMO,"=""22177927533""",45 PEPEYE AREA BESIDE APOSTOLIC CHURCH OLD IFE ROAD IBADAN,,"=""22260937""","=""7140838""","=""1962781""",Personal fixed term loan,2020-04-19 00:00:00,2500.00,0.00,,0.00,3250.00,NGN,0,Closed,2020-05-19 00:00:00,Performing
EFFIONG AKANIMO,"=""22177927533""",45 PEPEYE AREA BESIDE APOSTOLIC CHURCH OLD IFE ROAD IBADAN,,"=""22260937""","=""7140838""","=""2052992643""",Personal fixed term loan,2020-04-19 00:00:00,2500.00,0.00,,0.00,3250.00,NGN,0,Closed,2020-05-19 00:00:00,Performing
SEGUN FAKUNLE,,FORMWAN AREA IRAGBIJI OSUN STATE Boripe Osun State,,"=""22263160""","=""1761376""","=""41040181""",Personal fixed term loan,2019-10-10 00:00:00,5000.00,0.00,,0.00,6250.00,NGN,0,Closed,2019-11-11 00:00:00,Performing
MAXWELL AGOT,,Alia estate,,"=""22264279""","=""1459033""","=""642552""",Personal fixed term loan,2019-09-11 00:00:00,5000.00,0.00,,0.00,6250.00,NGN,0,Closed,2019-10-11 00:00:00,Performing
SANNI OSENI,,35 BADA STREET MOSHALASHI BUS STOP SURULERE AREA  AmuwoOdo,,"=""22266051""","=""1462471""","=""216983495""",Personal fixed term loan,2019-08-17 00:00:00,2500.00,0.00,,0.00,3120.00,NGN,0,Closed,2019-09-16 00:00:00,Performing
FIDELIS NJOBA,,IHENN COMMUINTY SEC SCHOOL Ohaozara Ebonyi State,,"=""22266753""","=""5571040""","=""1585518""",Personal fixed term loan,2020-02-12 00:00:00,2500.00,0.00,,0.00,2870.00,NGN,0,Closed,2020-02-27 00:00:00,Performing
FIDELIS NJOBA,,IHENN COMMUINTY SEC SCHOOL Ohaozara Ebonyi State,,"=""22266753""","=""5571040""","=""1721071""",Personal fixed term loan,2020-03-02 00:00:00,5000.00,0.00,,0.00,5750.00,NGN,0,Closed,2020-03-17 00:00:00,Performing
FIDELIS NJOBA,,IHENN COMMUINTY SEC SCHOOL Ohaozara Ebonyi State,,"=""22266753""","=""5571040""","=""796107242""",Personal fixed term loan,2020-03-02 00:00:00,5000.00,0.00,,0.00,5750.00,NGN,0,Closed,2020-03-17 00:00:00,Performing
CHALLA NDUGHAT,,BEHIND NIGERIA POLICE POST OUTPOST GARKAWA MASAKA,,"=""22267604""","=""7298995""","=""10519768""",Personal fixed term loan,2023-06-07 00:00:00,5000.00,0.00,,0.00,6500.00,NGN,0,Closed,2023-07-07 00:00:00,Performing
AYOBAMI OGANLA,"=""22480228244""",IJEFUN AREA MONIYA IBADAN Akinyele Oyo State,,"=""22268023""","=""6270782""","=""1794261""",Personal fixed term loan,2020-03-11 00:00:00,5000.00,0.00,,0.00,5750.00,NGN,0,Closed,2020-03-26 00:00:00,Performing
AYOBAMI OGANLA,"=""22480228244""",IJEFUN AREA MONIYA IBADAN Akinyele Oyo State,,"=""22268023""","=""6270782""","=""5337295010""",Personal fixed term loan,2020-03-11 00:00:00,5000.00,0.00,,0.00,5750.00,NGN,0,Closed,2020-03-26 00:00:00,Performing
adebayo akindele,,akindele residence sawmill abaletu oremoje iseyin Iseyin O,,"=""22268123""","=""2763269""","=""3058201184""",Personal fixed term loan,2020-02-03 00:00:00,2500.00,0.00,,0.00,2870.00,NGN,0,Closed,2020-02-18 00:00:00,Performing
ABEEBLAHI USMAN,"=""22398053374""",Nigeria,,"=""22268174""","=""1582721""","=""3107287468""",Personal fixed term loan,2019-08-15 00:00:00,5000.00,0.00,,0.00,6500.00,NGN,0,Closed,2019-09-16 00:00:00,Performing
ABEEBLAHI USMAN,"=""22398053374""",Nigeria,,"=""22268174""","=""1582721""","=""488767""",Personal fixed term loan,2019-08-15 00:00:00,5000.00,0.00,,0.00,6500.00,NGN,0,Closed,2019-09-16 00:00:00,Performing
DESMOND AMENA,"=""22471684846""",AMENAS HOUSE HEMBADOON AMENA CRESCENT OFF TERWASE AGBADU R,,"=""22268374""","=""6105959""","=""1872882""",Personal fixed term loan,2020-03-23 00:00:00,2500.00,0.00,,0.00,3120.00,NGN,0,Closed,2020-04-22 00:00:00,Performing
DESMOND AMENA,"=""22471684846""",AMENAS HOUSE HEMBADOON AMENA CRESCENT OFF TERWASE AGBADU R,,"=""22268374""","=""6105959""","=""316057704""",Personal fixed term loan,2020-03-23 00:00:00,2500.00,0.00,,0.00,3120.00,NGN,0,Closed,2020-04-22 00:00:00,Performing
TAIWO OYINALABI,"=""22313666535""",75 EGBE RDEJIGBOILEEPO BSTOP EGBE RDLAGOS OshodiIsolo Lago,,"=""22268425""","=""6794564""","=""1925590""",Personal fixed term loan,2020-04-06 00:00:00,10000.00,0.00,,0.00,13000.00,NGN,0,Closed,2020-05-06 00:00:00,Performing
YETUNDE NOSIRU,"=""22333183885""",4 JAGUNMOLU STREET OFF GALILEE AVENUE ISHAGA IfakoIjaiye L,,"=""22264263""","=""5491498""","=""1765868""",Personal fixed term loan,2020-03-07 00:00:00,10000.00,0.00,,0.00,12500.00,NGN,0,Closed,2020-04-06 00:00:00,Performing
EFOSA OSARUMWENSE,"=""22326977866""",NO 1 ST JAMES OFF BANKOLE STREET OFF WILOPHY ROAD CELENIZE,,"=""22266067""","=""4608283""","=""892008734""",Personal fixed term loan,2019-12-31 00:00:00,10000.00,0.00,,0.00,13000.00,NGN,0,Closed,2020-01-30 00:00:00,Performing
EBITUANIPRE JAMES,,CHIEF GOEFREY JAMES RESIDENCE PHED 1 AKABIR COMMUNITY PH Y,,"=""22266637""","=""2344093""","=""85223740""",Personal fixed term loan,2020-02-23 00:00:00,1500.00,0.00,,0.00,1870.00,NGN,0,Closed,2020-03-24 00:00:00,Performing
NASIRU MUSA,,NO 8 DR YUSUF STREET KUTUNKU GWAGWALADA ABUJA Gwagwalada F,,"=""22267939""","=""214345""","=""22235403""",Personal fixed term loan,2020-04-20 00:00:00,1500.00,0.00,,0.00,1830.00,NGN,0,Closed,2020-05-20 00:00:00,Performing
BOLUWATIFE OBARO,"=""22463175848""",6 AIYEDUN STR ALAKUKO Alimosho Lagos State,,"=""22268075""","=""5548736""","=""1745726""",Personal fixed term loan,2020-03-04 00:00:00,2500.00,0.00,,0.00,2870.00,NGN,0,Closed,2020-03-19 00:00:00,Performing
DAVID ARALA,,14 OKEDE STREET USEN EDO STATE Ovia SouthWest Edo State,,"=""22268122""","=""2762498""","=""14083023""",Personal fixed term loan,2019-10-23 00:00:00,1500.00,0.00,,0.00,1720.00,NGN,0,Closed,2019-11-07 00:00:00,Performing
SAMUEL IJIOLA,"=""22344950663""",19 OLUWOLE STREET SARAKI BUS STOP ADIGBE ABK Abeokuta Sout,,"=""22268258""","=""5493887""","=""1537936""",Personal fixed term loan,2020-02-05 00:00:00,2500.00,0.00,,0.00,2870.00,NGN,0,Closed,2020-02-20 00:00:00,Performing
UCHE EJIBA,,CARITAS UNIVERSITY AMORJI NIKE ENUGU,,"=""22268509""","=""7651232""","=""2227420""",Personal fixed term loan,2020-07-27 00:00:00,5000.00,0.00,,0.00,6000.00,NGN,0,Closed,2020-08-11 00:00:00,Performing
UCHE EJIBA,,CARITAS UNIVERSITY AMORJI NIKE ENUGU,,"=""22268509""","=""7651232""","=""3029923828""",Personal fixed term loan,2020-07-27 00:00:00,5000.00,0.00,,0.00,6000.00,NGN,0,Closed,2020-08-11 00:00:00,Performing
RIDWAAH ADEKOYA,"=""22379454679""",5 AYANLU STREET ISOLO BUS STOP OshodiIsolo Lagos State,,"=""22268556""","=""1338263""","=""214588322""",Personal fixed term loan,2019-07-30 00:00:00,2000.00,0.00,,0.00,2500.00,NGN,0,Closed,2019-08-29 00:00:00,Performing
RAMOTA ORUNSOLU,"=""22189108032""",45 OMOWUNMI STREET MUSHIN LAGOS  Mushin Lagos State,,"=""22268624""","=""5946020""","=""1724831""",Personal fixed term loan,2020-03-02 00:00:00,5000.00,0.00,,0.00,5750.00,NGN,0,Closed,2020-03-17 00:00:00,Performing
RAMOTA ORUNSOLU,"=""22189108032""",45 OMOWUNMI STREET MUSHIN LAGOS  Mushin Lagos State,,"=""22268624""","=""5946020""","=""2086451044""",Personal fixed term loan,2020-03-02 00:00:00,5000.00,0.00,,0.00,5750.00,NGN,0,Closed,2020-03-17 00:00:00,Performing
OLATUNDE AJAGBE,"=""22382723061""",5 AWEDA BALOGUN STR GIWA OKEARO Ifo Ogun State,,"=""22268807""","=""6005813""","=""1695000""",Personal fixed term loan,2020-02-27 00:00:00,2500.00,0.00,,0.00,2870.00,NGN,0,Closed,2020-03-13 00:00:00,Performing
RIDWAN MUHAMMAD ISHAQ,"=""22318730600""",4 DAWAKI ROAD ABAKPA VILLAGE KADUNA NORTH Kaduna North Kad,,"=""22268875""","=""4572227""","=""163914023""",Personal fixed term loan,2019-12-30 00:00:00,10000.00,0.00,,0.00,13000.00,NGN,0,Closed,2020-01-29 00:00:00,Performing
IBRAHIM AHAMAD,"=""22379799486""",KOFAR FADA KAFUR Kafur Katsina State,,"=""22268943""","=""3616718""","=""3102015581""",Personal fixed term loan,2020-03-18 00:00:00,1500.00,0.00,,0.00,1870.00,NGN,0,Closed,2020-04-17 00:00:00,Performing
FRANKLIN ODOEMENA,"=""22171714456""",16 PACIFIC CLOSE ELIOZU PH ObioAkpor Rivers State,,"=""22269011""","=""6144902""","=""3758272""",Personal fixed term loan,2021-05-19 00:00:00,15000.00,0.00,,0.00,17700.00,NGN,0,Closed,2021-06-03 00:00:00,Performing
ADEKEMI MOULD,"=""22145108285""",BACK OF ARENAOFF TREE OF LIFE ESTATE RD RCCG CAMP Obafemi,,"=""22255480""","=""5827059""","=""2001231009""",Personal fixed term loan,2020-02-24 00:00:00,35000.00,0.00,,0.00,40250.00,NGN,0,Closed,2020-03-10 00:00:00,Performing
SAMUEL OMOLEYE,,NO4 OMISANJANA  Ado Ekiti Ekiti State,,"=""22255615""","=""5379270""","=""1809255""",Personal fixed term loan,2020-03-13 00:00:00,1500.00,0.00,,0.00,1870.00,NGN,0,Closed,2020-04-14 00:00:00,Performing
SAMUEL OMOLEYE,,NO4 OMISANJANA  Ado Ekiti Ekiti State,,"=""22255615""","=""5379270""","=""2081308765""",Personal fixed term loan,2020-03-13 00:00:00,1500.00,0.00,,0.00,1870.00,NGN,0,Closed,2020-04-14 00:00:00,Performing
SURAT SURAKAT,"=""22309117270""",1 ATORILATE STREET OFF MABINUORI STRISHERI OLOFIN Ifo Ogun,,"=""22255815""","=""5783034""","=""119128258""",Personal fixed term loan,2020-02-27 00:00:00,2500.00,0.00,,0.00,3250.00,NGN,0,Closed,2020-03-30 00:00:00,Performing
SURAT SURAKAT,"=""22309117270""",1 ATORILATE STREET OFF MABINUORI STRISHERI OLOFIN Ifo Ogun,,"=""22255815""","=""5783034""","=""1696148""",Personal fixed term loan,2020-02-27 00:00:00,2500.00,0.00,,0.00,3250.00,NGN,0,Closed,2020-03-30 00:00:00,Performing
NEHEMIAH ILIYA,"=""22198548720""",HOUSE 3 BEFORE ECWA CHURCH RIVERS STREET DUTSE null,"=""2348067713346""","=""22258824""","=""1928127""","=""2007414073""",Personal fixed term loan,2020-02-14 00:00:00,10000.00,0.00,,0.00,13000.00,NGN,0,Closed,2020-03-16 00:00:00,Performing
CHIGOZIE AKUJOR,"=""22313450859""",FIDENTITY LODGE UMUCHIMA FUTO OWERRI IMO STATE Owerri Nort,,"=""22260810""","=""10185451""","=""140456465""",Personal fixed term loan,2020-12-23 00:00:00,10000.00,0.00,,0.00,12000.00,NGN,0,Closed,2021-01-07 00:00:00,Performing
OLUWASEGUN FASHORO,"=""22272868900""",Awkaetitiogunzelle village,,"=""22262499""","=""1533529""","=""164392419""",Personal fixed term loan,2019-11-04 00:00:00,5000.00,0.00,,0.00,6250.00,NGN,0,Closed,2019-12-04 00:00:00,Performing
OLAITAN AKANDE,"=""22520644078""",C12 ISALE APATA STREET ILOBAOSUN STATE  Atakunmosa West Os,,"=""22263317""","=""5819518""","=""1634679""",Personal fixed term loan,2020-02-19 00:00:00,1500.00,0.00,,0.00,1500.00,NGN,0,Closed,2020-03-05 00:00:00,Performing
NEFISAT ALIH,,12 MOTAKO ITOKIN IJEBU ODE OGUN STATE Ijebu Ode Ogun State,,"=""22264908""","=""5605453""","=""2123127840""",Personal fixed term loan,2020-03-10 00:00:00,5000.00,0.00,,0.00,5750.00,NGN,0,Closed,2020-03-25 00:00:00,Performing
goddey joseph,"=""22244973555""",18 ahmed str ahmadiyya bus stop Alimosho Lagos State,,"=""22266043""","=""5845504""","=""2212830873""",Personal fixed term loan,2020-03-21 00:00:00,5000.00,0.00,,0.00,6250.00,NGN,0,Closed,2020-04-20 00:00:00,Performing
OLAJIDE FAMEWO,"=""22245672444""",15 OLUWAKEMI STREET ONIPANU Mushin Lagos State,,"=""22266061""","=""6502342""","=""1004715370""",Personal fixed term loan,2020-03-22 00:00:00,10000.00,0.00,,0.00,13000.00,NGN,0,Closed,2020-04-21 00:00:00,Performing
ELIZABETH OGUNDIPE,,MAJE SULEJA Suleja Niger State,,"=""22268047""","=""2449766""","=""3099088119""",Personal fixed term loan,2019-12-11 00:00:00,1500.00,0.00,,0.00,1720.00,NGN,0,Closed,2019-12-27 00:00:00,Performing
MUSA ABUBAKAR,"=""22506490716""",Tudun wada koko,,"=""22268098""","=""1383212""","=""411129""",Personal fixed term loan,2019-07-23 00:00:00,7500.00,0.00,,0.00,9370.00,NGN,0,Closed,2019-08-26 00:00:00,Performing
tope ojo,"=""22388486588""",1 IDMALO STREET ONDO Ondo West Ondo State,,"=""22268401""","=""5909813""","=""3087610276""",Personal fixed term loan,2020-03-23 00:00:00,2500.00,0.00,,0.00,3250.00,NGN,0,Closed,2020-04-22 00:00:00,Performing
UBON EKAENIN,,NO1 OBOM STREET Ikot Ekpene Akwa Ibom State,,"=""22268498""","=""832061""","=""101515123""",Personal fixed term loan,2019-12-11 00:00:00,1500.00,0.00,,0.00,1720.00,NGN,0,Closed,2019-12-27 00:00:00,Performing
FAVOUR ANORO,"=""22501322676""",NO 03 CHIEF BENSON STREET OFF RUMUOLA ROAD PORT HARCOURT P,,"=""22259385""","=""7403773""","=""10482282""",Personal fixed term loan,2023-06-03 00:00:00,5000.00,0.00,,0.00,6000.00,NGN,0,Closed,2023-06-18 00:00:00,Performing
FAVOUR ANORO,"=""22501322676""",NO 03 CHIEF BENSON STREET OFF RUMUOLA ROAD PORT HARCOURT P,,"=""22259385""","=""7403773""","=""10490538""",Personal fixed term loan,2023-06-03 00:00:00,5000.00,0.00,,0.00,6075.00,NGN,0,Closed,2023-06-18 00:00:00,Performing
PRECIOUS OYAKHIRE,"=""22178219110""",8 EZEGBEBE STREET OFF UPPER MISSION EXT BENIN CITY Oredo E,,"=""22260789""","=""8052661""","=""2044680523""",Personal fixed term loan,2020-08-05 00:00:00,15000.00,0.00,,0.00,17700.00,NGN,0,Closed,2020-08-20 00:00:00,Performing
FAVOUR EGUMAH,"=""22545671088""",10 HOPE CLOSE ARIFANLA AKUTE OGUN Ifo Ogun State,,"=""22261627""","=""7136677""","=""1959088""",Personal fixed term loan,2020-04-18 00:00:00,1500.00,0.00,,0.00,1720.00,NGN,0,Closed,2020-05-04 00:00:00,Performing
MARY ADEBAYO,"=""22536241322""",NO 7 SAKE SEMI STREET HAJJI CAMP AREA GAA ODOTA ILORIN KWA,,"=""22263129""","=""6258331""","=""1790074""",Personal fixed term loan,2020-03-10 00:00:00,2500.00,0.00,,0.00,3250.00,NGN,0,Closed,2020-04-09 00:00:00,Performing
MARY ADEBAYO,"=""22536241322""",NO 7 SAKE SEMI STREET HAJJI CAMP AREA GAA ODOTA ILORIN KWA,,"=""22263129""","=""6258331""","=""510823679""",Personal fixed term loan,2020-03-10 00:00:00,2500.00,0.00,,0.00,3250.00,NGN,0,Closed,2020-04-09 00:00:00,Performing
SUNDAY OLADELE,"=""22385177511""",no 24losunla store Odigbo Ondo State,,"=""22263231""","=""5979013""","=""1802343""",Personal fixed term loan,2020-03-12 00:00:00,5000.00,0.00,,0.00,5750.00,NGN,0,Closed,2020-03-27 00:00:00,Performing
AYODEJI AKINTOYESE,"=""22162031940""",KOBIOWU CLOSE OMOBOLANLE PETROL STATION OFATEDO Egbedore O,,"=""22264040""","=""5935891""","=""1826149""",Personal fixed term loan,2020-03-16 00:00:00,15000.00,0.00,,0.00,18750.00,NGN,0,Closed,2020-04-15 00:00:00,Performing
ABIODUN BABATIMONI,,4951 RAINBOW STREET ONDO Ondo West Ondo State,,"=""22265278""","=""6037273""","=""1762203""",Personal fixed term loan,2020-03-06 00:00:00,5000.00,0.00,,0.00,6250.00,NGN,0,Closed,2020-04-06 00:00:00,Performing
ABIODUN BABATIMONI,,4951 RAINBOW STREET ONDO Ondo West Ondo State,,"=""22265278""","=""6037273""","=""2266767914""",Personal fixed term loan,2020-03-06 00:00:00,5000.00,0.00,,0.00,6250.00,NGN,0,Closed,2020-04-06 00:00:00,Performing
OLUKAYODE arulogun,"=""22245726385""",10 UNITY ROAD OKE AFA ISOLOLAGOS OshodiIsolo Lagos State,,"=""22265980""","=""621049""","=""853541""",Personal fixed term loan,2019-10-18 00:00:00,10000.00,0.00,,0.00,11500.00,NGN,0,Closed,2019-11-04 00:00:00,Performing
ADEKUNLE ADEMOLA,"=""22439069959""",43 RUMUCHIOLU RD ENEKA SCHOOL JUNCTION PHC  ObioAkpor Riv,,"=""22266673""","=""3257551""","=""229742715""",Personal fixed term loan,2020-03-03 00:00:00,2500.00,0.00,,0.00,3120.00,NGN,0,Closed,2020-04-02 00:00:00,Performing
OFUAFUO ORUGBOH,,51 MARKET ROAD SAPELE Sapele Delta Delta State,,"=""22267575""","=""5943454""","=""1673983""",Personal fixed term loan,2020-02-25 00:00:00,2500.00,0.00,,0.00,2500.00,NGN,0,Closed,2020-03-26 00:00:00,Performing
OLUWATOMIWA AKANBI,"=""22512767552""",Block OPlot 7 Oke Ureje Quarters Aseyori Street Off P,,"=""22267975""","=""5344769""","=""1504925""",Personal fixed term loan,2020-02-01 00:00:00,2500.00,0.00,,0.00,3250.00,NGN,0,Closed,2020-03-02 00:00:00,Performing
ROFIAT ADEWALE,"=""22438742925""",5 ISAWUNA STREET MONIYA IBADAN Akinyele Oyo State,,"=""22267984""","=""5230958""","=""6551550866""",Personal fixed term loan,2020-02-27 00:00:00,5000.00,0.00,,0.00,6250.00,NGN,0,Closed,2020-03-30 00:00:00,Performing
TORYIMA IORCHIA,"=""22417807643""",16 MIKE JUKU STRRET ADEKAA Gboko Benue State,,"=""22263136""","=""3825127""","=""2093327282""",Personal fixed term loan,2020-03-12 00:00:00,1500.00,0.00,,0.00,1870.00,NGN,0,Closed,2020-04-14 00:00:00,Performing
UZOAMAKA CHUKWUMA,,Goriola bus stoperunwe road ikorodu,,"=""22264271""","=""2557660""","=""840447""",Personal fixed term loan,2019-10-16 00:00:00,2500.00,0.00,,0.00,3250.00,NGN,0,Closed,2019-11-15 00:00:00,Performing
DANIEL IMAKHUOGA,"=""22299375717""",CLOSE TO GENESISI FAST FOODRUMUCHAKARA CHOBA ObioAkpor Riv,,"=""22264339""","=""5800111""","=""1629986""",Personal fixed term loan,2020-02-18 00:00:00,2500.00,0.00,,0.00,2870.00,NGN,0,Closed,2020-03-04 00:00:00,Performing
DANIEL IMAKHUOGA,"=""22299375717""",CLOSE TO GENESISI FAST FOODRUMUCHAKARA CHOBA ObioAkpor Riv,,"=""22264339""","=""5800111""","=""760448827""",Personal fixed term loan,2020-02-18 00:00:00,2500.00,0.00,,0.00,2870.00,NGN,0,Closed,2020-03-04 00:00:00,Performing
TOHEEB ISHOLA,"=""22487067730""",3 SURU STREET AGEGE LAGOS Agege Lagos State,,"=""22264940""","=""6627691""","=""34289939""",Personal fixed term loan,2020-04-05 00:00:00,2500.00,0.00,,0.00,2870.00,NGN,0,Closed,2020-04-20 00:00:00,Performing
WELLINGTON OBIETONYE,,8 OBUDU STR MILE 1 DIOBU Port Harcourt Rivers State,,"=""22266629""","=""6034384""","=""10466903""",Personal fixed term loan,2023-06-01 00:00:00,5000.00,0.00,,0.00,6125.00,NGN,0,Closed,2023-07-01 00:00:00,Performing
SUNDAY APPOLOS,"=""22343286778""",NO 20 GYC ROAD ALETO ELEME Eleme Rivers State,,"=""22266676""","=""6124498""","=""1740650""",Personal fixed term loan,2020-03-04 00:00:00,10000.00,0.00,,0.00,13000.00,NGN,0,Closed,2020-04-03 00:00:00,Performing
OPEYEMI OLAWUYI,"=""22230920725""",64 SALVATION ARMY ROAD ADAMASINGBA  Ibadan North Oyo Stat,,"=""22268083""","=""1387022""","=""802231655""",Personal fixed term loan,2019-10-14 00:00:00,2500.00,0.00,,0.00,3120.00,NGN,0,Closed,2019-11-13 00:00:00,Performing
BRIDGET LASABI,"=""22373811171""",3 SOMADE CLOSE OKEODO OFF ABIOLA WAY ABEOKUTA  Abeokuta No,,"=""22268198""","=""1605251""","=""210373474""",Personal fixed term loan,2019-08-15 00:00:00,1500.00,0.00,,0.00,1950.00,NGN,0,Closed,2019-09-16 00:00:00,Performing
AMINA AHMAD,"=""22275822918""",BABBAN LAYI FARAWA  Kumbotso Kano State,,"=""22268297""","=""10385831""","=""3092746250""",Personal fixed term loan,2020-12-19 00:00:00,10000.00,0.00,,0.00,12000.00,NGN,0,Closed,2021-01-04 00:00:00,Performing
ODUNAYO EYINADE,"=""22213103574""",47 COLLEGE CRST OKE ADO IB NEW CASTLE HSTL RM9 PH1 EKSU Ek,,"=""22268334""","=""2829230""","=""120868079""",Personal fixed term loan,2020-03-11 00:00:00,5000.00,0.00,,0.00,6250.00,NGN,0,Closed,2020-04-14 00:00:00,Performing
OLUWAPELUMI ADEDIRAN,,25adesanya street mafoluku oshodi,,"=""22268433""","=""1739684""","=""637497""",Personal fixed term loan,2019-09-11 00:00:00,2500.00,0.00,,0.00,3120.00,NGN,0,Closed,2019-10-11 00:00:00,Performing
Abiola Fatokun,"=""22439790518""",Ile oluji,,"=""22268501""","=""2202488""","=""752334""",Personal fixed term loan,2019-10-01 00:00:00,2500.00,0.00,,0.00,2870.00,NGN,0,Closed,2019-10-16 00:00:00,Performing
SHOLA ABIYE,"=""22490475311""",2 TOKOTAYA IGBOSORO ODOGUNYAN Ikorodu Lagos State,,"=""22268548""","=""1068785""","=""70411497""",Personal fixed term loan,2019-09-30 00:00:00,1500.00,0.00,,0.00,1950.00,NGN,0,Closed,2019-10-30 00:00:00,Performing
ASMAU SANI,"=""22437777274""",42 USANUSI AKOTE ROAD Kaduna South Kaduna State,,"=""22268951""","=""5394317""","=""1507494""",Personal fixed term loan,2020-02-01 00:00:00,2500.00,0.00,,0.00,3250.00,NGN,0,Closed,2020-03-02 00:00:00,Performing
ESTHER DANFULANI,,FLAT 1 BLOCK 6 22 KUBWA ABUJA Bwari FCT,,"=""22269066""","=""6146129""","=""100327107""",Personal fixed term loan,2020-04-14 00:00:00,5000.00,0.00,,0.00,6250.00,NGN,0,Closed,2020-05-14 00:00:00,Performing
STELLA ADEDOKUN,"=""22513285950""",10 AYINLA SADIKU STREET IJOKO  Ifo Ogun State,,"=""22264476""","=""7145614""","=""2123732668""",Personal fixed term loan,2020-04-20 00:00:00,1500.00,0.00,,0.00,1720.00,NGN,0,Closed,2020-05-05 00:00:00,Performing
IKAM UNDIANDEYE,"=""22225807831""",79 ETA AGBOR CALABAR Calabar Municipal Cross River State,,"=""22266037""","=""2994769""","=""2211154657""",Personal fixed term loan,2020-03-16 00:00:00,5000.00,0.00,,0.00,6100.00,NGN,0,Closed,2020-04-15 00:00:00,Performing
PRECIOUS OGUNLOWO,"=""22170595294""",DEPT OF BUSINESS ADMINISTRATIO NESITMUSEN POLY EDO STATE O,,"=""22266071""","=""6678580""","=""2644236""",Personal fixed term loan,2020-10-24 00:00:00,15000.00,0.00,,0.00,17400.00,NGN,0,Closed,2020-11-23 00:00:00,Performing
PRECIOUS OGUNLOWO,"=""22170595294""",DEPT OF BUSINESS ADMINISTRATIO NESITMUSEN POLY EDO STATE O,,"=""22266071""","=""6678580""","=""429317524""",Personal fixed term loan,2020-10-24 00:00:00,15000.00,0.00,,0.00,17400.00,NGN,0,Closed,2020-11-23 00:00:00,Performing
FELICIA OWASI,"=""22188741339""",LUGBE ZONE 5 ABUJA  Municipal Area Council FCT,,"=""22267786""","=""6701341""","=""1915660""",Personal fixed term loan,2020-03-31 00:00:00,2500.00,0.00,,0.00,2870.00,NGN,0,Closed,2020-04-15 00:00:00,Performing
TOHEEB AJIBOLA AKINOLA,"=""22163480833""",NO 3 ROAD 8 IDIORO AREA SOKA IBADAN  Oluyole Oyo State,,"=""22267977""","=""6156758""","=""109342895""",Personal fixed term loan,2020-03-18 00:00:00,10000.00,0.00,,0.00,13000.00,NGN,0,Closed,2020-04-17 00:00:00,Performing
TOHEEB AJIBOLA AKINOLA,"=""22163480833""",NO 3 ROAD 8 IDIORO AREA SOKA IBADAN  Oluyole Oyo State,,"=""22267977""","=""6156758""","=""1843528""",Personal fixed term loan,2020-03-18 00:00:00,10000.00,0.00,,0.00,13000.00,NGN,0,Closed,2020-04-17 00:00:00,Performing
FUNMILAYO ITIOLA,"=""22388581852""",2 FATUNSI RD AYEGUN AREA Oluyole Oyo State,,"=""22268011""","=""6109151""","=""1733567""",Personal fixed term loan,2020-03-03 00:00:00,2500.00,0.00,,0.00,2870.00,NGN,0,Closed,2020-03-18 00:00:00,Performing
FUNMILAYO ITIOLA,"=""22388581852""",2 FATUNSI RD AYEGUN AREA Oluyole Oyo State,,"=""22268011""","=""6109151""","=""63772334""",Personal fixed term loan,2020-03-03 00:00:00,2500.00,0.00,,0.00,2870.00,NGN,0,Closed,2020-03-18 00:00:00,Performing
QOZEEM BADMUS,,IDS ELEKAARA OYO Afijio Oyo State,,"=""22268079""","=""6424475""","=""1841952""",Personal fixed term loan,2020-03-18 00:00:00,2500.00,0.00,,0.00,2870.00,NGN,0,Closed,2020-04-02 00:00:00,Performing
QOZEEM BADMUS,,IDS ELEKAARA OYO Afijio Oyo State,,"=""22268079""","=""6424475""","=""3030240652""",Personal fixed term loan,2020-03-18 00:00:00,2500.00,0.00,,0.00,2870.00,NGN,0,Closed,2020-04-02 00:00:00,Performing
FUNMISHO ARAOYE,,15 OBA AKENZUA CRESCENT ONIREKE JERICHO  Oluyole Oyo State,,"=""22268084""","=""5881355""","=""1652291""",Personal fixed term loan,2020-02-21 00:00:00,1500.00,0.00,,0.00,1500.00,NGN,0,Closed,2020-03-23 00:00:00,Performing
ISREAL OGU,,BARIGA Shomolu Lagos State,,"=""22268118""","=""2578736""","=""4907278017""",Personal fixed term loan,2020-03-01 00:00:00,7500.00,0.00,,0.00,8620.00,NGN,0,Closed,2020-03-16 00:00:00,Performing
LATEEF SALIU,"=""22449982585""",155 ABEOKUTA EXPRESS WAY SANGO OTTA AdoOdoOta Ogun State,,"=""22268220""","=""4326530""","=""228769144""",Personal fixed term loan,2020-02-20 00:00:00,2500.00,0.00,,0.00,3120.00,NGN,0,Closed,2020-03-23 00:00:00,Performing
SELEEM AKINKUNMI,"=""22200360988""",25 BAASE COMPOUND ILE OGBO Aiyedire Osun State,,"=""22268479""","=""1908221""","=""14181589""",Personal fixed term loan,2020-01-10 00:00:00,1500.00,0.00,,0.00,1720.00,NGN,0,Closed,2020-01-27 00:00:00,Performing
TOHEEB OYETOLA,,Plot 1 providenc street lekki,,"=""22268586""","=""585278""","=""126549""",Personal fixed term loan,2019-03-08 00:00:00,1500.00,0.00,,0.00,1950.00,NGN,0,Closed,2019-04-08 00:00:00,Performing
HAMMED ADETOYE,,NO 79 ITAMERIN AREA IKIRE Irewole Osun State,,"=""22262469""","=""1477555""","=""3069220446""",Personal fixed term loan,2019-10-26 00:00:00,5000.00,0.00,,0.00,5750.00,NGN,0,Closed,2019-11-11 00:00:00,Performing
AYINDE ABDULMAJEED,"=""22362703276""",NO 24ILORINSABO LINE STREETKWARA Ilorin East Kwara State,,"=""22263191""","=""2596711""","=""126756118""",Personal fixed term loan,2020-02-15 00:00:00,10000.00,0.00,,0.00,13000.00,NGN,0,Closed,2020-03-16 00:00:00,Performing
HELEN DANIEL,"=""22294873281""",OSHINLE QRTS Akure South Ondo State,,"=""22263248""","=""3408136""","=""693714778""",Personal fixed term loan,2020-02-17 00:00:00,5000.00,0.00,,0.00,5750.00,NGN,0,Closed,2020-03-03 00:00:00,Performing
FEMI OSO,"=""22465966349""",C9 ILODI STREET IRUN AKOKO Akoko NorthWest Ondo State,,"=""22263291""","=""5934763""","=""1699686""",Personal fixed term loan,2020-02-28 00:00:00,5000.00,0.00,,0.00,5750.00,NGN,0,Closed,2020-03-16 00:00:00,Performing
FEMI OSO,"=""22465966349""",C9 ILODI STREET IRUN AKOKO Akoko NorthWest Ondo State,,"=""22263291""","=""5934763""","=""1725127""",Personal fixed term loan,2020-03-02 00:00:00,5000.00,0.00,,0.00,5750.00,NGN,0,Closed,2020-03-17 00:00:00,Performing
NASIRU ADISA BADRU,"=""22331961739""",12 SMITH STREET OFF JI LASISI STREET IDIORO MUSHIN Mushin,,"=""22264927""","=""1322950""","=""3064768110""",Personal fixed term loan,2019-10-05 00:00:00,2500.00,0.00,,0.00,2870.00,NGN,0,Closed,2019-10-21 00:00:00,Performing
kayode folorunso,"=""22377265729""",aderemi road ife Ife East Osun State,,"=""22265027""","=""6385897""","=""1830504""",Personal fixed term loan,2020-03-16 00:00:00,2500.00,0.00,,0.00,3250.00,NGN,0,Closed,2020-04-15 00:00:00,Performing
OMOTAYO ADEOYE,"=""22479327644""",13 FUNSO GEORGE STREET PUPOSOLA,,"=""22265277""","=""5842486""","=""1791331""",Personal fixed term loan,2020-03-10 00:00:00,10000.00,0.00,,0.00,12200.00,NGN,0,Closed,2020-04-09 00:00:00,Performing
OMOTAYO ADEOYE,"=""22479327644""",13 FUNSO GEORGE STREET PUPOSOLA,,"=""22265277""","=""5842486""","=""393082736""",Personal fixed term loan,2020-03-10 00:00:00,10000.00,0.00,,0.00,12200.00,NGN,0,Closed,2020-04-09 00:00:00,Performing
PRECIOUS OMALE,,Flat 4 Dr DK olukoya street FCDA kubwa abuja,,"=""22267678""","=""556804""","=""1316689""",Personal fixed term loan,2020-01-02 00:00:00,7500.00,0.00,,0.00,9150.00,NGN,0,Closed,2020-02-03 00:00:00,Performing
PRECIOUS OMALE,,Flat 4 Dr DK olukoya street FCDA kubwa abuja,,"=""22267678""","=""556804""","=""1713349""",Personal fixed term loan,2020-03-01 00:00:00,5000.00,0.00,,0.00,6000.00,NGN,0,Closed,2020-03-31 00:00:00,Performing
PRECIOUS OMALE,,Flat 4 Dr DK olukoya street FCDA kubwa abuja,,"=""22267678""","=""556804""","=""3135880718""",Personal fixed term loan,2020-03-01 00:00:00,5000.00,0.00,,0.00,6000.00,NGN,0,Closed,2020-03-31 00:00:00,Performing
samuel kehinde,"=""22231568935""",varsity avenue tanke Ilorin South Kwara State,,"=""22268378""","=""5592053""","=""2081369465""",Personal fixed term loan,2020-02-13 00:00:00,1500.00,0.00,,0.00,1950.00,NGN,0,Closed,2020-03-16 00:00:00,Performing
FLORAH AYODELE,"=""22197282151""",HOLY CITY ZION COLLEGE ROAD IGBOKODA  Ilaje Ondo State,,"=""22268535""","=""3562187""","=""3025496382""",Personal fixed term loan,2019-12-06 00:00:00,5000.00,0.00,,0.00,6250.00,NGN,0,Closed,2020-01-06 00:00:00,Performing
JOHN EDWARDS,"=""22162688630""",HOUSE 3 L CLOSE 2ND AVENUE 23 ROAD FESTAC TOWN AmuwoOdofin,,"=""22268614""","=""3985115""","=""13109933""",Personal fixed term loan,2020-01-27 00:00:00,7500.00,0.00,,0.00,9370.00,NGN,0,Closed,2020-02-26 00:00:00,Performing
YAKUBU MUSA,,X15 KAGORO CLOSE MALI ROAD TUDUN WADA Kaduna South Kaduna,,"=""22268828""","=""2650742""","=""264261514""",Personal fixed term loan,2019-10-19 00:00:00,1500.00,0.00,,0.00,1720.00,NGN,0,Closed,2019-11-04 00:00:00,Performing
UBOKUDOM NELSON,"=""22376274432""",135 udoumana street,"=""09051048126""","=""22136311""","=""44037725""","=""10610072""",Personal fixed term loan,2023-06-16 00:00:00,20000.00,25800.00,,0.00,25800.00,NGN,0,Open,2023-07-16 00:00:00,Performing
GANIYU MUHAMMED,,22 VON STREET EBUTE METTA Lagos Mainland Lagos State,,"=""22136562""","=""43962692""","=""10610411""",Personal fixed term loan,2023-06-16 00:00:00,7500.00,9675.00,,0.00,9675.00,NGN,0,Open,2023-07-16 00:00:00,Performing
LEBARISITA AZIAKA,"=""22415416768""",Rehoboth Lodge Aluu Choba port Harcourt,"=""8140697201""","=""22138434""","=""44063381""","=""10705016""",Personal fixed term loan,2023-06-26 00:00:00,7500.00,9675.00,,0.00,9675.00,NGN,0,Open,2023-07-26 00:00:00,Performing
SAMSON SUNDAY PAUL,"=""22298419230""",N3747B ONIYANRIN BEHINDE NITEL IBADAN,,"=""22237655""","=""6213857""","=""10218762""",Personal fixed term loan,2023-05-08 00:00:00,7500.00,0.00,,0.00,9750.00,NGN,0,Closed,2023-06-07 00:00:00,Performing
SAMSON SUNDAY PAUL,"=""22298419230""",N3747B ONIYANRIN BEHINDE NITEL IBADAN,,"=""22237655""","=""6213857""","=""10525010""",Personal fixed term loan,2023-06-07 00:00:00,20000.00,0.00,,0.00,24300.00,NGN,0,Closed,2023-06-22 00:00:00,Performing
AIGBOKHAODE OSHOKE WISDOM,"=""22264238351""",NO 10 OGBEIDE STR AFUZE ALONG AUCHI ROAD,,"=""22238225""","=""66539""","=""10323467""",Personal fixed term loan,2023-05-18 00:00:00,12500.00,0.00,,0.00,16125.00,NGN,0,Closed,2023-06-17 00:00:00,Performing
IBRAHIM AJISOPE,"=""22475504166""",NO 5 AJANGBADI BSTOP,,"=""22249138""","=""2405976""","=""5293071659""",Personal fixed term loan,2019-10-31 00:00:00,2500.00,0.00,,0.00,2870.00,NGN,0,Closed,2019-11-15 00:00:00,Performing
BASHAR ABDULLAHI,"=""22511652213""",SOKOTO Sokoto South Sokoto State,,"=""22251078""","=""6625878""","=""1900131""",Personal fixed term loan,2020-03-28 00:00:00,2500.00,0.00,,0.00,2870.00,NGN,0,Closed,2020-04-14 00:00:00,Performing
SELIMOT YUSUF,,11 PIPELINE ROAD TEMIDIRE ESTATE AJAYI FARM JUNC AKUTE Ifo O,,"=""22251810""","=""1684014""","=""113497037""",Personal fixed term loan,2020-03-18 00:00:00,20000.00,0.00,,0.00,24400.00,NGN,0,Closed,2020-04-17 00:00:00,Performing
fatima mustapha,"=""22355579758""",162 darmanawa qtrs,,"=""22251878""","=""6298398""","=""1804241""",Personal fixed term loan,2020-03-12 00:00:00,2500.00,0.00,,0.00,2870.00,NGN,0,Closed,2020-03-27 00:00:00,Performing
OLUSOLA WILSON,,NO28 POWERLINE MEIRAN Alimosho Lagos State,,"=""22253567""","=""1641108""","=""513427""",Personal fixed term loan,2019-08-21 00:00:00,1500.00,0.00,,0.00,1950.00,NGN,0,Closed,2019-09-20 00:00:00,Performing
OLUWAFEMI ILEMOBOLA,"=""22307757557""",71 KIRIKIRI ROAD APAPA LAGOS  Apapa Lagos State,,"=""22253750""","=""6816231""","=""60613832""",Personal fixed term loan,2020-04-08 00:00:00,2500.00,0.00,,0.00,2870.00,NGN,0,Closed,2020-04-23 00:00:00,Performing
WAHEED ABDULAHI,"=""22464092340""",10 AJENISE STREET  Ifo Ogun State,,"=""22255507""","=""6282348""","=""1798714""",Personal fixed term loan,2020-03-11 00:00:00,2500.00,0.00,,0.00,2870.00,NGN,0,Closed,2020-03-26 00:00:00,Performing
SOLIU YAHAYA,,NO 86Agegelagos,,"=""22255554""","=""932004""","=""118337""",Personal fixed term loan,2019-02-28 00:00:00,30000.00,0.00,,0.00,39000.00,NGN,0,Closed,2019-04-01 00:00:00,Performing
LILIAN FRANCIS,"=""22399325337""",NO 1706B OLUGBOSI CLOSE VI Eti Osa Lagos State,,"=""22255805""","=""3628716""","=""797157646""",Personal fixed term loan,2020-02-25 00:00:00,5000.00,0.00,,0.00,5750.00,NGN,0,Closed,2020-03-11 00:00:00,Performing
ELAEBI BISENI,"=""22463449103""",BISENIS HOUSE MILE ONE SAGBAMA BAYELSA STATE Yenagoa Bayel,,"=""22257426""","=""5334477""","=""1876828""",Personal fixed term loan,2020-03-24 00:00:00,2500.00,0.00,,0.00,3120.00,NGN,0,Closed,2020-04-23 00:00:00,Performing
ELAEBI BISENI,"=""22463449103""",BISENIS HOUSE MILE ONE SAGBAMA BAYELSA STATE Yenagoa Bayel,,"=""22257426""","=""5334477""","=""265867559""",Personal fixed term loan,2020-03-24 00:00:00,2500.00,0.00,,0.00,3120.00,NGN,0,Closed,2020-04-23 00:00:00,Performing
johnson oyewole,"=""22209859014""",15 ayoola streetoworonsoki lagos Kosofe Lagos State,,"=""22266039""","=""6755068""","=""2189609829""",Personal fixed term loan,2020-04-03 00:00:00,2500.00,0.00,,0.00,3250.00,NGN,0,Closed,2020-05-04 00:00:00,Performing
JEREMIAH DANLADI,"=""22331463697""",COCIN DADAH GANAWURI Riyom Plateau State,,"=""22266639""","=""6164248""","=""1798831""",Personal fixed term loan,2020-03-11 00:00:00,15000.00,0.00,,0.00,19500.00,NGN,0,Closed,2020-04-14 00:00:00,Performing
SCHULAMITE MICHAEL,"=""22375505348""",CAMEROUNAMATWON Brass Bayelsa State,,"=""22266707""","=""6192928""","=""1965263""",Personal fixed term loan,2020-04-20 00:00:00,5000.00,0.00,,0.00,6250.00,NGN,0,Closed,2020-05-20 00:00:00,Performing
SCHULAMITE MICHAEL,"=""22375505348""",CAMEROUNAMATWON Brass Bayelsa State,,"=""22266707""","=""6192928""","=""3102243560""",Personal fixed term loan,2020-04-20 00:00:00,5000.00,0.00,,0.00,6250.00,NGN,0,Closed,2020-05-20 00:00:00,Performing
RICHARD OBIAGWU,,Plot 322 Karu FHA phase 2 Abuja,,"=""22267911""","=""1949443""","=""4631050217""",Personal fixed term loan,2019-09-27 00:00:00,5000.00,0.00,,0.00,5750.00,NGN,0,Closed,2019-10-14 00:00:00,Performing
RICHARD OBIAGWU,,Plot 322 Karu FHA phase 2 Abuja,,"=""22267911""","=""1949443""","=""730103""",Personal fixed term loan,2019-09-27 00:00:00,5000.00,0.00,,0.00,5750.00,NGN,0,Closed,2019-10-14 00:00:00,Performing
OJO OLOMOSOLA,,OE 2325 ORITA CHALLENGE IBADAN Ibadan SouthWest Oyo State,,"=""22268009""","=""5972732""","=""1730450""",Personal fixed term loan,2020-03-03 00:00:00,5000.00,0.00,,0.00,5750.00,NGN,0,Closed,2020-03-18 00:00:00,Performing
OJO OLOMOSOLA,,OE 2325 ORITA CHALLENGE IBADAN Ibadan SouthWest Oyo State,,"=""22268009""","=""5972732""","=""692178931""",Personal fixed term loan,2020-03-03 00:00:00,5000.00,0.00,,0.00,5750.00,NGN,0,Closed,2020-03-18 00:00:00,Performing
CHINEDU EKOH,"=""22291498139""",Ezi CHUKWU mgbom afikpo North LGA ebonyi state,,"=""22268120""","=""1673144""","=""718422""",Personal fixed term loan,2019-09-26 00:00:00,2500.00,0.00,,0.00,2870.00,NGN,0,Closed,2019-10-11 00:00:00,Performing
TANIMOLA OLUWAFEMI,,COTTAGE HOSPITAL RD BESIDE EUCHARISTIC Aba South Abia Stat,,"=""22268188""","=""1614416""","=""2077575692""",Personal fixed term loan,2020-03-02 00:00:00,7500.00,0.00,,0.00,9000.00,NGN,0,Closed,2020-04-01 00:00:00,Performing
SEGUN DAVID,"=""22530775036""",18 OGUNMEFUN STREET BARIGA Shomolu Lagos State,,"=""22268209""","=""5116427""","=""2131918153""",Personal fixed term loan,2020-03-04 00:00:00,5000.00,0.00,,0.00,6250.00,NGN,0,Closed,2020-04-03 00:00:00,Performing
ADEYOSOLA ADEBAYO,"=""22331400007""",1,,"=""22268213""","=""6132092""","=""1796127""",Personal fixed term loan,2020-03-11 00:00:00,7500.00,0.00,,0.00,9370.00,NGN,0,Closed,2020-04-14 00:00:00,Performing
ADEYOSOLA ADEBAYO,"=""22331400007""",1,,"=""22268213""","=""6132092""","=""64908168""",Personal fixed term loan,2020-03-11 00:00:00,7500.00,0.00,,0.00,9370.00,NGN,0,Closed,2020-04-14 00:00:00,Performing
AFEES JIMOH,,8 SHOBANDE STREET RAFCO AGBADO Ifo Ogun State,,"=""22268218""","=""2757332""","=""768920945""",Personal fixed term loan,2019-10-23 00:00:00,2500.00,0.00,,0.00,3250.00,NGN,0,Closed,2019-11-22 00:00:00,Performing
FAITH ALEX,"=""22501729927""",NO 53 LATIFU LAWAL STREETIBADAN ABAYOMI OYO  Lagelu Oyo St,,"=""22268286""","=""6631991""","=""6025230099""",Personal fixed term loan,2020-03-28 00:00:00,5000.00,0.00,,0.00,5750.00,NGN,0,Closed,2020-04-14 00:00:00,Performing
AMINAT MUHAMMED,,N1523 TOKI COMPOUND IBIKUNLE STREET AKINYELE Akinyele Oyo,,"=""22268511""","=""874028""","=""137791579""",Personal fixed term loan,2020-09-03 00:00:00,5000.00,0.00,,0.00,5650.00,NGN,0,Closed,2020-10-05 00:00:00,Performing
GRACE AGOM,"=""22341961020""",6 IJEDE ROAD ITAMAGA IKORODU LAGOS Ikorodu Lagos State,,"=""22268579""","=""6347504""","=""1819682""",Personal fixed term loan,2020-03-14 00:00:00,2500.00,0.00,,0.00,3250.00,NGN,0,Closed,2020-04-14 00:00:00,Performing
NDIFREKE UDOH,"=""22381451707""",QTR 86 FEDERAL GOVT COLLEGE CAL Calabar Municipal Cross Ri,,"=""22266689""","=""3238396""","=""825391260""",Personal fixed term loan,2020-10-12 00:00:00,15000.00,0.00,,0.00,19500.00,NGN,0,Closed,2020-11-11 00:00:00,Performing
EDET AFIAKURUE,"=""22304409709""",2 ABOR ST OKPUNO NNEWICHI  Nnewi North Anambra State,,"=""22267559""","=""6767287""","=""1923409""",Personal fixed term loan,2020-04-04 00:00:00,10000.00,0.00,,0.00,13000.00,NGN,0,Closed,2020-05-04 00:00:00,Performing
EDET AFIAKURUE,"=""22304409709""",2 ABOR ST OKPUNO NNEWICHI  Nnewi North Anambra State,,"=""22267559""","=""6767287""","=""57542792""",Personal fixed term loan,2020-04-04 00:00:00,10000.00,0.00,,0.00,13000.00,NGN,0,Closed,2020-05-04 00:00:00,Performing
FRANCISCA PETER,"=""22215579526""",43AJISOLA STREETAYEDUN QTRS AKURE SOUTH Akure South Ondo S,,"=""22267959""","=""5354219""","=""1493480""",Personal fixed term loan,2020-01-30 00:00:00,5000.00,0.00,,0.00,6250.00,NGN,0,Closed,2020-03-02 00:00:00,Performing
JANET ALAJIKI,,NO 22 PAPA AKINYELE LAYOUT APETE IBADAN Ido Oyo State,,"=""22267968""","=""3190877""","=""464791846""",Personal fixed term loan,2020-01-17 00:00:00,2500.00,0.00,,0.00,3120.00,NGN,0,Closed,2020-02-17 00:00:00,Performing
OGBENE JOHNSON,"=""22225119934""",NO 51ILESA ROAD KAJOLA,,"=""22268061""","=""6834548""","=""2278808""",Personal fixed term loan,2020-08-07 00:00:00,10000.00,0.00,,0.00,11500.00,NGN,0,Closed,2020-08-24 00:00:00,Performing
OGBENE JOHNSON,"=""22225119934""",NO 51ILESA ROAD KAJOLA,,"=""22268061""","=""6834548""","=""33678823""",Personal fixed term loan,2020-08-07 00:00:00,10000.00,0.00,,0.00,11500.00,NGN,0,Closed,2020-08-24 00:00:00,Performing
AYOMIDE BARUWA,"=""22400375401""",7 ZONE 4 WAKAJAYE AREA IYANA CHURCH IBADAN Egbeda Oyo Stat,,"=""22268159""","=""1680272""","=""3107788800""",Personal fixed term loan,2019-08-24 00:00:00,1500.00,0.00,,0.00,1950.00,NGN,0,Closed,2019-09-23 00:00:00,Performing
KAOSARAT LATEEF,"=""22515910094""",26 ADE AKINLOLU STREET IJOKO OTA SANGO AdoOdoOta Ogun Stat,,"=""22268261""","=""6060128""","=""110539084""",Personal fixed term loan,2020-03-01 00:00:00,2500.00,0.00,,0.00,2870.00,NGN,0,Closed,2020-03-16 00:00:00,Performing
KAOSARAT LATEEF,"=""22515910094""",26 ADE AKINLOLU STREET IJOKO OTA SANGO AdoOdoOta Ogun Stat,,"=""22268261""","=""6060128""","=""1713892""",Personal fixed term loan,2020-03-01 00:00:00,2500.00,0.00,,0.00,2870.00,NGN,0,Closed,2020-03-16 00:00:00,Performing
JOSHUA AHUNAGA,,Nigeria,,"=""22268438""","=""6231218""","=""1912093""",Personal fixed term loan,2020-03-30 00:00:00,7500.00,0.00,,0.00,9750.00,NGN,0,Closed,2020-04-29 00:00:00,Performing
JOSHUA AHUNAGA,,Nigeria,,"=""22268438""","=""6231218""","=""69495310""",Personal fixed term loan,2020-03-30 00:00:00,7500.00,0.00,,0.00,9750.00,NGN,0,Closed,2020-04-29 00:00:00,Performing
NIMOTALAHI TAOFEEQ,,NO 90 AGBOOBA ILORIN Ilorin West Kwara State,,"=""22268461""","=""5727044""","=""1999637""",Personal fixed term loan,2020-05-21 00:00:00,2500.00,0.00,,0.00,2870.00,NGN,0,Closed,2020-06-05 00:00:00,Performing
NIMOTALAHI TAOFEEQ,,NO 90 AGBOOBA ILORIN Ilorin West Kwara State,,"=""22268461""","=""5727044""","=""780175255""",Personal fixed term loan,2020-05-21 00:00:00,2500.00,0.00,,0.00,2870.00,NGN,0,Closed,2020-06-05 00:00:00,Performing
KAZEEM RAMON,"=""22173795738""",85 IGBOSERE RD LAGOS ISLAND Lagos Island Lagos State,,"=""22268731""","=""6858275""","=""112779149""",Personal fixed term loan,2020-04-10 00:00:00,7500.00,0.00,,0.00,9750.00,NGN,0,Closed,2020-05-11 00:00:00,Performing
KAZEEM RAMON,"=""22173795738""",85 IGBOSERE RD LAGOS ISLAND Lagos Island Lagos State,,"=""22268731""","=""6858275""","=""1929206""",Personal fixed term loan,2020-04-10 00:00:00,7500.00,0.00,,0.00,9750.00,NGN,0,Closed,2020-05-11 00:00:00,Performing
ADENIYI MAKINDE,"=""22351864142""",2 iyemoja st mafoluku oshodi,,"=""22265967""","=""1533058""","=""751657""",Personal fixed term loan,2019-10-01 00:00:00,7500.00,0.00,,0.00,9150.00,NGN,0,Closed,2019-10-31 00:00:00,Performing
RISI AGIDINGBI,"=""22451244798""",40IBIYEMI STREET PALMGROVE,,"=""22266035""","=""893263""","=""107101508""",Personal fixed term loan,2019-08-17 00:00:00,10000.00,0.00,,0.00,12500.00,NGN,0,Closed,2019-09-16 00:00:00,Performing
peace umeh,"=""22378447856""",n0 1 hundred foot road nnewi Nnewi North Anambra State,,"=""22266720""","=""6313186""","=""1809002""",Personal fixed term loan,2020-03-13 00:00:00,10000.00,0.00,,0.00,13000.00,NGN,0,Closed,2020-04-14 00:00:00,Performing
DAKIM RWANG,"=""22294650107""",NO 18 JULIUS JAH 3RD GATE ZARAMAGANDA RAYFIELD ROAD JOS Jo,,"=""22266788""","=""5986504""","=""1691848""",Personal fixed term loan,2020-02-27 00:00:00,2500.00,0.00,,0.00,2870.00,NGN,0,Closed,2020-03-13 00:00:00,Performing
ORIYOMI OGUNSEMORE,"=""22476727966""",IYANA CHURCH IBADAN Ibadan NorthEast Oyo State,,"=""22268107""","=""5894819""","=""1656527""",Personal fixed term loan,2020-02-22 00:00:00,1500.00,0.00,,0.00,1500.00,NGN,0,Closed,2020-03-23 00:00:00,Performing
ORIYOMI OGUNSEMORE,"=""22476727966""",IYANA CHURCH IBADAN Ibadan NorthEast Oyo State,,"=""22268107""","=""5894819""","=""1656595""",Personal fixed term loan,2020-02-22 00:00:00,2500.00,0.00,,0.00,3120.00,NGN,0,Closed,2020-03-23 00:00:00,Performing
ORIYOMI OGUNSEMORE,"=""22476727966""",IYANA CHURCH IBADAN Ibadan NorthEast Oyo State,,"=""22268107""","=""5894819""","=""775171217""",Personal fixed term loan,2020-02-22 00:00:00,2500.00,0.00,,0.00,3120.00,NGN,0,Closed,2020-03-23 00:00:00,Performing
MATHEW OLUFADE,,5 SURULERE STREET MOLETE IBADAN Ibadan SouthWest Oyo State,,"=""22268158""","=""1565414""","=""233098431""",Personal fixed term loan,2019-08-07 00:00:00,1500.00,0.00,,0.00,1950.00,NGN,0,Closed,2019-09-06 00:00:00,Performing
SEGUN ADELAJUOLATILO,"=""22172457370""",NO 6 IJOKODO AGBAJU IBADAN Ibadan North Oyo State,,"=""22268290""","=""5713733""","=""1608790""",Personal fixed term loan,2020-02-15 00:00:00,1500.00,0.00,,0.00,1720.00,NGN,0,Closed,2020-03-02 00:00:00,Performing
SEGUN ADELAJUOLATILO,"=""22172457370""",NO 6 IJOKODO AGBAJU IBADAN Ibadan North Oyo State,,"=""22268290""","=""5713733""","=""3311033795""",Personal fixed term loan,2020-02-15 00:00:00,1500.00,0.00,,0.00,1720.00,NGN,0,Closed,2020-03-02 00:00:00,Performing
OSINAKACHI OGUGUO,"=""22161384414""",ROAD 12 BLOCK 45 FEDERAL HOUSING ESTATE ABA Obi Ngwa Abia,,"=""22268341""","=""3408113""","=""3057042753""",Personal fixed term loan,2020-01-05 00:00:00,15000.00,0.00,,0.00,18300.00,NGN,0,Closed,2020-02-04 00:00:00,Performing
AISHAT OLORODE,"=""22505754776""",8 ITABO COMPOUND ILUGUN ABEOKUTA Abeokuta North Ogun State,,"=""22268358""","=""3945230""","=""2125154387""",Personal fixed term loan,2019-12-11 00:00:00,7500.00,0.00,,0.00,9370.00,NGN,0,Closed,2020-01-10 00:00:00,Performing
OLATUNDE ABRAHAM,,AGBA  RD,,"=""22268409""","=""2524511""","=""2120897423""",Personal fixed term loan,2019-10-15 00:00:00,1500.00,0.00,,0.00,1950.00,NGN,0,Closed,2019-11-14 00:00:00,Performing
NAZEEM KOLEOSHO,"=""22496662755""",60 ISEYIN STREET ILUPEJU LAGOS Mushin Lagos State,,"=""22268541""","=""6239372""","=""2116134826""",Personal fixed term loan,2020-03-09 00:00:00,5000.00,0.00,,0.00,6500.00,NGN,0,Closed,2020-04-08 00:00:00,Performing
JOSEPH ODUOGBULU,"=""22261970283""",SW7233 KOYEJO STREET OKEBOLA Ibadan SouthWest Oyo State,,"=""22268592""","=""635486""","=""1783430""",Personal fixed term loan,2020-03-09 00:00:00,10000.00,0.00,,0.00,13000.00,NGN,0,Closed,2020-04-08 00:00:00,Performing
BENJAMIN SHOPEIN,"=""22178819772""",108 IJU ROAD LAGOS IfakoIjaiye Lagos State,,"=""22268609""","=""5342399""","=""1698609""",Personal fixed term loan,2020-02-28 00:00:00,10000.00,0.00,,0.00,13000.00,NGN,0,Closed,2020-03-30 00:00:00,Performing
ENIOLA SALAKO,"=""22442480617""",ADEOWO AREA MODAKEKE,,"=""22262702""","=""7673872""","=""10473994""",Personal fixed term loan,2023-06-02 00:00:00,5000.00,0.00,,0.00,6500.00,NGN,0,Closed,2023-07-02 00:00:00,Performing
HABIBAT TAOFEEK,"=""22432483950""",Oshogbo,,"=""22263251""","=""2294347""","=""242141179""",Personal fixed term loan,2019-10-05 00:00:00,1500.00,0.00,,0.00,1720.00,NGN,0,Closed,2019-10-21 00:00:00,Performing
HABIBAT TAOFEEK,"=""22432483950""",Oshogbo,,"=""22263251""","=""2294347""","=""774451""",Personal fixed term loan,2019-10-05 00:00:00,1500.00,0.00,,0.00,1720.00,NGN,0,Closed,2019-10-21 00:00:00,Performing
LATEEFAT OLUWATOYIN ABDULAZEEZ,,2 DAVID OKEGBE STREET PEACELAND AJAGBADI,,"=""22263402""","=""7498834""","=""10612256""",Personal fixed term loan,2023-06-16 00:00:00,5000.00,0.00,,0.00,6000.00,NGN,0,Closed,2023-07-01 00:00:00,Performing
BAMIDELE OJEBODE,"=""22190556024""",WOSEM BIBLE COLLEGE AKURE Akure South Ondo State,,"=""22263988""","=""6697432""","=""3105470691""",Personal fixed term loan,2020-03-31 00:00:00,2500.00,0.00,,0.00,2870.00,NGN,0,Closed,2020-04-15 00:00:00,Performing
OMONI UKET,,17 LADIPO KUKU STR OFF ALLEN IKEJA Ikeja Lagos State,,"=""22264323""","=""5818324""","=""2101149606""",Personal fixed term loan,2020-02-21 00:00:00,2500.00,0.00,,0.00,2500.00,NGN,0,Closed,2020-03-09 00:00:00,Performing
SAFFAU SAIDU,"=""22477838609""",GULU ANGVASTA,,"=""22264537""","=""1722649""","=""3119443476""",Personal fixed term loan,2019-08-29 00:00:00,1500.00,0.00,,0.00,1950.00,NGN,0,Closed,2019-09-30 00:00:00,Performing
SUNDAY BABATUNDE,,18 OSUBA STREET CHURCH BSTOP IGANDO LAGOS Alimosho Lagos S,,"=""22264637""","=""5883028""","=""11790263""",Personal fixed term loan,2020-02-24 00:00:00,2500.00,0.00,,0.00,2500.00,NGN,0,Closed,2020-03-25 00:00:00,Performing
SUNDAY BABATUNDE,,18 OSUBA STREET CHURCH BSTOP IGANDO LAGOS Alimosho Lagos S,,"=""22264637""","=""5883028""","=""1664992""",Personal fixed term loan,2020-02-24 00:00:00,2500.00,0.00,,0.00,2500.00,NGN,0,Closed,2020-03-25 00:00:00,Performing
GABRIEL ADEOLU,"=""22146025431""",NO 6 NOSIRU BARUWA CLOSE IPAJA LAGOS Alimosho Lagos State,,"=""22265023""","=""5268229""","=""2002667""",Personal fixed term loan,2020-05-23 00:00:00,10000.00,0.00,,0.00,12200.00,NGN,0,Closed,2020-06-22 00:00:00,Performing
TEMITOPE SAMUEL ONIPEDE,"=""22320580855""",HAMSON GUEST INN TUDUN WADA KONTAGORA NIGER STATE Ado Ekit,,"=""22265274""","=""4327864""","=""130307261""",Personal fixed term loan,2019-12-19 00:00:00,10000.00,0.00,,0.00,13000.00,NGN,0,Closed,2020-01-20 00:00:00,Performing
BOLATITO FASHAKIN,"=""22443719947""",BLK R SURA MARKET STREETADE NIJI BUS STOPLAGOS ISLAND Lago,,"=""22265323""","=""5515525""","=""251561120""",Personal fixed term loan,2020-04-14 00:00:00,1500.00,0.00,,0.00,1720.00,NGN,0,Closed,2020-04-29 00:00:00,Performing
OLUMIDE SANGOTOKI,,Epe,,"=""22265960""","=""2681707""","=""863839""",Personal fixed term loan,2019-10-21 00:00:00,15000.00,0.00,,0.00,17250.00,NGN,0,Closed,2019-11-05 00:00:00,Performing
oladejo oyetunde,,25 soga street igando Lagos,,"=""22266060""","=""419038""","=""142695796""",Personal fixed term loan,2019-08-15 00:00:00,2500.00,0.00,,0.00,3250.00,NGN,0,Closed,2019-09-16 00:00:00,Performing
oladejo oyetunde,,25 soga street igando Lagos,,"=""22266060""","=""419038""","=""488539""",Personal fixed term loan,2019-08-15 00:00:00,2500.00,0.00,,0.00,3250.00,NGN,0,Closed,2019-09-16 00:00:00,Performing
NGOZI NNAJI,"=""22461361911""",MADONNA UNIVERSITY ELELE Ikwerre Rivers State,,"=""22266646""","=""6188083""","=""1764171""",Personal fixed term loan,2020-03-07 00:00:00,10000.00,0.00,,0.00,13000.00,NGN,0,Closed,2020-04-06 00:00:00,Performing
GODWIN ISAAC,"=""22214270224""",OPPOSITE SISTER SARAH SCHOOL NEW NYANYA Karu Nasarawa Stat,,"=""22266660""","=""5211142""","=""1654089""",Personal fixed term loan,2020-02-22 00:00:00,2500.00,0.00,,0.00,3120.00,NGN,0,Closed,2020-03-23 00:00:00,Performing
EMEKA UZOAMAKA,"=""22383770035""",NO 33 ELEM T STREET RUKPOKWU BY AIR PORT ROAD PHC ObioAkpo,,"=""22266678""","=""7071142""","=""76262332""",Personal fixed term loan,2020-04-17 00:00:00,1500.00,0.00,,0.00,1950.00,NGN,0,Closed,2020-05-18 00:00:00,Performing
THOMAS EGWU,"=""22181398462""",Not Available,,"=""22267464""","=""574768""","=""10674415""",Personal fixed term loan,2023-06-22 00:00:00,5000.00,0.00,,0.00,6500.00,NGN,0,Closed,2023-07-22 00:00:00,Performing
FRIDAY ASANGANKANG,"=""22206638133""",72 WOJI RD GRA PHC,,"=""22267663""","=""7630615""","=""10545088""",Personal fixed term loan,2023-06-09 00:00:00,5000.00,0.00,,0.00,6500.00,NGN,0,Closed,2023-07-09 00:00:00,Performing
FOLAKE ODUYEBO,"=""22290476787""",SW91138 ODOONA ELEWE CHALLENGE Oluyole Oyo State,,"=""22268013""","=""6523796""","=""1891917""",Personal fixed term loan,2020-03-26 00:00:00,5000.00,0.00,,0.00,5750.00,NGN,0,Closed,2020-04-14 00:00:00,Performing
FOLAKE ODUYEBO,"=""22290476787""",SW91138 ODOONA ELEWE CHALLENGE Oluyole Oyo State,,"=""22268013""","=""6523796""","=""30989163""",Personal fixed term loan,2020-03-26 00:00:00,5000.00,0.00,,0.00,5750.00,NGN,0,Closed,2020-04-14 00:00:00,Performing
IBRAHIM ALIYU,,NO 1 KUTA ROAD MINNA Chanchaga Niger State,,"=""22268050""","=""6133514""","=""1856650""",Personal fixed term loan,2020-03-20 00:00:00,2500.00,0.00,,0.00,2870.00,NGN,0,Closed,2020-04-06 00:00:00,Performing
IBRAHIM ALIYU,,NO 1 KUTA ROAD MINNA Chanchaga Niger State,,"=""22268050""","=""6133514""","=""2170182388""",Personal fixed term loan,2020-03-20 00:00:00,2500.00,0.00,,0.00,2870.00,NGN,0,Closed,2020-04-06 00:00:00,Performing
Mami IBRAHIM,"=""22235625177""",Not Available,,"=""22268063""","=""6947240""","=""1936593""",Personal fixed term loan,2020-04-13 00:00:00,2500.00,0.00,,0.00,2870.00,NGN,0,Closed,2020-04-28 00:00:00,Performing
SYLVESTER OTAGBA,"=""22170635772""",OLUYOLE AREA Ibadan SouthEast Oyo State,,"=""22268100""","=""1676777""","=""3100607001""",Personal fixed term loan,2019-09-09 00:00:00,2500.00,0.00,,0.00,3120.00,NGN,0,Closed,2019-10-09 00:00:00,Performing
OYINLOLA WOJUADE,"=""22316167822""",NO 7 CHURCH STREET ROSCO BUS STOPIYANA OTA AdoOdoOta Ogun,,"=""22268249""","=""6022475""","=""1702244""",Personal fixed term loan,2020-02-28 00:00:00,10000.00,0.00,,0.00,11500.00,NGN,0,Closed,2020-03-16 00:00:00,Performing
SALMAH TATA,"=""22553702439""",BILKISU ABUBAKAR STREET TUKUNTAWA,,"=""22268264""","=""6514631""","=""1375628747""",Personal fixed term loan,2020-03-22 00:00:00,2500.00,0.00,,0.00,2870.00,NGN,0,Closed,2020-04-06 00:00:00,Performing
SALMAH TATA,"=""22553702439""",BILKISU ABUBAKAR STREET TUKUNTAWA,,"=""22268264""","=""6514631""","=""1866459""",Personal fixed term loan,2020-03-22 00:00:00,2500.00,0.00,,0.00,2870.00,NGN,0,Closed,2020-04-06 00:00:00,Performing
KEHINDE BALOGUN,"=""22543570295""",19 AYOMIDE STREET OWODE  Kosofe Lagos State,,"=""22268314""","=""5577743""","=""1225311634""",Personal fixed term loan,2020-03-24 00:00:00,1500.00,0.00,,0.00,1720.00,NGN,0,Closed,2020-04-08 00:00:00,Performing
KEHINDE BALOGUN,"=""22543570295""",19 AYOMIDE STREET OWODE  Kosofe Lagos State,,"=""22268314""","=""5577743""","=""1878290""",Personal fixed term loan,2020-03-24 00:00:00,1500.00,0.00,,0.00,1720.00,NGN,0,Closed,2020-04-08 00:00:00,Performing
ADEKUNLE AGBOOLA,"=""22188410477""",56 DALIMORE STR ADEBAYO ADO EKITI Ado Ekiti Ekiti State,,"=""22268500""","=""1941638""","=""6016425536""",Personal fixed term loan,2019-09-20 00:00:00,1500.00,0.00,,0.00,1720.00,NGN,0,Closed,2019-10-07 00:00:00,Performing
MATHEW BISONG,"=""22383818799""",18 CHURCH STREET IKORODU LAGOS Ikorodu Lagos State,,"=""22268599""","=""6001862""","=""1807659""",Personal fixed term loan,2020-03-12 00:00:00,10000.00,0.00,,0.00,13000.00,NGN,0,Closed,2020-04-14 00:00:00,Performing
MATHEW BISONG,"=""22383818799""",18 CHURCH STREET IKORODU LAGOS Ikorodu Lagos State,,"=""22268599""","=""6001862""","=""2086697363""",Personal fixed term loan,2020-03-12 00:00:00,10000.00,0.00,,0.00,13000.00,NGN,0,Closed,2020-04-14 00:00:00,Performing
DOOWUESE GBAZAN,,Makurdi,,"=""22263223""","=""2294227""","=""774310""",Personal fixed term loan,2019-10-05 00:00:00,1500.00,0.00,,0.00,1720.00,NGN,0,Closed,2019-10-21 00:00:00,Performing
DOOWUESE GBAZAN,,Makurdi,,"=""22263223""","=""2294227""","=""812616301""",Personal fixed term loan,2019-10-05 00:00:00,1500.00,0.00,,0.00,1720.00,NGN,0,Closed,2019-10-21 00:00:00,Performing
MIMIDOO ANGBA,,16 DAVID MARK BYPASS MKD Makurdi Benue State,,"=""22264016""","=""2373781""","=""3054444108""",Personal fixed term loan,2019-10-08 00:00:00,1500.00,0.00,,0.00,1950.00,NGN,0,Closed,2019-11-07 00:00:00,Performing
MORUFU SANUSI,"=""22227714085""",16D SAMUEL OGUNYEMI STREET OLORUNDA LCDA BADAGRY LAGOS STA,,"=""22264309""","=""6145888""","=""1749958""",Personal fixed term loan,2020-03-05 00:00:00,10000.00,0.00,,0.00,11500.00,NGN,0,Closed,2020-03-20 00:00:00,Performing
FLORENCE UCHOLA,"=""22508320532""",BLOCK 1 ROOM 5 MTD POLICE BARRACKSLAGOS Apapa Lagos State,,"=""22264609""","=""5890528""","=""2120719930""",Personal fixed term loan,2020-02-22 00:00:00,2500.00,0.00,,0.00,2500.00,NGN,0,Closed,2020-03-23 00:00:00,Performing
UDEME NSIKAN,"=""22296095706""",1 ETOJOLA STREET OGG IGONGO ROAD IKOTUN LAGOS Alimosho Lag,,"=""22264895""","=""6182497""","=""1761732""",Personal fixed term loan,2020-03-06 00:00:00,1500.00,0.00,,0.00,1720.00,NGN,0,Closed,2020-03-23 00:00:00,Performing
BLESSING HUSSAINI,"=""22418617863""",6 PLOT 20NKPOGU CRESENT OFF TRANS AMADI LAYOUT PO,,"=""22266774""","=""3907912""","=""2098726471""",Personal fixed term loan,2019-12-04 00:00:00,1500.00,0.00,,0.00,1720.00,NGN,0,Closed,2019-12-19 00:00:00,Performing
ANNAH PATRICK,"=""22262516297""",NO 1 ANGO ROAD FARIN GIDA MANDO Igabi Kaduna State,,"=""22267553""","=""5113174""","=""719741241""",Personal fixed term loan,2020-03-12 00:00:00,7500.00,0.00,,0.00,9370.00,NGN,0,Closed,2020-04-14 00:00:00,Performing
ABASIMA ESSIEN,,Saipem BaseRumuolemini Portharcourt,,"=""22267567""","=""509764""","=""207750""",Personal fixed term loan,2019-05-07 00:00:00,10000.00,0.00,,0.00,13000.00,NGN,0,Closed,2019-06-06 00:00:00,Performing
CHINWENDU JOMBO,,NO 4 OFFLAND IZUOMA OYIGBO Oyigbo Rivers State,,"=""22267574""","=""5645566""","=""2119008""",Personal fixed term loan,2020-06-29 00:00:00,15000.00,0.00,,0.00,19500.00,NGN,0,Closed,2020-07-29 00:00:00,Performing
FAVOUR OMOROGIUWA,,36 AKENZUA STREET OFF ST SAVIOUR ROAD Ikpoba Okha Edo Stat,,"=""22268060""","=""6322796""","=""1846979""",Personal fixed term loan,2020-03-19 00:00:00,5000.00,0.00,,0.00,5750.00,NGN,0,Closed,2020-04-03 00:00:00,Performing
ADELAYO BOLARINWA,,IREWOLE UNIT 3 KUMAPAYI OLODO IBADAN Egbeda Oyo State,,"=""22268153""","=""5921015""","=""1895004""",Personal fixed term loan,2020-03-27 00:00:00,5000.00,0.00,,0.00,6250.00,NGN,0,Closed,2020-04-27 00:00:00,Performing
SHEHU YUSUF,"=""22199403549""",RAMIN GEMU TUDUN MURTALA KANO,"=""07033561921""","=""22268346""","=""4560596""","=""3071222331""",Personal fixed term loan,2020-03-08 00:00:00,1500.00,0.00,,0.00,1870.00,NGN,0,Closed,2020-04-07 00:00:00,Performing
IBRAHIM AKINDELE,,36 OSOLO COMPOUND ITA EKO ABEOKUTA Abeokuta South Ogun Sta,,"=""22268353""","=""1727507""","=""23453103""",Personal fixed term loan,2019-08-30 00:00:00,1500.00,0.00,,0.00,1950.00,NGN,0,Closed,2019-09-30 00:00:00,Performing
LUKMAN OGIDO,"=""22528107292""",56 EWEJE STREET OshodiIsolo Lagos State,,"=""22268646""","=""6094745""","=""1727508""",Personal fixed term loan,2020-03-02 00:00:00,1500.00,0.00,,0.00,1720.00,NGN,0,Closed,2020-03-17 00:00:00,Performing
NANMWA JOSEPH,,TUDUN WADA OPPOSITE DANTATA QUATER Karu Nasarawa State,,"=""22268939""","=""1598987""","=""3070013297""",Personal fixed term loan,2019-11-01 00:00:00,7500.00,0.00,,0.00,9150.00,NGN,0,Closed,2019-12-02 00:00:00,Performing
GRACE ANTHONY,"=""22447907128""",NO 3 ATAKPA STREET CALABAR Calabar South Cross River State,,"=""22268953""","=""6353063""","=""1829527""",Personal fixed term loan,2020-03-16 00:00:00,10000.00,0.00,,0.00,13000.00,NGN,0,Closed,2020-04-15 00:00:00,Performing
FLORENCE OLANIYI,"=""22213221245""",126BBAMGBOYE LAYOUTQUARY ROADABEOKUTA,,"=""22261461""","=""6028855""","=""1745855""",Personal fixed term loan,2020-03-04 00:00:00,10000.00,0.00,,0.00,13000.00,NGN,0,Closed,2020-04-03 00:00:00,Performing
FLORENCE OLANIYI,"=""22213221245""",126BBAMGBOYE LAYOUTQUARY ROADABEOKUTA,,"=""22261461""","=""6028855""","=""6024985093""",Personal fixed term loan,2020-03-04 00:00:00,10000.00,0.00,,0.00,13000.00,NGN,0,Closed,2020-04-03 00:00:00,Performing
AONDOVER YANBIAM,"=""22271762650""",BEHIND ST JOHNS CATHOLIC CHURCH AKPER LOGO 2 MAKURDI Makur,,"=""22263308""","=""6049453""","=""1748713""",Personal fixed term loan,2020-03-05 00:00:00,1500.00,0.00,,0.00,1720.00,NGN,0,Closed,2020-03-20 00:00:00,Performing
ISMAIL ANIMASHAUN,"=""22295244677""",112 PALM AVENUE MUSHIN Mushin Lagos State,,"=""22264299""","=""6771646""","=""147615795""",Personal fixed term loan,2020-04-05 00:00:00,2500.00,0.00,,0.00,3250.00,NGN,0,Closed,2020-05-05 00:00:00,Performing
OLAJIDE BAMIDELE,,5 OLUMO ST AGEGR Agege Lagos State,,"=""22265001""","=""3053317""","=""737330472""",Personal fixed term loan,2020-01-30 00:00:00,15000.00,0.00,,0.00,18750.00,NGN,0,Closed,2020-03-02 00:00:00,Performing
EMELDA DAVID,"=""22268918691""",NO C 16 ABDULKADIR STREET BARNAWA KADUNA Kaduna South Kadu,,"=""22267550""","=""4159543""","=""2117275519""",Personal fixed term loan,2019-12-13 00:00:00,10000.00,0.00,,0.00,13000.00,NGN,0,Closed,2020-01-13 00:00:00,Performing
WILLIAMS JERRY ZACHARAIAH,,University of Abuja Mini campus Boy Hostel Gwagwalada Abuj,,"=""22267745""","=""1695700""","=""539996""",Personal fixed term loan,2019-08-26 00:00:00,1500.00,0.00,,0.00,1950.00,NGN,0,Closed,2019-09-25 00:00:00,Performing
MATHIAS AJAYI,"=""22155568640""",CORPERS LODGE BEHIND STATE SECRETARIATE ASABA Oshimili Sou,,"=""22267945""","=""7482758""","=""2066071176""",Personal fixed term loan,2020-05-29 00:00:00,5000.00,0.00,,0.00,6500.00,NGN,0,Closed,2020-06-29 00:00:00,Performing
HALIRU ISMAILA,"=""22272698963""",JI ISMAILA HALIRU ANGWA SALEH BESIDE BASIC EDUCATION SCHOO,,"=""22267954""","=""9545738""","=""3090521141""",Personal fixed term loan,2020-11-10 00:00:00,10000.00,0.00,,0.00,13000.00,NGN,0,Closed,2020-12-10 00:00:00,Performing
FATIMOT MUYIDEEN,"=""22492584189""",UP STONE GRA SULEJA CLUB SULEJA NIGER STATE Suleja Niger S,,"=""22268052""","=""6776888""","=""1924167""",Personal fixed term loan,2020-04-05 00:00:00,2500.00,0.00,,0.00,2870.00,NGN,0,Closed,2020-04-20 00:00:00,Performing
yisa ijatan,"=""22423465970""",iludero compound sabo oyo  Atiba Oyo State,,"=""22268154""","=""5943224""","=""1671885""",Personal fixed term loan,2020-02-24 00:00:00,2500.00,0.00,,0.00,2500.00,NGN,0,Closed,2020-03-25 00:00:00,Performing
ANAS SULEIMAN YAU,,2100 GANBA SUDAWA STR TUKUMTAWA GIDAN RADIO KANO Kano Muni,,"=""22268345""","=""1877186""","=""164791933""",Personal fixed term loan,2020-03-17 00:00:00,15000.00,0.00,,0.00,18300.00,NGN,0,Closed,2020-04-16 00:00:00,Performing
BLESSING DIM,"=""22192327105""",11 ADEDOYIN STREET PALMGROVE Shomolu Lagos State,,"=""22268443""","=""6532265""","=""1872454""",Personal fixed term loan,2020-03-23 00:00:00,10000.00,0.00,,0.00,13000.00,NGN,0,Closed,2020-04-22 00:00:00,Performing
KEHINDE AJIBODE,"=""22518909682""",48 ILUPEJU STREET BUNGALOW AREA IFO Ifo Ogun State,,"=""22268647""","=""6234308""","=""1789134""",Personal fixed term loan,2020-03-10 00:00:00,2500.00,0.00,,0.00,2870.00,NGN,0,Closed,2020-03-25 00:00:00,Performing
KEHINDE AJIBODE,"=""22518909682""",48 ILUPEJU STREET BUNGALOW AREA IFO Ifo Ogun State,,"=""22268647""","=""6234308""","=""3136907357""",Personal fixed term loan,2020-03-10 00:00:00,2500.00,0.00,,0.00,2870.00,NGN,0,Closed,2020-03-25 00:00:00,Performing
ESTHER BABATUNDE,,NO 18 PEACE AVENUE BAWA ESTATE ADO EKITI,"=""08122200788""","=""22268656""","=""1541462""","=""3045266121""",Personal fixed term loan,2020-01-16 00:00:00,5000.00,0.00,,0.00,5750.00,NGN,0,Closed,2020-01-31 00:00:00,Performing
YAHAYA MUHAMMAD,"=""22493537230""",NO 19 YANKABA QTRS NEAREST TO YANKABA MARKET Nasarawa Kano,,"=""22261667""","=""10381795""","=""2157581243""",Personal fixed term loan,2020-12-19 00:00:00,5000.00,0.00,,0.00,6000.00,NGN,0,Closed,2021-01-04 00:00:00,Performing
FORTUNE AKPOROTU,,NO 8 EHWRUDJE LANE OFF UGBEYIYI ROAD SAPELE Sapele Delta D,,"=""22263157""","=""736693""","=""1892923""",Personal fixed term loan,2020-03-26 00:00:00,10000.00,0.00,,0.00,12500.00,NGN,0,Closed,2020-04-27 00:00:00,Performing
ABDULWASIU YUSUF,"=""22410651188""",NO 5 ADURA GBEWA ASA DAM  Ilorin West Kwara State,,"=""22263246""","=""6766324""","=""10629835""",Personal fixed term loan,2023-06-18 00:00:00,2500.00,0.00,,0.00,3000.00,NGN,0,Closed,2023-07-03 00:00:00,Performing
TERUNDU DEMESUGH,,NO 4 ALOKO CLOSE WADATA BEHIND POLICE BARRACKS MAKURDI Mak,,"=""22263314""","=""2361526""","=""2133076718""",Personal fixed term loan,2020-01-13 00:00:00,2500.00,0.00,,0.00,2870.00,NGN,0,Closed,2020-01-28 00:00:00,Performing
EZEKIEL ABIODUN,"=""22481109625""",8 IPONRIN STR SABO OKE MARABA,,"=""22264025""","=""5921482""","=""1703949""",Personal fixed term loan,2020-02-28 00:00:00,5000.00,0.00,,0.00,6250.00,NGN,0,Closed,2020-03-30 00:00:00,Performing
EZEKIEL ABIODUN,"=""22481109625""",8 IPONRIN STR SABO OKE MARABA,,"=""22264025""","=""5921482""","=""421144601""",Personal fixed term loan,2020-02-28 00:00:00,5000.00,0.00,,0.00,6250.00,NGN,0,Closed,2020-03-30 00:00:00,Performing
SAMSON ERINLE,"=""22345867609""",25 ISEBON ROAD ATAN OTA AdoOdoOta Ogun State,,"=""22264318""","=""6028123""","=""1703289""",Personal fixed term loan,2020-02-28 00:00:00,2500.00,0.00,,0.00,2870.00,NGN,0,Closed,2020-03-16 00:00:00,Performing
SAMSON ERINLE,"=""22345867609""",25 ISEBON ROAD ATAN OTA AdoOdoOta Ogun State,,"=""22264318""","=""6028123""","=""1841607""",Personal fixed term loan,2020-03-18 00:00:00,5000.00,0.00,,0.00,5750.00,NGN,0,Closed,2020-04-02 00:00:00,Performing
KAMALDEEN RAJI,"=""22538514390""",BLK 10 PLOT 27 ISHERI NORTH GRA LAG Kosofe Lagos State,,"=""22264475""","=""6069661""","=""10694944""",Personal fixed term loan,2023-06-24 00:00:00,5000.00,0.00,,0.00,6000.00,NGN,0,Closed,2023-07-09 00:00:00,Performing
AKEEM SALAMI,,NO 15 LOLADE IGBELE ELIJAH  Badagry Lagos State,,"=""22265029""","=""1571845""","=""776913179""",Personal fixed term loan,2019-08-09 00:00:00,10000.00,0.00,,0.00,13000.00,NGN,0,Closed,2019-09-09 00:00:00,Performing
LIZZY CALISTUS,"=""22244082868""",ASABA OSHIMILI SOUTH Ndokwa West Delta State,,"=""22265965""","=""6049486""","=""1710831""",Personal fixed term loan,2020-02-29 00:00:00,2500.00,0.00,,0.00,2870.00,NGN,0,Closed,2020-03-16 00:00:00,Performing
SAMAD ADISA,"=""22428521824""",4 FARAYOLA STR BODIJA BUS STOP IBADAN Ibadan North Oyo Sta,,"=""22267769""","=""5485705""","=""1699892""",Personal fixed term loan,2020-02-28 00:00:00,2500.00,0.00,,0.00,3120.00,NGN,0,Closed,2020-03-30 00:00:00,Performing
SAMAD ADISA,"=""22428521824""",4 FARAYOLA STR BODIJA BUS STOP IBADAN Ibadan North Oyo Sta,,"=""22267769""","=""5485705""","=""2266524854""",Personal fixed term loan,2020-02-28 00:00:00,2500.00,0.00,,0.00,3120.00,NGN,0,Closed,2020-03-30 00:00:00,Performing
ABDULLAHI ABDULHAMEED,,No 44 oinreke street oritamerin ibadan,,"=""22267994""","=""2188862""","=""749192""",Personal fixed term loan,2019-10-01 00:00:00,1500.00,0.00,,0.00,1950.00,NGN,0,Closed,2019-10-31 00:00:00,Performing
MUHAMMAD rabi,"=""22410912227""",gombe state  Gombe Gombe State,,"=""22268062""","=""6847517""","=""6551801173""",Personal fixed term loan,2020-04-09 00:00:00,5000.00,0.00,,0.00,5750.00,NGN,0,Closed,2020-04-24 00:00:00,Performing
AYINLA SHITTU,,E7116 YIDI OREMEJI AGUGU IBADAN,,"=""22268151""","=""2827505""","=""2077432274""",Personal fixed term loan,2019-11-12 00:00:00,7500.00,0.00,,0.00,9370.00,NGN,0,Closed,2019-12-12 00:00:00,Performing
UCHECHI OKECHUKWU,,NO 54 OPARANOZIE STREET AMAECHI ENUGU Enugu South Enugu St,,"=""22267899""","=""9001516""","=""3083806499""",Personal fixed term loan,2020-10-07 00:00:00,25000.00,0.00,,0.00,11330.00,NGN,0,Closed,2021-01-05 00:00:00,Performing
JOHNSON ADESOLA,"=""22361480738""",JACOB ABEGUNDE VILLA OLELE Kajola Oyo State,,"=""22268000""","=""5823134""","=""1634962""",Personal fixed term loan,2020-02-19 00:00:00,2500.00,0.00,,0.00,2500.00,NGN,0,Closed,2020-03-20 00:00:00,Performing
JOHNSON ADESOLA,"=""22361480738""",JACOB ABEGUNDE VILLA OLELE Kajola Oyo State,,"=""22268000""","=""5823134""","=""3073948459""",Personal fixed term loan,2020-02-19 00:00:00,2500.00,0.00,,0.00,2500.00,NGN,0,Closed,2020-03-20 00:00:00,Performing
AYUBA WILLIAMS,"=""22408188168""",DANLADI D SUNTAI HSE MAYODASA KONA ROAD OPP HERITAGE HOTEL,,"=""22268113""","=""9119981""","=""229496025""",Personal fixed term loan,2020-10-14 00:00:00,5000.00,0.00,,0.00,6500.00,NGN,0,Closed,2020-11-13 00:00:00,Performing
EMMANUEL OSHIE,,No 6 malefalafiaibadan,,"=""22268149""","=""2217215""","=""761144""",Personal fixed term loan,2019-10-03 00:00:00,2500.00,0.00,,0.00,3250.00,NGN,0,Closed,2019-11-04 00:00:00,Performing
OLANIRAN DADA,"=""22339789025""",B7 Surulere street transformer bus stop akinyele ibadan,,"=""22268150""","=""2368397""","=""835479""",Personal fixed term loan,2019-10-15 00:00:00,5000.00,0.00,,0.00,6250.00,NGN,0,Closed,2019-11-14 00:00:00,Performing
OLUWASEGUN ADEOYE,"=""22447976597""",NO 3 YIDI STREET OWODE EDE Ede North Osun State,,"=""22268400""","=""6559967""","=""1896650""",Personal fixed term loan,2020-03-27 00:00:00,2500.00,0.00,,0.00,3250.00,NGN,0,Closed,2020-04-27 00:00:00,Performing
DANSABE YOHANA,"=""22387163189""",AMBASSADOR VILLA ODO ADOEKITI,"=""08169143009""","=""22268414""","=""5878841""","=""2112455640""",Personal fixed term loan,2020-02-21 00:00:00,2500.00,0.00,,0.00,2500.00,NGN,0,Closed,2020-03-23 00:00:00,Performing
PATRICK EBENYAM,"=""22273548878""",1 BADORE AGO TAPA STREET,,"=""22268549""","=""5925215""","=""1674179""",Personal fixed term loan,2020-02-25 00:00:00,1500.00,0.00,,0.00,1500.00,NGN,0,Closed,2020-03-26 00:00:00,Performing
PATRICK EBENYAM,"=""22273548878""",1 BADORE AGO TAPA STREET,,"=""22268549""","=""5925215""","=""3093052822""",Personal fixed term loan,2020-02-25 00:00:00,1500.00,0.00,,0.00,1500.00,NGN,0,Closed,2020-03-26 00:00:00,Performing
henry obiahu,"=""22528301449""",30 chief collins lekki lagos Eti Osa Lagos State,,"=""22268550""","=""6433532""","=""2260447517""",Personal fixed term loan,2020-03-18 00:00:00,2500.00,0.00,,0.00,3250.00,NGN,0,Closed,2020-04-17 00:00:00,Performing
KEHINDE AJAYI,,plot23 banana island lagos,,"=""22268685""","=""930128""","=""117537""",Personal fixed term loan,2019-02-28 00:00:00,30000.00,0.00,,0.00,39000.00,NGN,0,Closed,2019-04-01 00:00:00,Performing
MUDIAGA AKPOYOMARE,"=""22407927465""",NO 310 NTA ROAD MGBUOBA PORT HARCOURT ObioAkpor Rivers Sta,,"=""22268949""","=""2042861""","=""800110774""",Personal fixed term loan,2019-09-26 00:00:00,1500.00,0.00,,0.00,1950.00,NGN,0,Closed,2019-10-28 00:00:00,Performing
TUBONEMI IRISOANGA,,21 FUBY ABAM OKRIKA  Okrika Rivers State,,"=""22268950""","=""2607926""","=""38401722""",Personal fixed term loan,2019-10-18 00:00:00,1500.00,0.00,,0.00,1950.00,NGN,0,Closed,2019-11-18 00:00:00,Performing
JESSICA IBE,"=""22211586690""",5 INOSIONIRA STREET Anambra East Anambra State,,"=""22269085""","=""5571635""","=""159432559""",Personal fixed term loan,2020-02-29 00:00:00,5000.00,0.00,,0.00,5750.00,NGN,0,Closed,2020-03-16 00:00:00,Performing
DORCAS EGYE,"=""22348301551""",ROMI GRA DOMINIC CLOSE FLAT 11B Kaduna North Kaduna State,,"=""22269099""","=""5211233""","=""21284325""",Personal fixed term loan,2020-02-20 00:00:00,5000.00,0.00,,0.00,6250.00,NGN,0,Closed,2020-03-23 00:00:00,Performing
MEDINAT AJAYI,,No 6 ashipa street okesagun command road,,"=""22264900""","=""2103025""","=""1089964""",Personal fixed term loan,2019-11-28 00:00:00,1500.00,0.00,,0.00,1720.00,NGN,0,Closed,2019-12-13 00:00:00,Performing
OLUWAPONMILE ADENIJI,"=""22382607101""",5 BAALES COMPOUND IDOOSUN Egbedore Osun State,,"=""22264979""","=""4010071""","=""3116385199""",Personal fixed term loan,2019-12-30 00:00:00,10000.00,0.00,,0.00,12500.00,NGN,0,Closed,2020-01-29 00:00:00,Performing
UFOMA EMMANUEL,"=""22239634759""",8 MODUPE STREET IJU ISHAGA LAGOS IfakoIjaiye Lagos State,,"=""22265304""","=""5704753""","=""1646519""",Personal fixed term loan,2020-02-21 00:00:00,2500.00,0.00,,0.00,2870.00,NGN,0,Closed,2020-03-09 00:00:00,Performing
UFOMA EMMANUEL,"=""22239634759""",8 MODUPE STREET IJU ISHAGA LAGOS IfakoIjaiye Lagos State,,"=""22265304""","=""5704753""","=""35162219""",Personal fixed term loan,2020-02-21 00:00:00,2500.00,0.00,,0.00,2870.00,NGN,0,Closed,2020-03-09 00:00:00,Performing
AISHATU ABUBAKAR,,NO2 AYAFE STREET NGOMARI OLD AIRPORT ROAD MAIDUGURI Kondug,,"=""22265418""","=""2970286""","=""484615605""",Personal fixed term loan,2020-02-24 00:00:00,1500.00,0.00,,0.00,1720.00,NGN,0,Closed,2020-03-10 00:00:00,Performing
SAHEED AKINSANYA,"=""22146699137""",27 MUSA ADEWOKUN STREET OJOTA Kosofe Lagos State,,"=""22265972""","=""5582164""","=""1676302""",Personal fixed term loan,2020-02-25 00:00:00,5000.00,0.00,,0.00,5750.00,NGN,0,Closed,2020-03-11 00:00:00,Performing
HAMZA ABUBAKAR,"=""22530449852""",MAILINGADDRESS1,"=""2348121117896""","=""22267776""","=""5266360""","=""1699322""",Personal fixed term loan,2020-02-28 00:00:00,1500.00,0.00,,0.00,1720.00,NGN,0,Closed,2020-03-16 00:00:00,Performing
HAMZA ABUBAKAR,"=""22530449852""",MAILINGADDRESS1,"=""2348121117896""","=""22267776""","=""5266360""","=""2254731178""",Personal fixed term loan,2020-02-28 00:00:00,1500.00,0.00,,0.00,1720.00,NGN,0,Closed,2020-03-16 00:00:00,Performing
EMMANUEL AMOS,"=""22276286029""",JIKWOYI  FCT Municipal Area Council FCT,,"=""22267976""","=""5860121""","=""1644832""",Personal fixed term loan,2020-02-20 00:00:00,2500.00,0.00,,0.00,2500.00,NGN,0,Closed,2020-03-23 00:00:00,Performing
EBENEZER ROTIMIEGHAGHE,"=""22192254007""",4C8WR5 Gwarinpa Nigeria,,"=""22268044""","=""5915165""","=""1744482""",Personal fixed term loan,2020-03-04 00:00:00,5000.00,0.00,,0.00,5750.00,NGN,0,Closed,2020-03-19 00:00:00,Performing
EBENEZER ROTIMIEGHAGHE,"=""22192254007""",4C8WR5 Gwarinpa Nigeria,,"=""22268044""","=""5915165""","=""3069820097""",Personal fixed term loan,2020-03-04 00:00:00,5000.00,0.00,,0.00,5750.00,NGN,0,Closed,2020-03-19 00:00:00,Performing
OPEYEMI ADEBAYO,"=""22545167251""",NEW CITY LAND ELEPE OJOO Akinyele Oyo State,,"=""22268069""","=""4361120""","=""2139848676""",Personal fixed term loan,2019-12-20 00:00:00,1500.00,0.00,,0.00,1720.00,NGN,0,Closed,2020-01-06 00:00:00,Performing
MARY JAMES,"=""22266831086""",Tudu wada,,"=""22268137""","=""1698953""","=""555461""",Personal fixed term loan,2019-08-29 00:00:00,5000.00,0.00,,0.00,6250.00,NGN,0,Closed,2019-09-30 00:00:00,Performing
ODOGUN JOHN,"=""22451778424""",MARSHAL CAMPUS OGBO IILAWE ODOGBOLU Odogbolu Ogun State,,"=""22268337""","=""5798099""","=""1666570""",Personal fixed term loan,2020-02-24 00:00:00,5000.00,0.00,,0.00,5750.00,NGN,0,Closed,2020-03-10 00:00:00,Performing
Abubakar Badmos,"=""22507067351""",Labe Dudu COmpound Ilorin Saki East Oyo State,,"=""22268644""","=""4230743""","=""2217409548""",Personal fixed term loan,2020-03-01 00:00:00,2500.00,0.00,,0.00,2870.00,NGN,0,Closed,2020-03-16 00:00:00,Performing
EMMANUEL GABRIEL,"=""22429620517""",06 Ogo Oluwa street Oke Ira Ogba Ikeja Ikorodu Lagos State,,"=""22268655""","=""5314607""","=""1502131""",Personal fixed term loan,2020-01-31 00:00:00,5000.00,0.00,,0.00,5750.00,NGN,0,Closed,2020-02-17 00:00:00,Performing
EZEKIEL OBISESAN,,No8 papaalamo street off alakia isebo road ikeja Lagos,,"=""22259674""","=""1568965""","=""606488""",Personal fixed term loan,2019-09-06 00:00:00,1500.00,0.00,,0.00,1870.00,NGN,0,Closed,2019-10-07 00:00:00,Performing
KANUWEN TOTEH,"=""22522718140""",REFUGE CAMP ORU Ijebu North Ogun State,,"=""22261614""","=""4075153""","=""115998365""",Personal fixed term loan,2019-12-10 00:00:00,1500.00,0.00,,0.00,1720.00,NGN,0,Closed,2019-12-27 00:00:00,Performing
SARAH OLUWADARE,"=""22457741725""",NO 3 AYIPOWO STR ONDO RD AKURE Akure South Ondo State,,"=""22263235""","=""6532144""","=""1872059""",Personal fixed term loan,2020-03-23 00:00:00,2500.00,0.00,,0.00,2870.00,NGN,0,Closed,2020-04-07 00:00:00,Performing
SARAH OLUWADARE,"=""22457741725""",NO 3 AYIPOWO STR ONDO RD AKURE Akure South Ondo State,,"=""22263235""","=""6532144""","=""2104489563""",Personal fixed term loan,2020-03-23 00:00:00,2500.00,0.00,,0.00,2870.00,NGN,0,Closed,2020-04-07 00:00:00,Performing
BALIKIS KAYODE,"=""22381317047""",23 TEMIDIRE STREET SANGO  BUS STOP,"=""07067765332""","=""22263972""","=""6046456""","=""173705835""",Personal fixed term loan,2020-03-21 00:00:00,2500.00,0.00,,0.00,2870.00,NGN,0,Closed,2020-04-06 00:00:00,Performing
BALIKIS KAYODE,"=""22381317047""",23 TEMIDIRE STREET SANGO  BUS STOP,"=""07067765332""","=""22263972""","=""6046456""","=""1862600""",Personal fixed term loan,2020-03-21 00:00:00,2500.00,0.00,,0.00,2870.00,NGN,0,Closed,2020-04-06 00:00:00,Performing
YUSUF ABUBAKAR,"=""22540850705""",FT2 ALKALAWA ROAD TWADA KADUNA Kaduna South Kaduna State,,"=""22265490""","=""6053656""","=""1847971""",Personal fixed term loan,2020-03-19 00:00:00,2500.00,0.00,,0.00,3120.00,NGN,0,Closed,2020-04-20 00:00:00,Performing
YUSUF ABUBAKAR,"=""22540850705""",FT2 ALKALAWA ROAD TWADA KADUNA Kaduna South Kaduna State,,"=""22265490""","=""6053656""","=""2137228003""",Personal fixed term loan,2020-03-19 00:00:00,2500.00,0.00,,0.00,3120.00,NGN,0,Closed,2020-04-20 00:00:00,Performing
hyceinth Onyedun,"=""22144823365""",44 layi onyekanmi street mushin Mushin Lagos State,,"=""22266044""","=""6339484""","=""1818537""",Personal fixed term loan,2020-03-14 00:00:00,2500.00,0.00,,0.00,3250.00,NGN,0,Closed,2020-04-14 00:00:00,Performing
hyceinth Onyedun,"=""22144823365""",44 layi onyekanmi street mushin Mushin Lagos State,,"=""22266044""","=""6339484""","=""3008303320""",Personal fixed term loan,2020-03-14 00:00:00,2500.00,0.00,,0.00,3250.00,NGN,0,Closed,2020-04-14 00:00:00,Performing
RUTH HARUNA,,4 KUNLE OJO STREET ORI OKUTA AGRIC Ikorodu Lagos State,,"=""22267983""","=""2470958""","=""5008041018""",Personal fixed term loan,2019-10-12 00:00:00,2500.00,0.00,,0.00,3250.00,NGN,0,Closed,2019-11-11 00:00:00,Performing
AJARAT AFOLABI,"=""22485088285""",NO 15E MOSADOLUWA COMMUNITY OKE BAALE OSOGBO Osogbo Osun S,,"=""22268197""","=""9972062""","=""1232037455""",Personal fixed term loan,2020-12-03 00:00:00,15000.00,0.00,,0.00,19500.00,NGN,0,Closed,2021-01-04 00:00:00,Performing
CHRISTIAN MATTHEW,"=""22554485164""",32 OKE AFA Obafemi Owode Ogun State,,"=""22268230""","=""6565343""","=""2144882966""",Personal fixed term loan,2020-03-25 00:00:00,2500.00,0.00,,0.00,3250.00,NGN,0,Closed,2020-04-24 00:00:00,Performing
CAROLINE ANYADIEGWU,"=""22355772467""",214 URATTA ROAD ABA Aba North Abia State,,"=""22268265""","=""6838100""","=""1928220""",Personal fixed term loan,2020-04-09 00:00:00,2500.00,0.00,,0.00,2870.00,NGN,0,Closed,2020-04-24 00:00:00,Performing
CAROLINE ANYADIEGWU,"=""22355772467""",214 URATTA ROAD ABA Aba North Abia State,,"=""22268265""","=""6838100""","=""3031446111""",Personal fixed term loan,2020-04-09 00:00:00,2500.00,0.00,,0.00,2870.00,NGN,0,Closed,2020-04-24 00:00:00,Performing
LUQMAN ABDULSALAM,"=""22510128324""",31 OLORUNSOGO STR FATE ROAD ILORIN Ilorin South Kwara Stat,,"=""22268397""","=""6359774""","=""1908470""",Personal fixed term loan,2020-03-30 00:00:00,2500.00,0.00,,0.00,3120.00,NGN,0,Closed,2020-04-29 00:00:00,Performing
YAU HABIBU,"=""22519305302""",KADUNA Kaduna North Kaduna State,,"=""22257494""","=""3610383""","=""2126411638""",Personal fixed term loan,2019-12-28 00:00:00,7500.00,0.00,,0.00,9370.00,NGN,0,Closed,2020-01-27 00:00:00,Performing
OLANREWAJU OLADEJO,,NO15OKEBALOGUN STREETALABATAMONIYAIBADAN Akinyele Oyo Stat,,"=""22259298""","=""1598683""","=""4844926013""",Personal fixed term loan,2020-01-09 00:00:00,1500.00,0.00,,0.00,1870.00,NGN,0,Closed,2020-02-10 00:00:00,Performing
CORDILIA OMOKARO,"=""22183159508""",NO 34A ISIDAHAMEN STREET EKPOMA Esan West Edo State,,"=""22259366""","=""6651835""","=""1904279""",Personal fixed term loan,2020-03-29 00:00:00,2500.00,0.00,,0.00,2870.00,NGN,0,Closed,2020-04-14 00:00:00,Performing
SANNI ADEOYE,"=""22467169568""",BLOCK 15B FLAT7 BABAJIDE STREET SHITTA Surulere Lagos Stat,,"=""22259685""","=""5494948""","=""1611649""",Personal fixed term loan,2020-02-15 00:00:00,1500.00,0.00,,0.00,1950.00,NGN,0,Closed,2020-03-16 00:00:00,Performing
DENNIS EGHAGHE,,13 OGBEIDE STREET OFF UPPER SAKPONBA ROAD BENIN CITY Ikpob,,"=""22260872""","=""1404250""","=""2088629379""",Personal fixed term loan,2019-12-31 00:00:00,2500.00,0.00,,0.00,3120.00,NGN,0,Closed,2020-01-30 00:00:00,Performing
CHARLES ALONGE,"=""22219488075""",SOWEMIMO STRT ONIKOLOBO,,"=""22261421""","=""5650042""","=""1581857""",Personal fixed term loan,2020-02-11 00:00:00,10000.00,0.00,,0.00,13000.00,NGN,0,Closed,2020-03-12 00:00:00,Performing
CHIBUOGWU MAZI,,NO 3 NWIGWE STREET ABA Osisioma Abia State,,"=""22262493""","=""568372""","=""1841634""",Personal fixed term loan,2020-03-18 00:00:00,10000.00,0.00,,0.00,12200.00,NGN,0,Closed,2020-04-17 00:00:00,Performing
TOSIN AYENI,"=""22546317329""",GRA BARRACK ROAD ONDO STATE Ondo East Ondo State,,"=""22263978""","=""5676676""","=""2140024124""",Personal fixed term loan,2020-02-12 00:00:00,2500.00,0.00,,0.00,2870.00,NGN,0,Closed,2020-02-27 00:00:00,Performing
Damilola Ayodeji,"=""22383237925""",7 Jide Daniel road Behind Ait station Alagbado Alimosho La,,"=""22264914""","=""6453151""","=""1851743""",Personal fixed term loan,2020-03-20 00:00:00,2500.00,0.00,,0.00,2870.00,NGN,0,Closed,2020-04-06 00:00:00,Performing
Damilola Ayodeji,"=""22383237925""",7 Jide Daniel road Behind Ait station Alagbado Alimosho La,,"=""22264914""","=""6453151""","=""6550134373""",Personal fixed term loan,2020-03-20 00:00:00,2500.00,0.00,,0.00,2870.00,NGN,0,Closed,2020-04-06 00:00:00,Performing
STELLA OLOWOGBOYE,,10 AKEWULA STREET BAWURA IPAJA Alimosho Lagos State,,"=""22264982""","=""5462518""","=""1761009""",Personal fixed term loan,2020-03-06 00:00:00,40000.00,0.00,,0.00,50000.00,NGN,0,Closed,2020-04-06 00:00:00,Performing
ABDULLAHI ISYAKU,"=""22432319547""",AF7 MAKARFI ROAD RIGASA Kaduna South Kaduna State,,"=""22265484""","=""3565792""","=""2096497429""",Personal fixed term loan,2019-11-21 00:00:00,1500.00,0.00,,0.00,1950.00,NGN,0,Closed,2019-12-23 00:00:00,Performing
MUHAMMED ABDULLAHI,"=""22405751187""",no d4 maiunguwa road kabala  Kaduna North Kaduna State,,"=""22266671""","=""6196642""","=""5364710014""",Personal fixed term loan,2020-03-09 00:00:00,5000.00,0.00,,0.00,6250.00,NGN,0,Closed,2020-04-08 00:00:00,Performing
REGINA EKERE,"=""22292581098""",NYANYA GWANDARA NASARAWA STATE Karu Nasarawa State,,"=""22266718""","=""5196286""","=""1762771""",Personal fixed term loan,2020-03-06 00:00:00,2500.00,0.00,,0.00,3250.00,NGN,0,Closed,2020-04-06 00:00:00,Performing
Veronica Atagher,"=""22469317305""",Mbakunu village  Mr Ataghers compound Iyon Kwande Benue St,,"=""22267905""","=""3967390""","=""118324794""",Personal fixed term loan,2019-12-06 00:00:00,1500.00,0.00,,0.00,1720.00,NGN,0,Closed,2019-12-23 00:00:00,Performing
MARGRET UDOH,"=""22537049770""",NO 9 MUHAMMED JOMOH STREET KUOLA AREA IBADAN OYO STATE Ido,,"=""22268156""","=""6524369""","=""1920309""",Personal fixed term loan,2020-04-02 00:00:00,2500.00,0.00,,0.00,3250.00,NGN,0,Closed,2020-05-04 00:00:00,Performing
NOFISAT DEMU,"=""22462510004""",16 SADELA STREET IMOTA IKORODU Ikorodu Lagos State,,"=""22264268""","=""6337102""","=""1817236""",Personal fixed term loan,2020-03-14 00:00:00,10000.00,0.00,,0.00,13000.00,NGN,0,Closed,2020-04-14 00:00:00,Performing
NOFISAT DEMU,"=""22462510004""",16 SADELA STREET IMOTA IKORODU Ikorodu Lagos State,,"=""22264268""","=""6337102""","=""264722604""",Personal fixed term loan,2020-03-14 00:00:00,10000.00,0.00,,0.00,13000.00,NGN,0,Closed,2020-04-14 00:00:00,Performing
TUBOSUN OGUNGBAMIGBE,"=""22286758965""",NO 6 GENERAL HOSPITAL ROAD OKPOGA Okpokwu Benue State,,"=""22265293""","=""6601633""","=""1923719""",Personal fixed term loan,2020-04-05 00:00:00,2500.00,0.00,,0.00,3250.00,NGN,0,Closed,2020-05-05 00:00:00,Performing
TUBOSUN OGUNGBAMIGBE,"=""22286758965""",NO 6 GENERAL HOSPITAL ROAD OKPOGA Okpokwu Benue State,,"=""22265293""","=""6601633""","=""2009922408""",Personal fixed term loan,2020-04-05 00:00:00,2500.00,0.00,,0.00,3250.00,NGN,0,Closed,2020-05-05 00:00:00,Performing
WITNESS BAIYEGUNHI,"=""22474239896""",NO 26 MAXWELL SREET TRADE MARK ESTATE LUGBE ABUJA Municipa,,"=""22267819""","=""7126900""","=""2209458196""",Personal fixed term loan,2020-09-14 00:00:00,10000.00,0.00,,0.00,6380.00,NGN,0,Closed,2020-11-13 00:00:00,Performing
WITNESS BAIYEGUNHI,"=""22474239896""",NO 26 MAXWELL SREET TRADE MARK ESTATE LUGBE ABUJA Municipa,,"=""22267819""","=""7126900""","=""2437891""",Personal fixed term loan,2020-09-14 00:00:00,10000.00,0.00,,0.00,6380.00,NGN,0,Closed,2020-11-13 00:00:00,Performing
OLUSHOLA ADESOKAN,"=""22319144347""",LANE 4 ATIBABA HOUSE 2ND GATE ALAYANDE ERELU Atiba Oyo Sta,,"=""22268169""","=""4971122""","=""1012349317""",Personal fixed term loan,2020-02-20 00:00:00,25000.00,0.00,,0.00,31250.00,NGN,0,Closed,2020-03-23 00:00:00,Performing
SALMON ADEWUNMI,,4 AUSTINE IORBEE CRESENT ABK Abeokuta North Ogun State,,"=""22268305""","=""2623808""","=""2109569529""",Personal fixed term loan,2019-11-05 00:00:00,2500.00,0.00,,0.00,2870.00,NGN,0,Closed,2019-11-20 00:00:00,Performing
Tawakalitu Abdurafiu,,86 Zone 9 Ayekale Otaefun Osogbo Osun State,,"=""22268462""","=""6182072""","=""2104107100""",Personal fixed term loan,2020-03-06 00:00:00,2500.00,0.00,,0.00,2870.00,NGN,0,Closed,2020-03-23 00:00:00,Performing
ADELEYE OLUFEMI,"=""22488513915""",NO 24 AFEKI AREA OPA Ife East Osun State,,"=""22268530""","=""3794423""","=""426548998""",Personal fixed term loan,2019-11-29 00:00:00,10000.00,0.00,,0.00,13000.00,NGN,0,Closed,2019-12-30 00:00:00,Performing
OLANREWAJU OLUSOLA,"=""22350150925""",20 ABEOKUTA STREET OKUNOLA EGBDA LAGOS Alimosho Lagos Stat,,"=""22268619""","=""6062909""","=""1935998""",Personal fixed term loan,2020-04-13 00:00:00,5000.00,0.00,,0.00,5750.00,NGN,0,Closed,2020-04-28 00:00:00,Performing
azuquty abdulrasheed,,no5 orowolo ikeja lagos,,"=""22268687""","=""951206""","=""126714""",Personal fixed term loan,2019-03-08 00:00:00,30000.00,0.00,,0.00,39000.00,NGN,0,Closed,2019-04-08 00:00:00,Performing
azuquty abdulrasheed,,no5 orowolo ikeja lagos,,"=""22268687""","=""951206""","=""2116473077""",Personal fixed term loan,2019-03-08 00:00:00,30000.00,0.00,,0.00,39000.00,NGN,0,Closed,2019-04-08 00:00:00,Performing
MARYAM ZUBAIR,"=""22539438857""",OPP PRIMARY SCHOOL KWAMBA SULEJA Suleja Niger State,,"=""22268812""","=""6027884""","=""1703863""",Personal fixed term loan,2020-02-28 00:00:00,2500.00,0.00,,0.00,3250.00,NGN,0,Closed,2020-03-30 00:00:00,Performing
UMAR ABUBAKAR,"=""22336899310""",APARA LINK ROAD ObioAkpor Rivers State,,"=""22269037""","=""6513371""","=""1866289""",Personal fixed term loan,2020-03-22 00:00:00,2500.00,0.00,,0.00,3250.00,NGN,0,Closed,2020-04-21 00:00:00,Performing
NICHOLAS LEAM,"=""22345487681""",close to cocin lcc lahir mangu Mangu Plateau State,,"=""22269105""","=""3316658""","=""65251503""",Personal fixed term loan,2020-03-05 00:00:00,1500.00,0.00,,0.00,1870.00,NGN,0,Closed,2020-04-06 00:00:00,Performing
GOODNESS NWAWURU,"=""22458815456""",NO 2 NATIONAL STREET MILE 3 DIOBUPORTHARCOURT Port Harcour,,"=""22266647""","=""6259057""","=""2070079366""",Personal fixed term loan,2020-03-11 00:00:00,2500.00,0.00,,0.00,3250.00,NGN,0,Closed,2020-04-14 00:00:00,Performing
OFONMBUK PETER,,10 AKA ETINAN ROAD Uyo Akwa Ibom State,,"=""22266708""","=""6711916""","=""1917740""",Personal fixed term loan,2020-04-01 00:00:00,10000.00,0.00,,0.00,13000.00,NGN,0,Closed,2020-05-04 00:00:00,Performing
OFONMBUK PETER,,10 AKA ETINAN ROAD Uyo Akwa Ibom State,,"=""22266708""","=""6711916""","=""78410151""",Personal fixed term loan,2020-04-01 00:00:00,10000.00,0.00,,0.00,13000.00,NGN,0,Closed,2020-05-04 00:00:00,Performing
TITILOPE ORESUSI,,37 oke ado  adem filling station ibadan,"=""08142696494""","=""22267987""","=""6233864""","=""1899891""",Personal fixed term loan,2020-03-28 00:00:00,15000.00,0.00,,0.00,18750.00,NGN,0,Closed,2020-04-27 00:00:00,Performing
JELILII YISAU,"=""22501660538""",ARUBIEWE AREA OLODO GARAGE IBADAN Egbeda Oyo State,,"=""22268001""","=""5848781""","=""1641685""",Personal fixed term loan,2020-02-20 00:00:00,1500.00,0.00,,0.00,1500.00,NGN,0,Closed,2020-03-23 00:00:00,Performing
EMMANUEL ODUNNA,"=""22543155924""",BISHOPS COURT Owerri Municipal Imo State,,"=""22268112""","=""6799334""","=""2228716""",Personal fixed term loan,2020-07-27 00:00:00,5000.00,0.00,,0.00,6500.00,NGN,0,Closed,2020-08-26 00:00:00,Performing
EMMANUEL ODUNNA,"=""22543155924""",BISHOPS COURT Owerri Municipal Imo State,,"=""22268112""","=""6799334""","=""2262765998""",Personal fixed term loan,2020-07-27 00:00:00,5000.00,0.00,,0.00,6500.00,NGN,0,Closed,2020-08-26 00:00:00,Performing
OLORUNLEKE ELIJAH ABOLADE,"=""22149519951""",16 IREPODUN CLOSE FEDERERA ELEWURA CHALLENGE IBADAN Oluyol,,"=""22268294""","=""6802949""","=""58548267""",Personal fixed term loan,2020-04-07 00:00:00,2500.00,0.00,,0.00,2870.00,NGN,0,Closed,2020-04-22 00:00:00,Performing
OLANIKE OGUNSOLA,"=""22531262942""",NO 22 ODO ADO ADO EKITI Ado Ekiti Ekiti State,,"=""22268387""","=""6557687""","=""2132230322""",Personal fixed term loan,2020-03-25 00:00:00,2500.00,0.00,,0.00,3250.00,NGN,0,Closed,2020-04-24 00:00:00,Performing
OLANREWAJU OJO,"=""22498314931""",46 FAFUNMI STR ONAARA BUS STOP MEIRAN ALIMOSHO Alimosho La,,"=""22268405""","=""11964263""","=""3773085""",Personal fixed term loan,2021-05-21 00:00:00,10000.00,0.00,,0.00,13000.00,NGN,0,Closed,2021-06-21 00:00:00,Performing
WASIU AKANDE,,11 ivinagbor street ojodu berger,,"=""22268587""","=""840908""","=""567986""",Personal fixed term loan,2019-08-31 00:00:00,1500.00,0.00,,0.00,1950.00,NGN,0,Closed,2019-09-30 00:00:00,Performing
AJOKE MUMUNIAGORO,"=""22385196231""",48ADESHINA STRSOMOLUBARIGALAGOS Shomolu Lagos State,,"=""22268694""","=""5272925""","=""1759420""",Personal fixed term loan,2020-03-06 00:00:00,15000.00,0.00,,0.00,18750.00,NGN,0,Closed,2020-04-06 00:00:00,Performing
Chukwuemeka Eze,"=""22220181903""",43B ODUNTAN STREET KETU Kosofe Lagos State,,"=""22268787""","=""6348602""","=""1820503""",Personal fixed term loan,2020-03-14 00:00:00,2500.00,0.00,,0.00,2870.00,NGN,0,Closed,2020-03-30 00:00:00,Performing
innocent ihunwo,"=""22180558405""",10 okporo avenue rumuigbo phc ObioAkpor Rivers State,,"=""22269005""","=""3889343""","=""2068624019""",Personal fixed term loan,2019-12-03 00:00:00,2500.00,0.00,,0.00,2870.00,NGN,0,Closed,2019-12-18 00:00:00,Performing
MUSA HUSSEIN,"=""22303343244""",ANGWAN DADIN KEFFI KEFFI KEFFI Keffi Nasarawa State,,"=""22269098""","=""6435881""","=""1844858""",Personal fixed term loan,2020-03-18 00:00:00,2500.00,0.00,,0.00,3250.00,NGN,0,Closed,2020-04-17 00:00:00,Performing
MUSA HUSSEIN,"=""22303343244""",ANGWAN DADIN KEFFI KEFFI KEFFI Keffi Nasarawa State,,"=""22269098""","=""6435881""","=""27285537""",Personal fixed term loan,2020-03-18 00:00:00,2500.00,0.00,,0.00,3250.00,NGN,0,Closed,2020-04-17 00:00:00,Performing
ADEDAYO AKINWUMI,"=""22441141106""",EKITI STATE UNIVERSITY Ado Ekiti Ekiti State,,"=""22263137""","=""4323697""","=""2209638590""",Personal fixed term loan,2020-03-09 00:00:00,2500.00,0.00,,0.00,3120.00,NGN,0,Closed,2020-04-08 00:00:00,Performing
BALQEES YUSUF,"=""22346993628""",43 OLIWO IDIKAN A,"=""08062363827""","=""22264909""","=""5666371""","=""1587382""",Personal fixed term loan,2020-02-12 00:00:00,2500.00,0.00,,0.00,2870.00,NGN,0,Closed,2020-02-27 00:00:00,Performing
SHAKIRAT BALOGUN,,7 ZION CLOSE OGOLONTO BSTOP IKORODU Ikorodu Lagos State,,"=""22265295""","=""3559513""","=""170126040""",Personal fixed term loan,2019-11-21 00:00:00,10000.00,0.00,,0.00,13000.00,NGN,0,Closed,2019-12-23 00:00:00,Performing
EMMANUEL ADEYEMI,"=""22263709250""",AKUNGBA Akoko SouthWest Ondo State,,"=""22265981""","=""6433876""","=""2150086327""",Personal fixed term loan,2020-03-18 00:00:00,7500.00,0.00,,0.00,8620.00,NGN,0,Closed,2020-04-02 00:00:00,Performing
ESTHER AZUBUIKE,"=""22423217384""",6 OBOTHUME RUMUOKWACHI OZUOBA ObioAkpor Rivers State,,"=""22267560""","=""6777937""","=""1934291""",Personal fixed term loan,2020-04-12 00:00:00,2500.00,0.00,,0.00,3250.00,NGN,0,Closed,2020-05-12 00:00:00,Performing
ESTHER AZUBUIKE,"=""22423217384""",6 OBOTHUME RUMUOKWACHI OZUOBA ObioAkpor Rivers State,,"=""22267560""","=""6777937""","=""6173089270""",Personal fixed term loan,2020-04-12 00:00:00,2500.00,0.00,,0.00,3250.00,NGN,0,Closed,2020-05-12 00:00:00,Performing
CHARITY IDUGIE,"=""22545624468""",DUTSE MAKARANTA Bwari FCT,,"=""22268046""","=""6227108""","=""1781731""",Personal fixed term loan,2020-03-09 00:00:00,2500.00,0.00,,0.00,2870.00,NGN,0,Closed,2020-03-24 00:00:00,Performing
EBENEZER OJO,"=""22344946446""",6 ONIPEDE STREET,,"=""22268067""","=""6897527""","=""2221252""",Personal fixed term loan,2020-07-25 00:00:00,5000.00,0.00,,0.00,5750.00,NGN,0,Closed,2020-08-10 00:00:00,Performing
BLESSING MICHAEL,,NO 1 MATO AREA AKINGBADE AREA IBADAN Egbeda Oyo State,,"=""22268160""","=""2484854""","=""804466493""",Personal fixed term loan,2020-02-28 00:00:00,2500.00,0.00,,0.00,3120.00,NGN,0,Closed,2020-03-30 00:00:00,Performing
JAMIU OLUDARE,"=""22509108133""",18 EWELANLO STREET OGUN RADIO AYETORO ROAD ABEOKUTA Abeoku,,"=""22268260""","=""6072731""","=""1774341""",Personal fixed term loan,2020-03-08 00:00:00,2500.00,0.00,,0.00,2870.00,NGN,0,Closed,2020-03-23 00:00:00,Performing
JAMIU OLUDARE,"=""22509108133""",18 EWELANLO STREET OGUN RADIO AYETORO ROAD ABEOKUTA Abeoku,,"=""22268260""","=""6072731""","=""3134096699""",Personal fixed term loan,2020-03-08 00:00:00,2500.00,0.00,,0.00,2870.00,NGN,0,Closed,2020-03-23 00:00:00,Performing
ALIYAT SALMAN,,NO 7 BAALE STR IJEBU ODE Ijebu Ode Ogun State,,"=""22268360""","=""5979032""","=""1724115""",Personal fixed term loan,2020-03-02 00:00:00,5000.00,0.00,,0.00,6250.00,NGN,0,Closed,2020-04-01 00:00:00,Performing
kudirat balogun,,69 foresythe street Lagos,,"=""22268539""","=""1373081""","=""3117820637""",Personal fixed term loan,2019-06-29 00:00:00,5000.00,0.00,,0.00,6500.00,NGN,0,Closed,2019-07-29 00:00:00,Performing
kudirat balogun,,69 foresythe street Lagos,,"=""22268539""","=""1373081""","=""329137""",Personal fixed term loan,2019-06-29 00:00:00,5000.00,0.00,,0.00,6500.00,NGN,0,Closed,2019-07-29 00:00:00,Performing
NNEKA NWADIAJU,,BACK OF BUSH BAR PARISH HOSTEL,,"=""22268553""","=""1610615""","=""3581203362""",Personal fixed term loan,2019-08-16 00:00:00,10000.00,0.00,,0.00,13000.00,NGN,0,Closed,2019-09-16 00:00:00,Performing
AHMAD MASUD,,sabon gari,,"=""22268653""","=""715814""","=""3094862961""",Personal fixed term loan,2018-11-25 00:00:00,2500.00,0.00,,0.00,3225.00,NGN,0,Closed,2018-12-24 00:00:00,Performing
AHMAD MASUD,,sabon gari,,"=""22268653""","=""715814""","=""52099""",Personal fixed term loan,2018-11-25 00:00:00,2500.00,0.00,,0.00,3225.00,NGN,0,Closed,2018-12-24 00:00:00,Performing
OLANREWAJU ADELAJA,,36 Ojasope Street Bankole busstop ogun State,,"=""22262501""","=""2500432""","=""898657""",Personal fixed term loan,2019-10-26 00:00:00,5000.00,0.00,,0.00,6250.00,NGN,0,Closed,2019-11-25 00:00:00,Performing
ADELEKE OLAJUTEMU,"=""22436712335""",no 10 ilawemo Ado Ekiti Ekiti State,,"=""22263166""","=""6193762""","=""1766857""",Personal fixed term loan,2020-03-07 00:00:00,2500.00,0.00,,0.00,3250.00,NGN,0,Closed,2020-04-06 00:00:00,Performing
ADELEKE OLAJUTEMU,"=""22436712335""",no 10 ilawemo Ado Ekiti Ekiti State,,"=""22263166""","=""6193762""","=""732653550""",Personal fixed term loan,2020-03-07 00:00:00,2500.00,0.00,,0.00,3250.00,NGN,0,Closed,2020-04-06 00:00:00,Performing
JOSHUA OMOLARE,"=""22518739108""",IREPODUN ESTATE ERULAGOS ISLANDLAGO,"=""2347064584293""","=""22263287""","=""2544073""","=""2132786324""",Personal fixed term loan,2020-04-19 00:00:00,1500.00,0.00,,0.00,1720.00,NGN,0,Closed,2020-05-04 00:00:00,Performing
SYLVESTER NWAKONOBI,"=""22447841538""",84 OHANKU RD ABA Aba South Abia State,,"=""22264338""","=""5688718""","=""759380420""",Personal fixed term loan,2020-02-15 00:00:00,2500.00,0.00,,0.00,2870.00,NGN,0,Closed,2020-03-02 00:00:00,Performing
ADURAYEMI E AWOPEJU,"=""22388635780""",16 BASHIRU STR CELE BSTP IKORODU Ikorodu Lagos State,,"=""22264924""","=""5204338""","=""1448833""",Personal fixed term loan,2020-01-23 00:00:00,2500.00,0.00,,0.00,2870.00,NGN,0,Closed,2020-02-07 00:00:00,Performing
TAOFEEK TEJUOSHO,"=""22172234830""",2 ADELE AJOSUN STREET  Badagry Lagos State,,"=""22264938""","=""5271580""","=""1829390""",Personal fixed term loan,2020-03-16 00:00:00,15000.00,0.00,,0.00,17250.00,NGN,0,Closed,2020-03-31 00:00:00,Performing
TAOFEEK TEJUOSHO,"=""22172234830""",2 ADELE AJOSUN STREET  Badagry Lagos State,,"=""22264938""","=""5271580""","=""2191259335""",Personal fixed term loan,2020-03-16 00:00:00,15000.00,0.00,,0.00,17250.00,NGN,0,Closed,2020-03-31 00:00:00,Performing
ENIOLA OLAFEMI,"=""22196238397""",NO 18 LAMINA STREET ILASAMAJA  Mushin Lagos State,,"=""22265273""","=""2527924""","=""3076033499""",Personal fixed term loan,2020-01-16 00:00:00,2500.00,0.00,,0.00,3250.00,NGN,0,Closed,2020-02-17 00:00:00,Performing
DESTINY OKEREKE,"=""22497637600""",OKEREKES COMP UMUSHALOM AMANKUTA MBIERI Mbaitoli Imo State,,"=""22266645""","=""5387872""","=""106763039""",Personal fixed term loan,2020-03-05 00:00:00,2500.00,0.00,,0.00,3120.00,NGN,0,Closed,2020-04-06 00:00:00,Performing
DESTINY OKEREKE,"=""22497637600""",OKEREKES COMP UMUSHALOM AMANKUTA MBIERI Mbaitoli Imo State,,"=""22266645""","=""5387872""","=""1751208""",Personal fixed term loan,2020-03-05 00:00:00,2500.00,0.00,,0.00,3120.00,NGN,0,Closed,2020-04-06 00:00:00,Performing
APRIKARAMA JUMBO,"=""22419984245""",RUMUOSI BY MTN MAST ObioAkpor Rivers State,,"=""22266696""","=""6852937""","=""1220225370""",Personal fixed term loan,2020-04-10 00:00:00,2500.00,0.00,,0.00,3250.00,NGN,0,Closed,2020-05-11 00:00:00,Performing
DEBBY OLUJIMI,"=""22348617988""",HOSPITAL RD BEHIND OWOWNIKOKO HOUSE  OWODE EGBA ABK Obafem,,"=""22268217""","=""1737812""","=""2036926581""",Personal fixed term loan,2019-08-31 00:00:00,1500.00,0.00,,0.00,1950.00,NGN,0,Closed,2019-09-30 00:00:00,Performing
RUBEN JOHN,,21adenuga street fighter road,,"=""22268417""","=""1600646""","=""2218115789""",Personal fixed term loan,2019-08-14 00:00:00,1500.00,0.00,,0.00,1950.00,NGN,0,Closed,2019-09-13 00:00:00,Performing
RUBEN JOHN,,21adenuga street fighter road,,"=""22268417""","=""1600646""","=""487313""",Personal fixed term loan,2019-08-14 00:00:00,1500.00,0.00,,0.00,1950.00,NGN,0,Closed,2019-09-13 00:00:00,Performing
MUSTAPHA LUKMAN,"=""22348462201""",OKE OLA ORO Irepodun Kwara State,,"=""22268431""","=""6075434""","=""1867064""",Personal fixed term loan,2020-03-22 00:00:00,5000.00,0.00,,0.00,5750.00,NGN,0,Closed,2020-04-06 00:00:00,Performing
SOLOMON SIMON,,NO 2 ETCHE STREET BORIKIRI PORT HARCOURT Port Harcourt Riv,,"=""22267585""","=""6614230""","=""1895653""",Personal fixed term loan,2020-03-27 00:00:00,2500.00,0.00,,0.00,3250.00,NGN,0,Closed,2020-04-27 00:00:00,Performing
PETER NNAMAKA AHAOTU,,611 idrisgidado street wuye abuja,,"=""22267692""","=""1536184""","=""811001""",Personal fixed term loan,2019-10-11 00:00:00,1500.00,0.00,,0.00,1870.00,NGN,0,Closed,2019-11-11 00:00:00,Performing
OLAYINKA OLANIYAN,,1 AKINIGAIN STREET BEMBO APATA IBADAN Ido Oyo State,,"=""22267985""","=""5413115""","=""1706358""",Personal fixed term loan,2020-02-28 00:00:00,15000.00,0.00,,0.00,18750.00,NGN,0,Closed,2020-03-30 00:00:00,Performing
OLAYINKA OLANIYAN,,1 AKINIGAIN STREET BEMBO APATA IBADAN Ido Oyo State,,"=""22267985""","=""5413115""","=""3021015956""",Personal fixed term loan,2020-02-28 00:00:00,15000.00,0.00,,0.00,18750.00,NGN,0,Closed,2020-03-30 00:00:00,Performing
ASIMIYU OSENI,"=""22297671262""",MUSLIM AREA IBADAN Oluyole Oyo State,,"=""22268035""","=""6198932""","=""1872481""",Personal fixed term loan,2020-03-23 00:00:00,5000.00,0.00,,0.00,5750.00,NGN,0,Closed,2020-04-07 00:00:00,Performing
MIRACLE ONU,,45 EZEGBAKAGBA STREET WOJI PHC ObioAkpor Rivers State,,"=""22268092""","=""1567985""","=""6107328015""",Personal fixed term loan,2019-08-07 00:00:00,1500.00,0.00,,0.00,1950.00,NGN,0,Closed,2019-09-06 00:00:00,Performing
AZEEZ AKINWALE,"=""22441537291""",5 ILEARO OKO EJIGBO Ejigbo Osun State,,"=""22268128""","=""3599144""","=""2190022363""",Personal fixed term loan,2020-01-18 00:00:00,2500.00,0.00,,0.00,2870.00,NGN,0,Closed,2020-02-03 00:00:00,Performing
TEMITOPE AYILARA,"=""22213821674""",23 NEW GBAGI OLD IFE ROAD FASS FASS AREA,,"=""22268171""","=""6609827""","=""1894236""",Personal fixed term loan,2020-03-27 00:00:00,2500.00,0.00,,0.00,3250.00,NGN,0,Closed,2020-04-27 00:00:00,Performing
RUKAYYA ISA,"=""22345247025""",NO 58FAGGE D2 LINE DABINAI,,"=""22268278""","=""6081953""","=""1723089""",Personal fixed term loan,2020-03-02 00:00:00,2500.00,0.00,,0.00,2870.00,NGN,0,Closed,2020-03-17 00:00:00,Performing
KAZEEM OLALEYE,"=""22493190466""",ADO EKITI Ado Ekiti Ekiti State,,"=""22268435""","=""3102854""","=""784851032""",Personal fixed term loan,2019-11-05 00:00:00,1500.00,0.00,,0.00,1950.00,NGN,0,Closed,2019-12-05 00:00:00,Performing
ELIJAH POPOOLA,"=""22534491633""",212ND AVENUE Alimosho Lagos State,,"=""22268571""","=""6024557""","=""2209905102""",Personal fixed term loan,2020-02-29 00:00:00,10000.00,0.00,,0.00,13000.00,NGN,0,Closed,2020-03-30 00:00:00,Performing
SAMUEL MICHAEL,"=""22417257293""",4 Adaranijo close,,"=""22268664""","=""1753865""","=""2261552478""",Personal fixed term loan,2019-10-01 00:00:00,2500.00,0.00,,0.00,2870.00,NGN,0,Closed,2019-10-16 00:00:00,Performing
SAMUEL MICHAEL,"=""22417257293""",4 Adaranijo close,,"=""22268664""","=""1753865""","=""749976""",Personal fixed term loan,2019-10-01 00:00:00,2500.00,0.00,,0.00,2870.00,NGN,0,Closed,2019-10-16 00:00:00,Performing
abolaji ilesanmi,"=""22332442280""",4 lisabi close off opeki ipaja Alimosho Lagos State,,"=""22268821""","=""6957536""","=""1938870""",Personal fixed term loan,2020-04-14 00:00:00,1500.00,0.00,,0.00,1950.00,NGN,0,Closed,2020-05-14 00:00:00,Performing
abolaji ilesanmi,"=""22332442280""",4 lisabi close off opeki ipaja Alimosho Lagos State,,"=""22268821""","=""6957536""","=""2089655013""",Personal fixed term loan,2020-04-14 00:00:00,1500.00,0.00,,0.00,1950.00,NGN,0,Closed,2020-05-14 00:00:00,Performing
CHARITY SAMUEL,,Durumi Garki Abuja,,"=""22269064""","=""2681207""","=""2077990473""",Personal fixed term loan,2019-10-21 00:00:00,2500.00,0.00,,0.00,3250.00,NGN,0,Closed,2019-11-20 00:00:00,Performing
CHARITY SAMUEL,,Durumi Garki Abuja,,"=""22269064""","=""2681207""","=""865379""",Personal fixed term loan,2019-10-21 00:00:00,2500.00,0.00,,0.00,3250.00,NGN,0,Closed,2019-11-20 00:00:00,Performing
hauwa muhammad,"=""22498598959""",OLD GOVERNMENT HOUSE DUTSE L G A JIGAWA STATE Dutse Jigawa,,"=""22261666""","=""9963238""","=""3650000432""",Personal fixed term loan,2020-12-03 00:00:00,5000.00,0.00,,0.00,6000.00,NGN,0,Closed,2020-12-18 00:00:00,Performing
RUTH ADENIKE DALUMO,,36 SAKAMA STREET TAIWO ISALE OFF UNITY AREA,,"=""22263401""","=""733990""","=""10499193""",Personal fixed term loan,2023-06-05 00:00:00,5000.00,0.00,,0.00,6000.00,NGN,0,Closed,2023-06-20 00:00:00,Performing
OLUWASEYI ARONIYO,"=""22407441279""",E DIVISION BRRACK KULENDE ESTATE ILORIN Ilorin West Kwara,,"=""22263987""","=""5243257""","=""1462338""",Personal fixed term loan,2020-01-26 00:00:00,2500.00,0.00,,0.00,2870.00,NGN,0,Closed,2020-02-10 00:00:00,Performing
OLUWASEYI ARONIYO,"=""22407441279""",E DIVISION BRRACK KULENDE ESTATE ILORIN Ilorin West Kwara,,"=""22263987""","=""5243257""","=""228259173""",Personal fixed term loan,2020-01-26 00:00:00,2500.00,0.00,,0.00,2870.00,NGN,0,Closed,2020-02-10 00:00:00,Performing
MIRACLE UGWUMBA,"=""22462023076""",21 CHURCH CLOSE IKOTU LAGOS  Egor Edo State,,"=""22264638""","=""5952964""","=""1759424""",Personal fixed term loan,2020-03-06 00:00:00,2500.00,0.00,,0.00,3120.00,NGN,0,Closed,2020-04-06 00:00:00,Performing
MIRACLE UGWUMBA,"=""22462023076""",21 CHURCH CLOSE IKOTU LAGOS  Egor Edo State,,"=""22264638""","=""5952964""","=""2105119809""",Personal fixed term loan,2020-03-06 00:00:00,2500.00,0.00,,0.00,3120.00,NGN,0,Closed,2020-04-06 00:00:00,Performing
ACHIMUGU AKOJI,"=""22530839019""",NO 85 AJIYA SREET URIMI KAD Kaduna North Kaduna State,,"=""22265424""","=""5885572""","=""1664614""",Personal fixed term loan,2020-02-23 00:00:00,2500.00,0.00,,0.00,2500.00,NGN,0,Closed,2020-03-09 00:00:00,Performing
ACHIMUGU AKOJI,"=""22530839019""",NO 85 AJIYA SREET URIMI KAD Kaduna North Kaduna State,,"=""22265424""","=""5885572""","=""818936629""",Personal fixed term loan,2020-02-23 00:00:00,2500.00,0.00,,0.00,2500.00,NGN,0,Closed,2020-03-09 00:00:00,Performing
HADIZA IBRAHIM,"=""22500136199""",Lekki face 1,,"=""22266024""","=""1517122""","=""427783""",Personal fixed term loan,2019-07-27 00:00:00,2500.00,0.00,,0.00,3250.00,NGN,0,Closed,2019-08-26 00:00:00,Performing
HADIZA IBRAHIM,"=""22500136199""",Lekki face 1,,"=""22266024""","=""1517122""","=""438942559""",Personal fixed term loan,2019-07-27 00:00:00,2500.00,0.00,,0.00,3250.00,NGN,0,Closed,2019-08-26 00:00:00,Performing
JOSEPH ONYENWEM,,STATE SHOOL OGIDA ETCHE Etche Rivers State,,"=""22267582""","=""2687872""","=""6553359104""",Personal fixed term loan,2019-10-21 00:00:00,10000.00,0.00,,0.00,13000.00,NGN,0,Closed,2019-11-20 00:00:00,Performing
stella abah,,3rd Avenue Gwarimpa estate Abuja opp ebony hospital,,"=""22267931""","=""1395616""","=""2091216243""",Personal fixed term loan,2019-10-11 00:00:00,5000.00,0.00,,0.00,6250.00,NGN,0,Closed,2019-11-11 00:00:00,Performing
ABIMBOLA FALONI,"=""22359098820""",NO3AKINGBILE OLUANA OYO ROADIBADAN Akinyele Oyo State,,"=""22267996""","=""4132337""","=""3042907669""",Personal fixed term loan,2019-12-15 00:00:00,1500.00,0.00,,0.00,1950.00,NGN,0,Closed,2020-01-14 00:00:00,Performing
usman khalil,"=""22287304833""",KUMBOTSO Kumbotso Kano State,"=""2348099296334""","=""22268317""","=""10353173""","=""5611015963""",Personal fixed term loan,2020-12-19 00:00:00,5000.00,0.00,,0.00,6000.00,NGN,0,Closed,2021-01-04 00:00:00,Performing
JIBRIL JIMOH,"=""22150842660""",KIGO ROAD OPPOSITE NIVILLA HOTEL KADUNA Kaduna North Kadun,,"=""22268331""","=""10008983""","=""120988131""",Personal fixed term loan,2020-12-11 00:00:00,5000.00,0.00,,0.00,6000.00,NGN,0,Closed,2020-12-28 00:00:00,Performing
BOSEDE BAMIGBOYE,,Js21c raiway quater offa,,"=""22268517""","=""1856378""","=""647759""",Personal fixed term loan,2019-09-12 00:00:00,1500.00,0.00,,0.00,1950.00,NGN,0,Closed,2019-10-14 00:00:00,Performing
AYUBA MUSA,"=""22551186776""",TUDUN WADA MUBI SOUTH  Mubi South Adamawa State,,"=""22259684""","=""5485267""","=""2142955343""",Personal fixed term loan,2020-03-04 00:00:00,2500.00,0.00,,0.00,3120.00,NGN,0,Closed,2020-04-03 00:00:00,Performing
FOLAHANMI BABALOLA,"=""22464308382""",NO 6 TIJANI STREET OLOMORE ABEOKUTA Abeokuta North Ogun St,,"=""22261490""","=""5560132""","=""1691977""",Personal fixed term loan,2020-02-27 00:00:00,7500.00,0.00,,0.00,9370.00,NGN,0,Closed,2020-03-30 00:00:00,Performing
IDOWU OYINKOLADE,,39 OBANLA STREET AKURE Akure South Ondo State,,"=""22263177""","=""6572971""","=""1884692""",Personal fixed term loan,2020-03-25 00:00:00,2500.00,0.00,,0.00,3250.00,NGN,0,Closed,2020-04-24 00:00:00,Performing
IDOWU OYINKOLADE,,39 OBANLA STREET AKURE Akure South Ondo State,,"=""22263177""","=""6572971""","=""789316015""",Personal fixed term loan,2020-03-25 00:00:00,2500.00,0.00,,0.00,3250.00,NGN,0,Closed,2020-04-24 00:00:00,Performing
TAOFEEQ OLAIDE,"=""22176592501""",201 IPAJA ROAD FUNMILAYO BUS STOP AGEGE LAGOS Agege Lagos,,"=""22264298""","=""6663247""","=""1910625""",Personal fixed term loan,2020-03-30 00:00:00,10000.00,0.00,,0.00,13000.00,NGN,0,Closed,2020-04-29 00:00:00,Performing
MUNIAT LAWAL,"=""22232463060""",3 ONI OGUNSANYA STREET AGA IKORODU Ikorodu Lagos State,,"=""22264364""","=""6080731""","=""169445293""",Personal fixed term loan,2020-03-02 00:00:00,2500.00,0.00,,0.00,2870.00,NGN,0,Closed,2020-03-17 00:00:00,Performing
rachael joseph,"=""22211618724""",28 moses adebayo street off adebowale street ojodu Agege L,,"=""22264983""","=""6286579""","=""1927545""",Personal fixed term loan,2020-04-08 00:00:00,2500.00,0.00,,0.00,3250.00,NGN,0,Closed,2020-05-08 00:00:00,Performing
ZIVARANDA ANDRAWUS,,BIDABIDI ZARIA ROAD JOS Jos North Plateau State,,"=""22266670""","=""576478""","=""1197188""",Personal fixed term loan,2019-12-14 00:00:00,1500.00,0.00,,0.00,1950.00,NGN,0,Closed,2020-01-13 00:00:00,Performing
TARILA OWEIFIYE,"=""22218286722""",BY BENAS ESTATE AZIKORO VILLAGE YENAGOA Yenagoa Bayelsa St,,"=""22267572""","=""3703297""","=""42442588""",Personal fixed term loan,2020-03-15 00:00:00,15000.00,0.00,,0.00,18750.00,NGN,0,Closed,2020-04-14 00:00:00,Performing
BEAUTY NKOBA,,OLD GRA Port Harcourt Rivers State,,"=""22267606""","=""8052418""","=""2270058""",Personal fixed term loan,2020-08-05 00:00:00,5000.00,0.00,,0.00,6500.00,NGN,0,Closed,2020-09-04 00:00:00,Performing
SODIQ EESUOLA,,EESUOLAS HSE IFESOWAPO STREET IDI IGBA AREAOYOP TOWN Afiji,,"=""22267972""","=""2477825""","=""427489636""",Personal fixed term loan,2020-01-25 00:00:00,1500.00,0.00,,0.00,1870.00,NGN,0,Closed,2020-02-24 00:00:00,Performing
SULAIMON ADEBOWALE,,BV71 ASANMAJANA STREET IJAYE ROAD MONIYA IBADAN Akinyele O,,"=""22268006""","=""6688433""","=""1219279166""",Personal fixed term loan,2020-03-31 00:00:00,2500.00,0.00,,0.00,3250.00,NGN,0,Closed,2020-04-30 00:00:00,Performing
MOJEED RAJI,"=""22552474456""",NO 1 ALAGBE COMPOUND APETE IBADAN Ido Oyo State,,"=""22268108""","=""6107522""","=""1745744""",Personal fixed term loan,2020-03-04 00:00:00,2500.00,0.00,,0.00,3250.00,NGN,0,Closed,2020-04-03 00:00:00,Performing
LATEEFAT MUSTAPHA,,NO 2 ADEGOKE ADENIRAN OROGUN Akinyele Oyo State,,"=""22268155""","=""1684523""","=""26690525""",Personal fixed term loan,2019-08-25 00:00:00,15000.00,0.00,,0.00,19500.00,NGN,0,Closed,2019-09-24 00:00:00,Performing
AYO OLANIYI,,Felele phase2,,"=""22268191""","=""2533112""","=""838520""",Personal fixed term loan,2019-10-16 00:00:00,2500.00,0.00,,0.00,3120.00,NGN,0,Closed,2019-11-15 00:00:00,Performing
YUSUF OGUNBAYO,,18 ANIGILAJE STREET ELEWERAN ABEOKUTA Odeda Ogun State,,"=""22268257""","=""3786893""","=""249298326""",Personal fixed term loan,2019-11-30 00:00:00,1500.00,0.00,,0.00,1720.00,NGN,0,Closed,2019-12-16 00:00:00,Performing
EMMANUEL ENOFU,"=""22446397601""",5A MOJISOLA STREET Oredo Edo State,,"=""22268076""","=""5710277""","=""1637080""",Personal fixed term loan,2020-02-19 00:00:00,2500.00,0.00,,0.00,2500.00,NGN,0,Closed,2020-03-05 00:00:00,Performing
TUNMISE ADEOYE,"=""22532772718""",1 PEACE AND UNITY IDI OMO IBADAN Akinyele Oyo State,,"=""22268126""","=""6309734""","=""1808347""",Personal fixed term loan,2020-03-12 00:00:00,2500.00,0.00,,0.00,2870.00,NGN,0,Closed,2020-03-27 00:00:00,Performing
TUNMISE ADEOYE,"=""22532772718""",1 PEACE AND UNITY IDI OMO IBADAN Akinyele Oyo State,,"=""22268126""","=""6309734""","=""824884080""",Personal fixed term loan,2020-03-12 00:00:00,2500.00,0.00,,0.00,2870.00,NGN,0,Closed,2020-03-27 00:00:00,Performing
SEKINAT IBIYEMI,"=""22552599357""",1 OLORUNSHOLA STREET KAJOLA IJAKO SUGAR AdoOdoOta Ogun Sta,,"=""22268262""","=""6579404""","=""1237896480""",Personal fixed term loan,2020-03-25 00:00:00,2500.00,0.00,,0.00,2870.00,NGN,0,Closed,2020-04-09 00:00:00,Performing
MUSA NASIR,"=""22352435862""",BACHIRAWA QTRS KANO,,"=""22268280""","=""6965075""","=""164287988""",Personal fixed term loan,2020-04-14 00:00:00,1500.00,0.00,,0.00,1720.00,NGN,0,Closed,2020-04-29 00:00:00,Performing
MURTALA SHEHU,"=""22404724889""",Wudil local government Kano state,,"=""22268330""","=""5974706""","=""1684175""",Personal fixed term loan,2020-02-26 00:00:00,2500.00,0.00,,0.00,2870.00,NGN,0,Closed,2020-03-12 00:00:00,Performing
MURTALA SHEHU,"=""22404724889""",Wudil local government Kano state,,"=""22268330""","=""5974706""","=""2208565545""",Personal fixed term loan,2020-02-26 00:00:00,2500.00,0.00,,0.00,2870.00,NGN,0,Closed,2020-03-12 00:00:00,Performing
SILVER EKE,,OSUBI STREET PTI RD Okpe Delta State,,"=""22268437""","=""5972711""","=""1754967""",Personal fixed term loan,2020-03-06 00:00:00,1500.00,0.00,,0.00,1950.00,NGN,0,Closed,2020-04-06 00:00:00,Performing
MOSUNMOLA ADANA,"=""22602530608""",14 ADEBAMBO STREET,,"=""22268544""","=""1534463""","=""3029810909""",Personal fixed term loan,2019-09-14 00:00:00,7500.00,0.00,,0.00,9150.00,NGN,0,Closed,2019-10-14 00:00:00,Performing
MOSUNMOLA ADANA,"=""22602530608""",14 ADEBAMBO STREET,,"=""22268544""","=""1534463""","=""655959""",Personal fixed term loan,2019-09-14 00:00:00,7500.00,0.00,,0.00,9150.00,NGN,0,Closed,2019-10-14 00:00:00,Performing
ZAINAB ALAO,"=""22543936446""",NO 51 BIOKU STREET ORITAMERIN GANGANSI IBADAN Ona Ara Oyo,,"=""22268555""","=""6358367""","=""1822396""",Personal fixed term loan,2020-03-15 00:00:00,2500.00,0.00,,0.00,3250.00,NGN,0,Closed,2020-04-14 00:00:00,Performing
JAMIU ADEMOLA,"=""22417712615""",5 ABESAN ESTATE IYANA IPAJA LAGOS Alimosho Lagos State,,"=""22268730""","=""5842757""","=""1845383""",Personal fixed term loan,2020-03-19 00:00:00,5000.00,0.00,,0.00,6250.00,NGN,0,Closed,2020-04-20 00:00:00,Performing
HUDU MUSA,"=""22505333894""",5 RAFIN GUZA RD KADUNA Kaduna North Kaduna State,,"=""22268837""","=""6254240""","=""1788725""",Personal fixed term loan,2020-03-10 00:00:00,1500.00,0.00,,0.00,1950.00,NGN,0,Closed,2020-04-09 00:00:00,Performing
ABDULLAHI MUHAMMAD,"=""22521875523""",DD 23 CHAWAI STRREET RIGASA Igabi Kaduna State,,"=""22268973""","=""6862499""","=""2127581723""",Personal fixed term loan,2020-04-10 00:00:00,2500.00,0.00,,0.00,2870.00,NGN,0,Closed,2020-04-27 00:00:00,Performing
QUEEN YOUNG,"=""22348561676""",KINGDOM HERITAGE MODEL SCHOOL  OWERRI Owerri Municipal Imo,,"=""22269062""","=""7755314""","=""2163946""",Personal fixed term loan,2020-07-10 00:00:00,5000.00,0.00,,0.00,6500.00,NGN,0,Closed,2020-08-10 00:00:00,Performing
CHARLIE BROWN,"=""22199336803""",MPAPE VILLAGE ABUJA Lagos Island Lagos State,,"=""22269080""","=""5232965""","=""1461557""",Personal fixed term loan,2020-01-25 00:00:00,1500.00,0.00,,0.00,1720.00,NGN,0,Closed,2020-02-10 00:00:00,Performing
SARAH ADEWOYE,"=""22381817783""",28 ODALUME STR LADIPO OSHODI Alimosho Lagos State,,"=""22261496""","=""5120275""","=""163096703""",Personal fixed term loan,2020-03-20 00:00:00,2500.00,0.00,,0.00,3120.00,NGN,0,Closed,2020-04-20 00:00:00,Performing
ABUBAKAR IBRAHIM,"=""22305741776""",HOUSE NO 79 TUDUN WADA LAYIN MARMARA NASSARAWA LOCAL KANO,,"=""22262431""","=""3671305""","=""148718734""",Personal fixed term loan,2019-11-26 00:00:00,2500.00,0.00,,0.00,2870.00,NGN,0,Closed,2019-12-11 00:00:00,Performing
PHIBIAN ADEGBITE,"=""22237044813""",17 ADEWUNMI ADEBIYI STR,"=""08091725106""","=""22263185""","=""6034972""","=""1711174""",Personal fixed term loan,2020-02-29 00:00:00,2500.00,0.00,,0.00,3250.00,NGN,0,Closed,2020-03-30 00:00:00,Performing
ADUNNI OLUSANYA,"=""22286638043""",9 OKEURO SHITTU STREET ODA ROAD AKURE Akure South Ondo Sta,,"=""22263985""","=""7708099""","=""2541689""",Personal fixed term loan,2020-10-04 00:00:00,25000.00,0.00,,0.00,30000.00,NGN,0,Closed,2020-10-19 00:00:00,Performing
GENEVIEVE OKPIKPI,,18 Rubber plantation,,"=""22264036""","=""1607470""","=""2046324201""",Personal fixed term loan,2019-09-03 00:00:00,2500.00,0.00,,0.00,3120.00,NGN,0,Closed,2019-10-03 00:00:00,Performing
GENEVIEVE OKPIKPI,,18 Rubber plantation,,"=""22264036""","=""1607470""","=""588026""",Personal fixed term loan,2019-09-03 00:00:00,2500.00,0.00,,0.00,3120.00,NGN,0,Closed,2019-10-03 00:00:00,Performing
ALEX KAREEM,"=""22547812582""",20 OKENGBENRO STREET IJU ISHAGA IfakoIjaiye Lagos State,,"=""22264640""","=""6063808""","=""1715148""",Personal fixed term loan,2020-03-01 00:00:00,1500.00,0.00,,0.00,1950.00,NGN,0,Closed,2020-03-31 00:00:00,Performing
ALEX KAREEM,"=""22547812582""",20 OKENGBENRO STREET IJU ISHAGA IfakoIjaiye Lagos State,,"=""22264640""","=""6063808""","=""2141368384""",Personal fixed term loan,2020-03-01 00:00:00,1500.00,0.00,,0.00,1950.00,NGN,0,Closed,2020-03-31 00:00:00,Performing
MUHAMMAD ABDULLAHI,"=""22547199762""",NO 1 B FABSON CLOSE BAKIN RUWA KADUNA Kaduna South Kaduna,,"=""22265426""","=""6512431""","=""1917960""",Personal fixed term loan,2020-04-01 00:00:00,2500.00,0.00,,0.00,2870.00,NGN,0,Closed,2020-04-16 00:00:00,Performing
ABUBAKAR NMA,,Ikeja Lagos,,"=""22266026""","=""1515868""","=""426818""",Personal fixed term loan,2019-07-27 00:00:00,10000.00,0.00,,0.00,13000.00,NGN,0,Closed,2019-08-26 00:00:00,Performing
TOMOABASI OTU,"=""22149233552""",8 OBIO ENANG STUYO NsitIbom Akwa Ibom State,,"=""22266626""","=""9844102""","=""2074400436""",Personal fixed term loan,2020-11-27 00:00:00,5000.00,0.00,,0.00,6500.00,NGN,0,Closed,2020-12-28 00:00:00,Performing
JOHN AKOGWU,"=""22392792352""",ANGWAN DODO OPP ECWA CHURCH GWAGWALADA ABUJA FCT Gwagwalad,"=""09039567222""","=""22267915""","=""5685646""","=""1593382""",Personal fixed term loan,2020-02-13 00:00:00,10000.00,0.00,,0.00,11500.00,NGN,0,Closed,2020-02-28 00:00:00,Performing
jamiu muhammed,"=""22364078686""",HASSAN IBRAHIMS HOUSE BESIDE ONUSAGBAS RESI Okene Kogi Sta,,"=""22268180""","=""5944439""","=""3280206""",Personal fixed term loan,2021-02-26 00:00:00,2500.00,0.00,,0.00,3250.00,NGN,0,Closed,2021-03-29 00:00:00,Performing
Kehinde Tawose,"=""22434647356""",flat h transist officers quaters bori camp port harcourt O,,"=""22268384""","=""3129407""","=""421244972""",Personal fixed term loan,2020-02-23 00:00:00,5000.00,0.00,,0.00,5000.00,NGN,0,Closed,2020-03-24 00:00:00,Performing
BABATUNDE ALUKO,"=""22534167859""",7 ADENEKAN STREET CELE BUSSTOP AGO PALACE WAY LAGOS Oshodi,,"=""22268566""","=""5386883""","=""1785944""",Personal fixed term loan,2020-03-10 00:00:00,2500.00,0.00,,0.00,3120.00,NGN,0,Closed,2020-04-09 00:00:00,Performing
SANUSI NOIBI,"=""22460560434""",13 IJE ODODO STREET IBA LAGOS Ojo Lagos State,,"=""22268584""","=""2427374""","=""3790001148""",Personal fixed term loan,2019-11-25 00:00:00,2500.00,0.00,,0.00,3120.00,NGN,0,Closed,2019-12-27 00:00:00,Performing
SAMUEL OGUNLANA,"=""22226838832""",Powerline Odo Ona Ibadan Oyo State,,"=""22260927""","=""1898743""","=""671258""",Personal fixed term loan,2019-09-17 00:00:00,2500.00,0.00,,0.00,3250.00,NGN,0,Closed,2019-10-17 00:00:00,Performing
BAYOWA FATUROTI,,Lagos  Badagry Expy,,"=""22261413""","=""1584679""","=""478888""",Personal fixed term loan,2019-08-12 00:00:00,15000.00,0.00,,0.00,19500.00,NGN,0,Closed,2019-09-11 00:00:00,Performing
JAMES ARUA,"=""22178086790""",35 SAMUEL BANJO STREET IDIMU EGBEDA Alimosho Lagos State,,"=""22263118""","=""9195163""","=""2253828389""",Personal fixed term loan,2020-10-18 00:00:00,10000.00,0.00,,0.00,13000.00,NGN,0,Closed,2020-11-17 00:00:00,Performing
OBUKONHO OVHOROKPA,,ASABA INTL AIRPORT BLK 9 LEGISLATIVE QTRSASABA Aniocha Sou,,"=""22263986""","=""1940998""","=""32467054""",Personal fixed term loan,2019-10-18 00:00:00,7500.00,0.00,,0.00,8620.00,NGN,0,Closed,2019-11-04 00:00:00,Performing
VICTORIA LEONARD,"=""22555125085""",LINA ARUKWE ARADAGUN Badagry Lagos State,,"=""22264990""","=""6031714""","=""1704921""",Personal fixed term loan,2020-02-28 00:00:00,2500.00,0.00,,0.00,3250.00,NGN,0,Closed,2020-03-30 00:00:00,Performing
TABORAH OKEDEYI,"=""22178442954""",11 AKANNI BASHUA STREET SHOMOLU Shomolu Lagos State,,"=""22265272""","=""2286853""","=""3053022122""",Personal fixed term loan,2020-02-22 00:00:00,15000.00,0.00,,0.00,15000.00,NGN,0,Closed,2020-03-23 00:00:00,Performing
DANIEL IKECHI,"=""22469274374""",3 ROYAL AVENUE BY GAS BUS STOP PORT HARCOURT ObioAkpor Riv,,"=""22267547""","=""6093796""","=""10497983""",Personal fixed term loan,2023-06-04 00:00:00,5000.00,0.00,,0.00,6000.00,NGN,0,Closed,2023-06-19 00:00:00,Performing
Obonokhale Oyakhilome,,222B UPPER MISSION ROAD BENIN CITY EDO STATE Oredo Edo Sta,,"=""22267965""","=""757115""","=""1417156""",Personal fixed term loan,2020-01-18 00:00:00,7500.00,0.00,,0.00,9370.00,NGN,0,Closed,2020-02-17 00:00:00,Performing
Obonokhale Oyakhilome,,222B UPPER MISSION ROAD BENIN CITY EDO STATE Oredo Edo Sta,,"=""22267965""","=""757115""","=""2085494486""",Personal fixed term loan,2020-01-18 00:00:00,7500.00,0.00,,0.00,9370.00,NGN,0,Closed,2020-02-17 00:00:00,Performing
ABU IBRAHIM,"=""22501269746""",IDDO AREA IBADAN Ido Oyo State,,"=""22268033""","=""5529512""","=""1668607""",Personal fixed term loan,2020-02-24 00:00:00,5000.00,0.00,,0.00,5750.00,NGN,0,Closed,2020-03-10 00:00:00,Performing
SAMSON AYINLA,"=""22509408697""",ANUOLUWAPO COMPOUND ADENIKE AROJE AREA OGBOMOSO Surulere O,,"=""22268080""","=""6816557""","=""453943263""",Personal fixed term loan,2020-04-08 00:00:00,2500.00,0.00,,0.00,2870.00,NGN,0,Closed,2020-04-23 00:00:00,Performing
MURITALAADISA ADEGBOLA,,1 OJOSU STR TAO BLOCK IJOKO AdoOdoOta Ogun State,,"=""22268216""","=""1557962""","=""209170844""",Personal fixed term loan,2020-03-05 00:00:00,1500.00,0.00,,0.00,1830.00,NGN,0,Closed,2020-04-06 00:00:00,Performing
SAHEED AWUJOOLA,"=""22160124576""",CHURCH STEERT AJARA AGAMATHEN Badagry Lagos State,,"=""22268284""","=""5819972""","=""1634075""",Personal fixed term loan,2020-02-19 00:00:00,2500.00,0.00,,0.00,2500.00,NGN,0,Closed,2020-03-05 00:00:00,Performing
SAHEED AWUJOOLA,"=""22160124576""",CHURCH STEERT AJARA AGAMATHEN Badagry Lagos State,,"=""22268284""","=""5819972""","=""3094211325""",Personal fixed term loan,2020-02-19 00:00:00,2500.00,0.00,,0.00,2500.00,NGN,0,Closed,2020-03-05 00:00:00,Performing
ADEBAYO SULAIMAN,"=""22196196969""",43 ODOLE STREET OKE ARO Akure South Ondo State,,"=""22268415""","=""6107378""","=""1793999""",Personal fixed term loan,2020-03-11 00:00:00,10000.00,0.00,,0.00,13000.00,NGN,0,Closed,2020-04-14 00:00:00,Performing
ANTHONIA OKOCHA,"=""22279266848""",10 RAPULANE OPP ST REBECCA ASABA Oshimili South Delta Stat,,"=""22268483""","=""6069461""","=""1719131""",Personal fixed term loan,2020-03-02 00:00:00,2500.00,0.00,,0.00,2870.00,NGN,0,Closed,2020-03-17 00:00:00,Performing
MODIU BABAILO,,NO 23 AGO ETO AGBARA AdoOdoOta Ogun State,,"=""22267971""","=""1564256""","=""2119209804""",Personal fixed term loan,2020-04-11 00:00:00,1500.00,0.00,,0.00,1870.00,NGN,0,Closed,2020-05-11 00:00:00,Performing
TAYE TIAMIYU,"=""22498682397""",11 OLUOGUN COMPOUND OPP DEEPER LIFE ILE AGBO Iwo Osun Stat,,"=""22268375""","=""6327809""","=""1814229""",Personal fixed term loan,2020-03-13 00:00:00,2500.00,0.00,,0.00,3250.00,NGN,0,Closed,2020-04-14 00:00:00,Performing
TAYE TIAMIYU,"=""22498682397""",11 OLUOGUN COMPOUND OPP DEEPER LIFE ILE AGBO Iwo Osun Stat,,"=""22268375""","=""6327809""","=""30114295""",Personal fixed term loan,2020-03-13 00:00:00,2500.00,0.00,,0.00,3250.00,NGN,0,Closed,2020-04-14 00:00:00,Performing
WASIU SALIU,"=""22532376439""",NO 7 OJOMU FAMUBO LAYOUT IJAPO EXTENTION  Akure South Ondo,,"=""22268473""","=""5278670""","=""1758401""",Personal fixed term loan,2020-03-06 00:00:00,7500.00,0.00,,0.00,8620.00,NGN,0,Closed,2020-03-23 00:00:00,Performing
WASIU SALIU,"=""22532376439""",NO 7 OJOMU FAMUBO LAYOUT IJAPO EXTENTION  Akure South Ondo,,"=""22268473""","=""5278670""","=""2121477758""",Personal fixed term loan,2020-03-06 00:00:00,7500.00,0.00,,0.00,8620.00,NGN,0,Closed,2020-03-23 00:00:00,Performing
OLUWAGBEMIGA OGUNLALA,,5 MAGNUS OYEWOLE STREET ABRAHAM ADESANYA BSTOPAJAH Eti Osa,,"=""22268524""","=""301859""","=""5245716016""",Personal fixed term loan,2019-05-18 00:00:00,10000.00,0.00,,0.00,13000.00,NGN,0,Closed,2019-06-17 00:00:00,Performing
Olayiwola Bankole,"=""22371158807""",7 Shofela Street Off Moshalashi Bus stop Alagbado IfakoIja,,"=""22268673""","=""5881814""","=""1652532""",Personal fixed term loan,2020-02-21 00:00:00,1500.00,0.00,,0.00,1500.00,NGN,0,Closed,2020-03-09 00:00:00,Performing
TAIWO AJAYI,"=""22303621441""",NO 26AINA OBEY STREET AJAKASAGAMU Shagamu Ogun State,,"=""22268724""","=""4609937""","=""130318698""",Personal fixed term loan,2019-12-31 00:00:00,1500.00,0.00,,0.00,1950.00,NGN,0,Closed,2020-01-30 00:00:00,Performing
DORCAS ABIMBOLA,"=""22407977774""",35 AGBADO RD IJU ISHAGA IfakoIjaiye Lagos State,,"=""22268775""","=""6179174""","=""1760640""",Personal fixed term loan,2020-03-06 00:00:00,2500.00,0.00,,0.00,2870.00,NGN,0,Closed,2020-03-23 00:00:00,Performing
FUNMILAYO OKESINA,"=""22310420271""",NO 2 ALABI OKUNMAGBE STREET IKORODU Ikorodu Lagos State,,"=""22268877""","=""3622580""","=""2805302018""",Personal fixed term loan,2019-12-30 00:00:00,1500.00,0.00,,0.00,1870.00,NGN,0,Closed,2020-01-29 00:00:00,Performing
THERESA BONIFACE,"=""22242808712""",21 OWU STREET RUMUOKALAGBO Port Harcourt Rivers State,,"=""22268924""","=""4125005""","=""1010268283""",Personal fixed term loan,2019-12-11 00:00:00,2500.00,0.00,,0.00,3250.00,NGN,0,Closed,2020-01-10 00:00:00,Performing
ABDULLAHI UMAR,,NO 59 WAKE STREET BIRNIN GWARI LGA KADUNA Birnin Gwari Kad,,"=""22268975""","=""6134780""","=""1744541""",Personal fixed term loan,2020-03-04 00:00:00,1500.00,0.00,,0.00,1720.00,NGN,0,Closed,2020-03-19 00:00:00,Performing
EVELYN OKENWA,"=""22194361187""",NO 4 UBOKA ROAD ENUGU STATE Nkanu West Enugu State,,"=""22269077""","=""6414863""","=""1839870""",Personal fixed term loan,2020-03-18 00:00:00,2500.00,0.00,,0.00,2870.00,NGN,0,Closed,2020-04-02 00:00:00,Performing
CEPHAS PEACE,"=""22220228828""",PLT 217 FATAI IRAWO AJAO ESTATE MAFOLUKU LAGOS,,"=""22471165""","=""6082310""","=""5917194""",Personal fixed term loan,2022-02-14 00:00:00,30000.00,0.00,,0.00,22040.00,NGN,0,Closed,2022-04-19 00:00:00,Performing
CEPHAS PEACE,"=""22220228828""",PLT 217 FATAI IRAWO AJAO ESTATE MAFOLUKU LAGOS,,"=""22471165""","=""6082310""","=""6836256""",Personal fixed term loan,2022-05-24 00:00:00,10000.00,0.00,,0.00,13000.00,NGN,0,Closed,2022-06-23 00:00:00,Performing
MELETUS EZEUGWU,"=""22171508084""",17 NWAEGBEIGWE ST AWADA LAYOUT ONITSHA Onitsha North Anamb,,"=""22257550""","=""6073656""","=""1755220""",Personal fixed term loan,2020-03-06 00:00:00,10000.00,0.00,,0.00,11500.00,NGN,0,Closed,2020-03-23 00:00:00,Performing
UMAR YAKUBU,"=""22632875922""",KAROFIN MADAKI BAUCHI STATE,,"=""22259243""","=""7209181""","=""10477787""",Personal fixed term loan,2023-06-02 00:00:00,5000.00,0.00,,0.00,6500.00,NGN,0,Closed,2023-07-02 00:00:00,Performing
ABDULKADIR TUKUR,,NIGER STATE OF NIGERIA,,"=""22260722""","=""6275776""","=""10663466""",Personal fixed term loan,2023-06-21 00:00:00,5000.00,0.00,,0.00,6500.00,NGN,0,Closed,2023-07-21 00:00:00,Performing
SAIDU MUHAMMED,"=""22324853317""",WAZIRI ALIYU STREET DAMARE WARD YOLA TOWN,,"=""22261401""","=""2377417""","=""4521058316""",Personal fixed term loan,2020-01-05 00:00:00,2500.00,0.00,,0.00,3250.00,NGN,0,Closed,2020-02-04 00:00:00,Performing
AINA DAYO,,21frank street agboju lagos,,"=""22264266""","=""817057""","=""602360""",Personal fixed term loan,2019-09-05 00:00:00,10000.00,0.00,,0.00,13000.00,NGN,0,Closed,2019-10-07 00:00:00,Performing
NZUBE IFEDIBA,"=""22418962440""",ROVENTIUM COTTAGE ALAKAHIA CHOBA RIVERS ObioAkpor Rivers S,,"=""22267517""","=""5640895""","=""2110302874""",Personal fixed term loan,2020-03-11 00:00:00,10000.00,0.00,,0.00,11500.00,NGN,0,Closed,2020-03-26 00:00:00,Performing
JEREMIAH ONYEMACHI,"=""22397864108""",OPPOSITE MOLPOL BARRACKS SABURI 1 DEIDEI ABUJA Municipal A,,"=""22267917""","=""3482089""","=""60852950""",Personal fixed term loan,2020-07-11 00:00:00,2500.00,0.00,,0.00,3250.00,NGN,0,Closed,2020-08-10 00:00:00,Performing
VICTORIA OLANIBI,"=""22192650205""",18 Disuakogun str Baale BstopIKEJALAGOSNigeria,,"=""22268010""","=""6049598""","=""139644583""",Personal fixed term loan,2020-02-29 00:00:00,2500.00,0.00,,0.00,2870.00,NGN,0,Closed,2020-03-16 00:00:00,Performing
VICTORIA OLANIBI,"=""22192650205""",18 Disuakogun str Baale BstopIKEJALAGOSNigeria,,"=""22268010""","=""6049598""","=""1710841""",Personal fixed term loan,2020-02-29 00:00:00,2500.00,0.00,,0.00,2870.00,NGN,0,Closed,2020-03-16 00:00:00,Performing
SODIQ OLANIYI,"=""22479419145""",ILE BARAOGUNDELE ABEDE OGBOMOSO Ogbomosho North Oyo State,,"=""22268103""","=""3408404""","=""29468970""",Personal fixed term loan,2020-02-14 00:00:00,7500.00,0.00,,0.00,9150.00,NGN,0,Closed,2020-03-16 00:00:00,Performing
CHIDINMA NWAEZE,"=""22473590044""",11 OSISIOMA BY TONIMAS Osisioma Abia State,,"=""22268196""","=""6543848""","=""1925396""",Personal fixed term loan,2020-04-06 00:00:00,2500.00,0.00,,0.00,3250.00,NGN,0,Closed,2020-05-06 00:00:00,Performing
KAZEEM IDRIS,,22 LUCKY FIBRE IKORODU Ikorodu Lagos State,,"=""22268303""","=""3009449""","=""114658723""",Personal fixed term loan,2019-11-12 00:00:00,2500.00,0.00,,0.00,2870.00,NGN,0,Closed,2019-11-27 00:00:00,Performing
OLUWATOBI ADEGBOYE,,22 Ilade street Igbogbo Bayeku road Ikorodu Lagos Ikorodu,,"=""22268596""","=""3689702""","=""3104149312""",Personal fixed term loan,2020-02-22 00:00:00,2500.00,0.00,,0.00,3120.00,NGN,0,Closed,2020-03-23 00:00:00,Performing
CHISOM DOMINIC,,NO 18 ABULE  OKI STREET IYANA IPAJA Alimosho Lagos State,,"=""22268703""","=""1350719""","=""2090527397""",Personal fixed term loan,2019-06-22 00:00:00,5000.00,0.00,,0.00,6500.00,NGN,0,Closed,2019-07-22 00:00:00,Performing
SOLOMON EKEWUBA,,AMAMASI CLOSE CONCORDE AVENUE NEW OWERRI Owerri Municipal,,"=""22268889""","=""10030271""","=""241288684""",Personal fixed term loan,2020-12-11 00:00:00,10000.00,0.00,,0.00,13000.00,NGN,0,Closed,2021-01-11 00:00:00,Performing
Goodness Elom Chiwendu,"=""22155457461""",Nigeria,,"=""22614119""","=""42144687""","=""9829906""",Personal fixed term loan,2023-04-01 00:00:00,17500.00,0.00,,0.00,22225.00,NGN,0,Closed,2023-05-01 00:00:00,Performing
DARLINGTON SUNDAY,,Obete,,"=""22267581""","=""1422349""","=""2112430575""",Personal fixed term loan,2019-09-20 00:00:00,2500.00,0.00,,0.00,3120.00,NGN,0,Closed,2019-10-21 00:00:00,Performing
DARLINGTON SUNDAY,,Obete,,"=""22267581""","=""1422349""","=""686778""",Personal fixed term loan,2019-09-20 00:00:00,2500.00,0.00,,0.00,3120.00,NGN,0,Closed,2019-10-21 00:00:00,Performing
VICTOR OLAWALE,"=""22495234238""",64 TECHNICAL ROAD EJIOKU IBADAN Lagelu Oyo State,,"=""22268167""","=""6501203""","=""1863068""",Personal fixed term loan,2020-03-22 00:00:00,2500.00,0.00,,0.00,3250.00,NGN,0,Closed,2020-04-21 00:00:00,Performing
ORIOYE ADEGBAWO,"=""22318386629""",29 APENA STR OLODI APAPA LAGOS AjeromiIfelodun Lagos State,,"=""22268181""","=""6403196""","=""1835692""",Personal fixed term loan,2020-03-17 00:00:00,2500.00,0.00,,0.00,3250.00,NGN,0,Closed,2020-04-16 00:00:00,Performing
UMAR MUHAMMAD,,NO 203 LAYIN ZAINAB ALINUR KOFAR RUWA  Dala Kano State,,"=""22268267""","=""5544098""","=""1547621""",Personal fixed term loan,2020-02-06 00:00:00,1500.00,0.00,,0.00,1720.00,NGN,0,Closed,2020-02-21 00:00:00,Performing
UMAR MUHAMMAD,,NO 203 LAYIN ZAINAB ALINUR KOFAR RUWA  Dala Kano State,,"=""22268267""","=""5544098""","=""2137159338""",Personal fixed term loan,2020-02-06 00:00:00,1500.00,0.00,,0.00,1720.00,NGN,0,Closed,2020-02-21 00:00:00,Performing
PRECIOUS OLUSOLA,,17 PEACE AVENUE APRADIJA BSTOP LAFEUWA ADO ODO AdoOdoOta O,,"=""22268381""","=""1626560""","=""245883393""",Personal fixed term loan,2019-08-20 00:00:00,5000.00,0.00,,0.00,6250.00,NGN,0,Closed,2019-09-19 00:00:00,Performing
OLUWASEUN AJAYI,"=""22506292167""",26 ODIGE STREET AKURE Akure South Ondo State,,"=""22268432""","=""6764114""","=""1923182""",Personal fixed term loan,2020-04-04 00:00:00,2500.00,0.00,,0.00,3250.00,NGN,0,Closed,2020-05-04 00:00:00,Performing
SEGUN AKEEM,"=""22540812925""",16 IDIABA IDASHO IbejuLekki Lagos State,,"=""22268732""","=""8737487""","=""123801284""",Personal fixed term loan,2020-09-22 00:00:00,5000.00,0.00,,0.00,6500.00,NGN,0,Closed,2020-10-22 00:00:00,Performing
ABIGAIL DANIEL,"=""22404304571""",02ARAROMI STREETIMOTA BUS STOPIKORODU Kosofe Lagos State,,"=""22268767""","=""6654734""","=""1904842""",Personal fixed term loan,2020-03-29 00:00:00,2500.00,0.00,,0.00,3250.00,NGN,0,Closed,2020-04-28 00:00:00,Performing
PAUL IKORO ODEH,"=""22193930612""",BLOCK 23 ROOM 2425 AREA A NYANYA Karu Nasarawa State,,"=""22268867""","=""2763053""","=""52200460""",Personal fixed term loan,2019-10-23 00:00:00,2500.00,0.00,,0.00,3250.00,NGN,0,Closed,2019-11-22 00:00:00,Performing
MOHAMMAD DAHIRU,"=""22261950135""",NO 8 GALADIMA ROAD HAYIN BANKI KAWO KADUNA Kaduna North Ka,,"=""22268967""","=""6509294""","=""2016390153""",Personal fixed term loan,2020-03-22 00:00:00,2500.00,0.00,,0.00,2870.00,NGN,0,Closed,2020-04-06 00:00:00,Performing
IDREES OLUSEGUN AGBOOLA,"=""22258508613""",14 15 Prince Alaba Oniru Road Victoria Island,,"=""22918215""","=""6710443""","=""10058052""",Personal fixed term loan,2023-04-23 00:00:00,12500.00,0.00,,0.00,14962.50,NGN,0,Closed,2023-05-08 00:00:00,Performing
IDREES OLUSEGUN AGBOOLA,"=""22258508613""",14 15 Prince Alaba Oniru Road Victoria Island,,"=""22918215""","=""6710443""","=""10154296""",Personal fixed term loan,2023-05-02 00:00:00,12500.00,0.00,,0.00,14962.50,NGN,0,Closed,2023-05-17 00:00:00,Performing
IDREES OLUSEGUN AGBOOLA,"=""22258508613""",14 15 Prince Alaba Oniru Road Victoria Island,,"=""22918215""","=""6710443""","=""10332773""",Personal fixed term loan,2023-05-19 00:00:00,40000.00,0.00,,0.00,48600.00,NGN,0,Closed,2023-06-03 00:00:00,Performing
IDREES OLUSEGUN AGBOOLA,"=""22258508613""",14 15 Prince Alaba Oniru Road Victoria Island,,"=""22918215""","=""6710443""","=""9889479""",Personal fixed term loan,2023-04-07 00:00:00,12500.00,0.00,,0.00,15000.00,NGN,0,Closed,2023-04-24 00:00:00,Performing
FASSIU AKINTOYE,,20omoalade alafia bariga,,"=""22268696""","=""1626320""","=""502275""",Personal fixed term loan,2019-08-18 00:00:00,1500.00,0.00,,0.00,1950.00,NGN,0,Closed,2019-09-17 00:00:00,Performing
BOSE ADENIYI,,23 EBUWAWA STREET AGBEDE AGBEDE IKORODU LAGOS,,"=""22268789""","=""1493474""","=""419762763""",Personal fixed term loan,2019-09-24 00:00:00,2500.00,0.00,,0.00,2870.00,NGN,0,Closed,2019-10-09 00:00:00,Performing
BOSE ADENIYI,,23 EBUWAWA STREET AGBEDE AGBEDE IKORODU LAGOS,,"=""22268789""","=""1493474""","=""708514""",Personal fixed term loan,2019-09-24 00:00:00,2500.00,0.00,,0.00,2870.00,NGN,0,Closed,2019-10-09 00:00:00,Performing
EMMANUEL EKPO,"=""22478217737""",4 OFFICE STREET AGOI IBAMI YAKURR CROSS RIVER STATE Yakuur,,"=""22268989""","=""5618564""","=""1758285""",Personal fixed term loan,2020-03-06 00:00:00,5000.00,0.00,,0.00,5750.00,NGN,0,Closed,2020-03-23 00:00:00,Performing
EMMANUEL EKPO,"=""22478217737""",4 OFFICE STREET AGOI IBAMI YAKURR CROSS RIVER STATE Yakuur,,"=""22268989""","=""5618564""","=""3125676631""",Personal fixed term loan,2020-03-06 00:00:00,5000.00,0.00,,0.00,5750.00,NGN,0,Closed,2020-03-23 00:00:00,Performing
PRINCE AKOH,"=""22423758188""",7 YEKINI STREET SHIBIRI  Ojo Lagos State,,"=""22268569""","=""5852618""","=""1658157""",Personal fixed term loan,2020-02-22 00:00:00,2500.00,0.00,,0.00,2500.00,NGN,0,Closed,2020-03-23 00:00:00,Performing
FUNKE ILORI,"=""22207541256""",11 AWORENDE STREET YEWANDE BUS STOP OKEARO Ifo Ogun State,,"=""22268773""","=""5342306""","=""2066356028""",Personal fixed term loan,2020-03-22 00:00:00,1500.00,0.00,,0.00,1720.00,NGN,0,Closed,2020-04-06 00:00:00,Performing
DAMILARE OGUNYEMI,,26 COLLEGE ROAD OFF EHUWA COMPOUND ZION PEPE Ilaje Ondo St,,"=""22268422""","=""1623833""","=""3025496399""",Personal fixed term loan,2019-10-04 00:00:00,7500.00,0.00,,0.00,9370.00,NGN,0,Closed,2019-11-04 00:00:00,Performing
TEDDY ASIBOR,,2 OSAGIE STREET JUDGES QTRS Esan West Edo State,,"=""22268477""","=""5766746""","=""1616221""",Personal fixed term loan,2020-02-16 00:00:00,2500.00,0.00,,0.00,2870.00,NGN,0,Closed,2020-03-02 00:00:00,Performing
TEDDY ASIBOR,,2 OSAGIE STREET JUDGES QTRS Esan West Edo State,,"=""22268477""","=""5766746""","=""1732511""",Personal fixed term loan,2020-03-03 00:00:00,5000.00,0.00,,0.00,5750.00,NGN,0,Closed,2020-03-18 00:00:00,Performing
TEDDY ASIBOR,,2 OSAGIE STREET JUDGES QTRS Esan West Edo State,,"=""22268477""","=""5766746""","=""2009923522""",Personal fixed term loan,2020-03-03 00:00:00,5000.00,0.00,,0.00,5750.00,NGN,0,Closed,2020-03-18 00:00:00,Performing
Ishaku John,,Lekki phase1,,"=""22268677""","=""1569791""","=""773318""",Personal fixed term loan,2019-10-05 00:00:00,7500.00,0.00,,0.00,9370.00,NGN,0,Closed,2019-11-04 00:00:00,Performing
Ishaku John,,Lekki phase1,,"=""22268677""","=""1569791""","=""82291902""",Personal fixed term loan,2019-10-05 00:00:00,7500.00,0.00,,0.00,9370.00,NGN,0,Closed,2019-11-04 00:00:00,Performing
MFONOBONG DAN,"=""22178893097""",NO 48 THOMAS UDOEKONG STREET UYO Uyo Akwa Ibom State,,"=""22269022""","=""6106862""","=""1732747""",Personal fixed term loan,2020-03-03 00:00:00,2500.00,0.00,,0.00,3250.00,NGN,0,Closed,2020-04-02 00:00:00,Performing
MFONOBONG DAN,"=""22178893097""",NO 48 THOMAS UDOEKONG STREET UYO Uyo Akwa Ibom State,,"=""22269022""","=""6106862""","=""235931596""",Personal fixed term loan,2020-03-03 00:00:00,2500.00,0.00,,0.00,3250.00,NGN,0,Closed,2020-04-02 00:00:00,Performing
Zakariyau Atoyebi,,Alalas compound Oba Ile Olorunda Osun State,,"=""22268416""","=""6602828""","=""2111131514""",Personal fixed term loan,2020-03-29 00:00:00,2500.00,0.00,,0.00,3250.00,NGN,0,Closed,2020-04-28 00:00:00,Performing
CHIDUBEM OFORMA,"=""22415067083""",1 ADENIYI STREET OLODI APAPA LAGOS AjeromiIfelodun Lagos S,,"=""22268565""","=""5268776""","=""1465749""",Personal fixed term loan,2020-01-26 00:00:00,1500.00,0.00,,0.00,1950.00,NGN,0,Closed,2020-02-25 00:00:00,Performing
CHIDUBEM OFORMA,"=""22415067083""",1 ADENIYI STREET OLODI APAPA LAGOS AjeromiIfelodun Lagos S,,"=""22268565""","=""5268776""","=""2116256054""",Personal fixed term loan,2020-01-26 00:00:00,1500.00,0.00,,0.00,1950.00,NGN,0,Closed,2020-02-25 00:00:00,Performing
AGIM DONATUS,,Flat 570 ikota housing estate ikota,,"=""22268683""","=""1633520""","=""506512""",Personal fixed term loan,2019-08-19 00:00:00,1500.00,0.00,,0.00,1950.00,NGN,0,Closed,2019-09-18 00:00:00,Performing
MARIA AGBOOLA,"=""22372207414""",27 new covenant street ijegun Lagos state,,"=""22268748""","=""1770170""","=""3052222124""",Personal fixed term loan,2019-10-09 00:00:00,7500.00,0.00,,0.00,9150.00,NGN,0,Closed,2019-11-08 00:00:00,Performing
MARIA AGBOOLA,"=""22372207414""",27 new covenant street ijegun Lagos state,,"=""22268748""","=""1770170""","=""800360""",Personal fixed term loan,2019-10-09 00:00:00,7500.00,0.00,,0.00,9150.00,NGN,0,Closed,2019-11-08 00:00:00,Performing
MISTURA OKUNOLA,"=""22455999021""",CROWN ESTATE 3B NELSON MANDELA AWOYAYA  IbejuLekki Lagos S,,"=""22268751""","=""6488903""","=""1913511""",Personal fixed term loan,2020-03-31 00:00:00,5000.00,0.00,,0.00,6250.00,NGN,,Closed,2020-04-30 00:00:00,Performing
MISTURA OKUNOLA,"=""22455999021""",CROWN ESTATE 3B NELSON MANDELA AWOYAYA  IbejuLekki Lagos S,,"=""22268751""","=""6488903""","=""72442244""",Personal fixed term loan,2020-03-31 00:00:00,5000.00,0.00,,0.00,6250.00,NGN,0,Closed,2020-04-30 00:00:00,Performing
CHUKS OTUONYE,,21 CAPTAIN AMANIGALA STREET BORIKIRI  Port Harcourt Rivers,,"=""22268934""","=""6008591""","=""1864968""",Personal fixed term loan,2020-03-22 00:00:00,5000.00,0.00,,0.00,6250.00,NGN,0,Closed,2020-04-21 00:00:00,Performing
CHUKS OTUONYE,,21 CAPTAIN AMANIGALA STREET BORIKIRI  Port Harcourt Rivers,,"=""22268934""","=""6008591""","=""3061330323""",Personal fixed term loan,2020-03-22 00:00:00,5000.00,0.00,,0.00,6250.00,NGN,0,Closed,2020-04-21 00:00:00,Performing
UGBENE UPONG,"=""22461230710""",MBOK JUNCTION CROSS RIVER STATE MADONA CATHOLIC CHURCH OGO,,"=""22268952""","=""6003758""","=""1694409""",Personal fixed term loan,2020-02-27 00:00:00,2500.00,0.00,,0.00,3250.00,NGN,0,Closed,2020-03-30 00:00:00,Performing
UGBENE UPONG,"=""22461230710""",MBOK JUNCTION CROSS RIVER STATE MADONA CATHOLIC CHURCH OGO,,"=""22268952""","=""6003758""","=""98310671""",Personal fixed term loan,2020-02-27 00:00:00,2500.00,0.00,,0.00,3250.00,NGN,0,Closed,2020-03-30 00:00:00,Performing
MFON ESSIEN,,5 ITA OBOHO STREET Uyo Akwa Ibom State,,"=""22269002""","=""6213617""","=""1775744""",Personal fixed term loan,2020-03-09 00:00:00,1500.00,0.00,,0.00,1720.00,NGN,0,Closed,2020-03-24 00:00:00,Performing
GODSWILL HARUNA,,8 LISA STREET ODOGUNYAN BUS STOP IKORODU,,"=""22269083""","=""661874""","=""1758459""",Personal fixed term loan,2020-03-06 00:00:00,2500.00,0.00,,0.00,2870.00,NGN,0,Closed,2020-03-23 00:00:00,Performing
FLORENCE DANIEL,,HOUSE 15 14 STREET 1ST AVENUE GWARINPA ABUJA Municipal Are,,"=""22269101""","=""736340""","=""1615956""",Personal fixed term loan,2020-02-16 00:00:00,5000.00,0.00,,0.00,6000.00,NGN,0,Closed,2020-03-17 00:00:00,Performing
MONICA UKAM,"=""22271237758""",Numb No 6 olaiya street oketunu mokola ibadan Ibadan North,,"=""22259285""","=""2500153""","=""126953230""",Personal fixed term loan,2020-05-26 00:00:00,2500.00,0.00,,0.00,3120.00,NGN,0,Closed,2020-06-25 00:00:00,Performing
NURA ABDULAZIZ,"=""22476202177""",KURNA MAKARANTA KANO,,"=""22261434""","=""4338607""","=""361192085""",Personal fixed term loan,2020-02-25 00:00:00,1500.00,0.00,,0.00,1870.00,NGN,0,Closed,2020-03-26 00:00:00,Performing
ELIZABETH ONIFADE,"=""22432420483""",ORITA KAJOLA ILARO Egbado South Ogun State,,"=""22261502""","=""6338836""","=""1817373""",Personal fixed term loan,2020-03-14 00:00:00,2500.00,0.00,,0.00,2870.00,NGN,0,Closed,2020-03-30 00:00:00,Performing
ELIZABETH ONIFADE,"=""22432420483""",ORITA KAJOLA ILARO Egbado South Ogun State,,"=""22261502""","=""6338836""","=""86755916""",Personal fixed term loan,2020-03-14 00:00:00,2500.00,0.00,,0.00,2870.00,NGN,0,Closed,2020-03-30 00:00:00,Performing
AISHAT AJIBOYE,"=""22408059969""",67 ATAN AGBON STREET OGIJO SAGAMU OGUN,,"=""22263306""","=""5607724""","=""1833274""",Personal fixed term loan,2020-03-17 00:00:00,1500.00,0.00,,0.00,1720.00,NGN,0,Closed,2020-04-01 00:00:00,Performing
ORIYOMI DAWODU,"=""22539521715""",3 TOS BENSON ROAD GENERAL HOSPITAL IKORODU BS IKORDU  Ikor,,"=""22264310""","=""6155320""","=""1754656""",Personal fixed term loan,2020-03-05 00:00:00,1500.00,0.00,,0.00,1720.00,NGN,0,Closed,2020-03-20 00:00:00,Performing
OLUWABUNKOLA OLATUNMIBI,"=""22554405652""",ELEPE,,"=""22264608""","=""5697529""","=""1767918""",Personal fixed term loan,2020-03-07 00:00:00,1500.00,0.00,,0.00,1950.00,NGN,0,Closed,2020-04-06 00:00:00,Performing
BRIDGET UDOLU,"=""22359292077""",14 IPERU AKESAN STREET IYANA IPAJA Alimosho Lagos State,,"=""22265978""","=""8707096""","=""127841501""",Personal fixed term loan,2020-09-28 00:00:00,10000.00,0.00,,0.00,11500.00,NGN,0,Closed,2020-10-13 00:00:00,Performing
ISAAC onuche,,4 tiwalade street shogunle OshodiIsolo Lagos State,,"=""22266046""","=""9086125""","=""2153529672""",Personal fixed term loan,2020-10-12 00:00:00,10000.00,0.00,,0.00,13000.00,NGN,0,Closed,2020-11-11 00:00:00,Performing
KAMALU ABDULLAHI,"=""22441065824""",KURNA ASABE KANO,,"=""22268279""","=""6653513""","=""1904529""",Personal fixed term loan,2020-03-29 00:00:00,2500.00,0.00,,0.00,2870.00,NGN,0,Closed,2020-04-14 00:00:00,Performing
TAIYE AFOLAYAN,"=""22349531542""",THOMADE STREET KWARA STATE Irepodun Kwara State,,"=""22268420""","=""6503726""","=""1863899""",Personal fixed term loan,2020-03-22 00:00:00,2500.00,0.00,,0.00,3250.00,NGN,0,Closed,2020-04-21 00:00:00,Performing
GBEMISOLA OYERO,"=""22345936392""",9 IDOWUOYA STR KOLLINGTON BSTP AGBADO IfakoIjaiye Lagos St,,"=""22268577""","=""3466871""","=""3078496326""",Personal fixed term loan,2020-02-13 00:00:00,30000.00,0.00,,0.00,36600.00,NGN,0,Closed,2020-03-16 00:00:00,Performing
HABEEB AYINDE ALAGA,"=""22289636329""",28 FALODUN STREET NEW MAKOKO KO SABO YABO Ikorodu Lagos St,,"=""22268786""","=""6094982""","=""1768150""",Personal fixed term loan,2020-03-07 00:00:00,2500.00,0.00,,0.00,2870.00,NGN,0,Closed,2020-03-23 00:00:00,Performing
OLAMIDE YAKUBU,,NO 12 TUDUN IWADA YOR MOSCATHOLIC CHURCH BUS STOP LUGBEABU,,"=""22269079""","=""3968303""","=""3028963475""",Personal fixed term loan,2019-12-20 00:00:00,1500.00,0.00,,0.00,1720.00,NGN,0,Closed,2020-01-06 00:00:00,Performing
anthony maduegbunam,,12b jaja street Aba South Abia State,,"=""22268390""","=""1713002""","=""801638903""",Personal fixed term loan,2019-08-29 00:00:00,1500.00,0.00,,0.00,1950.00,NGN,0,Closed,2019-09-30 00:00:00,Performing
OLUYEMI OLOWOSUSI,,No 5 medoye street off oluwatoyin sawmill okitipupa,,"=""22268458""","=""2555075""","=""1032727""",Personal fixed term loan,2019-11-19 00:00:00,5000.00,0.00,,0.00,5750.00,NGN,0,Closed,2019-12-04 00:00:00,Performing
OLUYEMI OLOWOSUSI,,No 5 medoye street off oluwatoyin sawmill okitipupa,,"=""22268458""","=""2555075""","=""3025115228""",Personal fixed term loan,2019-11-19 00:00:00,5000.00,0.00,,0.00,5750.00,NGN,0,Closed,2019-12-04 00:00:00,Performing
Saheed Adewale,"=""22298413292""",99 OLUDEGUN STR OFF SANNI BALOGUN ABULEEGBA IfakoIjaiye La,,"=""22268641""","=""3632048""","=""3438881019""",Personal fixed term loan,2019-12-10 00:00:00,5000.00,0.00,,0.00,5750.00,NGN,0,Closed,2019-12-27 00:00:00,Performing
MOYOSORE SOTOBI,"=""22371584114""",3 SAMBOSH STREETSHASHA Alimosho Lagos State,,"=""22268790""","=""2907557""","=""2118122380""",Personal fixed term loan,2019-10-28 00:00:00,1500.00,0.00,,0.00,1720.00,NGN,0,Closed,2019-11-12 00:00:00,Performing
OLAYEMI MONEHIN,"=""22283142408""",NO 4 KENGBEN STREET ISEBO AREA ALAKIA IBADAN Egbeda Oyo St,,"=""22268858""","=""5722775""","=""2189443104""",Personal fixed term loan,2020-02-19 00:00:00,2500.00,0.00,,0.00,2870.00,NGN,0,Closed,2020-03-05 00:00:00,Performing
BLESSING ONYIRIAGWU,,NO10 WOGU MARTIN STREET MILE 4 ROAD ObioAkpor Rivers State,,"=""22268960""","=""1001330""","=""90114361""",Personal fixed term loan,2019-12-05 00:00:00,1500.00,0.00,,0.00,1870.00,NGN,0,Closed,2020-01-06 00:00:00,Performing
IJIOMA ANYA,"=""22315416732""",AREA 5 AGBAMA HOUSING ESTATE UMUAHIA Umuahia South Abia St,,"=""22269007""","=""7852868""","=""2090688777""",Personal fixed term loan,2020-07-19 00:00:00,10000.00,0.00,,0.00,12000.00,NGN,0,Closed,2020-08-03 00:00:00,Performing
ABBAS ADAMU,,QJWFHC9 832103 Malumfashi Nigeria,,"=""22260869""","=""5789278""","=""1840030""",Personal fixed term loan,2020-03-18 00:00:00,20000.00,0.00,,0.00,25000.00,NGN,0,Closed,2020-04-17 00:00:00,Performing
PROSPER ASONYE,"=""22550306869""",AFUGRI UMUEKULE ASONYE CHUKWUNYERES COMPOUND Umuahia North,,"=""22261439""","=""6578311""","=""2266431493""",Personal fixed term loan,2020-04-15 00:00:00,5000.00,0.00,,0.00,6250.00,NGN,0,Closed,2020-05-15 00:00:00,Performing
BLESSING NDUBURUOKE,"=""22542024751""",1 FELICIA OSEYEMI DRIVE OLAMBE Ifo Ogun State,,"=""22261539""","=""6548632""","=""1877724""",Personal fixed term loan,2020-03-24 00:00:00,2500.00,0.00,,0.00,2870.00,NGN,0,Closed,2020-04-08 00:00:00,Performing
TAIYE IDOWU,"=""22461214116""",AMALA OJUELEGBA GWARINPA Municipal Area Council FCT,,"=""22263128""","=""5842465""","=""99023873""",Personal fixed term loan,2020-02-20 00:00:00,10000.00,0.00,,0.00,10000.00,NGN,0,Closed,2020-03-23 00:00:00,Performing
IBRAHIM OLAOJO,,Simpson St Lagos Island Lagos Nigeria,,"=""22264028""","=""998962""","=""694401754""",Personal fixed term loan,2019-10-28 00:00:00,2500.00,0.00,,0.00,3120.00,NGN,0,Closed,2019-11-27 00:00:00,Performing
CECILIA UCHEGBU,,20 UTAN VILLAGE GADA BIU AREA  Jos North Plateau State,,"=""22266721""","=""7284754""","=""158224993""",Personal fixed term loan,2020-06-01 00:00:00,1500.00,0.00,,0.00,1950.00,NGN,0,Closed,2020-07-01 00:00:00,Performing
OBIANUJUNWA OFILI,,1 mary ordili streetrumuomasi Portharcourt,,"=""22267557""","=""1253182""","=""719113""",Personal fixed term loan,2019-09-26 00:00:00,25000.00,0.00,,0.00,30500.00,NGN,0,Closed,2019-10-28 00:00:00,Performing
KEHINDE OLAWALE,"=""22148186413""",16B OPARA DUDU STR ILEDU COMMUNITYILEDU BADAGRYLagos State,,"=""22268357""","=""6744788""","=""1921790""",Personal fixed term loan,2020-04-03 00:00:00,2500.00,0.00,,0.00,3250.00,NGN,0,Closed,2020-05-04 00:00:00,Performing
KEHINDE OLAWALE,"=""22148186413""",16B OPARA DUDU STR ILEDU COMMUNITYILEDU BADAGRYLagos State,,"=""22268357""","=""6744788""","=""2110022446""",Personal fixed term loan,2020-04-03 00:00:00,2500.00,0.00,,0.00,3250.00,NGN,0,Closed,2020-05-04 00:00:00,Performing
ADEJOKE OWOLABI,"=""22460206664""",NO 30 MOJIGAS COMPOUND ILE OGBO AREA AIYEDIRE LOCAL GOVT A,,"=""22268493""","=""6185612""","=""3121458242""",Personal fixed term loan,2020-03-06 00:00:00,2500.00,0.00,,0.00,2870.00,NGN,0,Closed,2020-03-23 00:00:00,Performing
NAZIFI ALI,"=""22576320722""",NO 148 TUDUN MURTALA MANNARU STREET KANO Nasarawa Kano Sta,,"=""22268844""","=""10401392""","=""596806478""",Personal fixed term loan,2020-12-19 00:00:00,5000.00,0.00,,0.00,6000.00,NGN,0,Closed,2021-01-04 00:00:00,Performing
MODINAT LAWAL,,14 sawyer,,"=""22268601""","=""2403713""","=""233932836""",Personal fixed term loan,2019-10-09 00:00:00,1500.00,0.00,,0.00,1950.00,NGN,0,Closed,2019-11-08 00:00:00,Performing
MODINAT LAWAL,,14 sawyer,,"=""22268601""","=""2403713""","=""801903""",Personal fixed term loan,2019-10-09 00:00:00,1500.00,0.00,,0.00,1950.00,NGN,0,Closed,2019-11-08 00:00:00,Performing
JULIUS AJAYI,"=""22143204503""",11 OSHEWA STREET ORI OKUTA OWUTU AGRIC IKORODU Kosofe Lago,,"=""22268698""","=""4851293""","=""2064513210""",Personal fixed term loan,2020-02-22 00:00:00,2500.00,0.00,,0.00,3120.00,NGN,0,Closed,2020-03-23 00:00:00,Performing
RUFUS ABAJIGUN,"=""22331148608""",7 IRAYE TONNY STREET EPE Epe Lagos State,,"=""22268801""","=""5689718""","=""1745832""",Personal fixed term loan,2020-03-04 00:00:00,1500.00,0.00,,0.00,1720.00,NGN,0,Closed,2020-03-19 00:00:00,Performing
EUNICE BASSEY,"=""22156005991""",Q4 street,,"=""22269001""","=""2279654""","=""770860""",Personal fixed term loan,2019-10-04 00:00:00,15000.00,0.00,,0.00,17250.00,NGN,0,Closed,2019-10-21 00:00:00,Performing
NYEMACHI WOBO,,90 RUMUEWHARA ROAD ORO IGWE  ObioAkpor Rivers State,,"=""22269052""","=""3891023""","=""2081984143""",Personal fixed term loan,2019-12-03 00:00:00,5000.00,0.00,,0.00,6500.00,NGN,0,Closed,2020-01-02 00:00:00,Performing
USMAN BADMUS,"=""22527188063""",Ajegunle,,"=""22268640""","=""2510033""","=""896015""",Personal fixed term loan,2019-10-26 00:00:00,1500.00,0.00,,0.00,1720.00,NGN,0,Closed,2019-11-11 00:00:00,Performing
OJOCHIDE YAKUBU,,No32 agric road fagba bustop,,"=""22268659""","=""2521496""","=""830851""",Personal fixed term loan,2019-10-14 00:00:00,1500.00,0.00,,0.00,1720.00,NGN,0,Closed,2019-10-29 00:00:00,Performing
mansir yusuf,,33 limanci kona zaria Zaria Kaduna State,,"=""22268840""","=""6321536""","=""3441156618""",Personal fixed term loan,2020-03-13 00:00:00,2500.00,0.00,,0.00,2870.00,NGN,0,Closed,2020-03-30 00:00:00,Performing
LEKARA BARIKUI,"=""22377854976""",NO 20 COURT ROAD BORI Khana Rivers State,,"=""22268961""","=""4331630""","=""2374863019""",Personal fixed term loan,2019-12-20 00:00:00,2500.00,0.00,,0.00,3250.00,NGN,0,Closed,2020-01-20 00:00:00,Performing
NAJEEB ABDULKAREEM,,507,,"=""22268848""","=""936896""","=""120940""",Personal fixed term loan,2019-03-02 00:00:00,20000.00,0.00,,0.00,23000.00,NGN,0,Closed,2019-03-18 00:00:00,Performing
NAJEEB ABDULKAREEM,,507,,"=""22268848""","=""936896""","=""168824905""",Personal fixed term loan,2019-03-02 00:00:00,20000.00,0.00,,0.00,23000.00,NGN,0,Closed,2019-03-18 00:00:00,Performing
Jessica Anyaogu,"=""22175350803""",3 dike road aba Aba South Abia State,,"=""22268855""","=""6494459""","=""1861606""",Personal fixed term loan,2020-03-21 00:00:00,2500.00,0.00,,0.00,2870.00,NGN,0,Closed,2020-04-06 00:00:00,Performing
FAVOUR ABALAKA,"=""22517282359""",HIGH COURT KEFFI OPPOSITE COMBATANT CHURCH Keffi Nasarawa,,"=""22268923""","=""3321491""","=""803196429""",Personal fixed term loan,2020-03-05 00:00:00,2500.00,0.00,,0.00,3050.00,NGN,0,Closed,2020-04-06 00:00:00,Performing
YAKUBU CHANTU,"=""22291374938""",DADIN KOWA NEAR ECWA CHURCH NEW ABUJA JOS Jos South Platea,,"=""22269048""","=""4400309""","=""25912118""",Personal fixed term loan,2020-03-02 00:00:00,15000.00,0.00,,0.00,18750.00,NGN,0,Closed,2020-04-01 00:00:00,Performing
UKPEME EMMANUEL,"=""22423975389""",H8 ROAD 3 VICTORIA GARDEN CITY VGC BS ETI OSA,,"=""22268576""","=""22424660""","=""5445479""",Personal fixed term loan,2021-12-22 00:00:00,30000.00,0.00,,0.00,35700.00,NGN,0,Closed,2022-01-21 00:00:00,Performing
OLUBUNMI arowolo,"=""22330424721""",16 Karimu Taiwo Street Surulere Lagos State Lagos State,,"=""22268625""","=""6311294""","=""3061918392""",Personal fixed term loan,2020-03-13 00:00:00,5000.00,0.00,,0.00,5750.00,NGN,0,Closed,2020-03-30 00:00:00,Performing
TEMITOPE DANIEL,"=""22269649604""",BLK 10 FLAT 17 DIAMOND ESTATE ISHERI LAGOS Alimosho Lagos,,"=""22268676""","=""9875564""","=""175101833""",Personal fixed term loan,2020-12-28 00:00:00,30000.00,0.00,,0.00,36000.00,NGN,0,Closed,2021-01-12 00:00:00,Performing
OLUWAREMILEKUN ONAFOWOKAN,,3 KOLAWOLE AFOLABI AVENUE ALAGBOLE AKUTE ROAD Ifo Ogun Sta,,"=""22268723""","=""1529030""","=""118657999""",Personal fixed term loan,2020-02-05 00:00:00,5000.00,0.00,,0.00,6100.00,NGN,0,Closed,2020-03-06 00:00:00,Performing
oluwayemisi okunola,"=""22243849949""",1 modupe ola ajala street Ifo Ogun State,,"=""22268776""","=""6423611""","=""1841746""",Personal fixed term loan,2020-03-18 00:00:00,2500.00,0.00,,0.00,2870.00,NGN,0,Closed,2020-04-02 00:00:00,Performing
oluwayemisi okunola,"=""22243849949""",1 modupe ola ajala street Ifo Ogun State,,"=""22268776""","=""6423611""","=""3094594235""",Personal fixed term loan,2020-03-18 00:00:00,2500.00,0.00,,0.00,2870.00,NGN,0,Closed,2020-04-02 00:00:00,Performing
JOHN SAMUEL,"=""22308079285""",OLD NO 8 OGUNNUBISTREET NEW NO 8 OYENUBI STREET BY EKORE B,,"=""22268874""","=""4559363""","=""254001038""",Personal fixed term loan,2019-12-29 00:00:00,10000.00,0.00,,0.00,13000.00,NGN,0,Closed,2020-01-28 00:00:00,Performing
MATTHEW JI,,AKPADUMS HSE OPP ECWA EGGON Nasarawa Egon Nasarawa State,,"=""22268974""","=""1301432""","=""1533931""",Personal fixed term loan,2020-02-05 00:00:00,2500.00,0.00,,0.00,2870.00,NGN,0,Closed,2020-02-20 00:00:00,Performing
Afeez Taiwo,"=""22382155578""",12 AKUNLEYAN STREET SANGO BACK OF GARAGE SANGO AdoOdoOta O,,"=""22278485""","=""2089248""","=""3130733321""",Personal fixed term loan,2020-03-23 00:00:00,20000.00,0.00,,0.00,24400.00,NGN,0,Closed,2020-04-22 00:00:00,Performing
VINCENT BEPEH,"=""22386824144""",PLOT 50 BLK 3 SCHOOL ROADF SATELITE TOWN Calabar Municipal,,"=""22268918""","=""1500245""","=""2124364008""",Personal fixed term loan,2019-11-04 00:00:00,5000.00,0.00,,0.00,6100.00,NGN,0,Closed,2019-12-04 00:00:00,Performing
SIXTUS OGUGUO,"=""22346696769""",25 IWOFE ROAD WIMPEY PORT HARCOURT ObioAkpor Rivers State,,"=""22268932""","=""5746832""","=""737702642""",Personal fixed term loan,2020-02-15 00:00:00,2500.00,0.00,,0.00,3250.00,NGN,0,Closed,2020-03-16 00:00:00,Performing
IDOWU GAFERA,"=""22257700935""",KM 3 OFF GBOKO ROAD MKD NGURSWANDE STREET MKD Makurdi Benu,,"=""22268526""","=""6549254""","=""3122347""",Personal fixed term loan,2021-01-27 00:00:00,15000.00,0.00,,0.00,19500.00,NGN,0,Closed,2021-02-26 00:00:00,Performing
FARUQ AJIMOTI,"=""22540055607""",NTA Ilawe Byepass Rd J6CP GC4 360101 Ado Ekiti Ekiti Niger,,"=""22268573""","=""6455603""","=""1931362""",Personal fixed term loan,2020-04-11 00:00:00,2500.00,0.00,,0.00,3120.00,NGN,0,Closed,2020-05-11 00:00:00,Performing
FARUQ AJIMOTI,"=""22540055607""",NTA Ilawe Byepass Rd J6CP GC4 360101 Ado Ekiti Ekiti Niger,,"=""22268573""","=""6455603""","=""2610026969""",Personal fixed term loan,2020-04-11 00:00:00,2500.00,0.00,,0.00,3120.00,NGN,0,Closed,2020-05-11 00:00:00,Performing
CHINYERE INECHIOMA,"=""22452812648""",NO 38 ELIJIJI AVENUE PHC ObioAkpor Rivers State,,"=""22268926""","=""6733115""","=""1921604""",Personal fixed term loan,2020-04-03 00:00:00,2500.00,0.00,,0.00,3250.00,NGN,0,Closed,2020-05-04 00:00:00,Performing
CHINYERE INECHIOMA,"=""22452812648""",NO 38 ELIJIJI AVENUE PHC ObioAkpor Rivers State,,"=""22268926""","=""6733115""","=""6320267319""",Personal fixed term loan,2020-04-03 00:00:00,2500.00,0.00,,0.00,3250.00,NGN,0,Closed,2020-05-04 00:00:00,Performing
EUGENE ALAKWEOJIMBA,,1 OJIMBA LANE OFF OFOMATA ROAD INYABA UMUDIM NNEWI Nnewi N,,"=""22269075""","=""1739657""","=""7367981""",Personal fixed term loan,2019-08-31 00:00:00,2500.00,0.00,,0.00,3250.00,NGN,0,Closed,2019-09-30 00:00:00,Performing
CHIOMA ENEBELI,"=""22548571369""",ENUBODA STREET OBIARUKU Ukwuani Delta State,,"=""22264020""","=""6114214""","=""1736206""",Personal fixed term loan,2020-03-03 00:00:00,2500.00,0.00,,0.00,3250.00,NGN,0,Closed,2020-04-02 00:00:00,Performing
CHIOMA ENEBELI,"=""22548571369""",ENUBODA STREET OBIARUKU Ukwuani Delta State,,"=""22264020""","=""6114214""","=""4280014677""",Personal fixed term loan,2020-03-03 00:00:00,2500.00,0.00,,0.00,3250.00,NGN,0,Closed,2020-04-02 00:00:00,Performing
MIKHAIL RASHEED,"=""22264156992""",6 JOY AVENUE ALEXANDER OFF BEMBO ROAD APATA Ido Oyo State,,"=""22267999""","=""5818445""","=""1633483""",Personal fixed term loan,2020-02-19 00:00:00,2500.00,0.00,,0.00,2500.00,NGN,0,Closed,2020-03-20 00:00:00,Performing
TOOCHUKWU AGBAFOR,"=""22458502860""",NO 8 NNOROM STREET Abakaliki Ebonyi State,,"=""22268449""","=""6405917""","=""1836962""",Personal fixed term loan,2020-03-17 00:00:00,2500.00,0.00,,0.00,2870.00,NGN,0,Closed,2020-04-01 00:00:00,Performing
FATAI OYELEYE,,8 DADA CLOSE ALAGUNTAN  Alimosho Lagos State,,"=""22268600""","=""8709128""","=""768880322""",Personal fixed term loan,2020-09-21 00:00:00,20000.00,0.00,,0.00,26000.00,NGN,0,Closed,2020-10-21 00:00:00,Performing
HASSAN ABUBAKAR,"=""22261849752""",EMIR PALACE LAFIA Lafia Nasarawa State,,"=""22268935""","=""6248843""","=""1789808""",Personal fixed term loan,2020-03-10 00:00:00,1500.00,0.00,,0.00,1950.00,NGN,0,Closed,2020-04-09 00:00:00,Performing
URUEMU ORUKOMIENOR,,No2 nwoji,,"=""22269050""","=""2670005""","=""861855""",Personal fixed term loan,2019-10-20 00:00:00,2500.00,0.00,,0.00,3250.00,NGN,0,Closed,2019-11-19 00:00:00,Performing
Ukem Emem Akpan,"=""22207326400""",Ikorodu Lagos,,"=""22415871""","=""42983718""","=""10665508""",Personal fixed term loan,2023-06-21 00:00:00,7500.00,8625.00,,0.00,8625.00,NGN,0,Open,2023-07-06 00:00:00,Performing
MICHAEL Michael,,Spirit and Life Parish Redeem Church Off Abacha Road Ferin,,"=""22589580""","=""22313007594""","=""A1531408""",,2023-08-10 00:00:00,500000.00,,,,199148.80,NGN,0,Closed,2023-11-08 00:00:00,Performing
MICHAEL Michael,,Spirit and Life Parish Redeem Church Off Abacha Road Ferin,,"=""22589580""","=""22313007594""","=""A1692082""",,2023-12-13 00:00:00,650000.00,,,,255687.97,NGN,0,Closed,2024-03-12 00:00:00,Performing
AYOMIDE OLUFUNSHO,"=""22528134201""",61 KOLA ORETUGA STREET LAGOS Alimosho Lagos State,,"=""22268307""","=""4192946""","=""533507136""",Personal fixed term loan,2019-12-14 00:00:00,1500.00,0.00,,0.00,1720.00,NGN,0,Closed,2019-12-30 00:00:00,Performing
TUNDE AZEEZ,"=""22422987118""",MAILINGADD1 Agege Lagos State,,"=""22268439""","=""6555983""","=""1879831""",Personal fixed term loan,2020-03-24 00:00:00,10000.00,0.00,,0.00,13000.00,NGN,0,Closed,2020-04-23 00:00:00,Performing
IKECHUKWU OLISAH,,UGOLO VILLAGEBY FIRST BUS STOPOSSOMALA,,"=""22268558""","=""1676417""","=""2093280419""",Personal fixed term loan,2019-09-23 00:00:00,2500.00,0.00,,0.00,3120.00,NGN,0,Closed,2019-10-23 00:00:00,Performing
IKECHUKWU OLISAH,,UGOLO VILLAGEBY FIRST BUS STOPOSSOMALA,,"=""22268558""","=""1676417""","=""702060""",Personal fixed term loan,2019-09-23 00:00:00,2500.00,0.00,,0.00,3120.00,NGN,0,Closed,2019-10-23 00:00:00,Performing
DAMILARE OYEWOLE,"=""22364849820""",LEKKI,,"=""22268690""","=""2453042""","=""824182""",Personal fixed term loan,2019-10-13 00:00:00,10000.00,0.00,,0.00,13000.00,NGN,0,Closed,2019-11-12 00:00:00,Performing
NDUKA OKONKWO,"=""22236017803""",NO 4 FELICITASOFF SHERIFATUST SATELITE TOWN AmuwoOdofin La,,"=""22268741""","=""5580287""","=""1776004""",Personal fixed term loan,2020-03-09 00:00:00,5000.00,0.00,,0.00,6250.00,NGN,0,Closed,2020-04-08 00:00:00,Performing
EMMANUEL ISSAH,"=""22249021071""",NO 48 WAZIRI STREET UNGWAN ROMI  Chikun Kaduna State,,"=""22268809""","=""6010574""","=""1696709""",Personal fixed term loan,2020-02-27 00:00:00,2500.00,0.00,,0.00,3250.00,NGN,0,Closed,2020-03-30 00:00:00,Performing
EMMANUEL ISSAH,"=""22249021071""",NO 48 WAZIRI STREET UNGWAN ROMI  Chikun Kaduna State,,"=""22268809""","=""6010574""","=""2009326820""",Personal fixed term loan,2020-03-23 00:00:00,5000.00,0.00,,0.00,6250.00,NGN,0,Closed,2020-04-22 00:00:00,Performing
AWAJIIRONYEM UJILE,,28 MINIORLU ROAD ADA GEORGE ObioAkpor Rivers State,,"=""22269009""","=""6120830""","=""768185632""",Personal fixed term loan,2020-03-04 00:00:00,2500.00,0.00,,0.00,2870.00,NGN,0,Closed,2020-03-19 00:00:00,Performing
SALISU AYAT,"=""22462349260""",Ojodu Street Nigeria,,"=""22328922""","=""9969605""","=""264287699""",Personal fixed term loan,2021-01-11 00:00:00,10000.00,0.00,,0.00,12000.00,NGN,0,Open,2021-01-26 00:00:00,Performing
ISMAIL JULDE,"=""22397548231""",NO 24 JOSE MARTIN CRESCENT ASOKORO ABUJA Municipal Area Co,,"=""22267901""","=""4021792""","=""163341719""",Personal fixed term loan,2019-12-08 00:00:00,2500.00,0.00,,0.00,2870.00,NGN,0,Closed,2019-12-23 00:00:00,Performing
MOHAMMED MUSA,"=""22396564465""",no 81 hadza memorial school abuja sharaton maiduguri Maidu,,"=""22267951""","=""6190622""","=""80602052""",Personal fixed term loan,2020-03-10 00:00:00,1500.00,0.00,,0.00,1950.00,NGN,0,Closed,2020-04-09 00:00:00,Performing
GLORY ABILORO,"=""22540146026""",NO 14 ODOKELE STREET OBA AKOKO Akoko SouthWest Ondo State,,"=""22268194""","=""4180034""","=""3143898611""",Personal fixed term loan,2020-03-17 00:00:00,5000.00,0.00,,0.00,6250.00,NGN,0,Closed,2020-04-16 00:00:00,Performing
ISMAILA ABIMBOLA,"=""22414288083""",NO 2 CELE OJUMELE STREET SAGAMU Shagamu Ogun State,,"=""22268301""","=""6199481""","=""1776272""",Personal fixed term loan,2020-03-09 00:00:00,2500.00,0.00,,0.00,2870.00,NGN,0,Closed,2020-03-24 00:00:00,Performing
MUMEEN ABDULQUADRI,,NO 10 JI OBA COMPOUND APATA YAKUBA ILORIN Moro Kwara State,,"=""22268505""","=""5752514""","=""176532603""",Personal fixed term loan,2020-03-15 00:00:00,10000.00,0.00,,0.00,11500.00,NGN,0,Closed,2020-03-30 00:00:00,Performing
MUMEEN ABDULQUADRI,,NO 10 JI OBA COMPOUND APATA YAKUBA ILORIN Moro Kwara State,,"=""22268505""","=""5752514""","=""1821110""",Personal fixed term loan,2020-03-15 00:00:00,10000.00,0.00,,0.00,11500.00,NGN,0,Closed,2020-03-30 00:00:00,Performing
SULIAMON SAUBANA,"=""22458622339""",1 ajisegiri akinolu,,"=""22268594""","=""1691867""","=""537027""",Personal fixed term loan,2019-08-26 00:00:00,1500.00,0.00,,0.00,1950.00,NGN,0,Closed,2019-09-25 00:00:00,Performing
GANIYU IBRAHIM,"=""22328576704""",49ODUDUWA STREET IKOTUN Alimosho Lagos State,,"=""22268612""","=""6052445""","=""1795441""",Personal fixed term loan,2020-03-11 00:00:00,2500.00,0.00,,0.00,3250.00,NGN,0,Closed,2020-04-14 00:00:00,Performing
SADIK JAMIU,"=""22516738367""",NO 22 DANMAGAJI ANG GARUJU Zaria Kaduna State,,"=""22268798""","=""5957090""","=""1769890""",Personal fixed term loan,2020-03-07 00:00:00,5000.00,0.00,,0.00,5750.00,NGN,0,Closed,2020-03-23 00:00:00,Performing
WASIU OJORA,"=""22449404821""",12 DOMINIC NUR AND PRY SCH STREET IYESI OKOOFO Badagry Lag,,"=""22268887""","=""5198102""","=""1447661""",Personal fixed term loan,2020-01-23 00:00:00,2500.00,0.00,,0.00,3250.00,NGN,0,Closed,2020-02-24 00:00:00,Performing
WASIU OJORA,"=""22449404821""",12 DOMINIC NUR AND PRY SCH STREET IYESI OKOOFO Badagry Lag,,"=""22268887""","=""5198102""","=""2178099411""",Personal fixed term loan,2020-01-23 00:00:00,2500.00,0.00,,0.00,3250.00,NGN,0,Closed,2020-02-24 00:00:00,Performing
RICHARD KURUYEALELE,"=""22217596958""",NO 11 OBIDIANSO STRMILE 2 DIOBU PHC Port Harcourt Rivers S,,"=""22269012""","=""6481388""","=""2025352""",Personal fixed term loan,2020-06-01 00:00:00,5000.00,0.00,,0.00,5750.00,NGN,0,Closed,2020-06-16 00:00:00,Performing
Oladejo Farouk Abiodun,"=""22613813529""",12 Ayorinde kadejo str off owutu ikd lagos,,"=""22280244""","=""27347630""","=""10526927""",Personal fixed term loan,2023-06-07 00:00:00,5000.00,6450.00,,0.00,6450.00,NGN,0,Open,2023-07-07 00:00:00,Performing
SUNDAY ALABI,,KLM 10 IGBO OLOYE STREET CHELSEA BSTOP IDI IROKO AdoOdoOta,,"=""22268753""","=""1611569""","=""174555604""",Personal fixed term loan,2020-03-16 00:00:00,2500.00,0.00,,0.00,3250.00,NGN,0,Closed,2020-04-15 00:00:00,Performing
DEBORAH AKINGBADE,"=""22342199271""",6 OREMEJI STR ABULEEGBA IfakoIjaiye Lagos State,,"=""22268846""","=""2254274""","=""1026428""",Personal fixed term loan,2019-11-18 00:00:00,2500.00,0.00,,0.00,2870.00,NGN,0,Closed,2019-12-03 00:00:00,Performing
DEBORAH AKINGBADE,"=""22342199271""",6 OREMEJI STR ABULEEGBA IfakoIjaiye Lagos State,,"=""22268846""","=""2254274""","=""1672637""",Personal fixed term loan,2020-02-24 00:00:00,5000.00,0.00,,0.00,6100.00,NGN,0,Closed,2020-03-25 00:00:00,Performing
UFOINDE ASINDE,,NO 65 VINTAGE CROSS RIVERS STATE  Obudu Cross River State,,"=""22269039""","=""535070""","=""1379990""",Personal fixed term loan,2020-01-12 00:00:00,15000.00,0.00,,0.00,18300.00,NGN,0,Closed,2020-02-11 00:00:00,Performing
MSUGHVE ORNGUGA,,PDP ROAD YENUZUEGENE Yenagoa Bayelsa State,,"=""22269046""","=""2277281""","=""2291111961""",Personal fixed term loan,2019-11-01 00:00:00,7500.00,0.00,,0.00,9370.00,NGN,0,Closed,2019-12-02 00:00:00,Performing
Olutunde Adedayo Olusegun,"=""22217042475""",Ibadan Nigeria,,"=""22331836""","=""4805399""","=""10497335""",Personal fixed term loan,2023-06-04 00:00:00,10000.00,7000.00,,0.00,12750.00,NGN,0,Open,2023-07-04 00:00:00,Performing
KELVIN BEN,,OBINZE INFRONT OFO EMMANUEL CHURCH OWERRI IMO STATE,,"=""22505444""","=""44499570""","=""14360693""",Personal fixed term loan,2024-07-13 00:00:00,500000.00,0.00,,0.00,182500.00,NGN,0,Closed,2024-12-10 00:00:00,Performing
ALIYU ADAMU,,NO 12 MALAM LINE BADARAWA,,"=""22266700""","=""5704723""","=""3069427070""",Personal fixed term loan,2020-02-27 00:00:00,2500.00,0.00,,0.00,3250.00,NGN,0,Closed,2020-03-30 00:00:00,Performing
BLESSING JACKSON,"=""22545141990""",OKEII COMPD UNION BANK RD UNION BANK BSTOP AMARATA Yenagoa,,"=""22266757""","=""2815549""","=""534578294""",Personal fixed term loan,2019-12-16 00:00:00,1500.00,0.00,,0.00,1720.00,NGN,0,Closed,2019-12-31 00:00:00,Performing
FALMATA IBRAHIM,"=""22514884978""",FEZZAN WARD SHEHURI SOUTH MAIDUGURI Maiduguri Borno State,,"=""22268070""","=""5199203""","=""800928018""",Personal fixed term loan,2020-01-24 00:00:00,1500.00,0.00,,0.00,1720.00,NGN,0,Closed,2020-02-10 00:00:00,Performing
ODUNAYO OSIOYEMI,"=""22338542322""",15 GBAJUMON STREET BOLUWAJI AREA ELERE ODO OBA IBADAN Oluy,,"=""22268127""","=""6567533""","=""1895858""",Personal fixed term loan,2020-03-27 00:00:00,2500.00,0.00,,0.00,2870.00,NGN,0,Closed,2020-04-14 00:00:00,Performing
AISHAT JIMOH,,21 ABIIBA STREET IJAKO SANGO OTA AdoOdoOta Ogun State,,"=""22268263""","=""7159103""","=""1974274""",Personal fixed term loan,2020-05-05 00:00:00,2500.00,0.00,,0.00,2870.00,NGN,0,Closed,2020-05-20 00:00:00,Performing
AISHAT JIMOH,,21 ABIIBA STREET IJAKO SANGO OTA AdoOdoOta Ogun State,,"=""22268263""","=""7159103""","=""2265331156""",Personal fixed term loan,2020-05-05 00:00:00,2500.00,0.00,,0.00,2870.00,NGN,0,Closed,2020-05-20 00:00:00,Performing
SULAIMON SUBAIRU,,22IFEDAYO STREET IGBOBI MOWE Obafemi Owode Ogun State,,"=""22268336""","=""5888630""","=""1912691""",Personal fixed term loan,2020-03-31 00:00:00,2500.00,0.00,,0.00,2870.00,NGN,0,Closed,2020-04-15 00:00:00,Performing
SULAIMON SUBAIRU,,22IFEDAYO STREET IGBOBI MOWE Obafemi Owode Ogun State,,"=""22268336""","=""5888630""","=""31678283""",Personal fixed term loan,2020-03-31 00:00:00,2500.00,0.00,,0.00,2870.00,NGN,0,Closed,2020-04-15 00:00:00,Performing
TERUNGWA UGA,"=""22382235919""",NKST CHURCH YUA GBOKO WEST BENUE STATE Gboko Benue State,,"=""22268363""","=""7919483""","=""2211286""",Personal fixed term loan,2020-07-23 00:00:00,5000.00,0.00,,0.00,6500.00,NGN,0,Closed,2020-08-24 00:00:00,Performing
ONYEKACHUKWU ONUSULU,"=""22471706537""",2030 OLADIPO COKER AVENUE ALONG DUBAR ROAD AmuwoOdofin Lag,,"=""22268572""","=""6036995""","=""1706763""",Personal fixed term loan,2020-02-29 00:00:00,2500.00,0.00,,0.00,3250.00,NGN,0,Closed,2020-03-30 00:00:00,Performing
ADEOLA AYODELE,"=""22515610239""",58 AJIBULU STREET MAFOLUKU OshodiIsolo Lagos State,,"=""22268629""","=""6127550""","=""1741429""",Personal fixed term loan,2020-03-04 00:00:00,1500.00,0.00,,0.00,1720.00,NGN,0,Closed,2020-03-19 00:00:00,Performing
DUNSIN FAYODE,"=""22160255366""",str 8 plot 3 ireakari estate ado ekiti Ado Ekiti Ekiti Sta,,"=""22268729""","=""4074749""","=""2078140017""",Personal fixed term loan,2020-03-07 00:00:00,20000.00,0.00,,0.00,25000.00,NGN,0,Closed,2020-04-06 00:00:00,Performing
BALA KASIMU,,24 constitution road kaduna,,"=""22268870""","=""1508417""","=""487985""",Personal fixed term loan,2019-08-14 00:00:00,10000.00,0.00,,0.00,13000.00,NGN,0,Closed,2019-09-13 00:00:00,Performing
EMMANUEL OTOBONG,"=""22297896380""",OPPOSITE FIDEI POLYTECHNIC Gboko Benue State,,"=""22268906""","=""3556979""","=""2110332583""",Personal fixed term loan,2020-01-13 00:00:00,2500.00,0.00,,0.00,3120.00,NGN,0,Closed,2020-02-12 00:00:00,Performing
ojonugwa aluh,,masira qtrs old egume road ayingba Dekina Kogi State,,"=""22269032""","=""542663""","=""1262114""",Personal fixed term loan,2019-12-24 00:00:00,2500.00,0.00,,0.00,3250.00,NGN,0,Closed,2020-01-23 00:00:00,Performing
ESTHER DANFULANI,,FLAT 1 BLOCK 6 22 KUBWA ABUJA Bwari FCT,,"=""22269066""","=""6146129""","=""1939731""",Personal fixed term loan,2020-04-14 00:00:00,5000.00,0.00,,0.00,6250.00,NGN,0,Closed,2020-05-14 00:00:00,Performing
James David Blessing,"=""22147812681""",2nd avenue poboyejo estate odogunyan ikorodu,,"=""22414297""","=""7463247""","=""9364969""",Personal fixed term loan,2023-02-06 00:00:00,5000.00,0.00,,0.00,6500.00,NGN,0,Closed,2023-03-08 00:00:00,Performing
IWUESE AONDOAKAA,"=""22442745527""",OPPOSITE OWNER OCCUPIER Makurdi Benue State,,"=""22268448""","=""6126704""","=""2218147038""",Personal fixed term loan,2020-03-07 00:00:00,1500.00,0.00,,0.00,1720.00,NGN,0,Closed,2020-03-23 00:00:00,Performing
MNGUNENGEN JANDE,,MAKURDI,,"=""22268516""","=""1555490""","=""491975""",Personal fixed term loan,2019-08-15 00:00:00,2500.00,0.00,,0.00,3120.00,NGN,0,Closed,2019-09-16 00:00:00,Performing
IBRAHIM ADEBISI,"=""22542744251""",21 LASU CLOSE IKOLA ILUMO Alimosho Lagos State,,"=""22268783""","=""6238928""","=""1224308110""",Personal fixed term loan,2020-03-10 00:00:00,2500.00,0.00,,0.00,2870.00,NGN,0,Closed,2020-03-25 00:00:00,Performing
IBRAHIM ADEBISI,"=""22542744251""",21 LASU CLOSE IKOLA ILUMO Alimosho Lagos State,,"=""22268783""","=""6238928""","=""1789244""",Personal fixed term loan,2020-03-10 00:00:00,2500.00,0.00,,0.00,2870.00,NGN,0,Closed,2020-03-25 00:00:00,Performing
MOHAMMED ALI,"=""22214547359""",38 DANMASANI ROAD RIGASA KAD,,"=""22268851""","=""4532603""","=""109919468""",Personal fixed term loan,2019-12-28 00:00:00,1500.00,0.00,,0.00,1720.00,NGN,0,Closed,2020-01-13 00:00:00,Performing
NURA IDRIS,"=""22188258279""",KADUNA Bwari FCT,,"=""22268983""","=""6515129""","=""1866654""",Personal fixed term loan,2020-03-22 00:00:00,2500.00,0.00,,0.00,2870.00,NGN,0,Closed,2020-04-06 00:00:00,Performing
BELLO MUSA,"=""22251786447""",NO I 7 MASHI ROAD TUDUN NUPAWA KADUNA Kaduna South Kaduna,,"=""22269034""","=""6291560""","=""1816007""",Personal fixed term loan,2020-03-14 00:00:00,2500.00,0.00,,0.00,3250.00,NGN,0,Closed,2020-04-14 00:00:00,Performing
FAVOUR SAMUEL,,Phase 2 GRA,,"=""22269051""","=""1498202""","=""466033""",Personal fixed term loan,2019-08-07 00:00:00,10000.00,0.00,,0.00,13000.00,NGN,0,Closed,2019-09-06 00:00:00,Performing
FAVOUR SAMUEL,,Phase 2 GRA,,"=""22269051""","=""1498202""","=""6554037740""",Personal fixed term loan,2019-08-07 00:00:00,10000.00,0.00,,0.00,13000.00,NGN,0,Closed,2019-09-06 00:00:00,Performing
OLUSANYA OLUSOLA ABIOLA,"=""22212235665""",NO 3 SULAWU STREET AGBOWO KAJOLA IBADAN,,"=""22450765""","=""6786273""","=""6854798""",Personal fixed term loan,2022-05-26 00:00:00,5000.00,0.00,,0.00,6000.00,NGN,0,Closed,2022-06-10 00:00:00,Performing
OLUSANYA OLUSOLA ABIOLA,"=""22212235665""",NO 3 SULAWU STREET AGBOWO KAJOLA IBADAN,,"=""22450765""","=""6786273""","=""6974126""",Personal fixed term loan,2022-06-08 00:00:00,20000.00,0.00,,0.00,25180.00,NGN,0,Closed,2022-07-15 00:00:00,Performing
OLUSANYA OLUSOLA ABIOLA,"=""22212235665""",NO 3 SULAWU STREET AGBOWO KAJOLA IBADAN,,"=""22450765""","=""6786273""","=""7342699""",Personal fixed term loan,2022-07-14 00:00:00,30000.00,0.00,,0.00,38340.00,NGN,0,Closed,2022-08-15 00:00:00,Performing
HAUWAU ADAM,"=""22488379407""",14 Dan Fodio St Kawo 800283 Kaduna Nigeria,,"=""22268964""","=""6298451""","=""1804435""",Personal fixed term loan,2020-03-12 00:00:00,1500.00,0.00,,0.00,1720.00,NGN,0,Closed,2020-03-27 00:00:00,Performing
HAUWAU ADAM,"=""22488379407""",14 Dan Fodio St Kawo 800283 Kaduna Nigeria,,"=""22268964""","=""6298451""","=""29008316""",Personal fixed term loan,2020-03-12 00:00:00,1500.00,0.00,,0.00,1720.00,NGN,0,Closed,2020-03-27 00:00:00,Performing
Ayodeji Uthman,"=""22495781387""",No 9A arubiewe zone 2 olodo Ibadan,,"=""22315878""","=""1615798""","=""2117666885""",Personal fixed term loan,2020-01-16 00:00:00,2500.00,0.00,,0.00,3050.00,NGN,0,Closed,2020-02-17 00:00:00,Performing
TUNDE RAJI,,No 246 Christian Church Ilaje,,"=""22268406""","=""1672223""","=""529356""",Personal fixed term loan,2019-08-24 00:00:00,2500.00,0.00,,0.00,3250.00,NGN,0,Closed,2019-09-23 00:00:00,Performing
AUGUSTINA KALU,"=""22556664163""",TUNS FARM,,"=""22268442""","=""6356630""","=""1834216""",Personal fixed term loan,2020-03-17 00:00:00,5000.00,0.00,,0.00,6250.00,NGN,0,Closed,2020-04-16 00:00:00,Performing
OLUWAFEMI OMOTAN,"=""22340802180""",1 No 1 bola badiru stree sea flow estate ifako Kosofe Lago,,"=""22268591""","=""6313310""","=""2132958""",Personal fixed term loan,2020-07-02 00:00:00,30000.00,0.00,,0.00,38100.00,NGN,0,Closed,2020-08-03 00:00:00,Performing
ADESUMBO THOMAS,,Block 73a tosbens est,,"=""22268693""","=""3332588""","=""999873""",Personal fixed term loan,2019-11-13 00:00:00,10000.00,0.00,,0.00,13000.00,NGN,0,Closed,2019-12-13 00:00:00,Performing
ESTHER ETIM,"=""22261306312""",3 REV AGBO DRIVE LEMNA ROAD OFF WATER INTAKE IKOT EFFANGA,,"=""22268727""","=""5961353""","=""1867955""",Personal fixed term loan,2020-03-23 00:00:00,5000.00,0.00,,0.00,6250.00,NGN,0,Closed,2020-04-22 00:00:00,Performing
PATIENCE MUSA,"=""22383539384""",NO 33 TANKO MADAMI ST BARAKALLAHU OPP NTI Igabi Kaduna Sta,,"=""22268842""","=""6567245""","=""1882841""",Personal fixed term loan,2020-03-25 00:00:00,2500.00,0.00,,0.00,3250.00,NGN,0,Closed,2020-04-24 00:00:00,Performing
UCHECHUKWU IDABOR,,no 3 salvation avenue nta road ObioAkpor Rivers State,,"=""22268908""","=""969911""","=""769628705""",Personal fixed term loan,2020-01-07 00:00:00,2500.00,0.00,,0.00,3120.00,NGN,0,Closed,2020-02-06 00:00:00,Performing
ALAMIN IBRAHIM,"=""22458611445""",3 LOKOJA RD LOKOJA RD BS RIGASA Igabi Kaduna State,,"=""22268944""","=""5757908""","=""1613872""",Personal fixed term loan,2020-02-16 00:00:00,1500.00,0.00,,0.00,1950.00,NGN,0,Closed,2020-03-17 00:00:00,Performing
ALAMIN IBRAHIM,"=""22458611445""",3 LOKOJA RD LOKOJA RD BS RIGASA Igabi Kaduna State,,"=""22268944""","=""5757908""","=""262104310""",Personal fixed term loan,2020-02-16 00:00:00,1500.00,0.00,,0.00,1950.00,NGN,0,Closed,2020-03-17 00:00:00,Performing
ALIYU SADAUKI,"=""22555454372""",NO 25 BACK OF INEC OFFICE OPPOSITE GALAXY INTERNATIONAL,,"=""22268991""","=""10328909""","=""561910999""",Personal fixed term loan,2020-12-17 00:00:00,5000.00,0.00,,0.00,6000.00,NGN,0,Closed,2021-01-04 00:00:00,Performing
ISAAC YUSUF,"=""22347737320""",FULANI ROAD KWANKWASHE Suleja Niger State,,"=""22269093""","=""5896646""","=""1657187""",Personal fixed term loan,2020-02-22 00:00:00,2500.00,0.00,,0.00,2500.00,NGN,0,Closed,2020-03-09 00:00:00,Performing
ISAAC YUSUF,"=""22347737320""",FULANI ROAD KWANKWASHE Suleja Niger State,,"=""22269093""","=""5896646""","=""92211116""",Personal fixed term loan,2020-02-22 00:00:00,2500.00,0.00,,0.00,2500.00,NGN,0,Closed,2020-03-09 00:00:00,Performing
OLANIYI AREGBESOLA,"=""22471460842""",AGUNREGE ESTATE AWOTAN APETE Ido Oyo State,,"=""22268018""","=""5897207""","=""1727104""",Personal fixed term loan,2020-03-02 00:00:00,5000.00,0.00,,0.00,5750.00,NGN,0,Closed,2020-03-17 00:00:00,Performing
OLANIYI AREGBESOLA,"=""22471460842""",AGUNREGE ESTATE AWOTAN APETE Ido Oyo State,,"=""22268018""","=""5897207""","=""2138496056""",Personal fixed term loan,2020-03-02 00:00:00,5000.00,0.00,,0.00,5750.00,NGN,0,Closed,2020-03-17 00:00:00,Performing
YUNUSA MOHAMMED,,Sabon gari area,,"=""22268086""","=""1671065""","=""3117225050""",Personal fixed term loan,2019-08-23 00:00:00,2500.00,0.00,,0.00,3250.00,NGN,0,Closed,2019-09-23 00:00:00,Performing
YUNUSA MOHAMMED,,Sabon gari area,,"=""22268086""","=""1671065""","=""526930""",Personal fixed term loan,2019-08-23 00:00:00,2500.00,0.00,,0.00,3250.00,NGN,0,Closed,2019-09-23 00:00:00,Performing
HEMBADOON SHAWON,"=""22477106353""",JOHN IBU STREET KWARA RAFA QUATERS,"=""08064524727""","=""22268520""","=""5797028""","=""90012519""",Personal fixed term loan,2020-02-18 00:00:00,2500.00,0.00,,0.00,3250.00,NGN,0,Closed,2020-03-19 00:00:00,Performing
NIYI BAMIDELE,,N0 37 ASALU STREET ABARANJE Alimosho Lagos State,,"=""22268588""","=""1779971""","=""223822523""",Personal fixed term loan,2019-09-05 00:00:00,1500.00,0.00,,0.00,1950.00,NGN,0,Closed,2019-10-07 00:00:00,Performing
RIDWAN MUFTAU,,no 577 iyana paja lagos,,"=""22268686""","=""937661""","=""121181""",Personal fixed term loan,2019-03-02 00:00:00,30000.00,0.00,,0.00,39000.00,NGN,0,Closed,2019-04-01 00:00:00,Performing
RIDWAN MUFTAU,,no 577 iyana paja lagos,,"=""22268686""","=""937661""","=""49209133""",Personal fixed term loan,2019-03-02 00:00:00,30000.00,0.00,,0.00,39000.00,NGN,0,Closed,2019-04-01 00:00:00,Performing
MUSA YAWALE,,36 anibaba street ketu,,"=""22268886""","=""1571525""","=""6550545661""",Personal fixed term loan,2019-09-19 00:00:00,15000.00,0.00,,0.00,18750.00,NGN,0,Closed,2019-10-21 00:00:00,Performing
MUSA YAWALE,,36 anibaba street ketu,,"=""22268886""","=""1571525""","=""678957""",Personal fixed term loan,2019-09-19 00:00:00,15000.00,0.00,,0.00,18750.00,NGN,0,Closed,2019-10-21 00:00:00,Performing
ABANBESHIE ATESHI,"=""22148009910""",FLT 664 IKOTA HSE EST Eti Osa Lagos State,,"=""22268890""","=""2401502""","=""3067778321""",Personal fixed term loan,2020-03-02 00:00:00,10000.00,0.00,,0.00,12500.00,NGN,0,Closed,2020-04-01 00:00:00,Performing
REBECCA AUSTIN,"=""22361894681""",ADVILLA STREET MBIAMA Ahoada West Rivers State,,"=""22268911""","=""1758173""","=""45372112""",Personal fixed term loan,2020-01-18 00:00:00,5000.00,0.00,,0.00,6250.00,NGN,0,Closed,2020-02-17 00:00:00,Performing
HALIMAT YINUSA,"=""22552419990""",47 ORIOLA STREET ALAPERE KETU LAGOS Kosofe Lagos State,,"=""22268766""","=""5966963""","=""2143581547""",Personal fixed term loan,2020-03-10 00:00:00,20000.00,0.00,,0.00,25000.00,NGN,0,Closed,2020-04-09 00:00:00,Performing
STELLA OKPACHU,"=""22343457680""",NO 1 KENNETH ANNE STREET HILLTOP ESTATE Karu Nasarawa Stat,,"=""22268966""","=""6431492""","=""1843755""",Personal fixed term loan,2020-03-18 00:00:00,2500.00,0.00,,0.00,2870.00,NGN,0,Closed,2020-04-02 00:00:00,Performing
Kambi Oyemioku Mishael,"=""22165034700""",TMC Estate off Abuloma road Ozuboko junction  Port Harcour,,"=""22608647""","=""14986857""","=""10114054""",Personal fixed term loan,2023-04-28 00:00:00,22500.00,25875.00,,0.00,25875.00,NGN,0,Open,2023-05-13 00:00:00,Performing
EMMANUEL AKINOLA,,NO 1 OMIDEYI STREET LAFENWA ABEOKUTA Abeokuta North Ogun S,,"=""22268177""","=""7801523""","=""2218162""",Personal fixed term loan,2020-07-24 00:00:00,5000.00,0.00,,0.00,6500.00,NGN,0,Closed,2020-08-24 00:00:00,Performing
EMMANUEL AKINOLA,,NO 1 OMIDEYI STREET LAFENWA ABEOKUTA Abeokuta North Ogun S,,"=""22268177""","=""7801523""","=""818608393""",Personal fixed term loan,2020-07-24 00:00:00,5000.00,0.00,,0.00,6500.00,NGN,0,Closed,2020-08-24 00:00:00,Performing
MIRIAM OBIORA,"=""22249957134""",ST MICHAEL HOSTEL GOODIES EGUTUS CLOSE OTEKILE AGBOR Ika S,,"=""22268386""","=""5516006""","=""719091771""",Personal fixed term loan,2020-02-06 00:00:00,10000.00,0.00,,0.00,13000.00,NGN,0,Closed,2020-03-09 00:00:00,Performing
CHRISTIAN IKURAH,"=""22371417779""",OOPOSITE NGUMEN COLLEGE AKPAGHER GBOKO Gboko Benue State,,"=""22268454""","=""7159049""","=""1964271""",Personal fixed term loan,2020-04-20 00:00:00,1500.00,0.00,,0.00,1720.00,NGN,0,Closed,2020-05-05 00:00:00,Performing
JACOB ADELEYE,"=""22146969896""",126 TEPA ROAD ISAWO OKE OKO IKORODU Ikorodu Lagos State,,"=""22268611""","=""2892884""","=""351754017""",Personal fixed term loan,2020-02-23 00:00:00,15000.00,0.00,,0.00,15000.00,NGN,0,Closed,2020-03-24 00:00:00,Performing
abiola oyeniyi,,Nigeria,,"=""22268679""","=""2563622""","=""246227329""",Personal fixed term loan,2019-11-01 00:00:00,2500.00,0.00,,0.00,3120.00,NGN,0,Closed,2019-12-02 00:00:00,Performing
SAMUEL FAJUMO,"=""22255216571""",1 PASTOR THOMAS STREET AKAUN ADAMO IKORODU Ikorodu Lagos S,,"=""22268820""","=""5751272""","=""1620215""",Personal fixed term loan,2020-02-17 00:00:00,2500.00,0.00,,0.00,3250.00,NGN,0,Closed,2020-03-18 00:00:00,Performing
MUHAMMED SANI,,AQ4 RAMA ROAD KAWO  Kaduna North Kaduna State,,"=""22268956""","=""1455794""","=""6230753722""",Personal fixed term loan,2019-08-15 00:00:00,20000.00,0.00,,0.00,25000.00,NGN,0,Closed,2019-09-16 00:00:00,Performing
DABIRICHI OKPOKO,,NO 3 ROTOBI STREET,,"=""22499813""","=""44554556""","=""16726466""",Personal fixed term loan,2025-05-10 00:00:00,350000.00,656425.00,,656425.00,131285.00,NGN,,Open,2025-10-07 00:00:00,Performing
BENJAMIN SHOPEIN,"=""22178819772""",108 IJU ROAD LAGOS IfakoIjaiye Lagos State,,"=""22268609""","=""5342399""","=""3091082551""",Personal fixed term loan,2020-02-28 00:00:00,10000.00,0.00,,0.00,13000.00,NGN,0,Closed,2020-03-30 00:00:00,Performing
JENNIFER ADAMS,"=""22288377278""",13 CHIKA WORLU CLOSE OFF RD WAD RUMUKWURISHI RIVERS Etche,,"=""22268660""","=""4198415""","=""2037461438""",Personal fixed term loan,2020-01-17 00:00:00,25000.00,0.00,,0.00,28750.00,NGN,0,Closed,2020-02-03 00:00:00,Performing
LYNDA ILESANMI,"=""22189882505""",27 TIKULOSORO STREET AGBEDE IKORDU LAGOS Ikorodu Lagos Sta,,"=""22268707""","=""6305654""","=""1806988""",Personal fixed term loan,2020-03-12 00:00:00,1500.00,0.00,,0.00,1950.00,NGN,0,Closed,2020-04-14 00:00:00,Performing
NAFISAT ADEGOKE,"=""22419391052""",NO 6 EMILOJU STREET AGBEJE IJOKODO IBADAN Ido Oyo State,,"=""22268792""","=""6979853""","=""1939811""",Personal fixed term loan,2020-04-14 00:00:00,2500.00,0.00,,0.00,2870.00,NGN,0,Closed,2020-04-29 00:00:00,Performing
JOHN AJIBONA,,CARL INTL SCHOOL UNITY ESTATE ABULE ODU LAGOS Alimosho Lag,,"=""22268860""","=""6679130""","=""1911662""",Personal fixed term loan,2020-03-30 00:00:00,2500.00,0.00,,0.00,2870.00,NGN,0,Closed,2020-04-14 00:00:00,Performing
BLESSING AGBOR,"=""22216758508""",30 HOSPITAL ROAD  Ikom Cross River State,,"=""22268958""","=""6456830""","=""47311685""",Personal fixed term loan,2020-03-20 00:00:00,2500.00,0.00,,0.00,3250.00,NGN,0,Closed,2020-04-20 00:00:00,Performing
Felicia Ikeneri Uchechi,"=""22293043696""",5 Abeke Animashaun lekki phase one,,"=""22416281""","=""41620526""","=""10087982""",Personal fixed term loan,2023-04-26 00:00:00,17500.00,22225.00,,0.00,22225.00,NGN,0,Open,2023-05-26 00:00:00,Performing
NURUDEEN RUKAYAT OMOBOLANLE,"=""22147725334""",120ADENIYI JONES IKEJA,,"=""22459797""","=""519037""","=""8918530""",Personal fixed term loan,2022-12-17 00:00:00,7500.00,0.00,,0.00,9187.50,NGN,0,Closed,2023-01-16 00:00:00,Performing
NURUDEEN RUKAYAT OMOBOLANLE,"=""22147725334""",120ADENIYI JONES IKEJA,,"=""22459797""","=""519037""","=""9175907""",Personal fixed term loan,2023-01-16 00:00:00,20000.00,0.00,,0.00,26000.00,NGN,0,Closed,2023-02-15 00:00:00,Performing
CHIDIEBERE ONYEMA,"=""22427389252""",NO 3 JUDE AGU ST NEW HEAVEN ENUGU,"=""08112032595""","=""22648232""","=""45331106""","=""11142557""",Personal fixed term loan,2023-08-11 00:00:00,7500.00,0.00,,0.00,9675.00,NGN,0,Closed,2023-09-10 00:00:00,Performing
RIDWAN RAMON,"=""22313843420""",Surulere lagos,,"=""22268563""","=""3255638""","=""1090928""",Personal fixed term loan,2019-11-28 00:00:00,2500.00,0.00,,0.00,2870.00,NGN,0,Closed,2019-12-13 00:00:00,Performing
RIDWAN RAMON,"=""22313843420""",Surulere lagos,,"=""22268563""","=""3255638""","=""1157849""",Personal fixed term loan,2019-12-07 00:00:00,5000.00,0.00,,0.00,6100.00,NGN,0,Closed,2020-01-06 00:00:00,Performing
COCOMA MARCUS,"=""22410319549""",1 KUFFO STREET AYOBO IPAJA Alimosho Lagos State,,"=""22268772""","=""3772526""","=""3109975905""",Personal fixed term loan,2019-11-28 00:00:00,2500.00,0.00,,0.00,2870.00,NGN,0,Closed,2019-12-13 00:00:00,Performing
JERRY ENWEAMA,"=""22252010918""",CHRIST THE KING LODGE Awka South Anambra State,,"=""22268936""","=""6368645""","=""1826512""",Personal fixed term loan,2020-03-16 00:00:00,10000.00,0.00,,0.00,13000.00,NGN,0,Closed,2020-04-15 00:00:00,Performing
ADEBOLA GBOYEGA,,11 MATTHEW STREET POLY ROAD Ado Ekiti Ekiti State,,"=""22269065""","=""6033191""","=""2056090901""",Personal fixed term loan,2020-02-28 00:00:00,10000.00,0.00,,0.00,13000.00,NGN,0,Closed,2020-03-30 00:00:00,Performing
SIMON EMMNUEL,"=""22171221765""",MADAGALI,,"=""22269070""","=""3564362""","=""79686991""",Personal fixed term loan,2019-11-23 00:00:00,1500.00,0.00,,0.00,1950.00,NGN,0,Closed,2019-12-23 00:00:00,Performing
OLUWATIMILEYIN D MAKINDE,"=""22173064098""",17 OLUWATEDO STREET AKOBO OJURIN AREA,,"=""22497966""","=""1402232""","=""163475285""",Personal fixed term loan,2019-08-06 00:00:00,6000.00,0.00,,0.00,7500.00,NGN,0,Open,2019-09-05 00:00:00,Performing
ibukun agbelusi,"=""22267771862""",NO 42 HOPE STR ADO EKITI Ado Ekiti Ekiti State,,"=""22268764""","=""5242115""","=""1503123""",Personal fixed term loan,2020-01-31 00:00:00,5000.00,0.00,,0.00,6250.00,NGN,0,Closed,2020-03-02 00:00:00,Performing
HASSAN JIBO,"=""22393594034""",PREMIER ROAD Gusau Zamfara State,,"=""22268871""","=""1610591""","=""2054572634""",Personal fixed term loan,2019-08-17 00:00:00,2500.00,0.00,,0.00,3250.00,NGN,0,Closed,2019-09-16 00:00:00,Performing
OTOR ODU SALOME,"=""22148991734""",TUDUNWADA VILLAGE LUGBE ABUJA,,"=""22461499""","=""854796""","=""6051638749""",Personal fixed term loan,2019-04-16 00:00:00,20000.00,23000.00,,23000.00,26000.00,NGN,1600,Open,2019-05-16 00:00:00,Lost
NKECHI NWAFURU,"=""22596156321""",NO 19 OSHILEMO STREET AFROMEDIA,,"=""22265802""","=""7437823""","=""10684271""",Personal fixed term loan,2023-06-23 00:00:00,5000.00,0.00,,0.00,6500.00,NGN,,Closed,2023-07-23 00:00:00,Performing
KEHINDE ABOLARINWA,"=""22419321475""",5MAYEGUN STREET IJAGEMO IKOTUN ALIMOSHO LAGOS Alimosho Lag,,"=""22266053""","=""6056776""","=""1785758""",Personal fixed term loan,2020-03-10 00:00:00,2500.00,0.00,,0.00,3120.00,NGN,0,Closed,2020-04-09 00:00:00,Performing
KEHINDE ABOLARINWA,"=""22419321475""",5MAYEGUN STREET IJAGEMO IKOTUN ALIMOSHO LAGOS Alimosho Lag,,"=""22266053""","=""6056776""","=""34302432""",Personal fixed term loan,2020-03-10 00:00:00,2500.00,0.00,,0.00,3120.00,NGN,0,Closed,2020-04-09 00:00:00,Performing
EMMANUEL AKINTADE,,NO26SHOLA AKINWALE STREETLAGOS STATE IfakoIjaiye Lagos Sta,,"=""22268223""","=""1662917""","=""2130405562""",Personal fixed term loan,2019-09-23 00:00:00,2500.00,0.00,,0.00,3120.00,NGN,0,Closed,2019-10-23 00:00:00,Performing
DANIEL ELIKE,,NO 2 DELTA CLOSE IGERE AdoOdoOta Ogun State,,"=""22268225""","=""5879765""","=""1703088""",Personal fixed term loan,2020-02-28 00:00:00,5000.00,0.00,,0.00,6250.00,NGN,0,Closed,2020-03-30 00:00:00,Performing
MUHAMMAD MUSA,"=""22494217409""",NO 393 KAWON ME GARI Nasarawa Kano State,,"=""22268323""","=""9676562""","=""5613074388""",Personal fixed term loan,2020-12-11 00:00:00,5000.00,0.00,,0.00,6000.00,NGN,0,Closed,2020-12-28 00:00:00,Performing
OGHENEOCHUKO EFENUDU,,2 OKADIGBO STREET OFF AGRIC ROAD ASABA Oshimili South Delt,,"=""22268376""","=""6007964""","=""2088291277""",Personal fixed term loan,2020-02-27 00:00:00,2500.00,0.00,,0.00,3250.00,NGN,0,Closed,2020-03-30 00:00:00,Performing
BLESSING OYENPEMI,"=""22554535548""",NO 97 GBOGBO STREET MODAKEKE Ife East Osun State,,"=""22268476""","=""6663824""","=""2262843""",Personal fixed term loan,2020-08-04 00:00:00,7500.00,0.00,,0.00,9070.00,NGN,0,Closed,2020-08-19 00:00:00,Performing
TOMIWA OGUNYEMI,"=""22363316408""",NO 4 ONILE STREET OFF OLOKONLA AJAH LAGOS Eti Osa Lagos St,,"=""22268674""","=""5953358""","=""1768108""",Personal fixed term loan,2020-03-07 00:00:00,2500.00,0.00,,0.00,2870.00,NGN,0,Closed,2020-03-23 00:00:00,Performing
Gbemisola Ogundare,"=""22476676303""",11 Morgan Crescent Giwa Bus Stop Oke Aro Ifo Ogun State,,"=""22268725""","=""4673897""","=""3125231492""",Personal fixed term loan,2020-01-04 00:00:00,7500.00,0.00,,0.00,9750.00,NGN,0,Closed,2020-02-03 00:00:00,Performing
ALI BULAMA,"=""22146115011""",2 AMUSU STREET IJORA BADIA Apapa Lagos State,,"=""22268825""","=""6209495""","=""1772050""",Personal fixed term loan,2020-03-08 00:00:00,10000.00,0.00,,0.00,13000.00,NGN,0,Closed,2020-04-07 00:00:00,Performing
ndidi anyanwu,"=""22212837119""",8 nyeche close of gbei road  ObioAkpor Rivers State,,"=""22268925""","=""6393449""","=""1833567""",Personal fixed term loan,2020-03-17 00:00:00,10000.00,0.00,,0.00,13000.00,NGN,0,Closed,2020-04-16 00:00:00,Performing
QUEEN ONUMINYA,"=""22351604674""",NO 6 SHAMAKI STREET ROMI,,"=""22648214""","=""45636085""","=""11260852""",Personal fixed term loan,2023-08-23 00:00:00,750000.00,506250.00,,0.00,101250.00,NGN,0,Open,2024-08-17 00:00:00,Performing
BABALOLA PEDRO,,18 SAVAGE STREET ILE ISE BUS STOP AGBADO IfakoIjaiye Lagos,,"=""22265289""","=""1470922""","=""177638454""",Personal fixed term loan,2019-07-18 00:00:00,1500.00,0.00,,0.00,1950.00,NGN,0,Closed,2019-08-19 00:00:00,Performing
ADAM AJAO,"=""22350833536""",22E ODUS COMPOUND IWO Kosofe Lagos State,,"=""22265425""","=""6145186""","=""123164851""",Personal fixed term loan,2020-03-05 00:00:00,2500.00,0.00,,0.00,2870.00,NGN,0,Closed,2020-03-20 00:00:00,Performing
ADAM AJAO,"=""22350833536""",22E ODUS COMPOUND IWO Kosofe Lagos State,,"=""22265425""","=""6145186""","=""1748961""",Personal fixed term loan,2020-03-05 00:00:00,2500.00,0.00,,0.00,2870.00,NGN,0,Closed,2020-03-20 00:00:00,Performing
SIMEON EGBONYI,"=""22462353319""",EZA CHIMA STREET Enugu East Enugu State,,"=""22266662""","=""5850442""","=""1641916""",Personal fixed term loan,2020-02-20 00:00:00,1500.00,0.00,,0.00,1500.00,NGN,0,Closed,2020-03-23 00:00:00,Performing
SIMEON EGBONYI,"=""22462353319""",EZA CHIMA STREET Enugu East Enugu State,,"=""22266662""","=""5850442""","=""1934964""",Personal fixed term loan,2020-04-12 00:00:00,5000.00,0.00,,0.00,6250.00,NGN,0,Closed,2020-05-12 00:00:00,Performing
SIMEON EGBONYI,"=""22462353319""",EZA CHIMA STREET Enugu East Enugu State,,"=""22266662""","=""5850442""","=""2210508875""",Personal fixed term loan,2020-04-12 00:00:00,5000.00,0.00,,0.00,6250.00,NGN,0,Closed,2020-05-12 00:00:00,Performing
CHIBUZOR OKECHUKWU,"=""22250132348""",No 16 ibe street Elekahia port Harcourt,,"=""22266693""","=""1516180""","=""241034049""",Personal fixed term loan,2019-10-15 00:00:00,1500.00,0.00,,0.00,1870.00,NGN,0,Closed,2019-11-14 00:00:00,Performing
CHIBUZOR OKECHUKWU,"=""22250132348""",No 16 ibe street Elekahia port Harcourt,,"=""22266693""","=""1516180""","=""832382""",Personal fixed term loan,2019-10-15 00:00:00,1500.00,0.00,,0.00,1870.00,NGN,0,Closed,2019-11-14 00:00:00,Performing
AHMAD ABUBAKAR,"=""22189269779""",JAURO KUNA QUATERS SHAMAKI WARD GOMBE,,"=""22268066""","=""6890639""","=""1935434""",Personal fixed term loan,2020-04-12 00:00:00,5000.00,0.00,,0.00,5750.00,NGN,0,Closed,2020-04-27 00:00:00,Performing
OPEYEMI AYENI,,No 9 sA street,,"=""22268215""","=""1407170""","=""178997716""",Personal fixed term loan,2019-08-01 00:00:00,11000.00,0.00,,0.00,13420.00,NGN,0,Closed,2019-09-02 00:00:00,Performing
OPEYEMI AYENI,,No 9 sA street,,"=""22268215""","=""1407170""","=""442693""",Personal fixed term loan,2019-08-01 00:00:00,11000.00,0.00,,0.00,13420.00,NGN,0,Closed,2019-09-02 00:00:00,Performing
AFEEZ DUROJAIYE,"=""22186211126""",Not Available,,"=""22268233""","=""5961071""","=""1824839""",Personal fixed term loan,2020-03-16 00:00:00,1500.00,0.00,,0.00,1870.00,NGN,0,Closed,2020-04-15 00:00:00,Performing
AFEEZ DUROJAIYE,"=""22186211126""",Not Available,,"=""22268233""","=""5961071""","=""2054641206""",Personal fixed term loan,2020-07-24 00:00:00,2500.00,0.00,,0.00,3020.00,NGN,0,Closed,2020-08-10 00:00:00,Performing
AFEEZ DUROJAIYE,"=""22186211126""",Not Available,,"=""22268233""","=""5961071""","=""2215259""",Personal fixed term loan,2020-07-24 00:00:00,2500.00,0.00,,0.00,3020.00,NGN,0,Closed,2020-08-10 00:00:00,Performing
AMINU IBRAHIM,,ROGO KKUDU Rogo Kano State,,"=""22269033""","=""6044621""","=""1709326""",Personal fixed term loan,2020-02-29 00:00:00,1500.00,0.00,,0.00,1950.00,NGN,0,Closed,2020-03-30 00:00:00,Performing
Jatau Kwamayim,"=""22279513362""",Wuse 2,,"=""22274950""","=""43878478""","=""10643354""",Personal fixed term loan,2023-06-19 00:00:00,5000.00,6375.00,,0.00,6375.00,NGN,0,Open,2023-07-19 00:00:00,Performing
DIMAS PEDRO MARTYNS,,House 1 Barclay s Court P andT Estate Ipaja 234 Ipaja Lago,,"=""22589581""","=""22737495883""","=""A1531482""",,2023-08-08 00:00:00,500000.00,307432.24,,307432.24,204144.08,NGN,462,Open,2023-11-06 00:00:00,Lost
AMARACHI NWORU,"=""22507450634""",NWORU COMP OKPUMUKWU VILLAGE Aba North Abia State,,"=""22268343""","=""6008222""","=""3055993201""",Personal fixed term loan,2020-03-14 00:00:00,2500.00,0.00,,0.00,3250.00,NGN,0,Closed,2020-04-14 00:00:00,Performing
PRAISE ORODE,"=""22515597327""",NO 4 GREATER CHAPEL AVENUE UGBOKODO OKPEDelta State,,"=""22268445""","=""5553827""","=""1837935""",Personal fixed term loan,2020-03-17 00:00:00,7500.00,0.00,,0.00,9150.00,NGN,0,Closed,2020-04-16 00:00:00,Performing
KABIRAT ALADENIJI,,KANISURU HOUSE AGURA SABO Shagamu Ogun State,,"=""22268547""","=""2889254""","=""119746531""",Personal fixed term loan,2020-02-22 00:00:00,5000.00,0.00,,0.00,5000.00,NGN,0,Closed,2020-03-23 00:00:00,Performing
BABATUNDE LOGUNLEKO,"=""22488275891""",67 JOSEPH ADEGBOYE STREET IGANDO LAGOS Alimosho Lagos Stat,,"=""22268552""","=""6100274""","=""1749971""",Personal fixed term loan,2020-03-05 00:00:00,2500.00,0.00,,0.00,3250.00,NGN,0,Closed,2020-04-06 00:00:00,Performing
BABATUNDE LOGUNLEKO,"=""22488275891""",67 JOSEPH ADEGBOYE STREET IGANDO LAGOS Alimosho Lagos Stat,,"=""22268552""","=""6100274""","=""69380980""",Personal fixed term loan,2020-03-05 00:00:00,2500.00,0.00,,0.00,3250.00,NGN,0,Closed,2020-04-06 00:00:00,Performing
TAIWO ONITOLO,"=""22265796337""",24FOLAWIYO STREETIDUMOTALAGOS Lagos Island Lagos State,,"=""22268756""","=""6246167""","=""1785273""",Personal fixed term loan,2020-03-10 00:00:00,10000.00,0.00,,0.00,13000.00,NGN,0,Closed,2020-04-09 00:00:00,Performing
TAIWO ONITOLO,"=""22265796337""",24FOLAWIYO STREETIDUMOTALAGOS Lagos Island Lagos State,,"=""22268756""","=""6246167""","=""423549080""",Personal fixed term loan,2020-03-10 00:00:00,10000.00,0.00,,0.00,13000.00,NGN,0,Closed,2020-04-09 00:00:00,Performing
OLUEBUBE IFEM,"=""22530942054""",20 ADEOYE STREET COKER Surulere Lagos State Lagos State,,"=""22268845""","=""3391751""","=""819111087""",Personal fixed term loan,2020-01-19 00:00:00,5000.00,0.00,,0.00,5750.00,NGN,0,Closed,2020-02-03 00:00:00,Performing
MUBARAK IBRAHIM,"=""22463189078""",NO 60 JAMAA STREET KAFANCHAN Jemaa Kaduna State,,"=""22268947""","=""6594518""","=""2106048096""",Personal fixed term loan,2020-03-26 00:00:00,2500.00,0.00,,0.00,3250.00,NGN,0,Closed,2020-04-27 00:00:00,Performing
ELIZABETH IWUCHUKWU,,5 BAJULAIYE STREET IDUMOTA Lagos Island Lagos State,,"=""22284221""","=""788255""","=""16683899""",Personal fixed term loan,2025-05-06 00:00:00,10000.00,0.00,,0.00,27200.00,NGN,,Open,2025-05-21 00:00:00,Lost
UCHE MICHAEL OGUZIE,"=""22186771556""",NEKEDE OWERRI NEKEDE,,"=""22761695""","=""10742562""","=""5904116""",Personal fixed term loan,2022-02-13 00:00:00,45000.00,0.00,,0.00,29180.00,NGN,0,Closed,2022-05-12 00:00:00,Performing
OLAYINKA OGUNKOYA,"=""22154130181""",1 OBADIRU OLORI STREET AKUTE OGUN STATE Ifo Ogun State,,"=""22267978""","=""6471650""","=""1936464""",Personal fixed term loan,2020-04-13 00:00:00,5000.00,0.00,,0.00,6250.00,NGN,0,Closed,2020-05-13 00:00:00,Performing
OYINKANSOLA AJAYI,"=""22315694084""",3 ROAD 5012BADEWUMI STREET FELELE BELLO AREA Ibadan SouthE,,"=""22268078""","=""6328637""","=""1907753""",Personal fixed term loan,2020-03-30 00:00:00,2500.00,0.00,,0.00,2870.00,NGN,0,Closed,2020-04-14 00:00:00,Performing
MUHAMMAD IBRAHIM,"=""22460878711""",NO 147 DORAYI KARSHEN WAYAYAMMADAWBEHIND BUK OLD SITE,,"=""22268271""","=""6319574""","=""1811451""",Personal fixed term loan,2020-03-13 00:00:00,2500.00,0.00,,0.00,2870.00,NGN,0,Closed,2020-03-30 00:00:00,Performing
HAMEEDAT MUSTAPHA,,KONTAGORA NIGER STATE Magama Niger State,,"=""22268721""","=""1267307""","=""112560291""",Personal fixed term loan,2019-07-05 00:00:00,7500.00,0.00,,0.00,9370.00,NGN,0,Closed,2019-08-05 00:00:00,Performing
JUSTINA SALAMI,"=""22398041531""",15 AMUZAT STREET IJEDE IKORODU Ikorodu Lagos State,,"=""22268778""","=""6471965""","=""1855907""",Personal fixed term loan,2020-03-20 00:00:00,2500.00,0.00,,0.00,2870.00,NGN,0,Closed,2020-04-06 00:00:00,Performing
JUSTINA SALAMI,"=""22398041531""",15 AMUZAT STREET IJEDE IKORODU Ikorodu Lagos State,,"=""22268778""","=""6471965""","=""52134712""",Personal fixed term loan,2020-03-20 00:00:00,2500.00,0.00,,0.00,2870.00,NGN,0,Closed,2020-04-06 00:00:00,Performing
EMMANUEL NWANANA,"=""22153599790""",8 FRIDAY MOSQUE ROAD  DURUMI II DURUMI ABJ,,"=""22269071""","=""5119730""","=""149898259""",Personal fixed term loan,2020-01-21 00:00:00,2500.00,0.00,,0.00,3250.00,NGN,0,Closed,2020-02-20 00:00:00,Performing
Ozavize Muritala Hikmah,"=""22542108549""",No 4 adetoun street ile ayo off Akesan,,"=""22315113""","=""41939406""","=""10614876""",Personal fixed term loan,2023-06-16 00:00:00,20000.00,25500.00,,0.00,25500.00,NGN,0,Open,2023-07-16 00:00:00,Performing
Olusola Badmus,"=""22227452042""",1Adeniyi Biobaku Close Fagba Iju Lagos IfakoIjaiye Lagos S,,"=""22692874""","=""911670""","=""2005186718""",Personal fixed term loan,2020-02-06 00:00:00,5000.00,0.00,,0.00,6250.00,NGN,0,Open,2020-03-09 00:00:00,Performing
ORITSEMEYIWA CHINAZA ERUWA,"=""22432839357""",14 15 Prince Alaba Oniru Road Victoria Island,,"=""22918026""","=""8414797""","=""6321549975""",Personal fixed term loan,2020-09-28 00:00:00,15000.00,0.00,,0.00,19200.00,NGN,0,Open,2020-10-28 00:00:00,Performing
MOHAMMED JI,,doma,,"=""22267570""","=""1910263""","=""675152""",Personal fixed term loan,2019-09-18 00:00:00,10000.00,0.00,,0.00,13000.00,NGN,0,Closed,2019-10-18 00:00:00,Performing
DARE OLABODE,,Fcda qt sabon gari bwari fct,,"=""22267921""","=""1582684""","=""4841030010""",Personal fixed term loan,2019-10-31 00:00:00,7500.00,0.00,,0.00,9370.00,NGN,0,Closed,2019-12-02 00:00:00,Performing
DARE OLABODE,,Fcda qt sabon gari bwari fct,,"=""22267921""","=""1582684""","=""923793""",Personal fixed term loan,2019-10-31 00:00:00,7500.00,0.00,,0.00,9370.00,NGN,0,Closed,2019-12-02 00:00:00,Performing
AMINU SANI,"=""22403444168""",TUKUNTAWA B GIDAN MAZA Kano Municipal Kano State,,"=""22268057""","=""10406918""","=""38184027""",Personal fixed term loan,2020-12-20 00:00:00,5000.00,0.00,,0.00,6000.00,NGN,0,Closed,2021-01-04 00:00:00,Performing
RASHIDAT OYETUNJI,"=""22523105473""",2 ADEKUNLE DAIPE STR ODO ONA ELEWE IBADAN Ibadan SouthWest,,"=""22268072""","=""3626525""","=""2253346944""",Personal fixed term loan,2019-11-23 00:00:00,1500.00,0.00,,0.00,1720.00,NGN,0,Closed,2019-12-09 00:00:00,Performing
EBENEZER ADESHINA,"=""22341041830""",55 Ogufu Kosofe Lagos,,"=""22268742""","=""6409469""","=""2055029""",Personal fixed term loan,2020-06-10 00:00:00,7500.00,0.00,,0.00,9370.00,NGN,0,Closed,2020-07-10 00:00:00,Performing
UCHENNA NWOSU,"=""22142458408""",5 JIMOH AGUMIADE STREET IJESHA SURULERE  Surulere Lagos St,,"=""22268757""","=""6251339""","=""26033179""",Personal fixed term loan,2020-03-10 00:00:00,2500.00,0.00,,0.00,3250.00,NGN,0,Closed,2020-04-09 00:00:00,Performing
LOVETH UKEKE,"=""22376630434""",20 DORAH STREET OFF UDU ROAD OVWIAN Udu Delta State,,"=""22269008""","=""5908586""","=""1758472""",Personal fixed term loan,2020-03-06 00:00:00,25000.00,0.00,,0.00,28750.00,NGN,0,Closed,2020-03-23 00:00:00,Performing
LOVETH UKEKE,"=""22376630434""",20 DORAH STREET OFF UDU ROAD OVWIAN Udu Delta State,,"=""22269008""","=""5908586""","=""1805165""",Personal fixed term loan,2020-03-12 00:00:00,25000.00,0.00,,0.00,28750.00,NGN,0,Closed,2020-03-27 00:00:00,Performing
LOVETH UKEKE,"=""22376630434""",20 DORAH STREET OFF UDU ROAD OVWIAN Udu Delta State,,"=""22269008""","=""5908586""","=""3591170955""",Personal fixed term loan,2020-03-12 00:00:00,25000.00,0.00,,0.00,28750.00,NGN,0,Closed,2020-03-27 00:00:00,Performing
BEAUTY NAALUBE,,GALADIMAWA ABUJA Kwali FCT,,"=""22269108""","=""5671094""","=""34280060""",Personal fixed term loan,2020-03-10 00:00:00,5000.00,0.00,,0.00,6250.00,NGN,0,Closed,2020-04-09 00:00:00,Performing
BLESSING NDONI PATRICK,"=""22260139380""",14 15 Prince Alaba Oniru Road Victoria Island,,"=""22763330""","=""1345634""","=""121376050""",Personal fixed term loan,2019-08-31 00:00:00,15000.00,10320.00,,10320.00,18750.00,NGN,1463,Open,2019-09-30 00:00:00,Lost
CEPHAS PEACE,"=""22220228828""",PLT 217 FATAI IRAWO AJAO ESTATE MAFOLUKU LAGOS,,"=""22471165""","=""6082310""","=""7054022""",Personal fixed term loan,2022-06-16 00:00:00,50000.00,0.00,,0.00,64750.00,NGN,0,Closed,2022-07-18 00:00:00,Performing
CEPHAS PEACE,"=""22220228828""",PLT 217 FATAI IRAWO AJAO ESTATE MAFOLUKU LAGOS,,"=""22471165""","=""6082310""","=""7332361""",Personal fixed term loan,2022-07-13 00:00:00,20000.00,0.00,,0.00,26000.00,NGN,0,Closed,2022-08-12 00:00:00,Performing
CEPHAS PEACE,"=""22220228828""",PLT 217 FATAI IRAWO AJAO ESTATE MAFOLUKU LAGOS,,"=""22471165""","=""6082310""","=""9532707""",Personal fixed term loan,2023-02-28 00:00:00,10000.00,0.00,,0.00,7300.00,NGN,0,Closed,2023-05-02 00:00:00,Performing
CEPHAS PEACE,"=""22220228828""",PLT 217 FATAI IRAWO AJAO ESTATE MAFOLUKU LAGOS,,"=""22471165""","=""6082310""","=""9627887""",Personal fixed term loan,2023-03-10 00:00:00,35000.00,0.00,,0.00,44100.00,NGN,0,Closed,2023-04-11 00:00:00,Performing
CEPHAS PEACE,"=""22220228828""",PLT 217 FATAI IRAWO AJAO ESTATE MAFOLUKU LAGOS,,"=""22471165""","=""6082310""","=""9753851""",Personal fixed term loan,2023-03-24 00:00:00,50000.00,0.00,,0.00,65000.00,NGN,0,Closed,2023-04-24 00:00:00,Performing
EPHRAIM NWANKWO,"=""22248711335""",ALL SAINTS ANG CHURCH OHANSO NDOKI,,"=""22521182""","=""28485439""","=""12726899""",Personal fixed term loan,2024-01-17 00:00:00,350000.00,0.00,,0.00,172597.00,NGN,0,Closed,2024-05-16 00:00:00,Performing
EDWIN OSIOBE,"=""22192006217""",9 JOE ENO STR JAKPA ROAD EFFURUN,,"=""22860314""","=""46656588""","=""11658515""",Personal fixed term loan,2023-10-01 00:00:00,350000.00,0.00,,0.00,92750.00,NGN,0,Closed,2024-03-29 00:00:00,Performing
AUGUSTINE OKYERE,"=""22503457051""",UNAMED CLOSES WITHIN SATELLITE TOWN ST,,"=""22268597""","=""3752369""","=""107765470""",Personal fixed term loan,2019-12-20 00:00:00,5000.00,0.00,,0.00,6250.00,NGN,0,Closed,2020-01-20 00:00:00,Performing
STELLA OZUZU,"=""22255129583""",PLOT 2 MABA OKEOKO ISAWO AGRIC IKORODU Ikorodu Lagos State,,"=""22268602""","=""6596759""","=""1891351""",Personal fixed term loan,2020-03-26 00:00:00,2500.00,0.00,,0.00,3250.00,NGN,0,Closed,2020-04-27 00:00:00,Performing
STELLA OZUZU,"=""22255129583""",PLOT 2 MABA OKEOKO ISAWO AGRIC IKORODU Ikorodu Lagos State,,"=""22268602""","=""6596759""","=""59353394""",Personal fixed term loan,2020-03-26 00:00:00,2500.00,0.00,,0.00,3250.00,NGN,0,Closed,2020-04-27 00:00:00,Performing
SUNDAY CHUKWUEKWE,,NO 17 AKEWUSOLA STREET OFF IGANDO ROAD EGAN Alimosho Lagos,,"=""22268697""","=""2291390""","=""3046544356""",Personal fixed term loan,2019-11-05 00:00:00,15000.00,0.00,,0.00,18750.00,NGN,0,Closed,2019-12-05 00:00:00,Performing
GLORIA NWEDE,,8 ALOGE STREET OWORO Kosofe Lagos State,,"=""22268702""","=""1269461""","=""3085651198""",Personal fixed term loan,2019-06-07 00:00:00,5000.00,0.00,,0.00,6500.00,NGN,0,Closed,2019-07-08 00:00:00,Performing
ULOMA AHAMEFULE,,155 efab estate lokogoma,,"=""22269095""","=""1507013""","=""422452""",Personal fixed term loan,2019-07-26 00:00:00,40000.00,0.00,,0.00,48000.00,NGN,0,Closed,2019-08-26 00:00:00,Performing
OLUWASEYI TERIBA,,IWAOTAN OLUWASEYI ELIZABETH,,"=""22648237""","=""496256""","=""11029583""",Personal fixed term loan,2023-07-31 00:00:00,750000.00,0.00,,0.00,93750.00,NGN,0,Closed,2025-02-03 00:00:00,Performing
MUHAMMAD UMAR,"=""22493576600""",2 ISA KAITA ROAD UNGUWAN SARKI KADUNA Kaduna North Kaduna,,"=""22268835""","=""5806817""","=""1637725""",Personal fixed term loan,2020-02-19 00:00:00,2500.00,0.00,,0.00,2500.00,NGN,0,Closed,2020-03-20 00:00:00,Performing
EMMANUEL ALLOYSIUS,"=""22214690435""",1 ITANOLA DRIVE AJAO ESTATE MAFOLUKU OSHODI OshodiIsolo La,,"=""22268850""","=""6194963""","=""1770696""",Personal fixed term loan,2020-03-08 00:00:00,2500.00,0.00,,0.00,2870.00,NGN,0,Closed,2020-03-23 00:00:00,Performing
LIVINGFAITH UDOFIA,"=""22492904675""",OPP NNPC MEGA STATION Chanchaga Niger State,,"=""22268999""","=""4135739""","=""2050902994""",Personal fixed term loan,2020-03-14 00:00:00,10000.00,0.00,,0.00,11500.00,NGN,0,Closed,2020-03-30 00:00:00,Performing
Temilade Akibu Morufu,"=""22412991099""",241103 Safari Kwara Nigeria,,"=""22315964""","=""1507929""","=""2116791771""",Personal fixed term loan,2019-07-25 00:00:00,1500.00,1680.00,,1680.00,1950.00,NGN,253,Open,2019-08-26 00:00:00,Performing
Oluwaferanmi Ojewale,"=""22469779824""",Nigeria,,"=""22406526""","=""4927809""","=""263449656""",Personal fixed term loan,2020-01-15 00:00:00,1500.00,0.00,,0.00,1950.00,NGN,0,Open,2020-02-14 00:00:00,Performing
MANDELA IWAENI,,PLT 6 BLK 42 ALAGBAKA GRA  Akure South Ondo State,,"=""22676783""","=""6301073""","=""13373157""",Personal fixed term loan,2024-03-29 00:00:00,500000.00,0.00,,0.00,245034.00,NGN,0,Closed,2024-07-11 00:00:00,Performing
SAYAH ANTHONY,,BLOCK 6 FLAT 3 INVESTMENT QUATERSJALINGO,,"=""22886745""","=""46857388""","=""14420848""",Personal fixed term loan,2024-07-20 00:00:00,375000.00,0.00,,0.00,59688.00,NGN,0,Closed,2025-07-15 00:00:00,Performing
SAMUEL ONIFADE,"=""22532857044""",12 AYETUNMOBI STREET IFO Ifo Ogun State,,"=""22268202""","=""3022115""","=""2133024915""",Personal fixed term loan,2020-01-14 00:00:00,2500.00,0.00,,0.00,3120.00,NGN,0,Closed,2020-02-13 00:00:00,Performing
OPEYEMI ODEYEMI,,Not Available,,"=""22268402""","=""2461340""","=""2119209800""",Personal fixed term loan,2019-10-11 00:00:00,1500.00,0.00,,0.00,1950.00,NGN,0,Closed,2019-11-11 00:00:00,Performing
FEMI ALONGE,"=""22451721532""",15 ARAROMI IKERE Ikere Ekiti State,,"=""22268495""","=""5216618""","=""1769696""",Personal fixed term loan,2020-03-07 00:00:00,10000.00,0.00,,0.00,11500.00,NGN,0,Closed,2020-03-23 00:00:00,Performing
FEMI ALONGE,"=""22451721532""",15 ARAROMI IKERE Ikere Ekiti State,,"=""22268495""","=""5216618""","=""3119496018""",Personal fixed term loan,2020-03-07 00:00:00,10000.00,0.00,,0.00,11500.00,NGN,0,Closed,2020-03-23 00:00:00,Performing
FOLASHADE AJADI,,No 9a olorunsogo street Ayetoro osogbo,,"=""22268502""","=""2347370""","=""877791""",Personal fixed term loan,2019-10-23 00:00:00,2500.00,0.00,,0.00,2870.00,NGN,0,Closed,2019-11-07 00:00:00,Performing
OLORUNTOYIN ADEBAMBO,"=""22330022527""",7 IJAYETEDO LANE FADEYI Mushin Lagos State,,"=""22268795""","=""8977787""","=""232626570""",Personal fixed term loan,2020-11-04 00:00:00,40000.00,0.00,,0.00,26000.00,NGN,0,Closed,2021-01-04 00:00:00,Performing
CHUKWUEMEKA OKEKE,"=""22256920073""",24 TONY EJINKEONYE STREET AREA M WORLDBANK Owerri Municipa,,"=""22269097""","=""6414434""","=""1838562""",Personal fixed term loan,2020-03-17 00:00:00,10000.00,0.00,,0.00,13000.00,NGN,0,Closed,2020-04-16 00:00:00,Performing
ABU SAIDAT BUSAYO,"=""22319515664""",5 ADENEKAN STREET,,"=""22310986""","=""991557""","=""23351890""",Personal fixed term loan,2019-03-21 00:00:00,1500.00,0.00,,0.00,1950.00,NGN,0,Open,2019-04-22 00:00:00,Performing
Akinola Abdulhakeem Olanrewaju,"=""22344350263""",No 3 akoko edo,,"=""22608425""","=""8052579""","=""6778675""",Personal fixed term loan,2022-05-18 00:00:00,20000.00,0.00,,0.00,26000.00,NGN,0,Closed,2022-06-17 00:00:00,Performing
OMOTUNDE OMOTUNDE OLAJIDE BOLARINWA,"=""22490455205""",FACULTY OF AGRICULTURE,,"=""22830712""","=""7221952""","=""6328266""",Personal fixed term loan,2022-03-31 00:00:00,5000.00,0.00,,0.00,6500.00,NGN,0,Closed,2022-05-02 00:00:00,Performing
OMOTUNDE OMOTUNDE OLAJIDE BOLARINWA,"=""22490455205""",FACULTY OF AGRICULTURE,,"=""22830712""","=""7221952""","=""6409604""",Personal fixed term loan,2022-04-08 00:00:00,5000.00,0.00,,0.00,6500.00,NGN,0,Closed,2022-05-09 00:00:00,Performing
OMOTUNDE OMOTUNDE OLAJIDE BOLARINWA,"=""22490455205""",FACULTY OF AGRICULTURE,,"=""22830712""","=""7221952""","=""6553447""",Personal fixed term loan,2022-04-23 00:00:00,5000.00,0.00,,0.00,6500.00,NGN,0,Closed,2022-05-23 00:00:00,Performing
OMOTUNDE OMOTUNDE OLAJIDE BOLARINWA,"=""22490455205""",FACULTY OF AGRICULTURE,,"=""22830712""","=""7221952""","=""6706319""",Personal fixed term loan,2022-05-10 00:00:00,5000.00,0.00,,0.00,6500.00,NGN,0,Closed,2022-06-09 00:00:00,Performing
OMOTUNDE OMOTUNDE OLAJIDE BOLARINWA,"=""22490455205""",FACULTY OF AGRICULTURE,,"=""22830712""","=""7221952""","=""6972373""",Personal fixed term loan,2022-06-07 00:00:00,5000.00,0.00,,0.00,6000.00,NGN,0,Closed,2022-06-22 00:00:00,Performing
OMOTUNDE OMOTUNDE OLAJIDE BOLARINWA,"=""22490455205""",FACULTY OF AGRICULTURE,,"=""22830712""","=""7221952""","=""7102490""",Personal fixed term loan,2022-06-21 00:00:00,20000.00,0.00,,0.00,26000.00,NGN,0,Closed,2022-09-04 00:00:00,Performing
TYONA AKPONGU,,SERENITY ESTATE KARISHI FCT ABUJA Municipal Area Council F,,"=""22268089""","=""5942759""","=""501457896""",Personal fixed term loan,2020-03-24 00:00:00,5000.00,0.00,,0.00,6250.00,NGN,0,Closed,2020-04-23 00:00:00,Performing
LEVI BEAGE,,27 HOSPITAL ROAD MOGHO  Gokana Rivers State,,"=""22268140""","=""2185265""","=""5020226013""",Personal fixed term loan,2019-10-01 00:00:00,2500.00,0.00,,0.00,3250.00,NGN,0,Closed,2019-10-31 00:00:00,Performing
BUKOLA FAGBAMILA,"=""22381340340""",APATA OJINMI EGAN IBADAN Ido Oyo State,,"=""22268289""","=""5565929""","=""1758032""",Personal fixed term loan,2020-03-06 00:00:00,2500.00,0.00,,0.00,2870.00,NGN,0,Closed,2020-03-23 00:00:00,Performing
BUKOLA FAGBAMILA,"=""22381340340""",APATA OJINMI EGAN IBADAN Ido Oyo State,,"=""22268289""","=""5565929""","=""238031332""",Personal fixed term loan,2020-03-06 00:00:00,2500.00,0.00,,0.00,2870.00,NGN,0,Closed,2020-03-23 00:00:00,Performing
ABDULBASEET OLOWONIYI,,D9 OTUN QTRS IYARA Ijumu Kogi State,,"=""22268340""","=""3199136""","=""3109072828""",Personal fixed term loan,2020-03-09 00:00:00,2500.00,0.00,,0.00,3050.00,NGN,0,Closed,2020-04-08 00:00:00,Performing
RUTH AFEARE,,No17 okealase,,"=""22268359""","=""1659065""","=""161434530""",Personal fixed term loan,2019-08-27 00:00:00,2500.00,0.00,,0.00,3250.00,NGN,0,Closed,2019-09-26 00:00:00,Performing
ADELAKIN OYEBOLA,"=""22339202278""",9 AKOSILE STREET MEGIDA BSTOP AYOBO Ikeja Lagos State,,"=""22268610""","=""6050168""","=""1710891""",Personal fixed term loan,2020-02-29 00:00:00,2500.00,0.00,,0.00,3250.00,NGN,0,Closed,2020-03-30 00:00:00,Performing
ADELAKIN OYEBOLA,"=""22339202278""",9 AKOSILE STREET MEGIDA BSTOP AYOBO Ikeja Lagos State,,"=""22268610""","=""6050168""","=""2125166773""",Personal fixed term loan,2020-02-29 00:00:00,2500.00,0.00,,0.00,3250.00,NGN,0,Closed,2020-03-30 00:00:00,Performing
ADEMOLA OPALERE,"=""22209665501""",39 ADEKOYA STREET OFF OJO ROAD  AjeromiIfelodun Lagos Stat,,"=""22268740""","=""5543216""","=""1857296""",Personal fixed term loan,2020-03-20 00:00:00,7500.00,0.00,,0.00,9370.00,NGN,0,Closed,2020-04-20 00:00:00,Performing
ADEMOLA OPALERE,"=""22209665501""",39 ADEKOYA STREET OFF OJO ROAD  AjeromiIfelodun Lagos Stat,,"=""22268740""","=""5543216""","=""3062408586""",Personal fixed term loan,2020-03-20 00:00:00,7500.00,0.00,,0.00,9370.00,NGN,0,Closed,2020-04-20 00:00:00,Performing
NAFISA DTU,,B14 IBRAHIM TAIWO ROAD KADUNA Kaduna North Kaduna State,,"=""22268810""","=""3794645""","=""3062695364""",Personal fixed term loan,2020-03-03 00:00:00,1500.00,0.00,,0.00,1870.00,NGN,0,Closed,2020-04-02 00:00:00,Performing
PEACE ICHAPI,"=""22251937298""",NO19 TONY STREET BARNAWA Kaduna South Kaduna State,,"=""22269061""","=""5254748""","=""1655947""",Personal fixed term loan,2020-02-22 00:00:00,45000.00,0.00,,0.00,56250.00,NGN,0,Closed,2020-03-23 00:00:00,Performing
PEACE ICHAPI,"=""22251937298""",NO19 TONY STREET BARNAWA Kaduna South Kaduna State,,"=""22269061""","=""5254748""","=""3076427519""",Personal fixed term loan,2020-02-22 00:00:00,45000.00,0.00,,0.00,56250.00,NGN,0,Closed,2020-03-23 00:00:00,Performing
Ikheegbe Betty,"=""22250301591""",2 keshinro street felele,,"=""22611533""","=""42698123""","=""10055207""",Personal fixed term loan,2023-04-23 00:00:00,40000.00,49800.00,,0.00,49800.00,NGN,0,Open,2023-05-23 00:00:00,Performing
ANTHONIA OKOCHA,"=""22279266848""",10 RAPULANE OPP ST REBECCA ASABA Oshimili South Delta Stat,,"=""22268483""","=""6069461""","=""2073492766""",Personal fixed term loan,2020-03-02 00:00:00,2500.00,0.00,,0.00,2870.00,NGN,0,Closed,2020-03-17 00:00:00,Performing
FRIDAY OGAR,"=""22278955703""",25SAIDU TORIOLA STREET IYANA IPAJA LAGOS Alimosho Lagos St,,"=""22268598""","=""4269806""","=""17322286""",Personal fixed term loan,2020-03-25 00:00:00,2500.00,0.00,,0.00,3120.00,NGN,0,Closed,2020-04-24 00:00:00,Performing
SAKA ASUKU,"=""22331336225""",1A AYANWOLE STR OKEKOTO ORILE AGEGE LAGOS Agege Lagos Stat,,"=""22268734""","=""6943883""","=""1936418""",Personal fixed term loan,2020-04-13 00:00:00,2500.00,0.00,,0.00,3250.00,NGN,0,Closed,2020-05-13 00:00:00,Performing
SAKA ASUKU,"=""22331336225""",1A AYANWOLE STR OKEKOTO ORILE AGEGE LAGOS Agege Lagos Stat,,"=""22268734""","=""6943883""","=""41383424""",Personal fixed term loan,2020-04-13 00:00:00,2500.00,0.00,,0.00,3250.00,NGN,0,Closed,2020-05-13 00:00:00,Performing
ADEOLA ADARAMAJA,,15 JAGINRIN STR OFF LAGOS GARAGE IODE  Ifo Ogun State,,"=""22268765""","=""5863157""","=""1937973""",Personal fixed term loan,2020-04-13 00:00:00,5000.00,0.00,,0.00,6250.00,NGN,0,Closed,2020-05-13 00:00:00,Performing
HAMZA GARBA,"=""22263747742""",NO D36 BASO ROAD HAYIN BANKI Kaduna North Kaduna State,,"=""22268802""","=""5957432""","=""1683457""",Personal fixed term loan,2020-02-26 00:00:00,2500.00,0.00,,0.00,2870.00,NGN,0,Closed,2020-03-12 00:00:00,Performing
HAMZA GARBA,"=""22263747742""",NO D36 BASO ROAD HAYIN BANKI Kaduna North Kaduna State,,"=""22268802""","=""5957432""","=""6230850793""",Personal fixed term loan,2020-02-26 00:00:00,2500.00,0.00,,0.00,2870.00,NGN,0,Closed,2020-03-12 00:00:00,Performing
MUSTAPHA MUHAMMAD,"=""22494043196""",Q14 KONTOGORO ROADKADUNA RAMAT SHOPPING COMPLEX KAD NGN  K,,"=""22268833""","=""5575817""","=""3053639521""",Personal fixed term loan,2020-02-22 00:00:00,1500.00,0.00,,0.00,1720.00,NGN,0,Closed,2020-03-09 00:00:00,Performing
HAUWAU SHUAIBU,"=""22459992808""",016 KALAYE STREET HAYIN BANKI KAWO  Kaduna North Kaduna St,,"=""22268969""","=""6101750""","=""1739114""",Personal fixed term loan,2020-03-04 00:00:00,1500.00,0.00,,0.00,1720.00,NGN,0,Closed,2020-03-19 00:00:00,Performing
REMILEKUN MUSTAPHA,"=""22368924781""",IFESOWAPO ESTATE IYESI OTTA,,"=""22648205""","=""41711803""","=""11180516""",Personal fixed term loan,2023-08-15 00:00:00,2500.00,3150.00,,3150.00,3075.00,NGN,65,Open,2023-08-30 00:00:00,Doubtful
AMARACHI NWACHUKWU,"=""22299270061""",6 COLLEGE ROAD Osisioma Abia State,,"=""22268176""","=""4273088""","=""6170105209""",Personal fixed term loan,2019-12-18 00:00:00,5000.00,0.00,,0.00,6500.00,NGN,0,Closed,2020-01-17 00:00:00,Performing
moses owara,"=""22174679882""",dass ekiteji street arigidi akoko  Akoko NorthWest Ondo St,,"=""22268469""","=""6081146""","=""3061778673""",Personal fixed term loan,2020-03-02 00:00:00,2500.00,0.00,,0.00,2870.00,NGN,0,Closed,2020-03-17 00:00:00,Performing
ADEBOWALE ADEKUAJO,,Apro pharmacy ado,,"=""22268537""","=""1662152""","=""522287""",Personal fixed term loan,2019-08-22 00:00:00,2500.00,0.00,,0.00,3250.00,NGN,0,Closed,2019-09-23 00:00:00,Performing
OPEOLUWA OSINOWO,"=""22286366395""",17Akinhanmi street surulere,,"=""22268737""","=""2262305""","=""2219867638""",Personal fixed term loan,2019-10-04 00:00:00,1500.00,0.00,,0.00,1950.00,NGN,0,Closed,2019-11-04 00:00:00,Performing
OPEOLUWA OSINOWO,"=""22286366395""",17Akinhanmi street surulere,,"=""22268737""","=""2262305""","=""766073""",Personal fixed term loan,2019-10-04 00:00:00,1500.00,0.00,,0.00,1950.00,NGN,0,Closed,2019-11-04 00:00:00,Performing
JAMIMAH USMAN,,7 AMB LAWAL MUNIR ROAD MAH GRA KADUNA STATE Chikun Kaduna,,"=""22268830""","=""3260888""","=""238661836""",Personal fixed term loan,2019-11-11 00:00:00,1500.00,0.00,,0.00,1720.00,NGN,0,Closed,2019-11-26 00:00:00,Performing
MAIMUNATU MUSA,"=""22499013875""",NO 1 AIRFORCE CLOSE KURMI MASHI Kaduna North Kaduna State,,"=""22268962""","=""5960564""","=""1682587""",Personal fixed term loan,2020-02-26 00:00:00,1500.00,0.00,,0.00,1720.00,NGN,0,Closed,2020-03-12 00:00:00,Performing
MAIMUNATU MUSA,"=""22499013875""",NO 1 AIRFORCE CLOSE KURMI MASHI Kaduna North Kaduna State,,"=""22268962""","=""5960564""","=""6024185233""",Personal fixed term loan,2020-02-26 00:00:00,1500.00,0.00,,0.00,1720.00,NGN,0,Closed,2020-03-12 00:00:00,Performing
VICTOR EMMANUEL,"=""22508336696""",NO 45 OCHE DORE Ikom Cross River State,,"=""22269030""","=""4376981""","=""108622925""",Personal fixed term loan,2019-12-21 00:00:00,1500.00,0.00,,0.00,1950.00,NGN,0,Closed,2020-01-20 00:00:00,Performing
GOSPEL KINGSLEY,"=""22693777104""",9 ABATA STREET ORILE,,"=""22648202""","=""44398474""","=""10839824""",Personal fixed term loan,2023-07-10 00:00:00,5000.00,1530.00,,1530.00,6500.00,NGN,86,Open,2023-08-09 00:00:00,Doubtful
Onuh Emmanuel,,53 ADE ALU STREET IYANA IPAJA,,"=""22713471""","=""49870501""","=""12923409""",Personal fixed term loan,2024-02-08 00:00:00,350000.00,0.00,,0.00,67745.00,NGN,0,Closed,2024-11-04 00:00:00,Performing
NWAOBASI EGOBUNWA,"=""22298219621""",Nigeria,,"=""22770431""","=""1573485""","=""3620212029""",Personal fixed term loan,2019-08-18 00:00:00,10000.00,0.00,,0.00,13000.00,NGN,0,Open,2019-09-17 00:00:00,Performing
Asubiaro Folashade Sussan,"=""22302452569""",1 Niyi Ibikunle Technical Area Osogbo,,"=""22930817""","=""1754946""","=""3655683016""",Personal fixed term loan,2019-09-02 00:00:00,2500.00,2875.00,,2875.00,3250.00,NGN,1461,Open,2019-10-02 00:00:00,Lost
TOHEEB OYETOLA,,Plot 1 providenc street lekki,,"=""22268586""","=""585278""","=""6021747865""",Personal fixed term loan,2019-03-08 00:00:00,1500.00,0.00,,0.00,1950.00,NGN,0,Closed,2019-04-08 00:00:00,Performing
RASAQ OYENEYE,"=""22165491509""",9 SANUSI STREET IJESHATEDO  Surulere Lagos State Lagos Sta,,"=""22268620""","=""6841517""","=""1928491""",Personal fixed term loan,2020-04-09 00:00:00,10000.00,0.00,,0.00,11500.00,NGN,0,Closed,2020-04-24 00:00:00,Performing
NIMOTA YUSUF,,No27 Agege Lagos,,"=""22268688""","=""952472""","=""127221""",Personal fixed term loan,2019-03-08 00:00:00,30000.00,0.00,,0.00,39000.00,NGN,0,Closed,2019-04-08 00:00:00,Performing
NIMOTA YUSUF,,No27 Agege Lagos,,"=""22268688""","=""952472""","=""20901493""",Personal fixed term loan,2019-03-08 00:00:00,30000.00,0.00,,0.00,39000.00,NGN,0,Closed,2019-04-08 00:00:00,Performing
THEODORE CHRISEJIOFOR,"=""22439146245""",4B CLOSE 3 ELEKAHIA HOUSING ESTATE PORT HARCOURT Port Harc,,"=""22268913""","=""5902589""","=""1658973""",Personal fixed term loan,2020-02-22 00:00:00,1500.00,0.00,,0.00,1500.00,NGN,0,Closed,2020-03-23 00:00:00,Performing
THEODORE CHRISEJIOFOR,"=""22439146245""",4B CLOSE 3 ELEKAHIA HOUSING ESTATE PORT HARCOURT Port Harc,,"=""22268913""","=""5902589""","=""6552217133""",Personal fixed term loan,2020-02-22 00:00:00,1500.00,0.00,,0.00,1500.00,NGN,0,Closed,2020-03-23 00:00:00,Performing
OBINNA ILOEGBNAM,,6 IFELODUN STREET Ojo Lagos State,,"=""22268981""","=""6313772""","=""1869173""",Personal fixed term loan,2020-03-23 00:00:00,7500.00,0.00,,0.00,8620.00,NGN,0,Closed,2020-04-07 00:00:00,Performing
AHMED ADAMU,,No12 goneri road sabon gida kaduna,,"=""22269020""","=""2719436""","=""2091136378""",Personal fixed term loan,2019-10-22 00:00:00,10000.00,0.00,,0.00,13000.00,NGN,0,Closed,2019-11-21 00:00:00,Performing
AHMED ADAMU,,No12 goneri road sabon gida kaduna,,"=""22269020""","=""2719436""","=""873835""",Personal fixed term loan,2019-10-22 00:00:00,10000.00,0.00,,0.00,13000.00,NGN,0,Closed,2019-11-21 00:00:00,Performing
ENOCH PHILIP,,University of Abuja Staffs quarters Gwagwalada Abuja,,"=""22269088""","=""2767550""","=""897536""",Personal fixed term loan,2019-10-26 00:00:00,1500.00,0.00,,0.00,1720.00,NGN,0,Closed,2019-11-11 00:00:00,Performing
Oluwakemi Adeniji Abosede,"=""22521571861""",No18 ojugboro street,,"=""22611292""","=""42435156""","=""9945476""",Personal fixed term loan,2023-04-12 00:00:00,17500.00,22575.00,,0.00,22575.00,NGN,0,Open,2023-05-12 00:00:00,Performing
godwin akpan,"=""22705590211""",AKWAKA ROAD PHC,,"=""22648196""","=""45266649""","=""11117521""",Personal fixed term loan,2023-08-08 00:00:00,5000.00,0.00,,0.00,6100.00,NGN,0,Closed,2023-08-23 00:00:00,Performing
Aminat Tijani Olabimpe,"=""22446755294""",15 awoyelu Street Off Ibadan Garage Opposite Ile Awoye Hou,,"=""22934703""","=""1342820""","=""4797171012""",Personal fixed term loan,2019-07-18 00:00:00,15000.00,16239.00,,16239.00,18750.00,NGN,1505,Open,2019-08-19 00:00:00,Lost
IDREES OLUSEGUN AGBOOLA,"=""22258508613""",14 15 Prince Alaba Oniru Road Victoria Island,,"=""22918215""","=""6710443""","=""9942036""",Personal fixed term loan,2023-04-12 00:00:00,12500.00,0.00,,0.00,15000.00,NGN,0,Closed,2023-04-27 00:00:00,Performing
Mojisola Adeyemi,"=""22162438916""",10 ADEWALE OJODUBERGER OJODU LA,"=""08033990362""","=""22268779""","=""6573419""","=""3028772098""",Personal fixed term loan,2020-05-06 00:00:00,2500.00,0.00,,0.00,2870.00,NGN,0,Closed,2020-05-21 00:00:00,Performing
Gideon Akinbola,,House B2 SamEwang housing estate,,"=""22268788""","=""807599""","=""209202""",Personal fixed term loan,2019-05-08 00:00:00,2500.00,0.00,,0.00,2870.00,NGN,0,Closed,2019-05-23 00:00:00,Performing
AZIBAOLONAMI WARIBOKO,"=""22483016510""",Yenagoa Bayelsa state,,"=""22268920""","=""1665362""","=""3127070752""",Personal fixed term loan,2019-08-23 00:00:00,1500.00,0.00,,0.00,1950.00,NGN,0,Closed,2019-09-23 00:00:00,Performing
AZIBAOLONAMI WARIBOKO,"=""22483016510""",Yenagoa Bayelsa state,,"=""22268920""","=""1665362""","=""524365""",Personal fixed term loan,2019-08-23 00:00:00,1500.00,0.00,,0.00,1950.00,NGN,0,Closed,2019-09-23 00:00:00,Performing
HENRIETTA YALWA,"=""22444276061""",FEDERAL LOWCOST SHENDAM Shendam Plateau State,,"=""22268988""","=""5276615""","=""1608541""",Personal fixed term loan,2020-02-15 00:00:00,1500.00,0.00,,0.00,1720.00,NGN,0,Closed,2020-03-02 00:00:00,Performing
HENRIETTA YALWA,"=""22444276061""",FEDERAL LOWCOST SHENDAM Shendam Plateau State,,"=""22268988""","=""5276615""","=""2100488427""",Personal fixed term loan,2020-02-15 00:00:00,1500.00,0.00,,0.00,1720.00,NGN,0,Closed,2020-03-02 00:00:00,Performing
DANIEL OKOLI,,18 OTIJI STREET UMUDIOKA VILLAGE AWKA Awka South Anambra S,,"=""22269013""","=""1355501""","=""68298703""",Personal fixed term loan,2019-06-26 00:00:00,1500.00,0.00,,0.00,1720.00,NGN,0,Closed,2019-07-11 00:00:00,Performing
EWA BARTHOLOMEN OBI,"=""22152863407""",GOVERNMENT GIRLS COMMERCIAL SECONDARY SCHOOL,,"=""22727678""","=""721250""","=""6157768""",Personal fixed term loan,2022-03-13 00:00:00,40000.00,0.00,,0.00,29390.00,NGN,0,Closed,2022-05-12 00:00:00,Performing
EWA BARTHOLOMEN OBI,"=""22152863407""",GOVERNMENT GIRLS COMMERCIAL SECONDARY SCHOOL,,"=""22727678""","=""721250""","=""6908166""",Personal fixed term loan,2022-06-01 00:00:00,20000.00,0.00,,0.00,26000.00,NGN,0,Closed,2022-07-01 00:00:00,Performing
EWA BARTHOLOMEN OBI,"=""22152863407""",GOVERNMENT GIRLS COMMERCIAL SECONDARY SCHOOL,,"=""22727678""","=""721250""","=""7311270""",Personal fixed term loan,2022-07-11 00:00:00,30000.00,0.00,,0.00,38460.00,NGN,0,Closed,2022-08-10 00:00:00,Performing
EWA BARTHOLOMEN OBI,"=""22152863407""",GOVERNMENT GIRLS COMMERCIAL SECONDARY SCHOOL,,"=""22727678""","=""721250""","=""7761248""",,2022-08-24 00:00:00,30000.00,0.00,,0.00,38850.00,NGN,0,Closed,2022-10-07 00:00:00,Performing
EWA BARTHOLOMEN OBI,"=""22152863407""",GOVERNMENT GIRLS COMMERCIAL SECONDARY SCHOOL,,"=""22727678""","=""721250""","=""8320669""",Personal fixed term loan,2022-10-18 00:00:00,50000.00,0.00,,0.00,63900.00,NGN,0,Closed,2022-11-17 00:00:00,Performing
EWA BARTHOLOMEN OBI,"=""22152863407""",GOVERNMENT GIRLS COMMERCIAL SECONDARY SCHOOL,,"=""22727678""","=""721250""","=""8597701""",Personal fixed term loan,2022-11-15 00:00:00,70000.00,0.00,,0.00,51625.00,NGN,0,Closed,2023-01-16 00:00:00,Performing
NWITEH FRANK,"=""22162428515""",70 TOMBIA EXTENRION GRA PORT HARCOURT ObioAkpor Rivers St,,"=""22648243""","=""5332421""","=""10848682""",Personal fixed term loan,2023-07-11 00:00:00,5000.00,0.00,,0.00,6500.00,NGN,0,Closed,2023-08-10 00:00:00,Performing
WAKU MSOO MSOO,"=""22660232511""",NO 13 ROAD 131 3RD AVENUE GWARIMPA,,"=""22771558""","=""47080681""","=""11841007""",Personal fixed term loan,2023-10-18 00:00:00,850000.00,0.00,,0.00,110500.00,NGN,0,Closed,2024-10-12 00:00:00,Performing
Deborahi Adeyemi Idowu,"=""22330096470""",11 fagbemi Str Igbogila Bstop,,"=""22940229""","=""23056672""","=""10681517""",Personal fixed term loan,2023-06-23 00:00:00,60000.00,76500.00,,0.00,76500.00,NGN,0,Open,2023-07-23 00:00:00,Performing
DOLAPO ODUYEMI,,39 raliat kolejo,,"=""22268754""","=""1677401""","=""216249168""",Personal fixed term loan,2019-09-22 00:00:00,2500.00,0.00,,0.00,3120.00,NGN,0,Closed,2019-10-22 00:00:00,Performing
DOLAPO ODUYEMI,,39 raliat kolejo,,"=""22268754""","=""1677401""","=""698041""",Personal fixed term loan,2019-09-22 00:00:00,2500.00,0.00,,0.00,3120.00,NGN,0,Closed,2019-10-22 00:00:00,Performing
YEMISI OGUNSUSI,"=""22266926085""",7 OLABINJO OLUKOYA STREET KETU LAGOS Kosofe Lagos State,,"=""22268856""","=""6576818""","=""1885921""",Personal fixed term loan,2020-03-25 00:00:00,2500.00,0.00,,0.00,2870.00,NGN,0,Closed,2020-04-09 00:00:00,Performing
ABUBAKAR LAWAL,"=""22341307741""",J8 GUBICHI ROAD SABO GARI TUDUN WADA KADUNA Kaduna South K,,"=""22268945""","=""5896811""","=""1865197""",Personal fixed term loan,2020-03-22 00:00:00,1500.00,0.00,,0.00,1870.00,NGN,0,Closed,2020-04-21 00:00:00,Performing
CHIHURUMNANYA ENYERIBE,"=""22506880546""",41 CHIEF NWAGUM STREET ABA Aba South Abia State,,"=""22268954""","=""6561053""","=""2120231830""",Personal fixed term loan,2020-03-25 00:00:00,2500.00,0.00,,0.00,3250.00,NGN,0,Closed,2020-04-24 00:00:00,Performing
MUSA SIMON,"=""22261462397""",IDU ABUJA Municipal Area Council FCT,,"=""22269047""","=""4124999""","=""2215053473""",Personal fixed term loan,2019-12-11 00:00:00,15000.00,0.00,,0.00,19500.00,NGN,0,Closed,2020-01-10 00:00:00,Performing
Blessing Adedayo Adenike,"=""22334664556""",Nigeria,,"=""22741518""","=""43661763""","=""10464494""",Personal fixed term loan,2023-06-01 00:00:00,7500.00,9675.00,,9675.00,9675.00,NGN,3,Open,2023-07-01 00:00:00,Watchlist
AZEEZ OLAYINKA ALIU,"=""22207218622""",MAGBADURA PAPA NO 19 OKI AREA IBADAN,,"=""23023081""","=""1235137""","=""2058609422""",Personal fixed term loan,2019-07-17 00:00:00,10000.00,0.00,,0.00,12200.00,NGN,0,Closed,2019-08-16 00:00:00,Performing
JOSIAH SUNDAY,"=""22377728660""",IYABU QUARTERS AYUA Etsako West Edo State,,"=""22268142""","=""4824788""","=""801490044""",Personal fixed term loan,2020-01-26 00:00:00,5000.00,0.00,,0.00,6250.00,NGN,0,Closed,2020-02-25 00:00:00,Performing
ADEBOLA ADETOLA,"=""22173797141""",NO 175 SUPO LANE SATURA BUS STOP OLOMI IBADAN Oluyole Oyo,,"=""22268157""","=""6844241""","=""1928623""",Personal fixed term loan,2020-04-09 00:00:00,10000.00,0.00,,0.00,13000.00,NGN,0,Closed,2020-05-11 00:00:00,Performing
MATHEW BALOGUN,"=""22303088172""",38 PEACE AND PROGRESS ESTATE RAINBOW STREET AKOBO Lagelu O,,"=""22268291""","=""5817926""","=""1633369""",Personal fixed term loan,2020-02-19 00:00:00,2500.00,0.00,,0.00,2500.00,NGN,0,Closed,2020-03-05 00:00:00,Performing
MATHEW BALOGUN,"=""22303088172""",38 PEACE AND PROGRESS ESTATE RAINBOW STREET AKOBO Lagelu O,,"=""22268291""","=""5817926""","=""3093398113""",Personal fixed term loan,2020-02-19 00:00:00,2500.00,0.00,,0.00,2500.00,NGN,0,Closed,2020-03-05 00:00:00,Performing
IYKE UCHECHUKWU,,53 ABBA ST MILE 1 PORTHARCOURT ObioAkpor Rivers State,,"=""22268408""","=""2213186""","=""3039036644""",Personal fixed term loan,2020-01-18 00:00:00,15000.00,0.00,,0.00,18300.00,NGN,0,Closed,2020-02-17 00:00:00,Performing
OGEMDI CHUKWUMA,,Prayer estate runs,,"=""22268557""","=""1439030""","=""2118894456""",Personal fixed term loan,2019-08-17 00:00:00,1500.00,0.00,,0.00,1950.00,NGN,0,Closed,2019-09-16 00:00:00,Performing
OGEMDI CHUKWUMA,,Prayer estate runs,,"=""22268557""","=""1439030""","=""499350""",Personal fixed term loan,2019-08-17 00:00:00,1500.00,0.00,,0.00,1950.00,NGN,0,Closed,2019-09-16 00:00:00,Performing
KEHINDE OLADOKUN,,No 2 wale street,,"=""22268691""","=""2550977""","=""3046654909""",Personal fixed term loan,2019-10-16 00:00:00,15000.00,0.00,,0.00,19500.00,NGN,0,Closed,2019-11-15 00:00:00,Performing
KEHINDE OLADOKUN,,No 2 wale street,,"=""22268691""","=""2550977""","=""840737""",Personal fixed term loan,2019-10-16 00:00:00,15000.00,0.00,,0.00,19500.00,NGN,0,Closed,2019-11-15 00:00:00,Performing
ENIOLA GBOLAHAN,"=""22505585086""",NO 4 SURULERE STREET COMMAND AJASA LAGOS Alimosho Lagos St,,"=""22268793""","=""1411487""","=""426453643""",Personal fixed term loan,2020-10-17 00:00:00,5000.00,0.00,,0.00,6000.00,NGN,0,Closed,2020-11-02 00:00:00,Performing
AYODELE DANSU,"=""22354690120""",NO 5 YISEYON STREET IGBOROSUNBADAGRYLAGOS Badagry Lagos St,,"=""22268808""","=""6232682""","=""1780872""",Personal fixed term loan,2020-03-09 00:00:00,2500.00,0.00,,0.00,2870.00,NGN,0,Closed,2020-03-24 00:00:00,Performing
JOSEPHINE OKOLIGWE,"=""22238453885""",80 OLUWA STREET OLODI APAPA LAGOS AjeromiIfelodun Lagos St,,"=""22268957""","=""4118042""","=""3070004819""",Personal fixed term loan,2019-12-11 00:00:00,15000.00,0.00,,0.00,19500.00,NGN,0,Closed,2020-01-10 00:00:00,Performing
MUTIU TAJUDEEN,"=""22361788737""",BACK OF SAMARU PRY SCH KONTAGORA Kontagora Niger State,,"=""22269091""","=""5137328""","=""3092535865""",Personal fixed term loan,2020-03-27 00:00:00,15000.00,0.00,,0.00,17250.00,NGN,0,Closed,2020-04-14 00:00:00,Performing
ZEBLON EMEKA KENNETH,"=""22239342597""",8 OLAKUNLE DOMINGO STREET IKOLA COMMAND LAGOS,,"=""22464142""","=""4417748""","=""4020890268""",Personal fixed term loan,2021-01-13 00:00:00,60000.00,0.00,,0.00,75180.00,NGN,0,Open,2021-02-12 00:00:00,Performing
EVBODAGHE OMONIGHO,,1 IDADA CLOSE OFF SECOND AGHO LANE BENIN CITY,"=""08032260560""","=""23006615""","=""57229687""","=""16701600""",Personal fixed term loan,2025-05-08 00:00:00,600000.00,686400.00,,686400.00,686400.00,NGN,,Open,2025-06-07 00:00:00,Performing
OKEME IKRUMALE,"=""22338545024""",19 AKPONANA STR IWHREKPOKPO Ughelli North Delta State,,"=""22268499""","=""5211920""","=""3009550808""",Personal fixed term loan,2020-01-25 00:00:00,2500.00,0.00,,0.00,2870.00,NGN,0,Closed,2020-02-10 00:00:00,Performing
OYEBO JULIUS,"=""22483179288""",9 REDEMPTION WAY CELE IJEDE  LAGOS Ikorodu Lagos State,,"=""22268635""","=""5626169""","=""1593215""",Personal fixed term loan,2020-02-13 00:00:00,2500.00,0.00,,0.00,2870.00,NGN,0,Closed,2020-02-28 00:00:00,Performing
OYEBO JULIUS,"=""22483179288""",9 REDEMPTION WAY CELE IJEDE  LAGOS Ikorodu Lagos State,,"=""22268635""","=""5626169""","=""407337829""",Personal fixed term loan,2020-02-13 00:00:00,2500.00,0.00,,0.00,2870.00,NGN,0,Closed,2020-02-28 00:00:00,Performing
ONYINYECHI NATHANIEL,,NO 3 IMOJE STREET ISAGA ISOLO OshodiIsolo Lagos State,,"=""22268650""","=""958067""","=""60043529""",Personal fixed term loan,2020-01-23 00:00:00,5000.00,0.00,,0.00,5750.00,NGN,0,Closed,2020-02-07 00:00:00,Performing
OLUWASEYI FADESERE,"=""22326911079""",2 SIKIRU ALI STREET IYANA ODO BUS STOP IGANDO Alimosho Lag,,"=""22268750""","=""4144379""","=""3045940937""",Personal fixed term loan,2020-01-18 00:00:00,35000.00,0.00,,0.00,43750.00,NGN,0,Closed,2020-02-17 00:00:00,Performing
EMEM MICHAEL,"=""22369919674""",87 AKA ROAD Uyo Akwa Ibom State,,"=""22268985""","=""6487346""","=""1859672""",Personal fixed term loan,2020-03-21 00:00:00,2500.00,0.00,,0.00,2870.00,NGN,0,Closed,2020-04-06 00:00:00,Performing
KHADIJAT ABDULKADIR,"=""22390039842""",NO 25 BISHNI GADAS ROAD UNGWAN SARKI KADUNA Kaduna North K,,"=""22269000""","=""6662402""","=""1937446""",Personal fixed term loan,2020-04-13 00:00:00,2500.00,0.00,,0.00,2870.00,NGN,0,Closed,2020-04-28 00:00:00,Performing
IVEREN THADDEUS,,NO 32 HUMBRI STREET WUSE 2 FCT Municipal Area Council FCT,,"=""22269100""","=""680747""","=""1844244""",Personal fixed term loan,2020-03-18 00:00:00,2500.00,0.00,,0.00,3120.00,NGN,0,Closed,2020-04-17 00:00:00,Performing
BAMIDELE ROSELINE BIDEMI,"=""22352992927""",OKEBOLA STREET,,"=""22450045""","=""5330819""","=""1761238""",Personal fixed term loan,2020-03-06 00:00:00,10000.00,0.00,,0.00,12200.00,NGN,0,Closed,2020-04-06 00:00:00,Performing
BAMIDELE ROSELINE BIDEMI,"=""22352992927""",OKEBOLA STREET,,"=""22450045""","=""5330819""","=""5281098950""",Personal fixed term loan,2020-03-06 00:00:00,10000.00,0.00,,0.00,12200.00,NGN,0,Closed,2020-04-06 00:00:00,Performing
BAMIDELE ROSELINE BIDEMI,"=""22352992927""",OKEBOLA STREET,,"=""22450045""","=""5330819""","=""6577946""",Personal fixed term loan,2022-04-26 00:00:00,10000.00,0.00,,0.00,13000.00,NGN,0,Closed,2022-05-26 00:00:00,Performing
CHRISTABEL DAVIDDIDIOMA,,No 6 10 OGUNTADE STREET AJUWON,,"=""22648190""","=""100044""","=""11155920""",Personal fixed term loan,2023-08-12 00:00:00,750000.00,937500.00,,0.00,93750.00,NGN,0,Open,2024-08-06 00:00:00,Performing
ADEBAYO ADEBUSAYO,"=""22696133921""",BEHIND PHILEMON HOTEL MADALLA BESIDE CATHOLIC CHURCH,,"=""22648184""","=""42029592""","=""11117991""",Personal fixed term loan,2023-08-08 00:00:00,2500.00,0.00,,0.00,3000.00,NGN,0,Closed,2023-08-23 00:00:00,Performing
KINGSLEY ALIGWO,"=""22144627721""",26 BENSON AKIYELE STREET OKEAFAR ISOLO,,"=""22879402""","=""45862142""","=""13551151""",Personal fixed term loan,2024-04-15 00:00:00,350000.00,126801.00,,0.00,127330.00,NGN,0,Open,2024-11-14 00:00:00,Performing
IBIENE DICKSON,"=""22425100839""",NO 4B DEIMA POLO ENUGU STREET PHC Port Harcourt Rivers Sta,,"=""22266755""","=""6164371""","=""2123257411""",Personal fixed term loan,2020-03-07 00:00:00,2500.00,0.00,,0.00,2870.00,NGN,0,Closed,2020-03-23 00:00:00,Performing
AKEEM ADETOUN,"=""22479145233""",NO 55 AWOTUNDE ESTATE OPEODU OFF OLORUNDAIBADAN Lagelu Oyo,,"=""22268036""","=""6233003""","=""1914234""",Personal fixed term loan,2020-03-31 00:00:00,2500.00,0.00,,0.00,2870.00,NGN,0,Closed,2020-04-15 00:00:00,Performing
AKEEM ADETOUN,"=""22479145233""",NO 55 AWOTUNDE ESTATE OPEODU OFF OLORUNDAIBADAN Lagelu Oyo,,"=""22268036""","=""6233003""","=""2110094517""",Personal fixed term loan,2020-03-31 00:00:00,2500.00,0.00,,0.00,2870.00,NGN,0,Closed,2020-04-15 00:00:00,Performing
johnson emmanuel,"=""22455812751""",OTU EGUNBE KABBA KabbaBunu Kogi State,,"=""22268329""","=""6113699""","=""1874077""",Personal fixed term loan,2020-03-24 00:00:00,2500.00,0.00,,0.00,2870.00,NGN,0,Closed,2020-04-08 00:00:00,Performing
joshua ojoko,"=""22362746585""",Benue,,"=""22268370""","=""2370140""","=""793249""",Personal fixed term loan,2019-10-08 00:00:00,2500.00,0.00,,0.00,3250.00,NGN,0,Closed,2019-11-07 00:00:00,Performing
ROFIYAT OSENI,"=""22423250677""",32 OLOTI AREA IRAGBIJI Boripe Osun State,,"=""22268627""","=""4234034""","=""3113027696""",Personal fixed term loan,2020-03-12 00:00:00,5000.00,0.00,,0.00,5750.00,NGN,0,Closed,2020-03-27 00:00:00,Performing
RACHAEL COKER,,9 LSDPC ESTATE SAGAMU ROAD IKORODU Ikorodu Lagos State,,"=""22268736""","=""3953396""","=""3029749062""",Personal fixed term loan,2020-02-29 00:00:00,20000.00,0.00,,0.00,25000.00,NGN,0,Closed,2020-03-30 00:00:00,Performing
RACHEAL EFOKE,"=""22525612328""",NO 22 BARAJE STREET SABO TASHA KADUNA Kaduna South Kaduna,,"=""22268836""","=""6201971""","=""1774670""",Personal fixed term loan,2020-03-08 00:00:00,1500.00,0.00,,0.00,1950.00,NGN,0,Closed,2020-04-07 00:00:00,Performing
ABDULLAHI MUHAMMAD,"=""22199259892""",V2 CHARANCHI ROAD BY SAMINAKA TUDUN WADA KADUNA Kaduna Sou,,"=""22268872""","=""4883033""","=""29052546""",Personal fixed term loan,2020-01-15 00:00:00,1500.00,0.00,,0.00,1950.00,NGN,0,Closed,2020-02-14 00:00:00,Performing
AHMAD MUHAMMAD,"=""22494585001""",BARNAWA Kaduna South Kaduna State,,"=""22268972""","=""5552765""","=""1610288""",Personal fixed term loan,2020-02-15 00:00:00,2500.00,0.00,,0.00,2870.00,NGN,0,Closed,2020-03-02 00:00:00,Performing
AHMAD MUHAMMAD,"=""22494585001""",BARNAWA Kaduna South Kaduna State,,"=""22268972""","=""5552765""","=""431216831""",Personal fixed term loan,2020-02-15 00:00:00,2500.00,0.00,,0.00,2870.00,NGN,0,Closed,2020-03-02 00:00:00,Performing
SIMON EGENA GODWIN,"=""22144961689""",14 15 Prince Alaba Oniru Road Victoria Island,,"=""23199281""","=""4913068""","=""169793846""",Personal fixed term loan,2020-02-19 00:00:00,2500.00,0.00,,0.00,2500.00,NGN,0,Open,2020-03-20 00:00:00,Performing
Bukola Oshodi Serifat,"=""22230683408""",No 2 yewa road,,"=""22276218""","=""1270105""","=""130970881""",Personal fixed term loan,2020-12-18 00:00:00,10000.00,0.00,,0.00,13000.00,NGN,0,Open,2021-01-18 00:00:00,Performing
NNAEMEKA ONOVO,"=""22301253316""",14 15 Prince Alaba Oniru Road Victoria Island,,"=""22644290""","=""587002""","=""3052602480""",Personal fixed term loan,2020-04-16 00:00:00,1500.00,0.00,,0.00,1720.00,NGN,0,Open,2020-05-04 00:00:00,Performing
JUDE HENRY UDO,"=""22328311037""",14 15 Prince Alaba Oniru Road Victoria Island,,"=""22918067""","=""3143069""","=""3050568449""",Personal fixed term loan,2020-03-09 00:00:00,5000.00,3500.00,,3500.00,6100.00,NGN,367,Open,2020-04-08 00:00:00,Lost
BERNARD IBE,"=""22467682229""",10 AFFA UWANI Enugu South Enugu State,,"=""22268393""","=""2930192""","=""2106518423""",Personal fixed term loan,2020-02-22 00:00:00,2500.00,0.00,,0.00,2500.00,NGN,0,Closed,2020-03-23 00:00:00,Performing
josephine Akaazua,"=""22393119781""",no3 yogbo road north bank Makurdi Benue State,,"=""22268463""","=""6633311""","=""1900540""",Personal fixed term loan,2020-03-28 00:00:00,2500.00,0.00,,0.00,2870.00,NGN,0,Closed,2020-04-14 00:00:00,Performing
josephine Akaazua,"=""22393119781""",no3 yogbo road north bank Makurdi Benue State,,"=""22268463""","=""6633311""","=""724749579""",Personal fixed term loan,2020-03-28 00:00:00,2500.00,0.00,,0.00,2870.00,NGN,0,Closed,2020-04-14 00:00:00,Performing
EDWARD OLOGUNLEKO,"=""22176038478""",Number 136 Alaye street oke Are,,"=""22268529""","=""3015818""","=""1027300""",Personal fixed term loan,2019-11-18 00:00:00,5000.00,0.00,,0.00,6250.00,NGN,0,Closed,2019-12-18 00:00:00,Performing
EDWARD OLOGUNLEKO,"=""22176038478""",Number 136 Alaye street oke Are,,"=""22268529""","=""3015818""","=""257854840""",Personal fixed term loan,2019-11-18 00:00:00,5000.00,0.00,,0.00,6250.00,NGN,0,Closed,2019-12-18 00:00:00,Performing
OLAYIWOLA OLAEGBE,"=""22317709968""",147 FELA STREET IKORODUN  Ikorodu Lagos State,,"=""22268636""","=""5934296""","=""2731037170""",Personal fixed term loan,2020-02-24 00:00:00,2500.00,0.00,,0.00,2500.00,NGN,0,Closed,2020-03-10 00:00:00,Performing
ADESHINA ADETUNJI,"=""22213514932""",Badagry,,"=""22268672""","=""2323976""","=""780924""",Personal fixed term loan,2019-10-06 00:00:00,2500.00,0.00,,0.00,2870.00,NGN,0,Closed,2019-10-21 00:00:00,Performing
sherifat smith,"=""22269141122""",3bale road igborosun badagry lagos Badagry Lagos State,,"=""22268706""","=""5731472""","=""1977973""",Personal fixed term loan,2020-05-07 00:00:00,7500.00,0.00,,0.00,9370.00,NGN,0,Closed,2020-06-08 00:00:00,Performing
RUFAI HASSAN,"=""22186009570""",TUKUNTAWA KANO Kano Municipal Kano State,,"=""22268863""","=""10215623""","=""20890277""",Personal fixed term loan,2020-12-15 00:00:00,5000.00,0.00,,0.00,6000.00,NGN,0,Closed,2020-12-30 00:00:00,Performing
NAOMI GAMBO,"=""22273959566""",NO34 MAKAMA STREET UMAISAMGRI MALALI  Kaduna North Kaduna,,"=""22268965""","=""6375434""","=""1827373""",Personal fixed term loan,2020-03-16 00:00:00,2500.00,0.00,,0.00,2870.00,NGN,0,Closed,2020-03-31 00:00:00,Performing
NAOMI GAMBO,"=""22273959566""",NO34 MAKAMA STREET UMAISAMGRI MALALI  Kaduna North Kaduna,,"=""22268965""","=""6375434""","=""2033714923""",Personal fixed term loan,2020-03-16 00:00:00,2500.00,0.00,,0.00,2870.00,NGN,0,Closed,2020-03-31 00:00:00,Performing
ISMAILA IBRAHIM,,MPAPE GRA ABUJA MPAPE GRA ABUJA  ABUJA Bwari FCT,,"=""22269072""","=""5938331""","=""1694410""",Personal fixed term loan,2020-02-27 00:00:00,2500.00,0.00,,0.00,2500.00,NGN,0,Closed,2020-03-30 00:00:00,Performing
ISMAILA IBRAHIM,,MPAPE GRA ABUJA MPAPE GRA ABUJA  ABUJA Bwari FCT,,"=""22269072""","=""5938331""","=""3041680508""",Personal fixed term loan,2020-02-27 00:00:00,2500.00,0.00,,0.00,2500.00,NGN,0,Closed,2020-03-30 00:00:00,Performing
Olamide Bello Yusuf,"=""22242612809""",Adeoye Adeyemi Maryland Lagos,,"=""22287649""","=""6288301""","=""8728061""",Personal fixed term loan,2022-11-28 00:00:00,5000.00,0.00,,0.00,5800.00,NGN,0,Closed,2022-12-13 00:00:00,Performing
ABDUL AZIZ CHINEMEREM,"=""22159237290""",MEDIA TRUST LIMITED UFOKO DISTRICT BEHIND CHIDA HOTE ABUJA,,"=""23075314""","=""253697""","=""10703508""",Personal fixed term loan,2023-06-25 00:00:00,7500.00,26899.00,,0.00,26899.00,NGN,0,Open,2023-07-10 00:00:00,Performing
MUSTAPHA LUKMAN,"=""22348462201""",OKE OLA ORO Irepodun Kwara State,,"=""22268431""","=""6075434""","=""2315105""",Personal fixed term loan,2020-08-17 00:00:00,45000.00,0.00,,0.00,56250.00,NGN,0,Closed,2020-09-16 00:00:00,Performing
AZEEZ FALOWO,"=""22454421152""",9 ILE ESSA IDO OSUN Egbedore Osun State,,"=""22268482""","=""837155""","=""696126569""",Personal fixed term loan,2019-09-20 00:00:00,2500.00,0.00,,0.00,2870.00,NGN,0,Closed,2019-10-07 00:00:00,Performing
OLAMIPOSI AKINSANYA,,ROAD 16 HOUSE 8 DIAMOND ESTATE ISHERI OLOFIN Alimosho Lago,,"=""22268617""","=""2299862""","=""3048170368""",Personal fixed term loan,2019-10-05 00:00:00,1500.00,0.00,,0.00,1720.00,NGN,0,Closed,2019-10-21 00:00:00,Performing
ANOSIKE EZIOHU,"=""22407077483""",312 RD G CLOSE HOUSE 2 FESTAC TOWN LAGOS AmuwoOdofin Lagos,,"=""22268682""","=""2179592""","=""85445737""",Personal fixed term loan,2019-12-01 00:00:00,2500.00,0.00,,0.00,3120.00,NGN,0,Closed,2019-12-31 00:00:00,Performing
MACDONALD GODWIN,,Satellite town,,"=""22268817""","=""1529837""","=""523250""",Personal fixed term loan,2019-08-22 00:00:00,1500.00,0.00,,0.00,1950.00,NGN,0,Closed,2019-09-23 00:00:00,Performing
MACDONALD GODWIN,,Satellite town,,"=""22268817""","=""1529837""","=""77227532""",Personal fixed term loan,2019-08-22 00:00:00,1500.00,0.00,,0.00,1950.00,NGN,0,Closed,2019-09-23 00:00:00,Performing
CHINYERE UZONWANNE,"=""22219526111""",BLOCK D ROOM 24 ABUJA HOSTEL UNIJOS Jos North Plateau Stat,,"=""22269068""","=""6040997""","=""119933694""",Personal fixed term loan,2020-04-02 00:00:00,7500.00,0.00,,0.00,9150.00,NGN,0,Closed,2020-05-04 00:00:00,Performing
CHINYERE UZONWANNE,"=""22219526111""",BLOCK D ROOM 24 ABUJA HOSTEL UNIJOS Jos North Plateau Stat,,"=""22269068""","=""6040997""","=""1753564""",Personal fixed term loan,2020-03-05 00:00:00,7500.00,0.00,,0.00,8620.00,NGN,0,Closed,2020-03-20 00:00:00,Performing
TOLULOPE T,"=""22223367829""",14 15 Prince Alaba Oniru road Oniru V I,,"=""23065802""","=""19833733""","=""37912338""",Personal fixed term loan,2022-03-31 00:00:00,250000.00,0.00,,0.00,297500.00,NGN,0,Closed,2022-04-19 00:00:00,Performing
OJERE BOYO,"=""22184739738""",30 WARRI SAPELE ROAD WARRI Warri North Delta State,,"=""22268531""","=""5845172""","=""1640459""",Personal fixed term loan,2020-02-20 00:00:00,2500.00,0.00,,0.00,2500.00,NGN,0,Closed,2020-03-23 00:00:00,Performing
OJERE BOYO,"=""22184739738""",30 WARRI SAPELE ROAD WARRI Warri North Delta State,,"=""22268531""","=""5845172""","=""2064341888""",Personal fixed term loan,2020-02-20 00:00:00,2500.00,0.00,,0.00,2500.00,NGN,0,Closed,2020-03-23 00:00:00,Performing
IBUKUN KUYORO,"=""22388830789""",24 ADEWALE ADEGUN KARA OLE ESTATE IfakoIjaiye Lagos State,,"=""22268568""","=""5457380""","=""1867385""",Personal fixed term loan,2020-03-23 00:00:00,2500.00,0.00,,0.00,3250.00,NGN,0,Closed,2020-04-22 00:00:00,Performing
IBUKUN KUYORO,"=""22388830789""",24 ADEWALE ADEGUN KARA OLE ESTATE IfakoIjaiye Lagos State,,"=""22268568""","=""5457380""","=""2111253856""",Personal fixed term loan,2020-03-23 00:00:00,2500.00,0.00,,0.00,3250.00,NGN,0,Closed,2020-04-22 00:00:00,Performing
ABIODUN OGUNYEMI,"=""22397888153""",4TUNDE STREETOLAMBEOGUN STATE Ifo Ogun State,,"=""22268582""","=""1618724""","=""224096743""",Personal fixed term loan,2019-08-22 00:00:00,1500.00,0.00,,0.00,1870.00,NGN,0,Closed,2019-09-23 00:00:00,Performing
ABIODUN BALOGUN,"=""22324101447""",prince olayode street nice estate AdoOdoOta Ogun State,,"=""22268717""","=""5061038""","=""2216421367""",Personal fixed term loan,2020-02-28 00:00:00,5000.00,0.00,,0.00,6250.00,NGN,0,Closed,2020-03-30 00:00:00,Performing
PHILIP AHISU,,GBAJI ALONG SEME ROAD BADAGRY Badagry Lagos State,,"=""22268782""","=""5836172""","=""1765730""",Personal fixed term loan,2020-03-07 00:00:00,2500.00,0.00,,0.00,2870.00,NGN,0,Closed,2020-03-23 00:00:00,Performing
PRECIOUS EZE,"=""22398003939""",1C OMENAZU STREET UMUNGASI MARKET BUS STOP ABA Umu Nneochi,,"=""22268917""","=""6311372""","=""1857664""",Personal fixed term loan,2020-03-21 00:00:00,2500.00,0.00,,0.00,3250.00,NGN,0,Closed,2020-04-20 00:00:00,Performing
PRECIOUS EZE,"=""22398003939""",1C OMENAZU STREET UMUNGASI MARKET BUS STOP ABA Umu Nneochi,,"=""22268917""","=""6311372""","=""223598305""",Personal fixed term loan,2020-03-21 00:00:00,2500.00,0.00,,0.00,3250.00,NGN,0,Closed,2020-04-20 00:00:00,Performing
NWAKERENDU REUBEN,"=""22302074129""",RUMUOLA ABA ROAD  ObioAkpor Rivers State,,"=""22268982""","=""6431768""","=""1856291""",Personal fixed term loan,2020-03-20 00:00:00,2500.00,0.00,,0.00,2870.00,NGN,0,Closed,2020-04-06 00:00:00,Performing
OLUWATOBI ADEBIYI,,11 ayim pius ayim street Precious estate Lokogoma,,"=""22269103""","=""1498799""","=""2105053242""",Personal fixed term loan,2019-07-24 00:00:00,5000.00,0.00,,0.00,6500.00,NGN,0,Closed,2019-08-26 00:00:00,Performing
OLUWATOBI ADEBIYI,,11 ayim pius ayim street Precious estate Lokogoma,,"=""22269103""","=""1498799""","=""414461""",Personal fixed term loan,2019-07-24 00:00:00,5000.00,0.00,,0.00,6500.00,NGN,0,Closed,2019-08-26 00:00:00,Performing
OMOBOLAJI WASIU AILERU,"=""22223656208""",14 15 Prince Alaba Oniru Road Victoria Island,,"=""22914086""","=""8389809""","=""3067767547""",Personal fixed term loan,2020-10-18 00:00:00,20000.00,0.00,,0.00,26000.00,NGN,0,Open,2020-11-17 00:00:00,Performing
Adesanya Aina Motuntayo,"=""22428202899""",80 Ayangburen Road Opp Bukka Hut Ikorodu,,"=""22936378""","=""781710""","=""10701613""",Personal fixed term loan,2023-06-25 00:00:00,15000.00,0.00,,0.00,19125.00,NGN,0,Closed,2023-07-25 00:00:00,Performing
Adesanya Aina Motuntayo,"=""22428202899""",80 Ayangburen Road Opp Bukka Hut Ikorodu,,"=""22936378""","=""781710""","=""296934""",Personal fixed term loan,2019-06-17 00:00:00,15000.00,0.00,,0.00,19500.00,NGN,0,Closed,2019-07-17 00:00:00,Performing
AUGUSTINE NDIMKAOHA,,VALENCY Obafemi Owode Ogun State,,"=""22268665""","=""2801426""","=""2120910751""",Personal fixed term loan,2020-02-20 00:00:00,1500.00,0.00,,0.00,1720.00,NGN,0,Closed,2020-03-06 00:00:00,Performing
GODSWILL SUNDAY,"=""22542926387""",ATAI IBOM OFFOT Uyo Akwa Ibom State,,"=""22268916""","=""6077102""","=""1725394""",Personal fixed term loan,2020-03-02 00:00:00,10000.00,0.00,,0.00,13000.00,NGN,0,Closed,2020-04-01 00:00:00,Performing
EMMANUEL CHIDUBEM NWAFOR,"=""22571299856""",14 15 Prince Alaba Oniru Road Victoria Island,,"=""22925784""","=""12183160""","=""1403280923""",Personal fixed term loan,2021-05-01 00:00:00,5000.00,0.00,,0.00,5500.00,NGN,0,Open,2021-06-21 00:00:00,Performing
KEPHAS YOHANNA,"=""22524741830""",TARAUNI,,"=""22268861""","=""2516615""","=""2219185905""",Personal fixed term loan,2020-10-09 00:00:00,5000.00,0.00,,0.00,6000.00,NGN,0,Closed,2020-10-26 00:00:00,Performing
ANNA DANJUMA,"=""22219437383""",Royal street opp family and friends keffi nasarawa state,,"=""22268931""","=""1557053""","=""110616312""",Personal fixed term loan,2019-08-14 00:00:00,1500.00,0.00,,0.00,1950.00,NGN,0,Closed,2019-09-13 00:00:00,Performing
ANNA DANJUMA,"=""22219437383""",Royal street opp family and friends keffi nasarawa state,,"=""22268931""","=""1557053""","=""485570""",Personal fixed term loan,2019-08-14 00:00:00,1500.00,0.00,,0.00,1950.00,NGN,0,Closed,2019-09-13 00:00:00,Performing
AKEOBONG UTUK,"=""22543897370""",2A RD 7 FEDERAL LOW COST HOUSING ESTATE EBUBU ELEME Eleme,,"=""22268940""","=""6174611""","=""1759616""",Personal fixed term loan,2020-03-06 00:00:00,2500.00,0.00,,0.00,3250.00,NGN,0,Closed,2020-04-06 00:00:00,Performing
KINGSLEY UDEME,"=""22562188918""",CHARLES COMPOUND ELETO STREET IRIEBE Oyigbo Rivers State,,"=""22269038""","=""9725957""","=""1392979992""",Personal fixed term loan,2020-11-30 00:00:00,30000.00,0.00,,0.00,38400.00,NGN,0,Closed,2020-12-30 00:00:00,Performing
NKPOIKANKE IKOT,,20 COURT ROAD,,"=""22954484""","=""719399""","=""53414""",Personal fixed term loan,2018-11-26 00:00:00,10000.00,0.00,,0.00,11400.00,NGN,0,Closed,2018-12-10 00:00:00,Performing
ABIOLA ADEDOYE,"=""22178928823""",13 OKE IBADAN STREET AKOBO IBADAN Lagelu Oyo State,,"=""22265989""","=""3861286""","=""2055182612""",Personal fixed term loan,2019-12-09 00:00:00,25000.00,0.00,,0.00,31250.00,NGN,0,Closed,2020-01-08 00:00:00,Performing
DAVID JAMES,"=""22525115397""",NO 21 JOSHUA STREET OFF AKER ROAD RUMUOLUMENI PHC ObioAkpo,,"=""22267566""","=""4966255""","=""6556557303""",Personal fixed term loan,2020-01-18 00:00:00,2500.00,0.00,,0.00,3250.00,NGN,0,Closed,2020-02-17 00:00:00,Performing
ISA MUHAMMADU,,BOLARI CLOSE TO JUMAA MOSQUEN,"=""2348060861045""","=""22268068""","=""6971864""","=""1938329""",Personal fixed term loan,2020-04-14 00:00:00,2500.00,0.00,,0.00,2870.00,NGN,0,Closed,2020-04-29 00:00:00,Performing
IBRAHIM OWOLABI,,10 gbaremu oloba ibadan,"=""07057020326""","=""22268161""","=""2650385""","=""2069632222""",Personal fixed term loan,2020-04-18 00:00:00,5000.00,0.00,,0.00,6250.00,NGN,0,Closed,2020-05-18 00:00:00,Performing
cletus agogo,"=""22274178223""",no 9 moniayard igoli Ogoja Cross River State,,"=""22268268""","=""6380228""","=""1829999""",Personal fixed term loan,2020-03-16 00:00:00,5000.00,0.00,,0.00,5750.00,NGN,0,Closed,2020-03-31 00:00:00,Performing
cletus agogo,"=""22274178223""",no 9 moniayard igoli Ogoja Cross River State,,"=""22268268""","=""6380228""","=""3150546310""",Personal fixed term loan,2020-03-16 00:00:00,5000.00,0.00,,0.00,5750.00,NGN,0,Closed,2020-03-31 00:00:00,Performing
ABDULLAHI ABDULLAHI,"=""22509652933""",TUKUNTAWA QTRS Kano Municipal Kano State,,"=""22268338""","=""10336304""","=""2152544045""",Personal fixed term loan,2020-12-17 00:00:00,10000.00,0.00,,0.00,13000.00,NGN,0,Closed,2021-01-18 00:00:00,Performing
ADEJOH AUDU,"=""22529228983""",1 BIODUN ODUNTOLA ISHERI OLOFIN Kosofe Lagos State,,"=""22268361""","=""5968547""","=""1865196""",Personal fixed term loan,2020-03-22 00:00:00,5000.00,0.00,,0.00,6250.00,NGN,0,Closed,2020-04-21 00:00:00,Performing
STEPHEN MORGAN,"=""22445930555""",7D WATSON RAILWAY QUARTERS Enugu North Enugu State,,"=""22268538""","=""5679065""","=""1591828""",Personal fixed term loan,2020-02-13 00:00:00,2500.00,0.00,,0.00,3250.00,NGN,0,Closed,2020-03-16 00:00:00,Performing
STEPHEN MORGAN,"=""22445930555""",7D WATSON RAILWAY QUARTERS Enugu North Enugu State,,"=""22268538""","=""5679065""","=""2101113397""",Personal fixed term loan,2020-02-13 00:00:00,2500.00,0.00,,0.00,3250.00,NGN,0,Closed,2020-03-16 00:00:00,Performing
AINA ABIODUN,,2 alafia street off adeniyi casso busstop alagbado lagos s,,"=""22268761""","=""1786748""","=""606016""",Personal fixed term loan,2019-09-05 00:00:00,2500.00,0.00,,0.00,3250.00,NGN,0,Closed,2019-10-07 00:00:00,Performing
Aderinloye Precious,"=""22562772911""",11 Anuolwapo Street loburo mowe,,"=""22609940""","=""41712644""","=""9945562""",Personal fixed term loan,2023-04-12 00:00:00,10000.00,0.00,,0.00,12700.00,NGN,0,Closed,2023-05-12 00:00:00,Performing
ABDULRAHAMAN OBIOMA AKPAMA,"=""22432612444""",14 15 Prince Alaba Oniru Road Victoria Island,,"=""23117632""","=""8978932""","=""2025533378""",Personal fixed term loan,2021-01-26 00:00:00,10000.00,0.00,,0.00,13000.00,NGN,0,Open,2021-02-25 00:00:00,Performing
KPURKPUR AWASE KATE,"=""22204283434""",,,"=""22343634""","=""6962321""","=""5878381""",Personal fixed term loan,2022-02-10 00:00:00,30000.00,0.00,,0.00,22040.00,NGN,0,Closed,2022-04-11 00:00:00,Performing
KPURKPUR AWASE KATE,"=""22204283434""",,,"=""22343634""","=""6962321""","=""6793990""",Personal fixed term loan,2022-05-20 00:00:00,10000.00,0.00,,0.00,12000.00,NGN,0,Closed,2022-06-06 00:00:00,Performing
KPURKPUR AWASE KATE,"=""22204283434""",,,"=""22343634""","=""6962321""","=""6911145""",Personal fixed term loan,2022-06-01 00:00:00,10000.00,0.00,,0.00,12000.00,NGN,0,Closed,2022-06-16 00:00:00,Performing
KPURKPUR AWASE KATE,"=""22204283434""",,,"=""22343634""","=""6962321""","=""7188829""",Personal fixed term loan,2022-06-29 00:00:00,10000.00,0.00,,0.00,12000.00,NGN,0,Closed,2022-07-14 00:00:00,Performing
KPURKPUR AWASE KATE,"=""22204283434""",,,"=""22343634""","=""6962321""","=""7338990""",Personal fixed term loan,2022-07-14 00:00:00,15000.00,0.00,,0.00,18000.00,NGN,0,Closed,2022-07-29 00:00:00,Performing
AFOLABI TOYIN DAMILOLA,"=""22403896930""",ada road off ladoja iree,,"=""23039317""","=""1474013""","=""2090818956""",Personal fixed term loan,2020-01-27 00:00:00,2500.00,0.00,,0.00,2870.00,NGN,0,Open,2020-02-11 00:00:00,Performing
salimat issa,"=""22509292704""",ojomu close off basin road ilorin Ilorin East Kwara State,,"=""22268519""","=""5723528""","=""1820903""",Personal fixed term loan,2020-03-15 00:00:00,1500.00,0.00,,0.00,1870.00,NGN,0,Closed,2020-04-14 00:00:00,Performing
ODUNAYO AFOLABI,"=""22214267008""",BLOCK 109 FLAT 2 ABESAN HOUSING ESTATE IPAJA Alimosho Lago,,"=""22268580""","=""6658079""","=""1905576""",Personal fixed term loan,2020-03-29 00:00:00,10000.00,0.00,,0.00,13000.00,NGN,0,Closed,2020-04-28 00:00:00,Performing
jamiu ganiyu,"=""22230820320""",11 alice tinubu street orile iganmu AjeromiIfelodun Lagos,,"=""22268719""","=""6304520""","=""2081340554""",Personal fixed term loan,2020-03-12 00:00:00,1500.00,0.00,,0.00,1950.00,NGN,0,Closed,2020-04-14 00:00:00,Performing
FALILAT AHMED,"=""22511621501""",ILE BALOGUNIJOMU ORO Irepodun Kwara State,,"=""22268780""","=""7907546""","=""2122267583""",Personal fixed term loan,2020-07-23 00:00:00,10000.00,0.00,,0.00,12000.00,NGN,0,Closed,2020-08-07 00:00:00,Performing
FALILAT AHMED,"=""22511621501""",ILE BALOGUNIJOMU ORO Irepodun Kwara State,,"=""22268780""","=""7907546""","=""2212372""",Personal fixed term loan,2020-07-23 00:00:00,10000.00,0.00,,0.00,12000.00,NGN,0,Closed,2020-08-07 00:00:00,Performing
MUKTAR HABIBU,"=""22554197003""",LB17 YABA ROAD BAKIN RUWA RIGASA,,"=""22268873""","=""6805958""","=""1927007""",Personal fixed term loan,2020-04-08 00:00:00,2500.00,0.00,,0.00,3250.00,NGN,0,Closed,2020-05-08 00:00:00,Performing
MUKTAR HABIBU,"=""22554197003""",LB17 YABA ROAD BAKIN RUWA RIGASA,,"=""22268873""","=""6805958""","=""4210015039""",Personal fixed term loan,2020-04-08 00:00:00,2500.00,0.00,,0.00,3250.00,NGN,0,Closed,2020-05-08 00:00:00,Performing
Godfrey Praise Bassey,"=""22580567010""",Plot 473 AA3 layout kuje Abuja,,"=""22277761""","=""42412242""","=""10020598""",Personal fixed term loan,2023-04-19 00:00:00,22500.00,28575.00,,0.00,28575.00,NGN,0,Open,2023-05-19 00:00:00,Performing
TAIWO AKINBORO,"=""22297043357""",S7454B FELELE Ibadan SouthEast Oyo State,,"=""22268292""","=""5825546""","=""3064114126""",Personal fixed term loan,2020-03-13 00:00:00,2500.00,0.00,,0.00,2870.00,NGN,0,Closed,2020-03-30 00:00:00,Performing
RACHAEL FAMOFO,"=""22210437122""",9 PEACE AVENUE OLUBONDU VIA IPAJA Alimosho Lagos State,,"=""22268543""","=""3262172""","=""121745731""",Personal fixed term loan,2020-02-08 00:00:00,45000.00,0.00,,0.00,56250.00,NGN,0,Closed,2020-03-09 00:00:00,Performing
OLAWALE OLATUNDE,"=""22473376804""",NO 144 AIT ROAD ALAGBADO LAGOS Alimosho Lagos State,,"=""22268590""","=""6305048""","=""1809559""",Personal fixed term loan,2020-03-13 00:00:00,2500.00,0.00,,0.00,3250.00,NGN,0,Closed,2020-04-14 00:00:00,Performing
OLAWALE OLATUNDE,"=""22473376804""",NO 144 AIT ROAD ALAGBADO LAGOS Alimosho Lagos State,,"=""22268590""","=""6305048""","=""5246572028""",Personal fixed term loan,2020-03-13 00:00:00,2500.00,0.00,,0.00,3250.00,NGN,0,Closed,2020-04-14 00:00:00,Performing
ADEDAYO ABISUGA,,55 AKEJU STR SOMOLU LAGOS Shomolu Lagos State,,"=""22268658""","=""4902695""","=""2057265544""",Personal fixed term loan,2020-01-13 00:00:00,2500.00,0.00,,0.00,2870.00,NGN,0,Closed,2020-01-28 00:00:00,Performing
JIM AHMED,"=""22436684331""",NO 8 KAMSALEM ROAD MALALI KADUNA Kaduna North Kaduna State,,"=""22268841""","=""6370400""","=""21573643""",Personal fixed term loan,2020-03-29 00:00:00,2500.00,0.00,,0.00,3120.00,NGN,0,Closed,2020-04-28 00:00:00,Performing
IME PETER,,55 aka etinan,,"=""22268977""","=""2283815""","=""61320968""",Personal fixed term loan,2019-10-27 00:00:00,5000.00,0.00,,0.00,5750.00,NGN,0,Closed,2019-11-11 00:00:00,Performing
IME PETER,,55 aka etinan,,"=""22268977""","=""2283815""","=""899831""",Personal fixed term loan,2019-10-27 00:00:00,5000.00,0.00,,0.00,5750.00,NGN,0,Closed,2019-11-11 00:00:00,Performing
CHIDIEBERE EMMANUEL,,BEHIND HILLVIEW ESTATE DURUMI 3 ABUJA Municipal Area Counc,,"=""22269092""","=""5238860""","=""105311921""",Personal fixed term loan,2020-03-05 00:00:00,5000.00,0.00,,0.00,5750.00,NGN,0,Closed,2020-03-20 00:00:00,Performing
CHIDIEBERE EMMANUEL,,BEHIND HILLVIEW ESTATE DURUMI 3 ABUJA Municipal Area Counc,,"=""22269092""","=""5238860""","=""1751914""",Personal fixed term loan,2020-03-05 00:00:00,5000.00,0.00,,0.00,5750.00,NGN,0,Closed,2020-03-20 00:00:00,Performing
ADAM SHEHU,"=""22497678616""",4PV7HR7 Ibrahim Taiwo Rd 250101 Offa Kwara Nigeria,,"=""22335459""","=""1395505""","=""2216200913""",Personal fixed term loan,2019-07-04 00:00:00,2500.00,0.00,,0.00,3250.00,NGN,0,Open,2019-08-05 00:00:00,Performing
BENAEBI ADONKIE,"=""22162729164""",24 ROAD BLOCK 7 FLAT 3 FESTAC TOWN LAGOS STATE,,"=""22543193""","=""44483710""","=""12174926""",Personal fixed term loan,2023-11-19 00:00:00,500000.00,0.00,,0.00,134025.00,NGN,0,Closed,2024-05-17 00:00:00,Performing
CHIDUBEM DIEKE,"=""22372288859""",31 ENWEONWU STREET ONITSHA,,"=""22576000""","=""44355007""","=""13401950""",Personal fixed term loan,2024-04-01 00:00:00,375000.00,0.00,,0.00,186825.00,NGN,0,Closed,2024-06-30 00:00:00,Performing
