Name,BankVerificationNumber,Address,HomeTelephoneNumber,FirstCentralReferenceNo,customerid,AccountNo,TypeOfAccount,DateAccountOpened,OpeningBalanceAmt,CurrentBalanceAmt,CurrentBalanceDebitInd,AmountOverdue,InstalmentAmount,Currency,MonthsInArrears,AccountStatusCode,ClosedDate,loanclassification
EBIERE FELIX SUNDAY,"=""22233674072""",CUSTOM ROAD BIOGBOLO BEHIND THE ONLY GOLDEN GATE Yenagoa B,,"=""18378141""","=""10242149""","=""RCL10242149""",Personal Overdraft,2024-09-10 00:00:00,120000.00,0.00,,,0.00,NGN,0,Open,,Performing
OLAYADE TIMILEYIN OLUWASEGUN,"=""22450785795""",NO 7 ONINEKE OPP ODO OGBE MARKET ILEIFE,,"=""18442478""","=""40608981""","=""RCL40608981""",Personal Overdraft,2025-04-02 00:00:00,10000.00,35878.23,,,35878.23,NGN,90,Open,,
ADEGBITE ADETAYO AKEEM,,3 BANKOLE STREET ALAAKA ADEGBAYI OYO STATE  ADEGBAYI EGBED,"=""08066455505""","=""18540496""","=""47535215""","=""RCL47535215""",Personal Overdraft,2025-03-03 00:00:00,105000.00,118122.75,,,118122.75,NGN,8,Open,,Watchlist
INYANG FAVOUR ARTHUR,"=""22517306262""",RD 4 NO I RUMUNDURU FARM RD RUMUODARA JUNCTION PHC,,"=""18646170""","=""43034826""","=""10206357""",Personal fixed term loan,2023-05-07 00:00:00,10000.00,0.00,,0.00,11500.00,NGN,0,Closed,2023-05-29 00:00:00,Performing
INYANG FAVOUR ARTHUR,"=""22517306262""",RD 4 NO I RUMUNDURU FARM RD RUMUODARA JUNCTION PHC,,"=""18646170""","=""43034826""","=""10762350""",Personal fixed term loan,2023-07-02 00:00:00,20000.00,0.00,,0.00,25500.00,NGN,0,Closed,2023-08-08 00:00:00,Performing
INYANG FAVOUR ARTHUR,"=""22517306262""",RD 4 NO I RUMUNDURU FARM RD RUMUODARA JUNCTION PHC,,"=""18646170""","=""43034826""","=""13546576""",Personal fixed term loan,2024-04-15 00:00:00,10000.00,0.00,,0.00,12156.00,NGN,0,Closed,2024-05-17 00:00:00,Performing
DODO FEMI FANGNON,"=""22361570198""",37 JAMES GEORGE STREET IKOYI,,"=""18680955""","=""36217308""","=""11119611""",Personal fixed term loan,2023-08-09 00:00:00,10000.00,0.00,,0.00,11970.00,NGN,0,Closed,2023-08-24 00:00:00,Performing
DODO FEMI FANGNON,"=""22361570198""",37 JAMES GEORGE STREET IKOYI,,"=""18680955""","=""36217308""","=""11305463""",Personal fixed term loan,2023-08-28 00:00:00,40000.00,0.00,,0.00,47880.00,NGN,0,Closed,2023-09-12 00:00:00,Performing
DODO FEMI FANGNON,"=""22361570198""",37 JAMES GEORGE STREET IKOYI,,"=""18680955""","=""36217308""","=""11742791""",Personal fixed term loan,2023-10-09 00:00:00,110000.00,0.00,,0.00,128370.00,NGN,0,Closed,2023-10-24 00:00:00,Performing
DODO FEMI FANGNON,"=""22361570198""",37 JAMES GEORGE STREET IKOYI,,"=""18680955""","=""36217308""","=""12011205""",Personal fixed term loan,2023-11-03 00:00:00,15000.00,0.00,,0.00,17490.00,NGN,0,Closed,2023-11-18 00:00:00,Performing
DODO FEMI FANGNON,"=""22361570198""",37 JAMES GEORGE STREET IKOYI,,"=""18680955""","=""36217308""","=""12221361""",Personal fixed term loan,2023-11-24 00:00:00,50000.00,0.00,,0.00,60750.00,NGN,0,Closed,2023-12-24 00:00:00,Performing
DODO FEMI FANGNON,"=""22361570198""",37 JAMES GEORGE STREET IKOYI,,"=""18680955""","=""36217308""","=""12782340""",Personal fixed term loan,2024-01-24 00:00:00,100000.00,0.00,,0.00,117200.00,NGN,0,Closed,2024-02-08 00:00:00,Performing
DODO FEMI FANGNON,"=""22361570198""",37 JAMES GEORGE STREET IKOYI,,"=""18680955""","=""36217308""","=""13119010""",Personal fixed term loan,2024-03-02 00:00:00,70000.00,0.00,,0.00,82390.00,NGN,0,Closed,2024-03-17 00:00:00,Performing
DODO FEMI FANGNON,"=""22361570198""",37 JAMES GEORGE STREET IKOYI,,"=""18680955""","=""36217308""","=""13943600""",Personal fixed term loan,2024-05-28 00:00:00,20000.00,0.00,,0.00,22208.00,NGN,0,Closed,2024-07-27 00:00:00,Performing
DODO FEMI FANGNON,"=""22361570198""",37 JAMES GEORGE STREET IKOYI,,"=""18680955""","=""36217308""","=""14581264""",Personal fixed term loan,2024-08-08 00:00:00,10000.00,0.00,,0.00,11866.00,NGN,0,Closed,2024-08-23 00:00:00,Performing
DODO FEMI FANGNON,"=""22361570198""",37 JAMES GEORGE STREET IKOYI,,"=""18680955""","=""36217308""","=""15107102""",Personal fixed term loan,2024-10-06 00:00:00,12500.00,0.00,,0.00,15312.50,NGN,0,Closed,2024-11-05 00:00:00,Performing
DODO FEMI FANGNON,"=""22361570198""",37 JAMES GEORGE STREET IKOYI,,"=""18680955""","=""36217308""","=""15533969""",Personal fixed term loan,2024-12-03 00:00:00,20000.00,0.00,,0.00,24260.00,NGN,0,Closed,2025-01-02 00:00:00,Performing
Okomi Daniel Oshobugae,"=""22531531118""",9 AYENIGBA STREET ALIMU BUS STOP,,"=""18000791""","=""19820967""","=""RCL19820967""",Personal Overdraft,2025-08-01 00:00:00,275144.07,367512.37,,367512.37,309875.62,NGN,65,Open,,Doubtful
OBIAYA CHUKWUNWEIKE,,NO 4 AYUBA AVENUE UNG PAMA SABON TASHA  Chikun Kaduna Stat,,"=""18378620""","=""11969611""","=""RCL11969611""",Personal Overdraft,2025-06-01 00:00:00,75000.00,21093.87,,,21093.87,NGN,0,Open,,Performing
AYEGBUSI HELLEN PELUMI,"=""22451646167""",25 ABIODUN LAWAL STREET,,"=""18463527""","=""43771518""","=""RCL43771518""",Personal Overdraft,2025-03-25 00:00:00,10000.00,0.00,,,0.00,NGN,0,Open,,Performing
OKEH OBIORA GREAT,"=""22638765902""",SCHOOL OF NURSINGLAGOS UNIVERSITY TEACHING HOSPITAL Mushin,,"=""18466392""","=""17678086""","=""RCL17678086""",Personal Overdraft,2024-07-26 00:00:00,265000.00,2414.52,,0.00,4866.53,NGN,0,Open,,Performing
ADEKOLA SEUN SAMSON,"=""22262678003""",13 OPOMAJA AVENUE IJA ISHAGA LAGOS,"=""08166668145""","=""18717287""","=""39877931""","=""RCL39877931""",Personal Overdraft,2025-05-02 00:00:00,120000.00,169638.87,,,169638.87,NGN,62,Open,,Doubtful
POPOOLA AKINOLA,"=""22175601596""",HOUSE 1 ROAD B ILUPEJU STREET YIDI APETE IBADAN Ibadan Nor,,"=""18869507""","=""11800799""","=""RCL11800799""",Personal Overdraft,2024-04-05 00:00:00,200000.00,0.00,,,0.00,NGN,0,Open,,Performing
CHUKWU MOLEY,"=""22537035715""",Not Available,,"=""18895082""","=""16704728""","=""RCL16704728""",Personal Overdraft,2025-04-22 00:00:00,47250.75,43350.00,,,43350.00,NGN,0,Open,,Performing
EGBODO OBO,"=""22275201090""",AMEKA OWO,,"=""18907143""","=""26029526""","=""RCL26029526""",Personal Overdraft,2024-11-22 00:00:00,45000.00,0.19,,0.00,0.73,NGN,0,Open,,Performing
GODFREY VIVIAN,,GODFREY RESIDENCE AFTER ECWA CHURCH ALUNGU 69 ROAD GWARINP,,"=""19007551""","=""19352694""","=""RCL19352694""",Personal Overdraft,2025-05-14 00:00:00,50000.00,18000.00,,,18000.00,NGN,0,Open,,Performing
BARDE CHRISTY,,Not Available,,"=""19201697""","=""14222124""","=""RCL14222124""",Personal Overdraft,2024-12-21 00:00:00,75000.00,0.00,,0.00,0.00,NGN,0,Open,,Performing
VERONICA ELE,"=""22152954923""",74 SHOGBANU STREET BRAIGA,,"=""19232849""","=""33613308""","=""RCL33613308""",Personal Overdraft,2024-12-24 00:00:00,135000.00,0.00,,0.00,0.00,NGN,0,Open,,Performing
OLA IRAOYA GODSWILL,,17 AMUSA STREET,,"=""18009450""","=""20367267""","=""RCL20367267""",Personal Overdraft,2024-05-16 00:00:00,100000.00,158146.20,,,158146.20,NGN,91,Open,,Lost
CHIBUEZE JOHNPAUL AGUOLU,"=""22390188241""",27 HOTEC AVENUE UGWUNOGBANKPA ONITSHA,,"=""18069503""","=""41867834""","=""RCL41867834""",Personal Overdraft,2025-01-19 00:00:00,10000.00,16772.22,,0.00,12189.89,NGN,186,Open,,Lost
BADAMOSI ADETOLA,,Not Available,,"=""18378419""","=""15059288""","=""RCL15059288""",,2025-02-23 00:00:00,200000.00,0.00,,0.00,99900.00,NGN,0,Open,,Performing
OLLOTAH TIMOTHY,,12 ISAAC STREET IBEREKO BADAGRY LAGOS Badagry Lagos State,,"=""18843066""","=""10036706""","=""RCL10036706""",Personal Overdraft,2024-04-06 00:00:00,6463.67,4167.55,,0.00,4618.64,NGN,0,Open,,Performing
ANT SA CYPRIAN,,Not Available,,"=""18845299""","=""14082983""","=""RCL14082983""",Personal Overdraft,2024-11-26 00:00:00,300000.00,0.00,,0.00,0.00,NGN,0,Open,,Performing
Felix Ebupobong,,3 ROSSANA STREET OTA Akwa Ibom State nigeria Ado Odo Ota O,"=""08067798310""","=""18866866""","=""6476399""","=""RCL6476399""",Personal Overdraft,2024-06-21 00:00:00,123672.46,102344.51,,102345.00,92791.04,NGN,33,Open,,Sub standard
ILIYA ENDURANCE,"=""22252596832""",10 JAURO PUGUN STREET  Jalingo Taraba State,,"=""18870074""","=""12318287""","=""RCL12318287""",Personal Overdraft,2024-11-16 00:00:00,26000.00,27056.75,,,27056.75,NGN,8,Open,,
ADEBAYO ADEKUNLE,,60 ISAAC JOHN STREET GRA IKEJA Ikeja Lagos State,,"=""18920278""","=""10306636""","=""RCL10306636""",Personal Overdraft,2024-08-17 00:00:00,74360.00,0.00,,0.00,0.00,NGN,0,Open,,Performing
KANU PATRICIAROSE,,Not Available,,"=""18921337""","=""11729032""","=""RCL11729032""",Personal Overdraft,2025-05-02 00:00:00,300000.00,52891.46,,,52891.46,NGN,32,Open,,Sub standard
SULEIMAN ABUBAKIR,,10 ELEKURO STREET EMIR S PALACE ROAD,,"=""18999362""","=""28689790""","=""RCL28689790""",Personal Overdraft,2024-01-07 00:00:00,245000.00,15601.17,,0.00,0.00,NGN,0,Open,,Performing
FOLOWOSELE MORENIKEJI,"=""22324603198""",PrimaryAddressLine1,,"=""18771295""","=""15542695""","=""RCL15542695""",Personal Overdraft,2024-06-30 00:00:00,195000.00,0.00,,,0.00,NGN,0,Open,,Performing
UGBOKO ONYEKACHI,,SUITE 1 KORPORATE PLAZA,"=""08133259238""","=""18829387""","=""23865791""","=""RCL23865791""",Personal Overdraft,2024-03-18 00:00:00,5000.00,4706.10,,4706.10,2694.70,NGN,5,Open,,Watchlist
EYO FAITH,,NO 5 ORISHE ST IKEJA,,"=""18857663""","=""34875086""","=""RCL34875086""",Personal Overdraft,2025-04-14 00:00:00,245000.00,0.00,,,0.00,NGN,0,Open,,Performing
IBRAHIM ZULAIHA,,55CFF4 Suleja Nigeria,,"=""18923209""","=""13681969""","=""RCL13681969""",,2025-01-29 00:00:00,80000.00,0.00,,,0.00,NGN,0,Open,,Performing
SAMUEL NNENNA,"=""22602602705""",PrimaryAddressLine1,,"=""18971575""","=""15379465""","=""RCL15379465""",Personal Overdraft,2024-11-04 00:00:00,622440.00,575157.97,,575158.00,0.00,NGN,63,Open,,Doubtful
ENYONG EKEME,,329 ORON RD UYO AKS,,"=""19001025""","=""20242213""","=""RCL20242213""",Personal Overdraft,2024-10-11 00:00:00,200000.00,0.00,,,0.00,NGN,0,Open,,Performing
OYINLOYE JOSHUA,"=""22475655680""",7 Okpanam AsabaDelta state,,"=""19006280""","=""28694625""","=""RCL28694625""",Personal Overdraft,2024-10-11 00:00:00,50000.00,48241.76,,48242.00,0.00,NGN,2,Open,,Watchlist
SULIAT OLAYINKA OLAJUWON,,36 SAMUEL ADEOTI STREET IJEGU N,,"=""18255075""","=""28873614""","=""RCL28873614""",Personal Overdraft,2024-09-09 00:00:00,162676.25,89917.16,,89917.00,105676.11,NGN,94,Open,,Lost
FARINU ANUOLUWA,,NO 001 RUMUOKWURUSHI PIPELINE,,"=""18379819""","=""13104040""","=""RCL13104040""",Personal Overdraft,2024-09-04 00:00:00,170000.00,20583.65,,0.00,0.00,NGN,0,Open,,Performing
Olaosebikan Gbenga Emmanuel,,14 OLUWASEUN STREET SANGO OTA,,"=""18429134""","=""25538393""","=""RCL25538393""",Personal Overdraft,2025-03-29 00:00:00,80000.00,85920.00,,,85920.00,NGN,1,Open,,
OSATOHANMWEN IKPONMWOSA,,NO 9 OSATOHANMWEN STR OFF AGBOR RD BENIN CITY EDO STATE,,"=""18535158""","=""27658250""","=""RCL27658250""",Personal Overdraft,2024-10-15 00:00:00,200000.00,0.00,,0.00,0.00,NGN,0,Open,,Performing
ADEWUNMI RACHEAL,"=""22631660042""",7 IJAOTUN ALAPERE KETU LAGOS Kosofe Lagos State,,"=""18932314""","=""20860795""","=""RCL20860795""",Personal Overdraft,2025-01-18 00:00:00,68750.00,298.75,,0.00,47608.98,NGN,0,Open,,Performing
IKEDIFE RUTH,"=""22386997873""",,,"=""18940121""","=""28136611""","=""RCL28136611""",Personal Overdraft,2024-08-29 00:00:00,245000.00,0.00,,0.00,101194.19,NGN,0,Open,,Performing
EJIKEME BLAISE,"=""22420690483""",NO 57 OZUBULU STREET ONITSHA,,"=""19008407""","=""12869556""","=""RCL12869556""",Personal Overdraft,2024-07-28 00:00:00,55000.00,0.00,,,0.00,NGN,0,Open,,Performing
DIANA BAMIDELE AJOMALE,,,,"=""18250500""","=""27433723""","=""RCL27433723""",,2025-08-03 00:00:00,300000.00,0.00,,0.00,35476.06,NGN,0,Open,,Performing
ANDREW ANGELA,,13 AJOKE ESTATE FAGBA IJU,,"=""18379052""","=""27606662""","=""RCL27606662""",,2025-03-04 00:00:00,279500.00,104200.00,,0.00,0.00,NGN,0,Open,,Performing
jibril Aisha Abubakar,"=""22532045991""",behind bata wunti street bauchi Bauchi Bauchi State,"=""08123136069""","=""18384093""","=""6688452""","=""RCL6688452""",Personal Overdraft,2024-05-27 00:00:00,6250.00,0.00,,,0.00,NGN,0,Open,,Performing
OLUFISAYO BISOLA OGUNWOLE,"=""22338950253""",A6 MOKORE OLORUNSOGO IBADANOyo State,,"=""18497451""","=""8181277""","=""RCL8181277""",Personal Overdraft,2025-01-09 00:00:00,30000.00,0.00,,0.00,0.00,NGN,0,Open,,Performing
Ikhuoria Monday,"=""22148526332""",2 Ayeni Close Isashi Ojo Lagos,,"=""18534998""","=""26154185""","=""RCL26154185""",Personal Overdraft,2024-08-17 00:00:00,208000.00,217743.87,,,217743.87,NGN,93,Open,,Lost
RAYMOND IBRAHIM,,NO 45 PIPPAH CLOSE EJOFODOMI STREET OFF JAKPA ROAD,,"=""18535491""","=""28784687""","=""RCL28784687""",Personal Overdraft,2025-07-15 00:00:00,200000.00,0.00,,,0.00,NGN,0,Open,,Performing
ABOGUNDE KEHINDE,"=""22369493389""",PrimaryAddressLine1,,"=""18763508""","=""1338070""","=""RCL1338070""",Personal Overdraft,2024-12-15 00:00:00,135000.00,7171.00,,0.00,0.00,NGN,0,Open,,Performing
ASHI ABAYOMI,,18 YUSUF ADEBAYO AJEGUNLEAPAPA LAGOS,,"=""18772182""","=""13087426""","=""RCL13087426""",Personal Overdraft,2025-03-14 00:00:00,300000.00,0.00,,0.00,0.00,NGN,0,Open,,Open
ANUMUDU OGBONNE,"=""22259248547""",Not Available,,"=""18794460""","=""15571148""","=""RCL15571148""",Personal Overdraft,2024-06-06 00:00:00,65000.00,79217.03,,,79217.03,NGN,91,Open,,Lost
GANIYU TAIWO SHEFIU,"=""22516773209""",25OLAOLUWA STRIDIIROKO BSTOPAGBADO IFOOGUN,,"=""18654477""","=""37298716""","=""13522544""",Personal fixed term loan,2024-04-12 00:00:00,5000.00,0.00,,0.00,6750.00,NGN,0,Closed,2024-05-12 00:00:00,Performing
GANIYU TAIWO SHEFIU,"=""22516773209""",25OLAOLUWA STRIDIIROKO BSTOPAGBADO IFOOGUN,,"=""18654477""","=""37298716""","=""13818681""",Personal fixed term loan,2024-05-13 00:00:00,10000.00,0.00,,0.00,13600.00,NGN,0,Closed,2024-06-12 00:00:00,Performing
GANIYU TAIWO SHEFIU,"=""22516773209""",25OLAOLUWA STRIDIIROKO BSTOPAGBADO IFOOGUN,,"=""18654477""","=""37298716""","=""14097917""",Personal fixed term loan,2024-06-13 00:00:00,10000.00,0.00,,0.00,13600.00,NGN,0,Closed,2024-07-13 00:00:00,Performing
ERAVWUVIEKE ILOUOGHENE,"=""22315930708""",18 HEALTH CENTRE ROAD,"=""23408146947116""","=""18850514""","=""20527316""","=""RCL20527316""",Personal Overdraft,2024-09-25 00:00:00,300000.00,54000.00,,0.00,0.00,NGN,0,Open,,Performing
EMMANUEL ODICHINAKA KINGJAJA,,KUBWA GUIDNA VILLAGE CLOSE TO DEPEER LIFE CHURCH ABUJA,"=""2347041565341""","=""17906705""","=""PF107903""","=""A32830""",Personal fixed term loan,2024-10-13 00:00:00,215077.00,0.00,,0.00,172378.10,NGN,0,Closed,2024-10-18 00:00:00,Performing
GAFAR JAYEOLA,,5ORE META CLOSE ILOGBO ABEOKUTA Abeokuta South Ogun State,,"=""18537782""","=""522018""","=""RCL522018""",Personal Overdraft,2025-02-22 00:00:00,75000.00,111543.91,,,111543.91,NGN,67,Open,,
GODWIN OJO,,67 IDARE STRT TOTAL MALLAM SIYAKA HSE BS OKENE AkokoEdo Ed,,"=""18817201""","=""8544887""","=""RCL8544887""",Personal Overdraft,2024-08-15 00:00:00,36400.50,68840.32,,,68840.32,NGN,110,Open,,Lost
ERITOMI JOHN,,14 CAC STREET GRACE LAND ESTATE IJURI,,"=""18866286""","=""4594400""","=""RCL4594400""",Personal Overdraft,2024-11-26 00:00:00,89250.00,61412.50,,61412.50,85000.00,NGN,0,Open,,Performing
OLUSEGUN OMOWUNMI,,20CNEPA ROADISABOABEOKUTA,,"=""18968817""","=""13111768""","=""RCL13111768""",Personal Overdraft,2024-12-30 00:00:00,248730.30,232412.77,,232412.77,214804.38,NGN,4,Open,,Watchlist
AUDU MOHAMMED,,NO 10 GADUMO BEHIND UEC CHURCH LOKOJA,,"=""19148390""","=""27864807""","=""RCL27864807""",Personal Overdraft,2024-06-10 00:00:00,120000.00,0.00,,,0.00,NGN,0,Open,,Performing
MUYIWA JOHNSON OLUWATOBA,,L P 46 ALAPATA IKARE AKOKO,,"=""18208564""","=""52371207""","=""RCL52371207""",Personal Overdraft,2025-03-20 00:00:00,35000.00,34120.00,,,34120.00,NGN,0,Open,,Performing
ONOTAME JANET MODUPE,"=""22161422385""",Not Available,"=""07034499745""","=""18393021""","=""16785317""","=""RCL16785317""",Personal Overdraft,2025-06-06 00:00:00,305000.00,117525.09,,117525.00,0.00,NGN,33,Open,,Sub standard
OKUNTADE ODUNAYO SARAH,"=""22467110632""",10HONKOLAWOLE TAIWO STREET MAGBON BUS STOP BADAGRY,,"=""18462528""","=""40497351""","=""RCL40497351""",,2024-12-18 00:00:00,65000.00,24310.20,,0.00,40758.74,NGN,0,Open,,Performing
ADEYEMI VICTORIA MODUPE,"=""22425678480""",05 ALAO FARM RD OFF MINARET ACADEMY TANKE ILORIN KWARA,,"=""18975366""","=""18629746""","=""RCL18629746""",Personal Overdraft,2024-11-06 00:00:00,126968.04,69557.39,,,69557.39,NGN,0,Open,,Performing
FAKOLA ABIMBOLA,"=""22169883555""",NO 10 ADEGBOYEGA CRESCENT IJOKODO IBADAN Ibadan North Oyo,,"=""18993197""","=""8457718""","=""RCL8457718""",Personal Overdraft,2024-09-08 00:00:00,75000.00,0.00,,0.00,0.00,NGN,0,Open,,Performing
AER MSUGHTER,"=""22403339710""",Not Available,,"=""19149208""","=""5487549""","=""RCL5487549""",Personal Overdraft,2024-06-20 00:00:00,200000.00,28870.03,,,28870.03,NGN,91,Open,,Lost
MAYOWA EMMANUEL GIDADO,"=""22167169774""",NO 20 BINTU KURANGA STREET ASADAM ROAD  ILORIN KWARA STATE,,"=""18340605""","=""39261273""","=""11094825""",Personal fixed term loan,2023-08-06 00:00:00,15000.00,0.00,,0.00,18225.00,NGN,0,Closed,2023-08-21 00:00:00,Performing
MAYOWA EMMANUEL GIDADO,"=""22167169774""",NO 20 BINTU KURANGA STREET ASADAM ROAD  ILORIN KWARA STATE,,"=""18340605""","=""39261273""","=""11369146""",Personal fixed term loan,2023-09-03 00:00:00,10000.00,0.00,,0.00,12150.00,NGN,0,Closed,2023-09-18 00:00:00,Performing
ADEDIRAN ADETOLA JULIUS,"=""22435551108""",ogogo house papa ajisihan area Ogbomosho South Oyo State,"=""23408104730462""","=""18734535""","=""6259049""","=""RCL6259049""",Personal Overdraft,2025-01-20 00:00:00,35000.00,140082.53,,,140082.53,NGN,95,Open,,
kucha rachael,,BLOCK 19 FLAT 7 KUJE CLOSE AREA 10 GARKI,,"=""18771896""","=""19554442""","=""RCL19554442""",Personal Overdraft,2025-03-20 00:00:00,45000.00,0.00,,,0.00,NGN,0,Open,,Performing
EDERAGOBOR PROMISE,"=""22508473906""",105101 Idaso Lagos Nigeria,,"=""18794917""","=""15923435""","=""RCL15923435""",Personal Overdraft,2024-06-15 00:00:00,35000.00,16291.11,,16291.11,20001.18,NGN,190,Open,,Lost
ATEWOLOGUN MOFOPEFOLUWA DANIEL,,214 IJESHA RD BY AGUNLEJIKA BSTOP SURULERE,,"=""18856803""","=""28601093""","=""RCL28601093""",Personal Overdraft,2024-10-22 00:00:00,324480.00,253008.13,,0.00,222578.41,NGN,0,Open,,Performing
Oyedeji Adebimpe,"=""22234044179""",Oke Bode Moremi Street Oyo Garage Iwo,,"=""18904578""","=""24484534""","=""RCL24484534""",Personal Overdraft,2024-01-08 00:00:00,100000.00,0.00,,,0.00,NGN,0,Open,,Performing
MUSA JOSEPH,"=""22154801962""",OPP POLICE STATION RIYOM Riyom Plateau State,,"=""18948980""","=""16869373""","=""RCL16869373""",Personal Overdraft,2024-08-16 00:00:00,300000.00,0.00,,,0.00,NGN,0,Open,,Performing
ANTIA GLADYS,"=""22249069893""",N0 69 MOSHALASHI STREET OBALENDE LAGOS Eti Osa Lagos State,,"=""19026135""","=""11755110""","=""RCL11755110""",Personal Overdraft,2024-05-12 00:00:00,210000.00,346630.78,,,346630.78,NGN,96,Open,,Lost
ERNEST UHUNOMA OZIGBO,"=""22567942380""",33 igumas street off piple line upper sakponba road benin,,"=""19088039""","=""41272908""","=""RCL41272908""",Personal Overdraft,2025-02-04 00:00:00,10000.00,0.00,,,0.00,NGN,0,Open,,Performing
olukayode olukayode,,Not Available,,"=""19147310""","=""14415921""","=""RCL14415921""",Personal Overdraft,2024-12-06 00:00:00,304200.00,323008.73,,,323008.73,NGN,0,Open,,Performing
AKINYEMI TOLULOPE,,41 MOLONEY STREET EBUTE METTA,"=""2348166395695""","=""18810116""","=""28262708""","=""RCL28262708""",Personal Overdraft,2025-04-13 00:00:00,300000.00,18615.00,,,18615.00,NGN,0,Open,,Performing
eghaghe richard,"=""22220132158""",17 immaculate str off uwelu rd Egor Edo State,,"=""18817897""","=""12280316""","=""RCL12280316""",Personal Overdraft,2025-01-21 00:00:00,90000.00,0.00,,0.00,0.00,NGN,0,Open,,Performing
IMAI THOMPSON,,NO 12 ILETUMI STREET SURULERE Surulere Lagos State Lagos S,,"=""18928022""","=""17476753""","=""RCL17476753""",Personal Overdraft,2024-06-10 00:00:00,120000.00,182387.78,,744.23,182387.78,NGN,91,Open,,Lost
ARISEKOLA OLUWASEGUN DAMILARE,"=""22518088886""",14 KAYODE STR ONIPANU BST MUSHIN ODI OLOWO LAGOS,"=""09072990651""","=""19135526""","=""36648132""","=""RCL36648132""",Personal Overdraft,2024-08-25 00:00:00,125000.00,0.00,,,0.00,NGN,0,Open,,Performing
OLUROTIMI OLUWATOYIN,,NO 5IDERA STREETAYEDUN QUARTERSAKURE,,"=""19148337""","=""27408987""","=""RCL27408987""",Personal Overdraft,2024-12-19 00:00:00,80000.00,0.00,,,0.00,NGN,0,Open,,Performing
POLYCARP DANIEL,"=""22694947223""",NO 5 LAS VEGAS CRESENT KARU SITE ABUJA,,"=""18464953""","=""24870286""","=""RCL24870286""",Personal Overdraft,2025-01-22 00:00:00,15000.00,58776.53,,,58776.53,NGN,95,Open,,
CHUKS KINGSLEY UDOBA,"=""22190823861""",27 SALVATION AVE GOV RD COLLEGE BS IKOTUN,,"=""18527968""","=""38517055""","=""10938365""",Personal fixed term loan,2023-07-21 00:00:00,225000.00,0.00,,0.00,107625.00,NGN,0,Closed,2023-10-19 00:00:00,Performing
owolabi sadiat Adeola,,NO 29 LEGIRI STREET ODOJOMU ONDO Ondo West Ondo State,,"=""18761701""","=""2984429""","=""RCL2984429""",Personal Overdraft,2024-12-30 00:00:00,30000.00,0.00,,,0.00,NGN,0,Open,,Performing
Odeku Akinlolu,"=""22158136754""",29 Bolaji Benson Street Jumofak Ikorodu Ikorodu Lagos Stat,,"=""18870167""","=""12409484""","=""RCL12409484""",Personal Overdraft,2025-01-28 00:00:00,300000.00,0.00,,,0.00,NGN,0,Open,,Performing
ABDULRAHMON RILWAN,"=""22343198608""",18 BELLOFINNI AGBELE IKORODU,,"=""18883501""","=""25536707""","=""RCL25536707""",Personal Overdraft,2025-01-21 00:00:00,180000.00,0.00,,,0.00,NGN,0,Open,,
ONUKWURU NNAEMEKA,"=""22470020650""",ONUKWURU COMPOUND UMUDURU EZIANI VILLAGE IHIALA,,"=""18933407""","=""22079329""","=""RCL22079329""",Personal Overdraft,2025-01-14 00:00:00,125000.00,0.00,,,0.00,NGN,0,Open,,Performing
TAIWO THEODORA,,16 ABEOKUTA STREET IRAWO AJEGUNLE IKORODU,,"=""18959343""","=""28979821""","=""RCL28979821""",Personal Overdraft,2025-04-23 00:00:00,65000.00,0.00,,,0.00,NGN,0,Open,,Performing
AWAJI RAPHAEL ALFRED,"=""22540340969""",Trans Amadi Port Harcourt Nigeria,,"=""18645723""","=""43997535""","=""10803731""",Personal fixed term loan,2023-07-06 00:00:00,5000.00,0.00,,0.00,6500.00,NGN,0,Closed,2023-08-05 00:00:00,Performing
IBRAHIM HARUNA,,NO 2 NAALLAH FARM SHABU NO 2 NASARAWA,,"=""18669587""","=""36814015""","=""RCL36814015""",Personal Overdraft,2024-06-07 00:00:00,200000.00,0.00,,,0.00,NGN,0,Open,,Performing
AKINRETI ADENIYI,"=""22216008575""",NO 12 AJIKORE STREET PROVIDENCE JUNCTION GENERAL GAS ROAD,,"=""18767438""","=""28118950""","=""RCL28118950""",Personal Overdraft,2024-05-23 00:00:00,200000.00,314384.37,,,314384.37,NGN,91,Open,,Lost
OHAMS EMMANUEL,"=""22425162732""",BLOCK 500 FLAT 3 JAKANDE STREET OshodiIsolo Lagos State,,"=""18817459""","=""9474146""","=""RCL9474146""",Personal Overdraft,2024-07-23 00:00:00,200000.00,0.00,,0.00,0.00,NGN,0,Open,,Performing
OGBAN SAMUEL,,HOUSE 41B KABUSA GARDEEN ESTATE,"=""08060199719""","=""18868382""","=""1023284""","=""RCL1023284""",Personal Overdraft,2024-10-21 00:00:00,28750.00,2986.23,,,2986.23,NGN,85,Open,,Doubtful
BAKRE ABDULFATAI OLUWAROTIMI,,A213 FEDERAL HOUSING ESTATE ELEGA,,"=""18959498""","=""31088605""","=""RCL31088605""",Personal Overdraft,2025-03-20 00:00:00,10000.00,0.00,,,0.00,NGN,0,Open,,Performing
AMEH FABIAN,,24 FORCES AVENUE OLD GRA,,"=""18962391""","=""8569297""","=""RCL8569297""",Personal Overdraft,2024-05-16 00:00:00,50000.00,33782.38,,,33782.38,NGN,91,Open,,Lost
OKEKENI SHELTER UGBEM,"=""22531233203""",GRA AREA BIDA,,"=""18205675""","=""50021877""","=""RCL50021877""",Personal Overdraft,2025-01-20 00:00:00,15000.00,21962.40,,,21962.40,NGN,36,Open,,
ALIMI BOLANLE SHAKIRAT,,12 ARUBIEWE STR OLODO,"=""08025641944""","=""18489502""","=""47706470""","=""RCL47706470""",Personal Overdraft,2025-03-27 00:00:00,275000.00,363478.37,,,363478.37,NGN,32,Open,,
KASARACHI VIVIAN UZOMA,"=""22267255328""",KOFAR KAURA AREA KATSINA,,"=""18513451""","=""39709648""","=""RCL39709648""",Personal Overdraft,2024-11-23 00:00:00,210000.00,24486.84,,,24486.84,NGN,0,Open,,
EDWIN,,Not Available,,"=""18532937""","=""13974059""","=""RCL13974059""",Personal Overdraft,2024-08-22 00:00:00,130000.00,222796.13,,0.00,188855.95,NGN,92,Open,,Lost
EZEAMA STEPHEN,"=""22476116232""",8 UGWUNWANI STREET ABAKPA NIKE,,"=""18803362""","=""24087977""","=""RCL24087977""",Personal Overdraft,2024-11-22 00:00:00,65000.00,45419.55,,,45419.55,NGN,0,Open,,Performing
OLUKOKU MOSES,,ABANISE HOUSE OLORUNSOGO AREA,,"=""18863611""","=""33756071""","=""RCL33756071""",Personal Overdraft,2024-06-05 00:00:00,250000.00,351560.66,,,351560.66,NGN,61,Open,,Doubtful
OGIDI CHUKWUMA,,56 ELEKAHIA ROAD TWO SISTERS,,"=""18925528""","=""15365395""","=""RCL15365395""",Personal Overdraft,2024-11-17 00:00:00,112717.50,129726.86,,,129726.86,NGN,96,Open,,Lost
KAMOLI LUKEMAN,"=""22370728003""",IGBOGENE YENAGOA,,"=""18950447""","=""1882105""","=""RCL1882105""",Personal Overdraft,2024-06-13 00:00:00,63444.51,17289.51,,0.00,50681.25,NGN,0,Open,,Performing
KUYEMBEH JOHN,,PrimaryAddressLine1,,"=""18953323""","=""22445518""","=""RCL22445518""",Personal Overdraft,2024-09-06 00:00:00,150000.00,0.00,,,0.00,NGN,0,Open,,Performing
BRIDGET MOMAH,,7 UNITY DRIVE IDIMU TUNTUN IDIMU,,"=""19234491""","=""28910652""","=""RCL28910652""",Personal Overdraft,2025-01-13 00:00:00,40000.00,0.00,,,0.00,NGN,0,Open,,Performing
KEHINDE ALABI,"=""22443665608""",Papa Ajao Lagos Nigeria,,"=""19235210""","=""18153348""","=""RCL18153348""",Personal Overdraft,2024-07-13 00:00:00,200000.00,24500.00,,0.00,32312.23,NGN,0,Open,,Performing
JOHN CHIBUEZE,,UMMUNEKWU Isuikwuato Abia State,,"=""18378962""","=""1689328""","=""RCL1689328""",Personal Overdraft,2024-10-24 00:00:00,285000.00,0.00,,,0.00,NGN,0,Open,,Performing
GARUBA WIQAAYA,,NO 1 GEORGE INNIH STREET SABO QRTS 1ST POWER LINE,,"=""18535415""","=""28589680""","=""RCL28589680""",Personal Overdraft,2024-06-27 00:00:00,198907.43,188166.88,,,188166.88,NGN,7,Open,,Watchlist
OKPALA MICHAEL,"=""22631774936""",9 SURAJUDEEN SALIU STREET IGBEKAPO  IJEDE Ikorodu Lagos St,,"=""18952593""","=""21049090""","=""RCL21049090""",Personal Overdraft,2024-10-16 00:00:00,120000.00,101999.09,,,101999.09,NGN,0,Open,,Performing
KYARI JOSEPH,"=""22230534135""",NO 3 NJURU AGBONCHIA ELEME,,"=""18957639""","=""27987163""","=""RCL27987163""",Personal Overdraft,2025-05-13 00:00:00,430000.00,0.00,,,0.00,NGN,0,Open,,Performing
IDADA BLESSING,"=""22498562679""",22 ROYAK CROWN STR OFF LUCKY WAY BENIN CITY,,"=""18990472""","=""34818481""","=""RCL34818481""",Personal Overdraft,2024-11-10 00:00:00,143482.10,165903.48,,,165903.48,NGN,96,Open,,Lost
EDOKAH IGHOMENA AGNES,"=""22300716175""",Lajo Igbogbo LCDA Ikorodu 104102 Ikorodu Nigeria,,"=""19140382""","=""44069407""","=""11568807""",Personal fixed term loan,2023-09-22 00:00:00,10000.00,0.00,,0.00,13100.00,NGN,0,Closed,2023-10-22 00:00:00,Performing
EDOKAH IGHOMENA AGNES,"=""22300716175""",Lajo Igbogbo LCDA Ikorodu 104102 Ikorodu Nigeria,,"=""19140382""","=""44069407""","=""11593644""",Personal fixed term loan,2023-09-25 00:00:00,30000.00,0.00,,0.00,38250.00,NGN,0,Closed,2023-10-25 00:00:00,Performing
EDOKAH IGHOMENA AGNES,"=""22300716175""",Lajo Igbogbo LCDA Ikorodu 104102 Ikorodu Nigeria,,"=""19140382""","=""44069407""","=""11720221""",Personal fixed term loan,2023-10-06 00:00:00,30000.00,0.00,,0.00,21720.00,NGN,0,Closed,2023-12-05 00:00:00,Performing
GBENRO TIMOTHY,,NO12 OPARA STREET ONU AVENUE OFF SEASIDE ROAD OYIGBO,,"=""19147802""","=""19523920""","=""RCL19523920""",Personal Overdraft,2024-03-11 00:00:00,185000.00,13107.96,,,13107.96,NGN,0,Open,,Performing
ABDULSALAM BALO,,Not Available,,"=""19201809""","=""13779387""","=""RCL13779387""",Personal Overdraft,2024-10-25 00:00:00,300000.00,0.00,,,0.00,NGN,0,Open,,Performing
ESTHER AKINLOLU,,CELESTIAL CHURCH OF CHRIST ABULE ADO SOBA,,"=""19234438""","=""28171149""","=""RCL28171149""",Personal Overdraft,2024-02-09 00:00:00,110000.00,176106.07,,,176106.07,NGN,62,Open,,Doubtful
ASHIRU RUKAYAT,"=""22175375613""",3 ONIPON ESTATE PODO NEW GA RAGE IBADAN,"=""2348165245901""","=""18807414""","=""27353657""","=""RCL27353657""",Personal Overdraft,2024-10-16 00:00:00,90000.00,9596.00,,,9596.00,NGN,0,Open,,Performing
NWOSU EMMANUEL,,3 SUTOOL STREET AWADA OBOSI Idemili North Anambra State,,"=""18817574""","=""9683819""","=""RCL9683819""",Personal Overdraft,2024-08-19 00:00:00,90000.00,97747.54,,0.00,82836.94,NGN,92,Open,,Lost
AED SAMUEL,,Not Available,,"=""18845668""","=""14511416""","=""RCL14511416""",Personal Overdraft,2024-10-25 00:00:00,37692.58,49273.96,,,49273.96,NGN,98,Open,,Lost
ARIWUZO CHINAEMEREM,,25 HARUNA OREGE AJEGUNLE APAPA LAGOS,,"=""18929631""","=""19067071""","=""RCL19067071""",Personal Overdraft,2025-06-01 00:00:00,47596.85,45260.00,,0.00,0.00,NGN,5,Open,,Watchlist
SOLOMON CYNTHIA,"=""22407697818""",OLOMONS RESSEWGERE FUTIY GIREI LGA OPP NEW LIFE,"=""09050269389""","=""18011453""","=""26095059""","=""RCL26095059""",Personal Overdraft,2024-09-23 00:00:00,200000.00,16657.89,,,16657.89,NGN,0,Open,,Performing
AMAYO STRAKER,,43 ISUTI ROAD IGANDO LAGOS,,"=""18853036""","=""25515713""","=""RCL25515713""",Personal Overdraft,2024-07-06 00:00:00,37500.00,14959.09,,14959.00,37826.72,NGN,94,Open,,Lost
HASSAN HALIMOT,,Wulo compound Ado odo,"=""2349038343326""","=""19016791""","=""PF36765""","=""A5300""",Personal fixed term loan,2023-12-03 00:00:00,242000.00,237629.13,,237629.13,267629.10,NGN,975,Open,2023-12-18 00:00:00,Lost
Olayemi Olayiwola Timothy,"=""22514753298""",ANIMASAHUN HOUSE PASTOR,,"=""18003785""","=""42405822""","=""10985537""",Personal fixed term loan,2023-07-26 00:00:00,15000.00,0.00,,0.00,18225.00,NGN,0,Closed,2023-08-10 00:00:00,Performing
Olayemi Olayiwola Timothy,"=""22514753298""",ANIMASAHUN HOUSE PASTOR,,"=""18003785""","=""42405822""","=""11891229""",Personal fixed term loan,2023-10-23 00:00:00,7500.00,0.00,,0.00,10050.00,NGN,0,Closed,2023-11-22 00:00:00,Performing
Olayemi Olayiwola Timothy,"=""22514753298""",ANIMASAHUN HOUSE PASTOR,,"=""18003785""","=""42405822""","=""12041761""",Personal fixed term loan,2023-11-06 00:00:00,10000.00,0.00,,0.00,13400.00,NGN,0,Closed,2023-11-21 00:00:00,Performing
Olayemi Olayiwola Timothy,"=""22514753298""",ANIMASAHUN HOUSE PASTOR,,"=""18003785""","=""42405822""","=""12126392""",Personal fixed term loan,2023-11-14 00:00:00,7500.00,0.00,,0.00,10050.00,NGN,0,Closed,2023-11-29 00:00:00,Performing
Olayemi Olayiwola Timothy,"=""22514753298""",ANIMASAHUN HOUSE PASTOR,,"=""18003785""","=""42405822""","=""12290292""",Personal fixed term loan,2023-12-01 00:00:00,20000.00,0.00,,0.00,27000.00,NGN,0,Closed,2023-12-31 00:00:00,Performing
Olayemi Olayiwola Timothy,"=""22514753298""",ANIMASAHUN HOUSE PASTOR,,"=""18003785""","=""42405822""","=""12634471""",Personal fixed term loan,2024-01-06 00:00:00,5000.00,0.00,,0.00,6700.00,NGN,0,Closed,2024-02-05 00:00:00,Performing
Alhassan Jiya,"=""22493056609""",ODUOYE QUARTERS CHANCHAGA Chanchaga Niger State,,"=""18006478""","=""8689187""","=""RCL8689187""",Personal Overdraft,2025-05-02 00:00:00,10000.00,26814.04,,,26814.04,NGN,62,Open,,Doubtful
Utre Obhazisam Inah,"=""22517526246""",ROAD 1 GRACE LAND CRESCENT SATELLITE TOWN,"=""08185426409""","=""18047824""","=""27945027""","=""RCL27945027""",Personal Overdraft,2024-05-14 00:00:00,175000.00,0.00,,,0.00,NGN,0,Open,,Performing
NGBE MATTHEW AKA,,Not Available,,"=""18378064""","=""13785314""","=""RCL13785314""",Personal Overdraft,2024-11-07 00:00:00,172254.04,167669.51,,,167669.51,NGN,0,Open,,
OGBONNAYA CHARLES IFEANYI,"=""22317420728""",3335 AFARA STREET UMUAHIA,"=""2348134077526""","=""18422835""","=""12039530""","=""RCL12039530""",Personal Overdraft,2024-09-17 00:00:00,20800.00,0.00,,,0.00,NGN,0,Open,,Performing
OLUSANYA OLUWANIFEMI,,1 AKINDELE ORIMOGUNJE STREET AGBEDE IKORODU LAGOS Ikorodu,,"=""18535862""","=""7265720""","=""RCL7265720""",Personal Overdraft,2024-05-08 00:00:00,200000.00,0.00,,,0.00,NGN,0,Open,,Performing
MASHINGIL MANGUT ZAKKA,"=""22339179295""",COCIN CHURCH LCC NEW LAY OUT BOKKOS,,"=""18671953""","=""44418370""","=""RCL44418370""",Personal Overdraft,2024-10-27 00:00:00,300000.00,0.00,,,0.00,NGN,0,Open,,Performing
ONIGEMO OLUWATIMILEHIN,"=""22424180861""",42 ADEITE IFAKO GBAGADA LAGOS,,"=""18945535""","=""35218048""","=""RCL35218048""",Personal Overdraft,2024-06-30 00:00:00,10625.00,0.00,,,0.00,NGN,0,Open,,Performing
PETER JACOB,"=""22445979019""",10 SCHOOL ROAD GUDU MARKET BSTOP ABUJA,,"=""19095798""","=""37778851""","=""11163769""",Personal fixed term loan,2023-08-13 00:00:00,5000.00,0.00,,0.00,6650.00,NGN,0,Closed,2023-09-12 00:00:00,Performing
HAMEED OSENIOJUPON,"=""22692710959""",NO 13 AGA GBASEMO,,"=""19230047""","=""35701452""","=""RCL35701452""",Personal Overdraft,2024-10-06 00:00:00,164359.83,157838.74,,157838.74,133453.99,NGN,96,Open,,Lost
MONYE OJORMA CELESTINE,"=""22257804350""",10 FASHINA STREET LAWANSON SURULERE Kosofe Lagos State,,"=""18460887""","=""9856893""","=""RCL9856893""",Personal Overdraft,2025-06-03 00:00:00,10000.00,23480.32,,,23480.32,NGN,62,Open,,Doubtful
JOSIAH SARAH,"=""22144886515""",6 MAKANJUOLA STREET OFF AYO ALABI STREET AJAYI ROAD OGBA,,"=""18768463""","=""27152065""","=""RCL27152065""",Personal Overdraft,2024-08-04 00:00:00,46250.00,0.00,,0.00,39000.00,NGN,0,Open,,Performing
ENWEREM CHINONSO,"=""22415533917""",36 MBONU OJIKE OWERRI,"=""2348157479754""","=""18787797""","=""20595041""","=""RCL20595041""",Personal Overdraft,2024-05-12 00:00:00,75000.00,7887.58,,,7887.58,NGN,0,Open,,Performing
KPOKPO TEKENA,"=""22569154394""",Nigeria,"=""2349134224530""","=""18865970""","=""35480546""","=""RCL35480546""",Personal Overdraft,2024-05-24 00:00:00,225000.00,300103.77,,1940.29,300103.77,NGN,132,Open,,Lost
OKOAYE PRECIOUS,,Not Available,,"=""18895536""","=""17029949""","=""RCL17029949""",Personal Overdraft,2024-09-19 00:00:00,45000.00,0.00,,,0.00,NGN,0,Open,,Performing
NWANGELE EZE,,NO 9 PAT AMADI EWEREM STREET TRANS EGBU,,"=""18939395""","=""27894370""","=""RCL27894370""",Personal Overdraft,2025-01-22 00:00:00,73557.17,0.00,,,0.00,NGN,0,Open,,Performing
CHARLES ELIZABETH,"=""22344127490""",25 MAIJALISA CLARK QTRS HONG CENTRAL MOTOR PARK HONG LOGVT,,"=""18967607""","=""11767177""","=""RCL11767177""",Personal Overdraft,2024-06-28 00:00:00,300000.00,495600.68,,,495600.68,NGN,91,Open,,Lost
AJIBORO FOLAHAN,"=""22340915879""",30 ogbontutu street epinmi akoko,,"=""18977360""","=""20081803""","=""RCL20081803""",Personal Overdraft,2024-05-11 00:00:00,7500.00,0.00,,,0.00,NGN,0,Open,,Performing
ADAMS LATEEFAT,"=""22390551201""",12 ROAD SAFETY STR MAGADA BS IBAFO OGUN,,"=""18985123""","=""27467920""","=""RCL27467920""",Personal Overdraft,2024-05-17 00:00:00,26250.00,10504.03,,,10504.03,NGN,91,Open,,Lost
WILLIAMS PETER,"=""22313589744""",NO 4 ONAH ROAD,,"=""19039264""","=""27195234""","=""RCL27195234""",Personal Overdraft,2024-07-18 00:00:00,69295.52,60198.34,,0.00,69305.55,NGN,97,Open,,Lost
MERCY OKOLIE,,7 ELEMAH CLOSE OFF OWOLEWA ORILE AGEGE,,"=""19234264""","=""24261489""","=""RCL24261489""",Personal Overdraft,2024-08-23 00:00:00,140000.00,92700.00,,,92700.00,NGN,0,Open,,Performing
Edward Oko Odey,,1 PETER BROWN AVENUE STATE HOUSING IKOM,,"=""18215520""","=""37456105""","=""RCL37456105""",Personal Overdraft,2024-05-29 00:00:00,250000.00,275722.18,,275722.00,209983.93,NGN,2,Open,,Watchlist
AJAYI BENARD,,Not Available,,"=""18377275""","=""868079""","=""RCL868079""",,2024-12-31 00:00:00,312000.00,101306.29,,,101306.29,NGN,0,Open,,Performing
AFATAKPA DAFE,"=""22207607639""",Not Available,,"=""18794483""","=""15591602""","=""RCL15591602""",Personal Overdraft,2025-02-02 00:00:00,120000.00,0.00,,0.00,0.00,NGN,0,Open,,Open
EHIMEMEN PECULIAR,,17 JOEL OGUNNAIKE STREET GRA,,"=""18840318""","=""35170346""","=""RCL35170346""",Personal Overdraft,2024-06-03 00:00:00,190000.00,0.00,,,0.00,NGN,0,Open,,Performing
ADU KAYODE,,5 ARABA STREET MUSHIN Mushin Lagos State,,"=""18847713""","=""17120""","=""RCL17120""",Personal Overdraft,2024-10-25 00:00:00,300000.00,0.00,,0.00,0.00,NGN,0,Open,,Performing
BENJAMIN PAUL,"=""22178237622""",ROAD BOBA ILE HOUSING ESTATEAKURE,,"=""18853722""","=""25910564""","=""RCL25910564""",,2024-05-24 00:00:00,159813.55,71937.64,,0.00,116189.11,NGN,0,Open,,Performing
ADENIJI MORIAM,,48 ASO ROCK STREET SOMORIN OBANTOKO Odeda Ogun State,,"=""18874442""","=""16399325""","=""RCL16399325""",Personal Overdraft,2024-10-17 00:00:00,52424.71,66097.39,,66097.39,60098.93,NGN,65,Open,,Doubtful
AJISEGIRI SAMUEL,,2OBIKEYE STREETASEROABEOKUT A SOUTH Abeokuta South Ogun St,,"=""18963047""","=""11377756""","=""RCL11377756""",Personal Overdraft,2025-01-26 00:00:00,195000.00,0.00,,0.00,0.00,NGN,0,Open,,Performing
SAIDU ABDULLAHI,"=""22626012308""",T18 LAKE VIEW HOMES PHASE 2 KADO Municipal Area Council FC,"=""23408091144506""","=""19005645""","=""17915874""","=""RCL17915874""",Personal Overdraft,2024-07-08 00:00:00,200000.00,282801.94,,,282801.94,NGN,91,Open,,Lost
ukpe michael,"=""22381349488""",no 5b chukwukpa st abakpa nike enugu,"=""08036777573""","=""19147987""","=""21149714""","=""RCL21149714""",Personal Overdraft,2024-10-05 00:00:00,183872.00,78147.61,,78148.00,116815.85,NGN,2,Open,,Watchlist
OLOGUNAYE FESTUS,,NO 18 AGBEDINA STREET YAKOYOOJODUBERGER,,"=""19148694""","=""34829688""","=""RCL34829688""",Personal Overdraft,2024-09-05 00:00:00,38750.00,9760.85,,0.00,7574.27,NGN,0,Open,,Performing
IFUNANYA OKWARA,"=""22388774966""",UMUDIALA OKWU AKPULU Ideato North Imo State,,"=""19251517""","=""20231991""","=""RCL20231991""",Personal Overdraft,2024-05-16 00:00:00,71460.75,81036.92,,81037.00,59196.07,NGN,2,Open,,Watchlist
DIVINE KUME TIMOTHY,"=""22575747706""",,,"=""18137195""","=""17487613""","=""RCL17487613""",Personal Overdraft,2025-01-18 00:00:00,10000.00,36150.38,,,36150.38,NGN,95,Open,,
FANEN FANEN ITYOAKOSO,"=""22210871634""",No 29 George Akume Way New GRA,"=""2348067204797""","=""18225853""","=""PF46331""","=""A19102""",Personal fixed term loan,2024-03-12 00:00:00,421000.00,0.00,,0.00,186359.10,NGN,0,Closed,2024-04-11 00:00:00,Performing
OLUPINLA ABIGAIL,,ogunbegun,,"=""18378906""","=""5973113""","=""RCL5973113""",Personal Overdraft,2024-07-14 00:00:00,201500.00,178180.28,,0.00,169726.91,NGN,0,Open,,Performing
PETERS PETER CHUKWUNWIKE,"=""22223972748""",ONOWU ESTATE NKPOR,,"=""18498384""","=""39528869""","=""RCL39528869""",Personal Overdraft,2024-10-11 00:00:00,275000.00,16382.47,,0.00,52839.40,NGN,0,Open,,Open
OGBETERE CHIKA,,NO 1 AYO OMISEMO CLOSE Ikeja Lagos State,,"=""18783482""","=""12080977""","=""RCL12080977""",Personal Overdraft,2025-03-21 00:00:00,300000.00,0.00,,0.00,25715.20,NGN,0,Open,,Performing
OGHUMA ELIAS,"=""22258502879""",11 BANK SHONIBARE STREET OJODU LAGOS STATE Ikeja Lag,,"=""18796786""","=""17347133""","=""RCL17347133""",,2025-06-22 00:00:00,105000.00,0.00,,0.00,30752.81,NGN,0,Open,,Performing
AGHAJI CHINEDU,"=""22381412159""",PrimaryAddressLine1,,"=""18923280""","=""13739701""","=""RCL13739701""",Personal Overdraft,2024-07-12 00:00:00,300000.00,0.00,,0.00,444.34,NGN,0,Open,,Performing
OGUNLEYE ESTHER,"=""22389548683""",Nigeria,,"=""18935047""","=""24822457""","=""RCL24822457""",Personal Overdraft,2025-03-14 00:00:00,55000.00,78660.09,,,78660.09,NGN,36,Open,,
EYO GODWIN,"=""22296146097""",Not Available,,"=""18784963""","=""16757299""","=""RCL16757299""",Personal Overdraft,2024-07-23 00:00:00,211655.56,266544.99,,,266544.99,NGN,91,Open,,Lost
NOSAOJO TRACEY,"=""22311129050""",DEPT OF ELECTELECTRONICS ENGINEERING UNIBEN BENIN,,"=""18853466""","=""25775318""","=""RCL25775318""",Personal Overdraft,2024-12-02 00:00:00,245000.00,0.00,,0.00,63161.86,NGN,0,Open,,Performing
UMEASALUGO CHIAGOZIEM,"=""22662803025""",NO 4 LINK AVENUE BUCKNOR ESTATE EJIGBO LAGOS STATE,,"=""18915868""","=""34830349""","=""RCL34830349""",Personal Overdraft,2024-09-24 00:00:00,10000.00,0.00,,,0.00,NGN,0,Open,,Performing
JOHNSON JERVIS,,33 CALABAR CHRCH STR IfakoIjaiye Lagos State,,"=""18946318""","=""4505260""","=""RCL4505260""",Personal Overdraft,2025-02-05 00:00:00,75000.00,0.00,,,0.00,NGN,0,Open,,
FUJUNO TER,,Not Available,,"=""18965038""","=""14213170""","=""RCL14213170""",,2024-12-05 00:00:00,351520.00,165690.00,,,165690.00,NGN,0,Open,,Performing
AMINU AMINU BUBA,"=""22557910506""",NIRSAL MFB,,"=""18183280""","=""13990617""","=""RCL13990617""",,2025-01-27 00:00:00,10400.00,0.00,,0.00,0.00,NGN,0,Open,,Performing
ADEYEMI ABOSEDE,,21 ARANSEOLU STREET ORILE AGEGE Agege Lagos State,,"=""18378480""","=""1710728""","=""RCL1710728""",,2024-05-18 00:00:00,17576.00,14870.19,,,14870.19,NGN,0,Open,,Performing
SAMUEL EBUKA,,2 UBANI UKAMA ESTATE EBENMA OGBORHILL Obi Ngwa Abia State,,"=""18535812""","=""5647979""","=""RCL5647979""",Personal Overdraft,2024-09-14 00:00:00,19500.00,0.00,,,0.00,NGN,0,Open,,Performing
FAK Y FOLORUNSHO,,Not Available,,"=""18793216""","=""14938196""","=""RCL14938196""",Personal Overdraft,2024-12-10 00:00:00,80061.06,118770.10,,,118770.10,NGN,92,Open,,Lost
GODWIN SOLOMON,"=""22625118753""",NNAMDI GODWINS COMP ENUGO VILL OJOTO,,"=""18908600""","=""27350458""","=""RCL27350458""",Personal Overdraft,2024-11-08 00:00:00,25000.00,42025.11,,,42025.11,NGN,61,Open,,Doubtful
IBAH ABASIAMA,"=""22278394566""",1 EKONG BASSEY LANE CALABAR Calabar Municipal Cross River,,"=""18920868""","=""11252800""","=""RCL11252800""",Personal Overdraft,2024-07-25 00:00:00,190000.00,241433.90,,,241433.90,NGN,61,Open,,Doubtful
SIMEON SIMEON,"=""22457964854""",PrimaryAddressLine1,,"=""18948995""","=""16886035""","=""RCL16886035""",Personal Overdraft,2024-05-19 00:00:00,200000.00,321075.81,,2032.25,321075.81,NGN,138,Open,,Lost
OGUNLEYE HENRIETTA,"=""22149119128""",6 IDOWU ONI CLOSE BARUWA,,"=""18936057""","=""25688032""","=""RCL25688032""",Personal Overdraft,2024-09-30 00:00:00,45615.38,42657.43,,,42657.43,NGN,6,Open,,Watchlist
EMMANUEL GODWIN,"=""22518085841""",UPPER EKEWAN ROAD OPPPSITE OJEMAI FARM BENIN CITY Egor Edo,,"=""19032221""","=""12269691""","=""RCL12269691""",Personal Overdraft,2024-08-05 00:00:00,200000.00,68400.00,,,68400.00,NGN,0,Open,,Performing
Nwachukwu Ben,,Mercy Estate Eneka Road D14 Eneka Portharcourt,"=""2347038714434""","=""18594502""","=""13660947""","=""RCL13660947""",Personal Overdraft,2024-07-05 00:00:00,112500.00,67614.59,,0.00,92916.43,NGN,0,Open,,Performing
ALAO MOSES,,Not Available,,"=""18794041""","=""15366014""","=""RCL15366014""",Personal Overdraft,2024-05-09 00:00:00,300000.00,566844.58,,,566844.58,NGN,96,Open,,Lost
ISAAC CHIKA,,6 KUSUMU STREET AGEGE,,"=""18807250""","=""27303881""","=""RCL27303881""",Personal Overdraft,2024-10-29 00:00:00,300000.00,200591.10,,,200591.10,NGN,61,Open,,Doubtful
OFIA CHRISTOPHER,,NO 1 BECKY KASH MOMOH S HOUSE OFF WARRAKE ROAD AUCHI Etsak,"=""08169332250""","=""18825700""","=""19514186""","=""RCL19514186""",,2024-11-30 00:00:00,675000.00,393010.68,,0.00,389659.10,NGN,104,Open,,Lost
AITANUN HAPPY,,8 AYANOR STREET OFF AHANOR STREET OFF ALIMELE ROAD OFF TEX,,"=""18829537""","=""24019463""","=""RCL24019463""",Personal Overdraft,2024-10-25 00:00:00,75000.00,85038.98,,85038.98,58869.71,NGN,96,Open,,Lost
TOMO OLUFUNKE,"=""22262530051""",5 ALABI STREETALAGBADOALAKUKOLAGOS,,"=""18934602""","=""24199708""","=""RCL24199708""",Personal Overdraft,2024-10-26 00:00:00,300000.00,8266.61,,,8266.61,NGN,61,Open,,Doubtful
OGBEIFUN WILLIAM,,no 25 ajogodo sapele delta state,"=""2348166879148""","=""18984804""","=""PF25440""","=""A18153""",Personal fixed term loan,2024-03-02 00:00:00,13000.00,15528.04,,15528.04,14235.50,NGN,893,Open,2024-03-09 00:00:00,Lost
EJENANI EBRIFI,"=""22350490795""",NO 46 ADEOLA STREET JAKANDE OJO,,"=""18994157""","=""20211355""","=""RCL20211355""",Personal Overdraft,2024-12-30 00:00:00,100000.00,0.00,,0.00,109427.69,NGN,0,Open,,Performing
OJO GBENGA OJO,,Block 4 ROOM A IKEJA Police Barack,"=""08032072609""","=""19229276""","=""44888642""","=""RCL44888642""",Personal Overdraft,2025-04-17 00:00:00,55000.00,90774.99,,0.00,0.00,NGN,94,Open,,Lost
GRACEWORTH AGONNGBOR,"=""22448373991""",11 PEACE AVENUE EGBELU EMETAR I FILLING STATION BSTOP PHC,,"=""19232248""","=""28397337""","=""RCL28397337""",Personal Overdraft,2024-07-21 00:00:00,28033.42,6259.31,,,6259.31,NGN,79,Open,,Doubtful
EJIM EVANGELINE AKUDO,"=""22222825447""",20 ADEKOYA STREET OSHODI Oshodi Isolo Lagos State,"=""08095914502""","=""18018180""","=""11634305""","=""RCL11634305""",Personal Overdraft,2024-04-10 00:00:00,181601.03,215856.71,,215856.71,182003.78,NGN,65,Open,,Doubtful
UCHENNA IZUEKWE Frank,,N0 3 AD CLOSE JIKWOYI PHAES 1 ABUJA FEDERAL CAPITAL TERRIT,"=""08185056889""","=""18382623""","=""2100596""","=""RCL2100596""",,2025-06-30 00:00:00,35000.00,41416.60,,,41416.60,NGN,7,Open,,Watchlist
MMESOMACHUKWU GEORGE,,Not Available,,"=""18533267""","=""15697143""","=""RCL15697143""",Personal Overdraft,2024-11-25 00:00:00,160000.00,10152.80,,,10152.80,NGN,0,Open,,Performing
OKON IMEOBONG,"=""22190197919""",7 EKERE STREET,,"=""18784205""","=""25249984""","=""RCL25249984""",Personal Overdraft,2024-06-23 00:00:00,300000.00,529515.70,,,529515.70,NGN,93,Open,,Lost
MOMOH KAMIL,"=""22540400760""",Damagum state low cost,,"=""18809491""","=""28084643""","=""RCL28084643""",Personal Overdraft,2025-01-01 00:00:00,60000.00,86335.23,,86335.23,71548.54,NGN,65,Open,,Doubtful
Mukaila Ambali,,MSB Area Hospital Road Iwo,,"=""18813985""","=""3433082""","=""RCL3433082""",,2025-04-19 00:00:00,180000.00,0.00,,,0.00,NGN,0,Open,,Performing
EHIEM LUCY,"=""22172381787""",Not Available,,"=""18821123""","=""15387923""","=""RCL15387923""",Personal Overdraft,2025-03-25 00:00:00,105000.00,0.00,,,0.00,NGN,0,Open,,Performing
MUTIU SOLIU,"=""22227520349""",19 ODUGUWA STREET BARIGA,,"=""18866322""","=""4729376""","=""RCL4729376""",Personal Overdraft,2024-11-15 00:00:00,300000.00,0.00,,0.00,0.00,NGN,0,Open,,Performing
MDU MUSA,,501 LINK 14 COURT ROAD Tarauni Kano State,,"=""18946224""","=""3747061""","=""RCL3747061""",Personal Overdraft,2024-01-11 00:00:00,255796.18,415362.71,,0.00,250370.48,NGN,97,Open,,Lost
SONGO SESUGH,,NPF MARKUDI,,"=""19028891""","=""16898466""","=""RCL16898466""",Personal Overdraft,2025-03-22 00:00:00,200000.00,0.00,,,0.00,NGN,0,Open,,Performing
AMOO ABDULAZEEZ,"=""22409571879""",NO 25 JOSIAHS STREET AZUMINI RUMUOLUMENI,,"=""19147676""","=""18378030""","=""RCL18378030""",Personal Overdraft,2024-05-22 00:00:00,200000.00,180000.00,,,180000.00,NGN,0,Open,,Performing
EMMANUEL OMOSIGHO,"=""22510408222""",12 REDEEM STREET REDEEM CHURCH BUS STOP DUTSE BAUPMA,"=""09035752826""","=""19236745""","=""36709932""","=""11511984""",Personal fixed term loan,2023-09-17 00:00:00,5000.00,0.00,,0.00,6500.00,NGN,0,Closed,2023-10-24 00:00:00,Performing
EMMANUEL OMOSIGHO,"=""22510408222""",12 REDEEM STREET REDEEM CHURCH BUS STOP DUTSE BAUPMA,"=""09035752826""","=""19236745""","=""36709932""","=""12067931""",Personal fixed term loan,2023-11-09 00:00:00,5000.00,0.00,,0.00,6500.00,NGN,0,Closed,2023-12-09 00:00:00,Performing
EMMANUEL OMOSIGHO,"=""22510408222""",12 REDEEM STREET REDEEM CHURCH BUS STOP DUTSE BAUPMA,"=""09035752826""","=""19236745""","=""36709932""","=""13262612""",Personal fixed term loan,2024-03-18 00:00:00,10000.00,0.00,,0.00,19691.00,NGN,0,Closed,2024-05-11 00:00:00,Performing
EMMANUEL OMOSIGHO,"=""22510408222""",12 REDEEM STREET REDEEM CHURCH BUS STOP DUTSE BAUPMA,"=""09035752826""","=""19236745""","=""36709932""","=""13987844""",Personal fixed term loan,2024-06-01 00:00:00,10000.00,0.00,,0.00,19710.00,NGN,0,Closed,2024-07-01 00:00:00,Performing
BRITTO MARY,,NO 4 OGABI STREET MEIRAN LAST BUSSTOP,,"=""18378520""","=""16699346""","=""RCL16699346""",Personal Overdraft,2024-07-22 00:00:00,75599.75,0.03,,,0.03,NGN,7,Open,,Watchlist
ADEBAYO KAZEEM KEHINDE,"=""22536439091""",25 IREWOLE AVENUE IJOKO OGBA AYO SANGO,,"=""18654351""","=""43984025""","=""13079080""",Personal fixed term loan,2024-02-26 00:00:00,5000.00,0.00,,0.00,6670.00,NGN,0,Closed,2024-03-12 00:00:00,Performing
ADEBAYO KAZEEM KEHINDE,"=""22536439091""",25 IREWOLE AVENUE IJOKO OGBA AYO SANGO,,"=""18654351""","=""43984025""","=""13273024""",Personal fixed term loan,2024-03-19 00:00:00,20000.00,0.00,,0.00,24530.00,NGN,0,Closed,2024-04-03 00:00:00,Performing
ADEBAYO KAZEEM KEHINDE,"=""22536439091""",25 IREWOLE AVENUE IJOKO OGBA AYO SANGO,,"=""18654351""","=""43984025""","=""13931898""",Personal fixed term loan,2024-05-26 00:00:00,10000.00,0.00,,0.00,14500.00,NGN,0,Closed,2024-06-25 00:00:00,Performing
AMUWA HELEN IMOLEAYO,"=""22459378644""",14 REBECCA AMUSA STREET AYETO RO ITELE ADO ODOOTA,,"=""18696256""","=""36749964""","=""11861807""",Personal fixed term loan,2023-10-20 00:00:00,17500.00,0.00,,0.00,23450.00,NGN,0,Closed,2023-11-19 00:00:00,Performing
SOYINKA OLUWAKEMI,,PrimaryAddressLine1,,"=""18957865""","=""28097269""","=""RCL28097269""",Personal Overdraft,2024-11-08 00:00:00,190000.00,62516.31,,,62516.31,NGN,0,Open,,Performing
AKEH EUNICE,,DETRA LAYOUT ENTRANCE A NEW ENGINEERING ABUJA Municipal Ar,,"=""18992382""","=""4271455""","=""RCL4271455""",Personal Overdraft,2024-05-13 00:00:00,281216.00,183811.41,,,183811.41,NGN,0,Open,,Performing
AKINBODE ZAINAB,"=""22632402331""",DEUTERONOMY ILARO Egbado South Ogun State,,"=""19034852""","=""19318560""","=""RCL19318560""",Personal Overdraft,2024-05-09 00:00:00,10000.00,0.00,,0.00,0.00,NGN,175,Open,,Lost
DOUGLAS ABIGEAL BETTY,"=""22534782616""",ikoto str,,"=""19102125""","=""42496717""","=""12936470""",Personal fixed term loan,2024-02-10 00:00:00,5000.00,0.00,,0.00,6750.00,NGN,0,Closed,2024-03-26 00:00:00,Performing
DOUGLAS ABIGEAL BETTY,"=""22534782616""",ikoto str,,"=""19102125""","=""42496717""","=""13264682""",Personal fixed term loan,2024-03-19 00:00:00,25000.00,0.00,,0.00,31920.00,NGN,0,Closed,2024-04-18 00:00:00,Performing
DOUGLAS ABIGEAL BETTY,"=""22534782616""",ikoto str,,"=""19102125""","=""42496717""","=""13419135""",Personal fixed term loan,2024-04-02 00:00:00,20000.00,0.00,,0.00,24070.00,NGN,0,Closed,2024-04-17 00:00:00,Performing
DOUGLAS ABIGEAL BETTY,"=""22534782616""",ikoto str,,"=""19102125""","=""42496717""","=""13517019""",Personal fixed term loan,2024-04-12 00:00:00,25000.00,0.00,,0.00,29657.50,NGN,0,Closed,2024-04-27 00:00:00,Performing
DOUGLAS ABIGEAL BETTY,"=""22534782616""",ikoto str,,"=""19102125""","=""42496717""","=""13672407""",Personal fixed term loan,2024-04-28 00:00:00,27500.00,0.00,,0.00,34773.75,NGN,0,Closed,2024-05-13 00:00:00,Performing
DOUGLAS ABIGEAL BETTY,"=""22534782616""",ikoto str,,"=""19102125""","=""42496717""","=""13850070""",Personal fixed term loan,2024-05-17 00:00:00,17500.00,0.00,,0.00,22834.00,NGN,0,Closed,2024-06-01 00:00:00,Performing
ADENEKAN ADEJUMOKE ADEOLA,"=""22174780760""",6 FARUOQ ABDULAZEEZ STREET ISOLO,,"=""19125164""","=""54475755""","=""RCL54475755""",Personal Overdraft,2024-03-12 00:00:00,20000.00,0.00,,,0.00,NGN,0,Open,,Performing
OJO ADEYEMI,"=""22198015383""",EFT OAU ILE IFE Ife Central Osun State,,"=""19147742""","=""19192767""","=""RCL19192767""",Personal Overdraft,2024-11-11 00:00:00,210000.00,0.00,,,0.00,NGN,0,Open,,Performing
Damilola Jimoh Zainab,"=""22598271046""",85B IGBORA MOLODE ABEOKUTA,"=""09039515559""","=""19206302""","=""35480468""","=""RCL35480468""",Personal Overdraft,2025-03-21 00:00:00,95000.00,77048.85,,0.00,35441.84,NGN,0,Open,,Performing
IMAMAT ADEBISI,"=""22541196239""",5 AFOLABI OYEWALE ST ILE IWE BS EJIGBO LAGOS,,"=""19235893""","=""36659550""","=""10953657""",Personal fixed term loan,2023-07-23 00:00:00,5000.00,0.00,,0.00,6375.00,NGN,0,Closed,2023-08-22 00:00:00,Performing
BOLAKALE KAYODE,"=""22432365292""",NO 3 NEGBUWA COMPOUND IGIDO OGUN STATE,,"=""18470542""","=""57138986""","=""RCL57138986""",Personal Overdraft,2025-06-05 00:00:00,20000.00,58684.51,,58684.51,40404.74,NGN,65,Open,,Doubtful
ABADA ANITA,,6 SIMBIATE ABIOLA WAY IKEJA,,"=""18791272""","=""13685312""","=""RCL13685312""",Personal Overdraft,2025-07-15 00:00:00,135000.00,106515.00,,0.00,0.00,NGN,0,Open,,Performing
SHAR GERALD,"=""22281882135""",CHRIST THE KING CENTRAL CHURCH AGBO VANDEIKYA,"=""08083940334""","=""18849631""","=""19667030""","=""RCL19667030""",Personal Overdraft,2024-09-18 00:00:00,300000.00,0.00,,0.00,0.00,NGN,0,Open,,Performing
EMIKO SYLVESTER,,33 ISAIAH ROAD UBEJI TOWN,"=""2347059412191""","=""18877876""","=""19440647""","=""RCL19440647""",Personal Overdraft,2024-09-30 00:00:00,155925.00,268702.24,,0.00,227713.83,NGN,92,Open,,Lost
MAGADJI MATINOU,"=""22153940707""",GBAJI ROAD,,"=""18960599""","=""34931071""","=""RCL34931071""",Personal Overdraft,2024-10-22 00:00:00,300000.00,0.00,,,0.00,NGN,0,Open,,Performing
SALAMI ADEOLA,"=""22536745020""",Not Available,,"=""19009935""","=""13541796""","=""RCL13541796""",Personal Overdraft,2024-05-21 00:00:00,254248.93,304012.71,,304013.00,266458.51,NGN,94,Open,,Lost
ALIYU BABA MOHAMMED,"=""22451968975""",Emi kpotun compound lafiagi kwara state,"=""2348109617052""","=""18201441""","=""PF99141""","=""A31826""",Personal fixed term loan,2024-09-02 00:00:00,150000.00,233098.59,,233098.59,233098.60,NGN,715,Open,2024-09-17 00:00:00,Lost
MUYIWA GBOLAHAN POPOOLA,"=""22695158248""",6 IFESOWAPO STREET IYANA CELE IFO,,"=""18443069""","=""38234483""","=""RCL38234483""",Personal Overdraft,2025-01-30 00:00:00,10000.00,23668.11,,,23668.11,NGN,90,Open,,
AKPA CHIOMA,,15 OJIBA STREET MGBUOBA ObioAkpor Rivers State,,"=""18764342""","=""11149735""","=""RCL11149735""",Personal Overdraft,2024-08-21 00:00:00,101390.87,50995.31,,,50995.31,NGN,96,Open,,Lost
ARIYO CALEB,"=""22238111851""",HARMONY ESTATE HALL ABK,,"=""18836999""","=""33658916""","=""RCL33658916""",Personal Overdraft,2024-06-16 00:00:00,250000.00,266467.87,,266467.87,84649.81,NGN,4,Open,,Watchlist
IZUAGIE JOAN,"=""22188137783""",12 KUJAMA STREET BAYAN DUTSE NARAYI,,"=""18840100""","=""35090102""","=""RCL35090102""",Personal Overdraft,2025-05-19 00:00:00,55000.00,55916.67,,0.00,0.00,NGN,0,Open,,Performing
OLADOKUN SAMUEL,,7 OLUREMI JOHN STREET GREEN LAND ESTATE BUS STOP IGANDO,,"=""18859463""","=""835736""","=""RCL835736""",Personal Overdraft,2024-12-31 00:00:00,450000.00,0.00,,,0.00,NGN,0,Open,,Performing
ADEYEMO SUNDAY,"=""22279473059""",Not Available,,"=""18871145""","=""13607963""","=""RCL13607963""",Personal Overdraft,2024-05-17 00:00:00,185000.00,16845.94,,,16845.94,NGN,0,Open,,Performing
ADESINA VICTOR,"=""22468475925""",ABK HOSTELFUOYE,,"=""18938636""","=""27541366""","=""RCL27541366""",Personal Overdraft,2024-08-24 00:00:00,215000.00,0.00,,,0.00,NGN,0,Open,,Performing
OLAWUYI EYITAYO,"=""22161110787""",No4 Goodness Estate,"=""2348166647657""","=""18953826""","=""23667046""","=""RCL23667046""",Personal Overdraft,2024-02-10 00:00:00,300000.00,13187.26,,0.00,0.00,NGN,0,Open,,Performing
AWOSANYA OLOLADE,,NO 7 YAUKUMO STR CBS ESTATE LUGBE ABUJA Municipal Area Cou,,"=""18963129""","=""11485654""","=""RCL11485654""",Personal Overdraft,2025-05-21 00:00:00,365000.00,389446.80,,389446.80,184009.00,NGN,4,Open,,Watchlist
OUHOR CHIMENEM,"=""22291527024""",14 15 Prince Alaba Oniru Road Victoria Island,,"=""18985064""","=""27447928""","=""RCL27447928""",Personal Overdraft,2025-01-22 00:00:00,275000.00,0.36,,,0.36,NGN,0,Open,,Performing
AYUK FELIX,"=""22204509220""",15 ITAKEN STREET TECHNICAL JUNCTION PORT HARCOURT ObioAkpo,,"=""18989201""","=""3155719""","=""RCL3155719""",Personal Overdraft,2024-06-13 00:00:00,200000.00,0.00,,0.00,5988.52,NGN,0,Open,,Performing
TOMMY ABRAHAM,"=""22448796820""",7LINE 6 IJEH POLICE BARRACKS OBALENDE BUS STOP OBALENDE,,"=""18826455""","=""20078753""","=""RCL20078753""",Personal Overdraft,2024-01-08 00:00:00,200000.00,0.00,,0.00,0.00,NGN,0,Open,,Performing
EKARA BENJAMIN,"=""22484589976""",76 TRANS AMADI INDUSTRIAL LAYOUT Port Harcourt Rivers Stat,,"=""18903656""","=""23056999""","=""RCL23056999""",Personal Overdraft,2024-10-23 00:00:00,260000.00,0.00,,,0.00,NGN,0,Open,,Performing
ONAH CHRISTIAN,"=""22415432618""",NO 19 AMAGIDIGBO STREET IBAGWA AKA,,"=""18909790""","=""27693886""","=""RCL27693886""",Personal Overdraft,2024-11-19 00:00:00,120000.00,5358.17,,,5358.17,NGN,0,Open,,Performing
OZEGBE LUCKY,"=""22423915365""",NO 14 UMUIKE LANE ALAMA OSSAI STREET UMUSADEGE OGBE KWALE,,"=""18922758""","=""13290724""","=""RCL13290724""",Personal Overdraft,2024-10-21 00:00:00,210000.00,95279.63,,,95279.63,NGN,91,Open,,Lost
ABDULGANIYU,"=""22151828292""",PrimaryAddressLine1,,"=""18968486""","=""1261180""","=""RCL1261180""",Personal Overdraft,2024-09-23 00:00:00,180000.00,171460.33,,,171460.33,NGN,61,Open,,Doubtful
JEROME ANEGBOKE AMEH,"=""22231371652""",Not Available,,"=""18139768""","=""2077049""","=""RCL2077049""",Personal Overdraft,2024-11-24 00:00:00,300000.00,78873.12,,,78873.12,NGN,1,Open,,
GEORGE ERIKAN,"=""22192651329""",PLOT D129 SHARE CLOSE PHASE 2 1 KUBWA,,"=""18379509""","=""28243132""","=""RCL28243132""",Personal Overdraft,2025-06-05 00:00:00,45000.00,30600.00,,,30600.00,NGN,0,Open,,Performing
ALLISON JUSTICE,"=""22391576795""",22 KINGSLEY AMADI STREET RUMUAGHOLU PH ObioAkpor Rivers,,"=""18793210""","=""1493480""","=""RCL1493480""",,2025-01-28 00:00:00,85000.00,0.00,,,0.00,NGN,0,Open,,Performing
IBIMOROTI OLUWADAMILOLA,"=""22288990305""",28B OLAJIDE STREET ABORU IYANAIPAJA,,"=""18858939""","=""3582581""","=""RCL3582581""",Personal Overdraft,2024-06-01 00:00:00,200000.00,0.00,,,0.00,NGN,0,Open,,Performing
SAAWUAN BENJAMIN,"=""22170296618""",F H A LUGBE ABUJA,,"=""18859590""","=""9356531""","=""RCL9356531""",Personal Overdraft,2024-08-06 00:00:00,189000.00,288564.03,,,288564.03,NGN,96,Open,,Lost
UROM ABASIENYENE,"=""22440588843""",IKOT IDEM IKONO ROAD IKOT EKPENE,,"=""19004489""","=""539535""","=""RCL539535""",Personal Overdraft,2024-11-11 00:00:00,26002.81,34930.98,,,34930.98,NGN,92,Open,,Lost
GLORY UWAKWE,"=""22544382543""",202Goldie street calabar,,"=""19236572""","=""36493068""","=""12360020""",Personal fixed term loan,2023-12-07 00:00:00,5000.00,0.00,,0.00,6275.00,NGN,0,Closed,2023-12-22 00:00:00,Performing
WA SIU SULAIMON,"=""22358927820""",PrimaryAddressLine1,,"=""18379073""","=""14847727""","=""RCL14847727""",Personal Overdraft,2024-07-29 00:00:00,245000.00,458722.51,,458723.00,0.00,NGN,63,Open,,Doubtful
TONY BLESSING,"=""22486706700""",25 JAMBUTU STR OPP DEEPER LIFE CHURCH JIMETA,,"=""18451655""","=""37793787""","=""12390774""",Personal fixed term loan,2023-12-11 00:00:00,10000.00,0.00,,0.00,13200.00,NGN,0,Closed,2024-01-10 00:00:00,Performing
TONY BLESSING,"=""22486706700""",25 JAMBUTU STR OPP DEEPER LIFE CHURCH JIMETA,,"=""18451655""","=""37793787""","=""12776122""",Personal fixed term loan,2024-01-23 00:00:00,15000.00,0.00,,0.00,19575.00,NGN,0,Closed,2024-02-22 00:00:00,Performing
TONY BLESSING,"=""22486706700""",25 JAMBUTU STR OPP DEEPER LIFE CHURCH JIMETA,,"=""18451655""","=""37793787""","=""13142601""",Personal fixed term loan,2024-03-05 00:00:00,12500.00,0.00,,0.00,16875.00,NGN,0,Closed,2024-04-04 00:00:00,Performing
TONY BLESSING,"=""22486706700""",25 JAMBUTU STR OPP DEEPER LIFE CHURCH JIMETA,,"=""18451655""","=""37793787""","=""13789821""",Personal fixed term loan,2024-05-10 00:00:00,12500.00,0.00,,0.00,16875.00,NGN,0,Closed,2024-06-30 00:00:00,Performing
TONY BLESSING,"=""22486706700""",25 JAMBUTU STR OPP DEEPER LIFE CHURCH JIMETA,,"=""18451655""","=""37793787""","=""14359973""",Personal fixed term loan,2024-07-13 00:00:00,50000.00,0.00,,0.00,26082.00,NGN,0,Closed,2024-10-11 00:00:00,Performing
TONY BLESSING,"=""22486706700""",25 JAMBUTU STR OPP DEEPER LIFE CHURCH JIMETA,,"=""18451655""","=""37793787""","=""14648492""",Personal fixed term loan,2024-08-15 00:00:00,10000.00,0.00,,0.00,13600.00,NGN,0,Closed,2024-09-14 00:00:00,Performing
TONY BLESSING,"=""22486706700""",25 JAMBUTU STR OPP DEEPER LIFE CHURCH JIMETA,,"=""18451655""","=""37793787""","=""14817531""",Personal fixed term loan,2024-09-03 00:00:00,10000.00,0.00,,0.00,13600.00,NGN,0,Closed,2024-10-03 00:00:00,Performing
MICHAEL FAVOUR,"=""22515401880""",22 ARIOLA AVE OGINIGBA PHC,,"=""18807113""","=""27260228""","=""RCL27260228""",Personal Overdraft,2024-12-09 00:00:00,2557.11,0.00,,,0.00,NGN,0,Open,,
EDEM ETIENO,"=""22330692287""",NO 1 SOKOTO ROAD PALLADAN ZARIA,,"=""19005457""","=""35014503""","=""RCL35014503""",Personal Overdraft,2024-07-07 00:00:00,185000.00,188069.32,,,188069.32,NGN,132,Open,,Lost
BONIFACE GIFT,,50 Alapere Kosofe Lagos,"=""2348103723871""","=""19029307""","=""9541717""","=""RCL9541717""",Personal Overdraft,2024-12-06 00:00:00,160192.67,58826.44,,,58826.44,NGN,96,Open,,Lost
VERA IBEGBULEM,"=""22286219383""",NO 68 AKANRO STREET ILASAMAJA Mushin Lagos State,,"=""19251315""","=""11328087""","=""RCL11328087""",,2025-05-16 00:00:00,275000.00,0.00,,,0.00,NGN,0,Open,,Performing
AZEEZ OLAYINKA,,155 ISAWO RD ASOLO IKORODU,,"=""18379444""","=""19567570""","=""RCL19567570""",Personal Overdraft,2024-08-11 00:00:00,80000.00,3201.17,,3201.17,2486.13,NGN,96,Open,,Lost
Olatunji Gabriel Bolanle,,ORITA PAHAYI ILAROOGUN STATE,,"=""18762928""","=""35581017""","=""RCL35581017""",Personal Overdraft,2024-11-12 00:00:00,300000.00,392403.96,,,392403.96,NGN,61,Open,,Doubtful
AHAMED SANI,"=""22353127272""",Nekede Nigeria,,"=""18865478""","=""35279264""","=""RCL35279264""",Personal Overdraft,2024-07-08 00:00:00,9375.00,4881.49,,0.00,0.00,NGN,0,Open,,Performing
ONANEYE DAMILARE,"=""22148964291""",4 ADEMOLU STREET BARIGA LAGOS,,"=""18943524""","=""33755767""","=""RCL33755767""",Personal Overdraft,2024-05-14 00:00:00,23021.12,26078.15,,26078.00,0.00,NGN,2,Open,,Watchlist
Umar Habu madugu,"=""22425515602""",Low Cost potiskum,"=""2348035891774""","=""18085871""","=""PF70779""","=""A28045""",Personal fixed term loan,2024-06-03 00:00:00,49000.00,56606.16,,56606.16,56606.20,NGN,792,Open,2024-06-18 00:00:00,Lost
Famous Akinsiku,"=""22301481964""",NO OKA STREET ONDO Ondo West Ondo State,,"=""18410610""","=""3786378""","=""RCL3786378""",Personal Overdraft,2025-01-28 00:00:00,10000.00,30383.45,,,30383.45,NGN,93,Open,,
MICHAEL KINGSLEY,,NO 21 ROAD J CLOSE FESTAC TOWN LAGOS,,"=""18534732""","=""24439132""","=""RCL24439132""",Personal Overdraft,2025-01-13 00:00:00,300000.00,0.00,,,0.00,NGN,0,Open,,Performing
CHUKWUNYERE NNENNA,"=""22157969816""",7 MBARI STREET IKENEGBU IMO Owerri Municipal Imo State,,"=""18799023""","=""19154387""","=""RCL19154387""",Personal Overdraft,2024-11-24 00:00:00,118100.85,48611.44,,0.00,87406.45,NGN,2,Open,,Watchlist
DECHI SCHOLASTICA,"=""22353097577""",NO 9 OPP OWNER OCCUPIERS QUARTERS ZAAKI AZZAY STREET,,"=""18987844""","=""28604113""","=""RCL28604113""",Personal Overdraft,2024-08-13 00:00:00,65000.00,61334.24,,,61334.24,NGN,62,Open,,Doubtful
OBIEKEZIE SIMON CHRIS,"=""22329251583""",NO 1UDUMA STREET NEW HAVEN ENUGU,,"=""19074447""","=""38231645""","=""11763038""",Personal fixed term loan,2023-10-10 00:00:00,5000.00,0.00,,0.00,6225.00,NGN,0,Closed,2023-10-25 00:00:00,Performing
OBIEKEZIE SIMON CHRIS,"=""22329251583""",NO 1UDUMA STREET NEW HAVEN ENUGU,,"=""19074447""","=""38231645""","=""12230278""",Personal fixed term loan,2023-11-25 00:00:00,2500.00,0.00,,0.00,3112.50,NGN,0,Closed,2023-12-10 00:00:00,Performing
OBIEKEZIE SIMON CHRIS,"=""22329251583""",NO 1UDUMA STREET NEW HAVEN ENUGU,,"=""19074447""","=""38231645""","=""12407659""",Personal fixed term loan,2023-12-12 00:00:00,2500.00,0.00,,0.00,3017.50,NGN,0,Closed,2023-12-27 00:00:00,Performing
OBIEKEZIE SIMON CHRIS,"=""22329251583""",NO 1UDUMA STREET NEW HAVEN ENUGU,,"=""19074447""","=""38231645""","=""13001690""",Personal fixed term loan,2024-02-17 00:00:00,10000.00,0.00,,0.00,12342.00,NGN,0,Closed,2024-03-03 00:00:00,Performing
EDOCHIE ANITA,"=""22317314023""",NO 15 VICTOR OGUNDIPE CLOSEBADAGRY EXPRESS WAY LAGOS STATE,,"=""19148083""","=""23418657""","=""RCL23418657""",Personal Overdraft,2024-08-19 00:00:00,135000.00,0.00,,0.00,0.00,NGN,0,Open,,Performing
ADEBOTE MOROHUNFAYO,,21 JI ADEBARE STREEET  OGUDU OJOTA Kosofe Lagos State,,"=""18378054""","=""25861496""","=""RCL25861496""",Personal Overdraft,2024-03-12 00:00:00,220000.00,0.00,,,0.00,NGN,0,Open,,Performing
BISONG BLESSING,,UNIVERSITY OF UYO HOSTEL Uyo Akwa Ibom State,,"=""18535972""","=""9552614""","=""RCL9552614""",Personal Overdraft,2024-08-02 00:00:00,200000.00,100967.94,,100967.94,71455.37,NGN,0,Open,,Performing
TANIMOLA KAYODE MONDAY,"=""22599863653""",5TH AVENUE STREET RUMUIBEKWE,,"=""18645218""","=""42700742""","=""11324113""",Personal fixed term loan,2023-08-29 00:00:00,5000.00,0.00,,0.00,6600.00,NGN,0,Closed,2023-10-12 00:00:00,Performing
EZEFUNAMBA NMASICHUKWU,"=""22358032142""",BAYAN ALIYU PRISCHB C G A ROAD MALUMFASHI,"=""08100100359""","=""18878658""","=""19926950""","=""RCL19926950""",Personal Overdraft,2024-11-15 00:00:00,50000.00,0.00,,,0.00,NGN,0,Open,,Performing
KAREEM AHMED,,10B ISINKIN STR OKE ARO AK Akure South Ondo State,,"=""18889104""","=""12333836""","=""RCL12333836""",Personal Overdraft,2024-05-23 00:00:00,120000.00,166145.06,,661.13,166145.06,NGN,91,Open,,Lost
TAMBUWAL SAMAILA,,GANDU AREA TAMBUWAL SOKOTO,,"=""18899550""","=""19817102""","=""11961752""",Personal fixed term loan,2023-10-30 00:00:00,40000.00,0.00,,0.00,52600.00,NGN,0,Closed,2023-11-29 00:00:00,Performing
UWANNA CHISOM,"=""22167705334""",NO 4 CHIEF FRIDAY CHUKWU LEAN ELELNWO PH,,"=""18905615""","=""25504727""","=""RCL25504727""",Personal Overdraft,2024-05-08 00:00:00,300000.00,366969.52,,,366969.52,NGN,62,Open,,Doubtful
balogun aishat,,64 emmanuel dauodu street araromi bustop0 iyana ipaja Alim,,"=""18922028""","=""12391984""","=""RCL12391984""",Personal Overdraft,2025-01-22 00:00:00,300000.00,0.00,,,0.00,NGN,0,Open,,Performing
MOLIKI LUKMON,,Not Available,,"=""18971063""","=""14977123""","=""RCL14977123""",Personal Overdraft,2024-10-07 00:00:00,200000.00,158737.30,,158737.30,148664.14,NGN,96,Open,,Lost
SYLVESTER JANET,,34 36 Adeniyi Jones Avenue Ikeja Lagos Nigeria Lagos 10024,"=""2347033087081""","=""18972849""","=""16427716""","=""RCL16427716""",Personal Overdraft,2024-10-19 00:00:00,300000.00,162102.83,,0.00,186140.65,NGN,0,Open,,Performing
GEORGE DARLINGTON,,7 TOYIN DAVIDS STREET EJIGBO,,"=""18982309""","=""25543087""","=""RCL25543087""",Personal Overdraft,2024-10-15 00:00:00,120000.00,0.00,,,0.00,NGN,0,Open,,Performing
AMU VALENTINA,"=""22281053623""",40 ekredjebor road ughelli,,"=""18998122""","=""20942440""","=""RCL20942440""",Personal Overdraft,2024-08-16 00:00:00,149068.07,273089.62,,,273089.62,NGN,91,Open,,Lost
SANNI MUYIDEEN AYO,"=""22470265266""",28 OLARINDE STREET ANISERE INSIDE JOJU BUS STOP,"=""07049854453""","=""19214814""","=""36276554""","=""11643914""",Personal fixed term loan,2023-09-30 00:00:00,7500.00,0.00,,0.00,9975.00,NGN,0,Closed,2023-10-30 00:00:00,Performing
SANNI MUYIDEEN AYO,"=""22470265266""",28 OLARINDE STREET ANISERE INSIDE JOJU BUS STOP,"=""07049854453""","=""19214814""","=""36276554""","=""13316943""",Personal fixed term loan,2024-03-24 00:00:00,10000.00,0.00,,0.00,13600.00,NGN,0,Closed,2024-04-23 00:00:00,Performing
ADEYINKA ADEBAMBO BUSARI,"=""22174168825""",23 TUNDE GARBY STREET OGBA,,"=""18266420""","=""56409528""","=""RCL56409528""",Personal Overdraft,2025-03-29 00:00:00,40000.00,0.00,,,0.00,NGN,0,Open,,Performing
Ayozie Ekene,,5 MOZIE ODU STREET ONITSHA,,"=""18376154""","=""27284944""","=""RCL27284944""",Personal Overdraft,2024-06-24 00:00:00,130000.00,29995.13,,,29995.13,NGN,0,Open,,Performing
Adeleye Olusegun,"=""22237887610""",8 OMIGO ESTATE ISIU IKORODU,,"=""18376252""","=""28465095""","=""RCL28465095""",Personal Overdraft,2024-06-21 00:00:00,120000.00,0.00,,,0.00,NGN,0,Open,,Performing
ESENOWO EMEM,"=""22193549263""",19B UMOREN EXTENSION UYO,,"=""18377949""","=""23138261""","=""RCL23138261""",Personal Overdraft,2024-06-20 00:00:00,125000.00,0.00,,0.00,0.00,NGN,0,Open,,Performing
TALEAT OLAMILEKAN,,8 TIJANI QUDUS STREET OFF AYA NWALE TIOLUWAN,,"=""18793562""","=""15111524""","=""RCL15111524""",Personal Overdraft,2024-05-11 00:00:00,175000.00,272957.57,,,272957.57,NGN,96,Open,,Lost
UMEH TOBECHUKWU,"=""22210877106""",14 FATAI STRT ILE IFE ALABA,,"=""18827258""","=""20649968""","=""RCL20649968""",Personal Overdraft,2024-08-22 00:00:00,200000.00,50400.00,,0.00,0.00,NGN,0,Open,,Performing
ROTIMI JOHN,,7 MOSALASI STREET SABO,"=""2348102984187""","=""18851215""","=""21364793""","=""RCL21364793""",Personal Overdraft,2024-05-10 00:00:00,300000.00,97592.52,,97593.00,301845.18,NGN,94,Open,,Lost
STEPHEN PEACE,"=""22484927521""",NO 5 OGBOGBO OKEOWO STREET IJEBUODE OGUN STATE,,"=""18879223""","=""20288222""","=""RCL20288222""",Personal Overdraft,2024-05-12 00:00:00,200000.00,0.00,,,0.00,NGN,0,Open,,Performing
AYANLOLA AYANYIMIKA,,ROAD B34 HOUSE 24 VGC  Eti Osa Lagos State,,"=""19146959""","=""11015886""","=""RCL11015886""",Personal Overdraft,2024-09-23 00:00:00,50000.00,62268.48,,62268.00,44485.61,NGN,33,Open,,Sub standard
OLADIRAN TAIWO,,Not Available,,"=""19148368""","=""27634443""","=""RCL27634443""",Personal Overdraft,2024-04-23 00:00:00,16984.97,6452.23,,0.00,16208.92,NGN,0,Open,,Performing
NONSO UWAEZE,,UMUIYASELE VILLAGE ATANI,,"=""19236076""","=""36692187""","=""RCL36692187""",Personal Overdraft,2024-01-05 00:00:00,23603.83,19243.87,,,19243.87,NGN,0,Open,,Performing
DODO FEMI FANGNON,"=""22361570198""",37 JAMES GEORGE STREET IKOYI,,"=""18680955""","=""36217308""","=""RCL36217308""",Personal Overdraft,2024-12-13 00:00:00,300000.00,174952.07,,,174952.07,NGN,0,Open,,Performing
OSIOBE OGHENEVWAIRHE,,IBRU COLLEGE AGBARHA OTOR  Ughelli North Delta State,,"=""18896093""","=""17417966""","=""RCL17417966""",Personal Overdraft,2024-08-04 00:00:00,115000.00,0.00,,,0.00,NGN,0,Open,,Performing
OWOSENI MICHAEL,"=""22541234566""",29 AKINOLA ROAD ABORU LAGOS Alimosho Lagos State,,"=""18930096""","=""19398091""","=""RCL19398091""",Personal Overdraft,2025-03-16 00:00:00,3750.00,0.00,,,0.00,NGN,0,Open,,
OKPEAHIOR OSEGHALE,,12 AYO IDOWU CLOSE OFF AJAO RD SURULERE,,"=""18956504""","=""27312232""","=""RCL27312232""",Personal Overdraft,2025-08-03 00:00:00,160000.00,0.00,,0.00,155094.33,NGN,0,Closed,,Performing
OGBUDU JOHN,,LATE OGBUDU AGWANYANG S COMPOUND GAKEM BEKWARRA,,"=""18978503""","=""20738536""","=""RCL20738536""",Personal Overdraft,2024-05-28 00:00:00,50700.00,46800.00,,0.00,0.00,NGN,0,Open,,Performing
USMAN MANSUR,,Not Available,,"=""18979950""","=""2226595""","=""RCL2226595""",Personal Overdraft,2024-08-06 00:00:00,175000.00,0.00,,0.00,147167.48,NGN,0,Open,,Performing
MUHAMMAD HAMZA,,Not Available,,"=""19038510""","=""13535304""","=""RCL13535304""",Personal Overdraft,2024-06-05 00:00:00,160000.00,175917.76,,,175917.76,NGN,93,Open,,Lost
AMODU BIODUN,,BLK 13 FLAT 1 FOS ESTATE OGUNGBADE IFO,,"=""19147835""","=""19809000""","=""RCL19809000""",Personal Overdraft,2024-11-30 00:00:00,25000.00,55097.70,,55097.70,30750.00,NGN,65,Open,,Doubtful
Obineche Chukwudi,"=""22224827564""",1 Adebowale Close Off Ramlat Timpson Surulere Lagos,,"=""19148635""","=""33717420""","=""RCL33717420""",Personal Overdraft,2024-10-23 00:00:00,300000.00,157575.40,,0.00,50416.90,NGN,0,Open,,Performing
ANDY JEMMY GIFT,"=""22494215588""",PrimaryAddressLine1,,"=""19162518""","=""15711721""","=""RCL15711721""",,2025-01-28 00:00:00,210000.00,0.00,,,0.00,NGN,0,Open,,Performing
AYO ODUMUYE,,HR9H3V3 330102 Warri Nigeria,,"=""19230745""","=""35589984""","=""RCL35589984""",Personal Overdraft,2024-09-28 00:00:00,120000.00,124151.20,,0.00,98906.00,NGN,0,Open,,Performing
OKUMOR EUNICE,,3 MOWE AHMAWE STREET IBA TOWN OJO LAGOS Badagry Lagos Stat,,"=""18378124""","=""9601234""","=""RCL9601234""",Personal Overdraft,2024-05-28 00:00:00,12500.00,0.00,,,0.00,NGN,0,Open,,Performing
TITUS GOODNESS,,BESIDE GREEN AREADE HOTEL NIYI AREA OSUN,"=""2348146674290""","=""18379319""","=""20962677""","=""RCL20962677""",Personal Overdraft,2024-11-20 00:00:00,160000.00,224828.77,,,224828.77,NGN,67,Open,,
ADARALEGBE JAMES IGE,,NO 7 IDOFIN STREET ILORO EKITI,"=""08022803140""","=""18421001""","=""37185010""","=""RCL37185010""",Personal Overdraft,2024-07-21 00:00:00,200000.00,261914.25,,,261914.25,NGN,96,Open,,Lost
ALAGBE AKINTOMIDE,,MAGNIFICIENT VILLA ALAAFIATAYO PAPA OLUODE OGBOMOSO Ogbomo,,"=""18533577""","=""17145971""","=""RCL17145971""",Personal Overdraft,2024-03-12 00:00:00,117988.58,78475.56,,,78475.56,NGN,0,Open,,Performing
OLUWALUSI MERCY,"=""22596332752""",24 OSAIMOIJE CLOSEIKOLA ALIMOSHO,,"=""18902155""","=""21194228""","=""RCL21194228""",Personal Overdraft,2024-10-10 00:00:00,2812.50,0.00,,,0.00,NGN,0,Open,,Performing
OTSAI OTOKPA,,kubwa,,"=""18978104""","=""20500546""","=""RCL20500546""",Personal Overdraft,2024-09-18 00:00:00,245000.00,361614.48,,,361614.48,NGN,91,Open,,Lost
KOLAPO FUNSHO,"=""22236561946""",8 PANADA STREET PENCINEMA AGEGE,,"=""18535273""","=""28115444""","=""RCL28115444""",Personal Overdraft,2024-07-17 00:00:00,200000.00,0.00,,,0.00,NGN,0,Open,,Performing
MKPUMA EDU,"=""22327543468""",PrimaryAddressLine1,,"=""18763547""","=""13761532""","=""RCL13761532""",Personal Overdraft,2024-11-20 00:00:00,150000.00,0.00,,,0.00,NGN,0,Open,,Performing
OLANREWAJU OLUWASEYI,"=""22491042244""",17 OLUJIMI FASHOLA STR TOLL GATB STOP SANGO,,"=""18826923""","=""20396825""","=""RCL20396825""",Personal Overdraft,2024-12-08 00:00:00,20000.00,0.00,,0.00,0.00,NGN,0,Open,,Performing
NWANORUO BENJAMIN,"=""22486284079""",NO 93 AYEGBA OMAIDOKO ROAD IDAH,,"=""18942228""","=""28843504""","=""RCL28843504""",,2024-10-12 00:00:00,300000.00,0.00,,,0.00,NGN,0,Open,,Performing
AYILARA DAMILOLA,"=""22150799555""",4 OLOWU STREET LAGOS ISLAND,,"=""19003664""","=""34868286""","=""RCL34868286""",Personal Overdraft,2024-11-22 00:00:00,100000.00,0.00,,,0.00,NGN,0,Open,,Performing
NAKURE MARKUS MAFUYAI,,NO 38 SARKIN KANO ALIYU ROAD,,"=""18013754""","=""35600468""","=""RCL35600468""",Personal Overdraft,2024-05-23 00:00:00,42527.05,36958.45,,,36958.45,NGN,0,Open,,Performing
OJO MOTUNRAYO TEMITOPE,"=""22399550940""",16 SABITIU STREET AGBELEKALE,,"=""18469088""","=""35372273""","=""RCL35372273""",Personal Overdraft,2024-09-06 00:00:00,70000.00,127241.79,,,127241.79,NGN,91,Open,,Lost
AKINOLA AZEEZ,,NO 2 OPPOSITE IDC PRIMARY SCHOOL AKOBO IBADAN Lagelu Oyo S,,"=""18920941""","=""11336374""","=""RCL11336374""",,2025-01-28 00:00:00,55000.00,40785.05,,0.00,0.00,NGN,0,Open,,Performing
HARUNA AYUBA,"=""22195436424""",along Jos,"=""2348162415683""","=""18944205""","=""PF46441""","=""A18422""",Personal fixed term loan,2024-03-04 00:00:00,394000.00,0.00,,0.00,174948.10,NGN,0,Closed,2024-05-03 00:00:00,Performing
EGBULEFU KINGSLEY,,flat 1 plot 16 pipeline mercyland,"=""08035426611""","=""18971699""","=""15470713""","=""RCL15470713""",Personal Overdraft,2024-05-22 00:00:00,250000.00,0.00,,,0.00,NGN,0,Open,,Performing
OMINI OJEI USANG,"=""22478993273""",5 BABA DUDU STR SANGOTEDO BSTOP ETI OSA,,"=""19134861""","=""39173207""","=""12691722""",Personal fixed term loan,2024-01-13 00:00:00,10000.00,0.00,,0.00,26600.00,NGN,0,Closed,2024-02-12 00:00:00,Performing
OMINI OJEI USANG,"=""22478993273""",5 BABA DUDU STR SANGOTEDO BSTOP ETI OSA,,"=""19134861""","=""39173207""","=""13450183""",Personal fixed term loan,2024-04-05 00:00:00,10000.00,0.00,,0.00,13600.00,NGN,0,Closed,2024-05-05 00:00:00,Performing
OMINI OJEI USANG,"=""22478993273""",5 BABA DUDU STR SANGOTEDO BSTOP ETI OSA,,"=""19134861""","=""39173207""","=""13894353""",Personal fixed term loan,2024-05-22 00:00:00,10000.00,0.00,,0.00,13600.00,NGN,0,Closed,2024-06-21 00:00:00,Performing
UKPE ANIEBIET SUNDAY,"=""22203481529""",Not Available,,"=""18075312""","=""15327059""","=""RCL15327059""",Personal Overdraft,2025-06-15 00:00:00,60000.00,0.00,,,0.00,NGN,0,Open,,Performing
OLABISI ELIJAH ADEBAYO,"=""22398843144""",Unnamed Road Ifo Nigeria,,"=""18442877""","=""42416510""","=""10416463""",Personal fixed term loan,2023-05-28 00:00:00,60000.00,0.00,,0.00,42810.00,NGN,0,Closed,2023-07-27 00:00:00,Performing
OLABISI ELIJAH ADEBAYO,"=""22398843144""",Unnamed Road Ifo Nigeria,,"=""18442877""","=""42416510""","=""11474019""",Personal fixed term loan,2023-09-13 00:00:00,25000.00,0.00,,0.00,31375.00,NGN,0,Closed,2023-09-28 00:00:00,Performing
OLABISI ELIJAH ADEBAYO,"=""22398843144""",Unnamed Road Ifo Nigeria,,"=""18442877""","=""42416510""","=""11879776""",Personal fixed term loan,2023-10-21 00:00:00,20000.00,0.00,,0.00,26800.00,NGN,0,Closed,2023-11-20 00:00:00,Performing
OLABISI ELIJAH ADEBAYO,"=""22398843144""",Unnamed Road Ifo Nigeria,,"=""18442877""","=""42416510""","=""12236998""",Personal fixed term loan,2023-11-26 00:00:00,20000.00,0.00,,0.00,36850.00,NGN,0,Closed,2023-12-11 00:00:00,Performing
Lawal ADEOLA,,5 DUROWOJU STREET ILASAMAJA,,"=""18534631""","=""23461524""","=""RCL23461524""",Personal Overdraft,2024-07-11 00:00:00,275000.00,284182.77,,284183.00,227064.79,NGN,33,Open,,Sub standard
TOBY ELVIS,,1 ACHAKORO STREET OFF KREIGANI RD OMUKU RIVER STATE,,"=""18535374""","=""28440587""","=""RCL28440587""",Personal Overdraft,2025-02-14 00:00:00,28750.00,0.00,,,0.00,NGN,0,Open,,
AKINOLA OLAMIDE IYABODE,"=""22424985370""",NO 52C KAJOLA DALLIMORE ADO EKITI,"=""2348132017295""","=""18655602""","=""45717053""","=""RCL45717053""",Personal Overdraft,2024-08-06 00:00:00,126455.21,222887.29,,,222887.29,NGN,91,Open,,Lost
ENIOLA Abdulsalam Aminat,"=""22600013750""",PrimaryAddressLine1,"=""08113111657""","=""18701594""","=""35776195""","=""RCL35776195""",Personal Overdraft,2025-05-20 00:00:00,20000.00,27161.32,,0.00,0.00,NGN,0,Open,,Performing
Ogbonna Victoria,,EKWE  ST,"=""2348062999839""","=""18754633""","=""PF61772""","=""A21449""",Personal fixed term loan,2024-04-01 00:00:00,746000.00,464287.92,,464287.92,466382.40,NGN,821,Open,2024-06-30 00:00:00,Lost
QUADRI YESIDE,,41 EMINA CRESCENT OFF TOYIN STREET IKEJA LAGOS,,"=""18832854""","=""27387860""","=""RCL27387860""",Personal Overdraft,2025-04-14 00:00:00,55000.00,0.00,,,0.00,NGN,0,Open,,Performing
OJINI MUKOSOLU,"=""22332067102""",Not Available,,"=""18849168""","=""19114070""","=""RCL19114070""",Personal Overdraft,2024-06-07 00:00:00,41250.00,9667.19,,9667.19,41713.00,NGN,4,Open,,Watchlist
SHENDAM FAKUR,"=""22196149653""",6 ABEGUNDE STREETLAD HOSPITAL ROAD ORITA CHALLENGE IBADAN,,"=""18853067""","=""25543445""","=""RCL25543445""",Personal Overdraft,2024-04-26 00:00:00,200000.00,0.00,,,0.00,NGN,0,Open,,Performing
OYEKUNLE OMOTOYOSI,,Adatan Market,"=""2348162860478""","=""18861736""","=""PF60352""","=""A14154""",Personal fixed term loan,2024-01-30 00:00:00,309000.00,141086.53,,141086.53,141086.50,NGN,917,Open,2024-02-14 00:00:00,Lost
DENNIS EKAETE,"=""22202146724""",10 ALUKO CLOSE OFF OGUNDELE ETUTUNTUN MAFOLUKU OSHODI LAGO,,"=""18896130""","=""17440553""","=""RCL17440553""",Personal Overdraft,2024-09-29 00:00:00,7812.50,0.74,,0.00,0.32,NGN,97,Open,,Lost
AGBOOLA OLUWAYEMISI,,2 EMOHARE CLOSELAGOSOFF AUGUSTINE ATEGOKE STREE OJU AREA I,,"=""19147718""","=""18998409""","=""RCL18998409""",Personal Overdraft,2024-05-22 00:00:00,123500.00,0.00,,0.00,0.00,NGN,0,Open,,Performing
OYENIYI EMMANUEL,"=""22210709579""",NO 630 SSS QUATERS GWAGWALADA,,"=""18378195""","=""27865210""","=""RCL27865210""",Personal Overdraft,2024-12-17 00:00:00,165000.00,251961.06,,,251961.06,NGN,67,Open,,
DAKARE MAGAJI,,Not Available,,"=""18378948""","=""13472342""","=""RCL13472342""",Personal Overdraft,2024-07-08 00:00:00,180000.00,45034.90,,45034.90,55734.90,NGN,4,Open,,Watchlist
UMOREN HANNAH,"=""22476883161""",10 MANGO ESTATE ELELENWO PORTHARCOURT,,"=""18438680""","=""37269650""","=""RCL37269650""",Personal Overdraft,2024-08-24 00:00:00,85000.00,0.00,,,0.00,NGN,87,Open,,Doubtful
NDUDI BLESSING IFEOMA,"=""22188487103""",15 SCHOOL ROAD AMADI AMA EXTENSION AMADI AMA,,"=""18645410""","=""39684747""","=""RCL39684747""",Personal Overdraft,2024-11-17 00:00:00,185000.00,177948.24,,,177948.24,NGN,95,Open,,
UGWUAGBO JOY,"=""22337280867""",METHODIST GIRLS MODEL SECONDARY SCHOOL OVIM,,"=""18830852""","=""25639637""","=""RCL25639637""",Personal Overdraft,2024-09-24 00:00:00,120000.00,0.00,,0.00,0.00,NGN,0,Open,,Performing
OLUSOLA OLUWATOBILOBA,"=""22577207413""",ANGWAN BORI GAURAKA SULEJA,,"=""18929373""","=""18806314""","=""RCL18806314""",Personal Overdraft,2025-04-13 00:00:00,65000.00,55250.00,,,55250.00,NGN,0,Open,,
ABIOLA HAKEEM,,NO 2 IFEDAPO STREET ONIDEURE IBADAN,,"=""18945619""","=""35252278""","=""RCL35252278""",Personal Overdraft,2025-01-19 00:00:00,210000.00,254839.45,,,254839.45,NGN,36,Open,,
IGWE UCHENNA DANIEL,,15 OLALERE OLADUNJOYE STREET OFF OLAJIDE AVENUE ILEIWE BUS,,"=""17907686""","=""9776730""","=""RCL9776730""",Personal Overdraft,2024-09-29 00:00:00,165000.00,0.00,,,0.00,NGN,0,Open,,Performing
AKANNI FEMI,,8 ABIMBOLA OGIDAN STREET,,"=""18014546""","=""38302251""","=""10853895""",Personal fixed term loan,2023-07-12 00:00:00,30000.00,0.00,,0.00,39000.00,NGN,0,Closed,2023-08-11 00:00:00,Performing
AKANNI FEMI,,8 ABIMBOLA OGIDAN STREET,,"=""18014546""","=""38302251""","=""11150501""",Personal fixed term loan,2023-08-11 00:00:00,50000.00,0.00,,0.00,65000.00,NGN,0,Closed,2023-09-10 00:00:00,Performing
AKANNI FEMI,,8 ABIMBOLA OGIDAN STREET,,"=""18014546""","=""38302251""","=""11445232""",Personal fixed term loan,2023-09-11 00:00:00,35000.00,0.00,,0.00,45500.00,NGN,0,Closed,2023-10-11 00:00:00,Performing
AKANNI FEMI,,8 ABIMBOLA OGIDAN STREET,,"=""18014546""","=""38302251""","=""11798881""",Personal fixed term loan,2023-10-14 00:00:00,40000.00,0.00,,0.00,52000.00,NGN,0,Closed,2023-11-13 00:00:00,Performing
AKANNI FEMI,,8 ABIMBOLA OGIDAN STREET,,"=""18014546""","=""38302251""","=""12116784""",Personal fixed term loan,2023-11-14 00:00:00,30000.00,0.00,,0.00,39000.00,NGN,0,Closed,2023-12-14 00:00:00,Performing
AKANNI FEMI,,8 ABIMBOLA OGIDAN STREET,,"=""18014546""","=""38302251""","=""12441267""",Personal fixed term loan,2023-12-16 00:00:00,40000.00,0.00,,0.00,28360.00,NGN,0,Closed,2024-02-14 00:00:00,Performing
AARON ELEAZAR FAGAMI,"=""22293022738""",ECWA CHURCH CHANCHAGA NIGER,"=""08035770822""","=""18417643""","=""4985970""","=""RCL4985970""",Personal Overdraft,2025-01-23 00:00:00,8769.85,7433.78,,,7433.78,NGN,1,Open,,
OBUKOWHO UGO,"=""22280268446""",Not Available,,"=""18533200""","=""15321707""","=""RCL15321707""",Personal Overdraft,2024-10-13 00:00:00,130000.00,105220.90,,,105220.90,NGN,0,Open,,Performing
AKINBAMI OLAOLUWA,"=""22292982738""",25 TOLUWANI BABATUNDE STR ABARANJE IKOTUN Alimosho Lagos S,,"=""18816810""","=""6153737""","=""RCL6153737""",Personal Overdraft,2024-07-17 00:00:00,100000.00,0.00,,,0.00,NGN,0,Open,,Performing
AFOLABI IDOWU,"=""22372404952""",NO 2 IREWOLE AKINPELU STREET ONTOBA AREA IKIRUN,"=""08130085284""","=""18826972""","=""20430218""","=""RCL20430218""",Personal Overdraft,2024-10-25 00:00:00,200000.00,0.00,,,0.00,NGN,0,Open,,Performing
OFUANI VALENTINE,,Not Available,,"=""18845990""","=""14952770""","=""RCL14952770""",Personal Overdraft,2025-04-20 00:00:00,40000.00,0.00,,,0.00,NGN,0,Open,,
OGRI LAWRENCE,,49 BOKI ROAD OGRI ALFRED S COMP ABAKPA,"=""2347033140170""","=""18951371""","=""19894168""","=""RCL19894168""",Personal Overdraft,2024-04-26 00:00:00,200000.00,0.00,,0.00,0.00,NGN,0,Open,,Performing
AMEH SUNDAY,"=""22264310723""",OPP DEEPER LIFE CHURCH OBAJANA,,"=""18977979""","=""20419903""","=""RCL20419903""",Personal Overdraft,2024-03-09 00:00:00,2846.22,426.71,,0.00,0.00,NGN,0,Open,,Performing
BIDMOSI SHAMSUDEEN OPEYEMI,"=""22486592071""",07 AKINOLA STREET AGBOTIKUYO B STOP AGEGE,,"=""19132074""","=""43911855""","=""10757263""",Personal fixed term loan,2023-07-01 00:00:00,12500.00,0.00,,0.00,15187.50,NGN,0,Closed,2023-07-16 00:00:00,Performing
ABDULRAHEEM MURITALA,"=""22487583070""",PRDIHEB64 OBOROKE IHIMA,,"=""18836863""","=""33598910""","=""RCL33598910""",Personal Overdraft,2024-06-19 00:00:00,120000.00,5881.91,,,5881.91,NGN,91,Open,,Lost
OPAWOYE OLUMIDE,"=""22147352439""",FLAT 6 BLOCK 298 JAKANDE ESTATE ISOLO  Eti Osa Lagos State,,"=""18920423""","=""10701421""","=""RCL10701421""",Personal Overdraft,2024-07-25 00:00:00,59062.50,2670.66,,,2670.66,NGN,0,Open,,Performing
OLATUNJI IFEOLUWA,,SHALOM HOSTEL UNDER G AREA OGBOMOSO OGBOMOSO OYO NIGERIA,,"=""18930819""","=""19908610""","=""RCL19908610""",,2025-05-22 00:00:00,80000.00,0.00,,,0.00,NGN,0,Open,,Performing
NWERRI CHIKE,,19 AZODO NEW PARTS BST NKPOR AGU,"=""07033380976""","=""18939358""","=""27881281""","=""RCL27881281""",Personal Overdraft,2024-09-26 00:00:00,255417.21,206887.94,,0.00,114448.67,NGN,0,Open,,Performing
OKONKWO EBERE,,NO 9 ASUTECH ROAD OTOLO NNEWI,,"=""18977111""","=""19933423""","=""RCL19933423""",Personal Overdraft,2024-12-05 00:00:00,150000.00,97393.50,,,97393.50,NGN,0,Open,,Performing
NYA JOSHUA,"=""22293184829""",FHA EXTENSION SOHA ABUJA,,"=""18982827""","=""25760971""","=""RCL25760971""",Personal Overdraft,2024-07-22 00:00:00,85000.00,32402.71,,0.00,92850.07,NGN,97,Open,,Lost
SHAKA GANIYU,"=""22630238709""",SHAKA COMPOUND IGODOR,,"=""19006242""","=""28501737""","=""RCL28501737""",Personal Overdraft,2025-06-06 00:00:00,30000.00,30660.00,,,30660.00,NGN,7,Open,,Watchlist
AMAJATOJA URUEMU,"=""22210886276""",PLOT 3 SPARKLIGHT ESTATE,"=""2348028650655""","=""19038615""","=""21187545""","=""RCL21187545""",Personal Overdraft,2024-05-24 00:00:00,208000.00,0.00,,0.00,53800.72,NGN,0,Open,,Performing
FRANCIS SUNDAY JOSEPH,,Not Available,"=""07030759197""","=""18295104""","=""15143620""","=""RCL15143620""",Personal Overdraft,2024-11-27 00:00:00,115000.00,202589.09,,,202589.09,NGN,94,Open,,Lost
OMOSEHIN ADEBANJO,"=""22526369401""",NO 1 TALABI CLOSE TEMILADE ESTATE COUNCIL IDIMU Alimosho L,,"=""18824986""","=""18876965""","=""RCL18876965""",Personal Overdraft,2024-12-18 00:00:00,300000.00,0.00,,0.00,0.00,NGN,0,Open,,Performing
OSUNDE RAHMAT,"=""22290626074""",20 ONDO BENIN ROAD Ijebu Ode Ogun State,,"=""18894229""","=""16142651""","=""RCL16142651""",,2025-04-29 00:00:00,50000.00,39977.02,,,39977.02,NGN,0,Open,,Performing
KUSA AONDOFA,,KUSA HOUSE OPP RCM TARUNGWA MBAGWAZA USHONGO,,"=""18933469""","=""22182778""","=""RCL22182778""",Personal Overdraft,2024-11-14 00:00:00,5312.50,0.00,,,0.00,NGN,0,Open,,Performing
JULIUS NWADIOHA,"=""22626707710""",16 ALIYU ABUBAKA STREET TOTAL BUS STOP ABUJA,,"=""19232153""","=""36302793""","=""10884042""",Personal fixed term loan,2023-07-15 00:00:00,2500.00,0.00,,0.00,3250.00,NGN,0,Closed,2023-08-14 00:00:00,Performing
JULIUS NWADIOHA,"=""22626707710""",16 ALIYU ABUBAKA STREET TOTAL BUS STOP ABUJA,,"=""19232153""","=""36302793""","=""12046614""",Personal fixed term loan,2023-11-07 00:00:00,10000.00,0.00,,0.00,12750.00,NGN,0,Closed,2023-12-07 00:00:00,Performing
ITINUOLUWA ESO,,19 UNITY AVENUE MAGBORO Obafemi Owode Ogun State,,"=""19233608""","=""12271107""","=""RCL12271107""",,2025-03-06 00:00:00,86672.12,61820.72,,0.00,72035.60,NGN,0,Open,,Open
IBRAHIM USMAN IBRAHIM,"=""22471335142""",MANUS HSEBARIKI WARD JADADAM JAJAJADA LGA,,"=""18097877""","=""37178328""","=""15122533""",Personal fixed term loan,2024-10-08 00:00:00,20000.00,0.00,,0.00,26860.00,NGN,0,Closed,2024-11-07 00:00:00,Performing
IBRAHIM USMAN IBRAHIM,"=""22471335142""",MANUS HSEBARIKI WARD JADADAM JAJAJADA LGA,,"=""18097877""","=""37178328""","=""15299877""",Personal fixed term loan,2024-11-02 00:00:00,45000.00,0.00,,0.00,35775.00,NGN,0,Closed,2025-01-01 00:00:00,Performing
COMFORT AYOOLA OLUFADE,,ZONE 4 ILUPEJUONWARD AREAOSOGBO,,"=""18117350""","=""48361470""","=""RCL48361470""",,2025-02-07 00:00:00,65000.00,0.00,,0.00,31539.00,NGN,0,Open,,Open
ODUSANYA ADEOLA,"=""22259698838""",12 FAGBENRO CLOSE MOGEDE QTRS IBAFO,,"=""18863126""","=""3238478""","=""RCL3238478""",Personal Overdraft,2024-05-30 00:00:00,300000.00,0.00,,0.00,0.00,NGN,0,Open,,Performing
PETER INNOCENT,,Not Available,,"=""18873354""","=""15463322""","=""RCL15463322""",Personal Overdraft,2024-03-12 00:00:00,150000.00,10172.00,,,10172.00,NGN,0,Open,,
NLEMADIM LEVI,"=""22390131553""",Not Available,,"=""18891368""","=""14251747""","=""RCL14251747""",Personal Overdraft,2024-10-24 00:00:00,300000.00,30422.04,,,30422.04,NGN,61,Open,,Doubtful
OMECHE NGOZI JUDITH,,9 PAVILION CRESCENT  WUSE ZONE 2 ABUJA FCT ABJ FC,"=""08035020619""","=""19217294""","=""11969184""","=""RCL11969184""",Personal Overdraft,2025-07-02 00:00:00,50000.00,0.00,,,0.00,NGN,93,Open,,Lost
OGBANJE ALICE,,PrimaryAddressLine1,,"=""18377117""","=""13322101""","=""RCL13322101""",Personal Overdraft,2025-01-26 00:00:00,50000.00,48686.56,,,48686.56,NGN,22,Open,,Watchlist
MOSHOOD ADEBISI,,9 SAIBANAH OLA CRESCENT OFF IJU ISHAGA LAGOS,,"=""18378940""","=""13099331""","=""RCL13099331""",Personal Overdraft,2024-08-14 00:00:00,48296.11,83101.39,,,83101.39,NGN,93,Open,,Lost
OBANOR BRIGHT OSARUMWENSE,"=""22466239154""",Nigeria,"=""23408027527509""","=""18752164""","=""15069173""","=""RCL15069173""",Personal Overdraft,2025-01-21 00:00:00,10000.00,39618.28,,,39618.28,NGN,95,Open,,
ADEWUYI FUNMILAYO,,27 alafia street ijoko ntabo ijoko otta,,"=""18836509""","=""28960979""","=""RCL28960979""",Personal Overdraft,2024-10-25 00:00:00,300000.00,53655.00,,0.00,311529.60,NGN,0,Open,,Performing
OWOLABI OLUWASEGUN,"=""22233836351""",Not Available,,"=""18845420""","=""14222132""","=""RCL14222132""",Personal Overdraft,2024-05-24 00:00:00,250000.00,0.00,,,0.00,NGN,0,Open,,Performing
Fasasi Kazeem,"=""22144970568""",11 Balogun Close Ifo Ogun State,,"=""18877572""","=""19227158""","=""RCL19227158""",Personal Overdraft,2024-11-28 00:00:00,300000.00,0.00,,,0.00,NGN,0,Open,,Performing
john joanna,,19 utomi airie street leeki phase1 Eti Osa Lagos State,,"=""19202231""","=""20903676""","=""RCL20903676""",Personal Overdraft,2025-02-04 00:00:00,348065.85,298323.41,,,298323.41,NGN,0,Open,,
OMOWALE MICHAEL,"=""22385082017""",38 UNIQUE AVENUEJACKROSS OTTA,,"=""19241722""","=""35875944""","=""RCL35875944""",Personal Overdraft,2024-07-05 00:00:00,105000.00,34481.39,,,34481.39,NGN,91,Open,,Lost
EBILOMA JOHNPAUL JOHNPAUL,"=""22220871307""",3 ANGWA IDAH KOGI,,"=""18041411""","=""15445734""","=""RCL15445734""",Personal Overdraft,2024-11-05 00:00:00,300000.00,192814.73,,,192814.73,NGN,61,Open,,Doubtful
ANASHIMUWE SHEILA,"=""22149595540""",Not Available,,"=""18377497""","=""14617512""","=""RCL14617512""",Personal Overdraft,2024-11-20 00:00:00,300000.00,201677.61,,0.00,0.00,NGN,94,Open,,Lost
GOSELLE NOEL,,lekki phase 1,"=""08131851737""","=""18378067""","=""13072109""","=""RCL13072109""",Personal Overdraft,2024-08-06 00:00:00,162500.00,239047.00,,239047.00,0.00,NGN,4,Open,,Watchlist
IBRAHIM OBIADERI,"=""22174837280""",254 HASSAN ADEJOBI STREET PAPA SHAFA AGEGE LAGOS Agege Lag,,"=""18536001""","=""9785191""","=""RCL9785191""",Personal Overdraft,2024-07-14 00:00:00,45000.00,18175.27,,,18175.27,NGN,0,Open,,Performing
CHAHUR AONDOVER ANDERSON,,ANGWAN TIVKADARKO NASARWA STATE,,"=""18608072""","=""36290339""","=""RCL36290339""",Personal Overdraft,2025-03-23 00:00:00,120000.00,0.00,,0.00,0.00,NGN,0,Open,,Performing
MOLOKWU CHUKWUNOMSO,,PrimaryAddressLine1,,"=""18962469""","=""10089331""","=""RCL10089331""",Personal Overdraft,2024-10-25 00:00:00,200000.00,0.00,,,0.00,NGN,0,Open,,Performing
ANDREW BRALA BRIDGET,"=""22141843669""",10 ABIODUN AZEEZ STREET,,"=""19100386""","=""36109005""","=""RCL36109005""",Personal Overdraft,2025-01-03 00:00:00,300000.00,0.00,,,0.00,NGN,0,Open,,Performing
ABDULKADIR HABEEBAH,,10 AGBAJI RD IREWOLEDE ESTATE ILORIN,,"=""18379597""","=""25382538""","=""RCL25382538""",Personal Overdraft,2024-12-24 00:00:00,235000.00,0.00,,0.00,211500.00,NGN,0,Open,,Performing
NNAMCHI SHEDRACK,"=""22307179168""",8 UMUDIM STREET NEW HAVEN ETENTION ENUGU,,"=""18913911""","=""28964308""","=""RCL28964308""",Personal Overdraft,2024-09-21 00:00:00,275000.00,488241.37,,,488241.37,NGN,93,Open,,Lost
OKPARA CHINYERE,,22OYADIRAN ESTATE SABO YABA,,"=""19001451""","=""24713407""","=""RCL24713407""",Personal Overdraft,2024-09-29 00:00:00,249600.00,0.00,,0.00,0.00,NGN,0,Open,,Performing
HAMMED OLAMIDE,"=""22308089437""",23 LAGOS STREET IMEDU OLORI MOWE Obafemi Owode Ogun State,,"=""19032203""","=""9478455""","=""RCL9478455""",,2025-03-13 00:00:00,135000.00,809.45,,0.00,36680.00,NGN,0,Open,,Performing
TAIWO OSAMUYIMEN,,88A GARRICK LAYOUT OFF JOROMI ROAD BENIN CITY,,"=""19148830""","=""35202523""","=""RCL35202523""",Personal Overdraft,2024-09-28 00:00:00,100000.00,123598.82,,,123598.82,NGN,91,Open,,Lost
AWOJI DEBORAH,"=""22516781666""",9 MODUPE THOMAS STREET AJAH BSTOP LAGOS,,"=""18690977""","=""37129350""","=""12162159""",Personal fixed term loan,2023-11-18 00:00:00,5000.00,0.00,,0.00,6650.00,NGN,0,Closed,2023-12-18 00:00:00,Performing
LIKI BARNABAS,,YELWA PRISEC MUBI NORTH ADAMAWA Michika Adamawa State,,"=""18771266""","=""12805684""","=""RCL12805684""",Personal Overdraft,2024-02-11 00:00:00,25000.00,33785.70,,,33785.70,NGN,32,Open,,Sub standard
MACKIVER GREAT,,6 OGBENIGO AVENUE AMUKPE SAPELE,,"=""18953247""","=""22255009""","=""RCL22255009""",,2025-01-20 00:00:00,35000.00,33199.43,,,33199.43,NGN,7,Open,,Watchlist
ALADUM GODFIRST,,1 NEKEDE RD OWERRI,,"=""18956555""","=""27333187""","=""RCL27333187""",Personal Overdraft,2024-10-23 00:00:00,140000.00,238310.73,,,238310.73,NGN,92,Open,,Lost
PETER UKO,,NO 1 ANI CLOSRE IKOM,,"=""19012008""","=""35208139""","=""RCL35208139""",Personal Overdraft,2025-02-04 00:00:00,25000.00,20000.00,,,20000.00,NGN,0,Open,,Performing
AYODELE TEMITAYO,,INURIN COMPOUND OYAN  Odo Otin Osun State,,"=""19147062""","=""1198254""","=""RCL1198254""",Personal Overdraft,2024-06-13 00:00:00,51015.06,0.00,,0.00,54387.61,NGN,0,Open,,Performing
WALSHAK AYO,"=""22449839522""",36 ADENOLA STR ALAPERE BS KETU,,"=""19239467""","=""36531153""","=""12748410""",Personal fixed term loan,2024-01-19 00:00:00,5000.00,0.00,,0.00,6700.00,NGN,0,Closed,2024-02-18 00:00:00,Performing
Okunlola Opeyemi,,1 Okunade off AIT Road Alagbado Lagos Mainland Lagos State,,"=""18772465""","=""1871932""","=""RCL1871932""",Personal Overdraft,2024-11-21 00:00:00,260000.00,276064.76,,0.00,95868.45,NGN,0,Open,,Performing
SANUSI RASHEEDAT,,ALONG KWARA POLY ELEKOYANGAN ILORIN Ilorin South Kwara Sta,,"=""18825618""","=""19440473""","=""RCL19440473""",Personal Overdraft,2024-02-10 00:00:00,40000.00,0.00,,,0.00,NGN,0,Open,,Performing
IWUNZE BEST,,NO 69 ONITSA ROAD,,"=""18976591""","=""19604545""","=""RCL19604545""",Personal Overdraft,2024-09-25 00:00:00,300000.00,0.00,,,0.00,NGN,0,Open,,Performing
TERUMBUR KPAREV,,CLOSE TO HITA CLINIC ALONG ANCHIHA ROAD IKPAYONGO Gwer Eas,"=""08061639976""","=""19246838""","=""18909987""","=""RCL18909987""",Personal Overdraft,2024-10-24 00:00:00,46800.00,41679.22,,,41679.22,NGN,0,Open,,Performing
IMAMAT ADEBISI,"=""22541196239""",5 AFOLABI OYEWALE ST ILE IWE BS EJIGBO LAGOS,,"=""19235893""","=""36659550""","=""11551192""",Personal fixed term loan,2023-09-21 00:00:00,7500.00,0.00,,0.00,11340.00,NGN,0,Closed,2023-10-06 00:00:00,Performing
IMAMAT ADEBISI,"=""22541196239""",5 AFOLABI OYEWALE ST ILE IWE BS EJIGBO LAGOS,,"=""19235893""","=""36659550""","=""11635181""",Personal fixed term loan,2023-09-29 00:00:00,130000.00,0.00,,0.00,172900.00,NGN,0,Closed,2023-10-29 00:00:00,Performing
IMAMAT ADEBISI,"=""22541196239""",5 AFOLABI OYEWALE ST ILE IWE BS EJIGBO LAGOS,,"=""19235893""","=""36659550""","=""12116277""",Personal fixed term loan,2023-11-13 00:00:00,40000.00,0.00,,0.00,53200.00,NGN,0,Closed,2023-12-13 00:00:00,Performing
IMAMAT ADEBISI,"=""22541196239""",5 AFOLABI OYEWALE ST ILE IWE BS EJIGBO LAGOS,,"=""19235893""","=""36659550""","=""12472249""",Personal fixed term loan,2023-12-19 00:00:00,30000.00,0.00,,0.00,39900.00,NGN,0,Closed,2024-01-18 00:00:00,Performing
IMAMAT ADEBISI,"=""22541196239""",5 AFOLABI OYEWALE ST ILE IWE BS EJIGBO LAGOS,,"=""19235893""","=""36659550""","=""13206119""",Personal fixed term loan,2024-03-12 00:00:00,10000.00,0.00,,0.00,12843.00,NGN,0,Closed,2024-04-11 00:00:00,Performing
IMAMAT ADEBISI,"=""22541196239""",5 AFOLABI OYEWALE ST ILE IWE BS EJIGBO LAGOS,,"=""19235893""","=""36659550""","=""13795392""",Personal fixed term loan,2024-05-10 00:00:00,40000.00,0.00,,0.00,52572.00,NGN,0,Closed,2024-06-09 00:00:00,Performing
OLUAYE TIJANI SHEU,"=""22551749342""",10 AGBALUMO STR OREYO IGBOGBO IKORODU LAGOS,,"=""18469851""","=""55756089""","=""RCL55756089""",Personal Overdraft,2025-02-25 00:00:00,20000.00,52784.80,,,52784.80,NGN,62,Open,,
OGUN OLUWADAMILOLA EMMANUEL,"=""22407332869""",2 SOLASOYEBO STREET GRAMMAR SCH BS IKOROD,,"=""18689889""","=""37304051""","=""11279786""",Personal fixed term loan,2023-08-25 00:00:00,20000.00,0.00,,0.00,32500.00,NGN,0,Closed,2023-09-24 00:00:00,Performing
OGUN OLUWADAMILOLA EMMANUEL,"=""22407332869""",2 SOLASOYEBO STREET GRAMMAR SCH BS IKOROD,,"=""18689889""","=""37304051""","=""12349571""",Personal fixed term loan,2023-12-07 00:00:00,20000.00,0.00,,0.00,25100.00,NGN,0,Closed,2023-12-22 00:00:00,Performing
OGUN OLUWADAMILOLA EMMANUEL,"=""22407332869""",2 SOLASOYEBO STREET GRAMMAR SCH BS IKOROD,,"=""18689889""","=""37304051""","=""13206973""",Personal fixed term loan,2024-03-12 00:00:00,22500.00,0.00,,0.00,27769.50,NGN,0,Closed,2024-03-27 00:00:00,Performing
OLASOJI MICHAEL,"=""22391274705""",4 REDEMPTION CLOSE OFF LABURO MOWE,,"=""18792910""","=""1472714""","=""RCL1472714""",Personal Overdraft,2024-09-28 00:00:00,2500.00,6.15,,,6.15,NGN,96,Open,,Lost
OGUNLEYE ESTHER,"=""22221328208""",18 ANUOLUWAPO STREET OBAWOLE REDEEMED BSTOP OBAWOLE,,"=""18805707""","=""25932770""","=""RCL25932770""",Personal Overdraft,2024-06-29 00:00:00,75000.00,0.00,,,0.00,NGN,0,Open,,Performing
CHUKWUIKE AUSTINE,"=""22246241382""",54 CHARLES AVE SIGNAL BARRACKS BSTP AJEGUNLE,,"=""18952507""","=""20957041""","=""RCL20957041""",Personal Overdraft,2024-08-14 00:00:00,260000.00,408398.06,,,408398.06,NGN,91,Open,,Lost
OGBOO CHINECHEREM,"=""22627280849""",MICHAEL COMPOUND ORUMBA SOUTH AMAGU VILLAGE,,"=""19005853""","=""25705941""","=""RCL25705941""",Personal Overdraft,2024-05-07 00:00:00,85000.00,0.00,,,0.00,NGN,96,Open,,Lost
AGBRAGU HARRISON,,LANE C NO 8 ELIMINIGWE EST,"=""08037211339""","=""19080059""","=""39289632""","=""RCL39289632""",Personal Overdraft,2025-05-13 00:00:00,170000.00,6359.79,,,6359.79,NGN,7,Open,,Watchlist
BARIVULE KINGDOM BOMENE,"=""22573577851""",ROBERT FARM ROAD IGBO ETECH,,"=""19088749""","=""37094879""","=""14307557""",Personal fixed term loan,2024-07-08 00:00:00,5000.00,0.00,,0.00,6750.00,NGN,0,Closed,2024-08-07 00:00:00,Performing
BARIVULE KINGDOM BOMENE,"=""22573577851""",ROBERT FARM ROAD IGBO ETECH,,"=""19088749""","=""37094879""","=""14307677""",Personal fixed term loan,2024-07-08 00:00:00,10000.00,0.00,,0.00,13600.00,NGN,0,Closed,2024-08-07 00:00:00,Performing
IDOWU VICTOR,"=""22179851010""",6 ERIKITOLA STR MUSHIN,,"=""19147909""","=""20382727""","=""RCL20382727""",Personal Overdraft,2024-09-07 00:00:00,502466.00,0.00,,0.00,0.00,NGN,0,Open,,Lost
RUTH EMMANUEL,"=""22313094802""",235B ETTA AGBO LAYOUT,,"=""19243637""","=""36401124""","=""RCL36401124""",Personal Overdraft,2024-07-27 00:00:00,58750.00,47371.58,,47371.58,37339.61,NGN,0,Open,,Performing
MUHAMMAD BARAKAT,"=""22501233929""",108LEA PRIMARY SCHOOL ROAD BHD LEA PRY SCH BSTOP GWAKO,,"=""18673301""","=""37549709""","=""11107949""",Personal fixed term loan,2023-08-07 00:00:00,20000.00,0.00,,0.00,23660.00,NGN,0,Closed,2023-09-06 00:00:00,Performing
AYODELE I,"=""22190210614""",Nigeria,,"=""18763842""","=""20223982""","=""RCL20223982""",Personal Overdraft,2025-06-15 00:00:00,90000.00,0.00,,0.00,0.00,NGN,0,Open,,Performing
ONUOHA OLIVER,,NO 8 OKE STREET MAGBON,,"=""18882291""","=""23981273""","=""RCL23981273""",Personal Overdraft,2024-08-12 00:00:00,245000.00,0.00,,,0.00,NGN,0,Open,,Performing
POPOOLA OLUWABUNMI,"=""22158996402""",HIGH SCH AREA OGBOMOSO NIG,,"=""18918287""","=""4601972""","=""RCL4601972""",Personal Overdraft,2024-05-25 00:00:00,200000.00,0.00,,,0.00,NGN,0,Open,,Performing
OBINNAOKPARA AMADI,"=""22253484488""",NO 21 OSHIN FOWOKAN STREET ITIRE Surulere Lagos State Lago,,"=""19001669""","=""17985718""","=""RCL17985718""",Personal Overdraft,2024-09-23 00:00:00,33961.66,18095.58,,0.00,25129.01,NGN,0,Open,,Performing
AKINOLA MICHEAL,,21 MUSTAPHA STREET OLODI APAPA,,"=""19030413""","=""23752950""","=""RCL23752950""",Personal Overdraft,2024-09-22 00:00:00,300000.00,252537.53,,252538.00,481.54,NGN,2,Open,,Watchlist
MICHAEL TORITSEGBOGWA MILLIONAIRE,"=""22401953383""",NO51 GBAGA ROAD IKORODU,,"=""18474588""","=""25857647""","=""RCL25857647""",Personal Overdraft,2024-04-30 00:00:00,156250.00,192727.25,,822.74,192727.25,NGN,91,Open,,Lost
ADENIPO TEMITOPE,,105 AKOBO WEST FOODCO AREA IBADAN OYO STATE,,"=""18814511""","=""34856309""","=""RCL34856309""",Personal Overdraft,2024-03-10 00:00:00,208000.00,464382.10,,464382.00,74591.94,NGN,63,Open,,Doubtful
Olalekan Yekeen,,22 Odofin Street Ijora Oloye,,"=""18840426""","=""35211716""","=""RCL35211716""",Personal Overdraft,2024-09-09 00:00:00,26250.00,0.00,,,0.00,NGN,0,Open,,Performing
ADELAKUN ADESINA,"=""22196516879""",C4 ODO OSUN AREA OFF IFAKI ROAD IDO EKITI Ido Osi Ekiti St,,"=""18852458""","=""24484499""","=""RCL24484499""",Personal Overdraft,2024-05-27 00:00:00,23908.23,20913.90,,20913.90,20926.41,NGN,96,Open,,Lost
AJIBADE AYOMIDE,"=""22462219439""",FUOYE,,"=""18861014""","=""28284128""","=""RCL28284128""",,2024-12-09 00:00:00,225000.00,98654.67,,,98654.67,NGN,0,Open,,Performing
NWANKWO KINGSLEY CHISOM,"=""22173425338""",MADUMERE COMPOUND UMUCHEKE UMUNZE,,"=""19108383""","=""36919764""","=""RCL36919764""",Personal Overdraft,2024-10-28 00:00:00,300000.00,0.00,,,0.00,NGN,0,Open,,Performing
ABORIGHO MACKSON,,2 AGBARA STREET ABRAKA Ethiope East Delta State,,"=""19149265""","=""7664191""","=""RCL7664191""",Personal Overdraft,2024-09-29 00:00:00,135000.00,240861.87,,240861.87,225159.48,NGN,221,Open,,Lost
EMMANUEL NSIKHE OKON,,106 Uwanse St Atamunu 540281 Calabar Cross River Nigeria,,"=""18156089""","=""2155736""","=""RCL2155736""",Personal Overdraft,2024-06-21 00:00:00,164684.94,228919.94,,0.00,159058.40,NGN,97,Open,,Lost
HARRISON FAVOUR OLUCHI,"=""22526559907""",WX2X75Q Ohiajiji Street Rukpokwu 500102 Port Harcourt Rive,,"=""18646684""","=""42463821""","=""10247408""",Personal fixed term loan,2023-05-11 00:00:00,5000.00,0.00,,0.00,6400.00,NGN,0,Closed,2023-06-10 00:00:00,Performing
HARRISON FAVOUR OLUCHI,"=""22526559907""",WX2X75Q Ohiajiji Street Rukpokwu 500102 Port Harcourt Rive,,"=""18646684""","=""42463821""","=""10705817""",Personal fixed term loan,2023-06-26 00:00:00,30000.00,0.00,,0.00,49060.00,NGN,0,Closed,2023-09-24 00:00:00,Performing
YAKUBU NANYAK,"=""22229573831""",NO80  SD LAR WAY SHISHIRI LANGTANG NORTH,,"=""18840482""","=""35237441""","=""RCL35237441""",Personal Overdraft,2024-05-27 00:00:00,200000.00,230094.40,,726.93,230094.40,NGN,91,Open,,Lost
STEPHEN STELLA,"=""22155680360""",NO 8A OGUNDOJU OFF ILAMOYE SANYA SURULERE LAGOS,,"=""18994200""","=""21323212""","=""RCL21323212""",Personal Overdraft,2024-11-11 00:00:00,300000.00,27335.18,,27335.00,23555.49,NGN,2,Open,,Watchlist
ONUEGBU JAMES,"=""22304154384""",NO 27 GASKIYA ROAD ZARIA,"=""08065102567""","=""18858118""","=""35098214""","=""RCL35098214""",Personal Overdraft,2024-12-22 00:00:00,300000.00,89472.00,,,89472.00,NGN,0,Open,,Performing
Ogunbodede Oluwatobi,"=""22181208345""",7472 Ogunsanmi Street Aguda Surulere Lagos,,"=""18918286""","=""4601630""","=""RCL4601630""",Personal Overdraft,2024-08-07 00:00:00,42500.00,1092.35,,1092.35,0.00,NGN,84,Open,,Doubtful
BALOGUN HABEEB,"=""22142373088""",4 MOSHOOD YUSUF STREET EGBIN IJEDE,,"=""18945843""","=""35334574""","=""RCL35334574""",Personal Overdraft,2024-12-11 00:00:00,75000.00,62958.81,,62959.00,45000.00,NGN,2,Open,,Watchlist
GARUBA HARUNA,"=""22315488683""",1 RAFIU ANIMASHAUN ST CANDOS BARUWA BS IPAJA,,"=""19121724""","=""43845830""","=""10987612""",Personal fixed term loan,2023-07-26 00:00:00,2500.00,0.00,,0.00,3000.00,NGN,0,Closed,2023-08-10 00:00:00,Performing
GARUBA HARUNA,"=""22315488683""",1 RAFIU ANIMASHAUN ST CANDOS BARUWA BS IPAJA,,"=""19121724""","=""43845830""","=""11155327""",Personal fixed term loan,2023-08-12 00:00:00,5000.00,0.00,,0.00,6075.00,NGN,0,Closed,2023-08-27 00:00:00,Performing
OYEYIOLA EYIWUMI,,24C ERINGBO STREET AKURE,,"=""19202212""","=""23777685""","=""RCL23777685""",Personal Overdraft,2024-09-25 00:00:00,300000.00,0.00,,,0.00,NGN,0,Open,,Performing
IBRAHIM RABIU,,NO 4 IMAM JAE ROAD RAFIN GUZA Kaduna North Kaduna State,,"=""18533668""","=""17606826""","=""RCL17606826""",Personal Overdraft,2024-05-19 00:00:00,200000.00,0.00,,,0.00,NGN,0,Open,,Performing
ANYANWU BENADINE,"=""22530311269""",7 EXTADOK EST SUNNY VILLAMADDO,,"=""18535874""","=""7530019""","=""RCL7530019""",Personal Overdraft,2024-04-10 00:00:00,210000.00,10198.68,,0.00,0.00,NGN,0,Open,,Open
ezeh james,"=""22444334297""",no 17 anwai road asaba,,"=""18934657""","=""24282949""","=""RCL24282949""",Personal Overdraft,2024-09-22 00:00:00,208000.00,238422.60,,,238422.60,NGN,93,Open,,Lost
OKPE ADEKA,"=""22186475135""",BLK A 22 ROOM 6 ASHANTI BARRACKS APAPA LAGOS,,"=""18937501""","=""27141664""","=""RCL27141664""",Personal Overdraft,2024-12-02 00:00:00,235000.00,0.00,,0.00,0.00,NGN,0,Open,,Performing
EJIDE OLUWATOSIN,"=""22386745092""",13 OREMERIN STREET OFF OMOLAYO STREET MEIRAN,,"=""19148054""","=""22643916""","=""RCL22643916""",Personal Overdraft,2024-10-17 00:00:00,56964.04,71428.54,,71428.54,63622.15,NGN,65,Open,,Doubtful
FASASI HABIB,,9 ADEOTI STREET KWARA B STOP AKOWONJO EGBEDA Alimosho Lago,,"=""19149220""","=""5931824""","=""RCL5931824""",Personal Overdraft,2024-12-11 00:00:00,300000.00,0.00,,0.00,0.00,NGN,0,Open,,Performing
Bitrus Samaila,"=""22453117302""",No 1 Darren Akintoye Crescent Ugolo Okpe LGA Delta sta,,"=""18007728""","=""43918241""","=""RCL43918241""",Personal Overdraft,2024-07-07 00:00:00,79923.75,153367.44,,,153367.44,NGN,96,Open,,Lost
STELLAMARIS EGWUASI STELLAMARIS,"=""22462605184""",NO 5 ANABA CLOSE UMUOCHAM ABA,,"=""18089443""","=""45287927""","=""RCL45287927""",Personal Overdraft,2025-05-25 00:00:00,15000.00,17.90,,0.00,0.00,NGN,2,Open,,Watchlist
Temitope Ologunja Aishat,"=""22427687031""",50 KAYODE STREET IGBOGBO IKORODU LAGOS Ikorodu Lagos State,"=""07063637196""","=""18385553""","=""4328073""","=""13771861""",Personal fixed term loan,2024-05-08 00:00:00,5000.00,0.00,,0.00,6670.00,NGN,0,Closed,2024-05-23 00:00:00,Performing
ONIFADE ADEOLA,"=""22180732782""",NO 23BIK OJO STREETAKURE HIGH SCHOOL,,"=""18857390""","=""28938662""","=""RCL28938662""",Personal Overdraft,2024-02-12 00:00:00,235000.00,315205.53,,,315205.53,NGN,96,Open,,Lost
OJOMU RODIAT,"=""22652589526""",16 SIMPSON STREET LAGOS ISLAND,,"=""18904618""","=""24520432""","=""RCL24520432""",Personal Overdraft,2024-06-11 00:00:00,223.06,0.15,,0.15,0.01,NGN,35,Open,,Sub standard
AKPAN DANIEL,"=""22434755875""",5 MKPEHE UBOK STREET,,"=""18936406""","=""25829950""","=""RCL25829950""",Personal Overdraft,2024-07-05 00:00:00,155000.00,0.00,,0.00,0.00,NGN,0,Open,,Performing
OKORO ADA PATRICIA,"=""22292277281""",45 OGUNLANA STREET OFF ADEKUNLE KUYE RD AGUD S L Oshodi Is,,"=""19029226""","=""15265690""","=""RCL15265690""",Personal Overdraft,2025-01-22 00:00:00,300000.00,375139.79,,,375139.79,NGN,62,Open,,Doubtful
SHAKIRAT YETUNDE LAARO,,911 LAGOS ABEOKUTA EXPRESS ROAD,,"=""18118294""","=""51756331""","=""RCL51756331""",Personal Overdraft,2025-01-06 00:00:00,15000.00,9133.86,,,9133.86,NGN,0,Open,,Performing
NSIKAN VICTORIA IDIONG,"=""22222048602""",OPPOSITE CENTRAL MOSQUE ASO ROAD,"=""08024348167""","=""18277262""","=""14534554""","=""RCL14534554""",Personal Overdraft,2024-11-08 00:00:00,13750.00,0.00,,,0.00,NGN,0,Open,,Performing
ALOFUN PRAISE TOLULOPE,"=""22186551242""",MA4 EGENU STREET OFF ALL SAINT COLLEGE ROAD GBEKUBA,,"=""18376969""","=""21768767""","=""RCL21768767""",Personal Overdraft,2024-09-07 00:00:00,135000.00,0.00,,0.00,12.73,NGN,0,Open,,Performing
NGE LOHODEDOO,,Not Available,,"=""18533061""","=""14650338""","=""RCL14650338""",Personal Overdraft,2024-05-07 00:00:00,51229.19,57970.10,,57970.00,43513.18,NGN,2,Open,,Watchlist
IHUNWEZE CHIAMAKA,"=""22336677363""",Not Available,,"=""18784285""","=""14625331""","=""RCL14625331""",Personal Overdraft,2024-09-18 00:00:00,210000.00,0.00,,0.00,9463.08,NGN,0,Open,,Performing
AJAYI EMMANUEL,"=""22407997929""",PrimaryAddressLine1,,"=""18785336""","=""2472274""","=""RCL2472274""",Personal Overdraft,2024-10-15 00:00:00,125000.00,40460.12,,0.00,14457.34,NGN,0,Open,,Performing
EJIDE OBIORA,"=""22493303848""",AGBADANI VILLAGE NRI,,"=""18830813""","=""25621352""","=""RCL25621352""",,2024-07-09 00:00:00,85000.00,85837.82,,0.00,3870.80,NGN,0,Open,,Performing
CHIBUNDU BENITA,,Not Available,,"=""18964410""","=""13542802""","=""RCL13542802""",Personal Overdraft,2024-09-23 00:00:00,125000.00,111304.58,,,111304.58,NGN,0,Open,,Performing
ADEDEJI SAHEED TOYOSI,"=""22324519297""",55576C OWODE MARKET OFF OLOMI ROAD OWODE BS,,"=""19063835""","=""3354827""","=""RCL3354827""",Personal Overdraft,2024-05-16 00:00:00,155000.00,0.00,,,0.00,NGN,0,Open,,Performing
DANBIMA HARUNA ILU,"=""22498844663""",59KARIM LAMIDO STREET TOTAL FILLING STATION AREA JIMETA,,"=""19092898""","=""43337012""","=""10360340""",Personal fixed term loan,2023-05-22 00:00:00,15000.00,0.00,,0.00,17700.00,NGN,0,Closed,2023-06-06 00:00:00,Performing
EMILOLORUN TITILAYO,"=""22152828099""",21 NATHAN STREET OFF OJUELEGBA,,"=""19148263""","=""26024001""","=""RCL26024001""",Personal Overdraft,2024-04-06 00:00:00,198415.87,126002.61,,0.00,195523.32,NGN,0,Open,,Performing
ugboh kalu ejere,,no 44 nepa line aba,,"=""19203769""","=""36034769""","=""RCL36034769""",Personal Overdraft,2024-05-07 00:00:00,280259.59,556984.52,,,556984.52,NGN,96,Open,,Lost
MARCUS MBACHU,,172 WETHERAL ROAD,,"=""19254538""","=""21715422""","=""RCL21715422""",Personal Overdraft,2025-01-30 00:00:00,55000.00,15618.08,,,15618.08,NGN,19,Open,,Watchlist
ADEBAMBO OLUWATOSIN OLUWASEUNAYOFUNMI,"=""22627859922""",BLOCK 52 AWOLOWO AVENUE GRA  SAGAMU,,"=""18442807""","=""31338453""","=""RCL31338453""",Personal Overdraft,2025-03-26 00:00:00,18884.69,72556.91,,0.00,12800.00,NGN,90,Open,,Lost
AMINU MARIAM,"=""22200366489""",33 OWOSENI STREET ITIRE ROAD IKATE SURULERE Surulere Lagos,,"=""18847164""","=""16406993""","=""RCL16406993""",Personal Overdraft,2024-06-30 00:00:00,18750.00,0.00,,0.00,0.00,NGN,0,Open,,Performing
OPEYEMI LYDIA,"=""22366475544""",ile ologbo esanu ajee area ogbomoso oyo state,,"=""18882330""","=""24048548""","=""RCL24048548""",,2024-04-12 00:00:00,124787.74,131226.12,,,131226.12,NGN,7,Open,,Watchlist
IJAGBULU OLUWATOYIN,,4 OLUFEMI CLOSE ILOGBO EREMI OKO AFO,,"=""18899557""","=""19820852""","=""RCL19820852""",Personal Overdraft,2024-12-26 00:00:00,300000.00,576416.35,,,576416.35,NGN,92,Open,,Lost
RICHARD JOSHUA,"=""22323795724""",27 REVELATION STREET BY UNIQUE ESTATE BARUWA,,"=""19230146""","=""36330075""","=""11057757""",Personal fixed term loan,2023-08-02 00:00:00,50000.00,0.00,,0.00,58600.00,NGN,0,Closed,2023-08-17 00:00:00,Performing
RICHARD JOSHUA,"=""22323795724""",27 REVELATION STREET BY UNIQUE ESTATE BARUWA,,"=""19230146""","=""36330075""","=""11470132""",Personal fixed term loan,2023-09-13 00:00:00,10000.00,0.00,,0.00,12750.00,NGN,0,Closed,2023-10-13 00:00:00,Performing
RICHARD JOSHUA,"=""22323795724""",27 REVELATION STREET BY UNIQUE ESTATE BARUWA,,"=""19230146""","=""36330075""","=""11739582""",Personal fixed term loan,2023-10-08 00:00:00,22500.00,0.00,,0.00,28687.50,NGN,0,Closed,2023-11-07 00:00:00,Performing
RICHARD JOSHUA,"=""22323795724""",27 REVELATION STREET BY UNIQUE ESTATE BARUWA,,"=""19230146""","=""36330075""","=""12070486""",Personal fixed term loan,2023-11-09 00:00:00,10000.00,0.00,,0.00,25500.00,NGN,0,Closed,2023-12-09 00:00:00,Performing
RICHARD JOSHUA,"=""22323795724""",27 REVELATION STREET BY UNIQUE ESTATE BARUWA,,"=""19230146""","=""36330075""","=""13253037""",Personal fixed term loan,2024-03-17 00:00:00,10000.00,0.00,,0.00,11970.00,NGN,0,Closed,2024-04-16 00:00:00,Performing
RICHARD JOSHUA,"=""22323795724""",27 REVELATION STREET BY UNIQUE ESTATE BARUWA,,"=""19230146""","=""36330075""","=""13813871""",Personal fixed term loan,2024-05-13 00:00:00,35000.00,0.00,,0.00,11725.00,NGN,0,Closed,2024-09-10 00:00:00,Performing
DAMILOLA DADA,"=""22426662929""",NO 2 OWOTEMU STREET OFF CASCO AGBOJU LAGOS,,"=""19251638""","=""25866495""","=""RCL25866495""",Personal Overdraft,2024-10-26 00:00:00,4196.88,38.80,,38.80,0.00,NGN,4,Open,,Watchlist
OGBECHE SYLVANUS AFO,,VITA CAMP ASO MARARABA,,"=""17908960""","=""55189581""","=""RCL55189581""",Personal Overdraft,2025-04-13 00:00:00,20000.00,85024.60,,85024.60,27861.58,NGN,92,Open,,Lost
FIDELIN OYINMIEBI OTARU,"=""22443877898""",NO 8 OLADEJI OFF MASHALASI EGAN,,"=""18277789""","=""43503081""","=""RCL43503081""",Personal Overdraft,2025-01-24 00:00:00,20000.00,57436.73,,,57436.73,NGN,62,Open,,
Mayowa Olaregun Yetunde,,PLOT 22 BLK XI  OLUYOLE EXTENTION OLUYOLE IBADAN Ibadan So,"=""2348142074239""","=""18380803""","=""17646973""","=""RCL17646973""",Personal Overdraft,2024-08-13 00:00:00,37170.24,45446.80,,45447.00,33354.22,NGN,63,Open,,Doubtful
BALOGUN SAMUEL,,NO 1 MUNIRU BARUWA STREET LAWANSON SURULERE,,"=""18532721""","=""12755494""","=""RCL12755494""",Personal Overdraft,2024-01-11 00:00:00,120000.00,0.00,,,0.00,NGN,0,Open,,Performing
CHIBUOKE PRINCEWILL,"=""22512980267""",2 UP DIKE AVENUE SATELLITE TOWN,,"=""18816182""","=""35386523""","=""RCL35386523""",Personal Overdraft,2024-07-27 00:00:00,180000.00,10231.91,,,10231.91,NGN,0,Open,,Performing
MOMNANG BLESSING,,Not Available,,"=""18821777""","=""15956594""","=""RCL15956594""",Personal Overdraft,2024-12-18 00:00:00,50000.00,18652.26,,,18652.26,NGN,0,Open,,Performing
UZOCHUKWU SOMTOCHUKWU,,UZOCHUKWU OKAFORS COMPD OKPUNOEZE URUAGU NNEWI,,"=""18984374""","=""27218275""","=""RCL27218275""",Personal Overdraft,2025-04-01 00:00:00,245000.00,444070.47,,0.00,170141.72,NGN,96,Open,,Lost
ADA OBI ANI,,Not Available,,"=""19232539""","=""14529258""","=""RCL14529258""",Personal Overdraft,2024-11-21 00:00:00,156000.00,241641.77,,241641.77,200283.12,NGN,65,Open,,Doubtful
USMAN ABUBAKAR USMAN,"=""22585930376""",002 Kanwuri area shuni oposite central mosque  Sokoto,"=""2348137124615""","=""17954920""","=""PF136678""","=""A32116""",Personal fixed term loan,2024-09-14 00:00:00,35973.00,45607.60,,45607.60,45607.60,NGN,697,Open,2024-09-21 00:00:00,Lost
OBIAGA OGE,,Not Available,,"=""18378614""","=""15167934""","=""RCL15167934""",Personal Overdraft,2024-05-27 00:00:00,237500.00,0.00,,,0.00,NGN,0,Open,,Performing
EZE LINDA,,PEACE PLAZA BY CAROLINE BUS STOP AKADAGUN BADAGRY Badagry,,"=""18379299""","=""9880400""","=""RCL9880400""",Personal Overdraft,2024-11-28 00:00:00,42000.00,42362.73,,,42362.73,NGN,1,Open,,
UZOZIE CHIDUBEM,"=""22571879522""",NO 5 NIFSON AVENUE AGU AWKA,,"=""18800953""","=""20867966""","=""RCL20867966""",,2024-05-26 00:00:00,18200.00,14859.10,,0.00,16378.16,NGN,0,Open,,Performing
BELLO HAMMED,"=""22178341105""",ILE ELEWI AGUNPOPO AREA OYO,,"=""18861855""","=""28599800""","=""RCL28599800""",Personal Overdraft,2025-01-07 00:00:00,300000.00,0.00,,,0.00,NGN,0,Open,,Performing
ANAKWE PAULINSUDECHUKWU,,1 GRAFFITI RUKUBA ROAD GRA FF ITI HOTEL JUNCTION Jos North,,"=""18896853""","=""17984753""","=""RCL17984753""",Personal Overdraft,2024-07-27 00:00:00,31727.25,43341.39,,,43341.39,NGN,92,Open,,Lost
ikechukwu emmanuel,"=""22397144271""",akaboukwu uruagu nnewi,,"=""19148375""","=""27691050""","=""RCL27691050""",,2024-02-11 00:00:00,165750.00,93983.50,,0.00,85500.00,NGN,0,Open,,Open
OGHENEVWAIRHE OBADA,,NO 141 EKUIGBO WARRI ROAD UGHELLI,,"=""19250655""","=""28689561""","=""RCL28689561""",Personal Overdraft,2025-02-16 00:00:00,300000.00,578671.27,,578671.27,349822.08,NGN,92,Open,,Lost
KABIRAT OJUOLAPE OLADIPO,"=""22223758016""",8 AGBONGBON STREET MUSHIN Mushin Lagos State,,"=""18114835""","=""10264950""","=""RCL10264950""",Personal Overdraft,2024-06-27 00:00:00,180000.00,254132.93,,,254132.93,NGN,88,Open,,Doubtful
ADEKUNLE MISTURA LOLA,"=""22468616980""",20 ADEPEJU STR ONIPETESI AGEGE LAGOS,,"=""18469489""","=""38390516""","=""11947936""",Personal fixed term loan,2023-10-28 00:00:00,5000.00,0.00,,0.00,6650.00,NGN,0,Closed,2023-11-27 00:00:00,Performing
ADEKUNLE MISTURA LOLA,"=""22468616980""",20 ADEPEJU STR ONIPETESI AGEGE LAGOS,,"=""18469489""","=""38390516""","=""13137586""",Personal fixed term loan,2024-03-04 00:00:00,10000.00,0.00,,0.00,13600.00,NGN,0,Closed,2024-04-03 00:00:00,Performing
ADEKUNLE MISTURA LOLA,"=""22468616980""",20 ADEPEJU STR ONIPETESI AGEGE LAGOS,,"=""18469489""","=""38390516""","=""13385944""",Personal fixed term loan,2024-03-30 00:00:00,10000.00,0.00,,0.00,13600.00,NGN,0,Closed,2024-04-29 00:00:00,Performing
ADEKUNLE MISTURA LOLA,"=""22468616980""",20 ADEPEJU STR ONIPETESI AGEGE LAGOS,,"=""18469489""","=""38390516""","=""13872140""",Personal fixed term loan,2024-05-19 00:00:00,10000.00,0.00,,0.00,13600.00,NGN,0,Closed,2024-06-18 00:00:00,Performing
ADEKUNLE MISTURA LOLA,"=""22468616980""",20 ADEPEJU STR ONIPETESI AGEGE LAGOS,,"=""18469489""","=""38390516""","=""14180661""",Personal fixed term loan,2024-06-23 00:00:00,12500.00,0.00,,0.00,16875.00,NGN,0,Closed,2024-07-23 00:00:00,Performing
KOYA JEREMIAH,"=""22445390988""",73 ILUPEJU LABAIWA CDA CAR WASH ASERO ABEOKUTA OGUN STATE,,"=""18850848""","=""20857664""","=""RCL20857664""",Personal Overdraft,2024-05-15 00:00:00,70000.00,59473.50,,0.00,59960.36,NGN,0,Open,,Performing
AJAYI YOMI,,Not Available,,"=""18971529""","=""15336853""","=""RCL15336853""",Personal Overdraft,2025-04-27 00:00:00,150000.00,0.00,,,0.00,NGN,0,Open,,Performing
UKWU UKWU UDE,"=""22504960626""",24 IPONYEWA PHASE 2 IKORODU,,"=""19133373""","=""33025845""","=""RCL33025845""",Personal Overdraft,2025-01-24 00:00:00,10000.00,24426.92,,,24426.92,NGN,62,Open,,
STELLAMARIS MADU,"=""22335014893""",UMUIHEOCHA OKWU NGURU,,"=""19242137""","=""26059176""","=""RCL26059176""",Personal Overdraft,2024-11-18 00:00:00,21732.63,0.00,,,0.00,NGN,0,Open,,Performing
NJIDEKA OPARAKU,"=""22189417035""",Not Available,,"=""19252198""","=""12668856""","=""RCL12668856""",Personal Overdraft,2024-08-18 00:00:00,155000.00,13461.14,,,13461.14,NGN,0,Open,,Performing
MATTHEW CHINONSO OKWUOKENYE,"=""22544946097""",NO 10 OLENE QUARTER EGBUDU AKAH,,"=""18120946""","=""43225726""","=""RCL43225726""",Personal Overdraft,2024-08-23 00:00:00,94500.00,33647.93,,,33647.93,NGN,0,Open,,Performing
RACHAEL ONYINYECHI SILAS,,2 NEW  MARKET ROAD Port Harcourt Rivers State,,"=""18211751""","=""1204981""","=""RCL1204981""",Personal Overdraft,2024-12-13 00:00:00,16421.98,11377.47,,11377.47,16607.99,NGN,4,Open,,Watchlist
Njinkeonye Roselyn,"=""22429911671""",2 OLORUNFEMI STREET IGANDO LAGOS,"=""08062136878""","=""18373370""","=""18796907""","=""RCL18796907""",Personal Overdraft,2024-09-28 00:00:00,300000.00,421551.49,,,421551.49,NGN,92,Open,,Lost
ADELAJA OLUWATOBILOLA,"=""22809298629""",6 alhaji balogun Street onirugba ijebu ode,"=""2348144018910""","=""18728260""","=""PF71798""","=""A10317""",Personal fixed term loan,2024-01-06 00:00:00,18000.00,21203.14,,21203.14,19403.10,NGN,952,Open,2024-01-10 00:00:00,Lost
ADOMOKHAI OMEGIE,"=""22437478669""",11 DLA ROAD ASABA,,"=""18792886""","=""14719115""","=""RCL14719115""",,2025-04-03 00:00:00,145000.00,0.00,,,0.00,NGN,0,Open,,Performing
ONOWIGHOSE IDHIKE,"=""22379058620""",11A OTIO STREET OLEH,,"=""18815200""","=""35084546""","=""RCL35084546""",Personal Overdraft,2024-07-30 00:00:00,33750.00,0.00,,,0.00,NGN,0,Open,,Performing
ALFRED ONOME,"=""22468912330""",Not Available,,"=""18894373""","=""16245724""","=""RCL16245724""",Personal Overdraft,2024-04-26 00:00:00,50067.80,42558.25,,,42558.25,NGN,0,Open,,Performing
TUMULE FUNMILAYO,"=""22414705793""",NO 6 SIDI ABIODUN STREETEWEDOGBON LASU ISHERI ROAD LAGOS,,"=""18935785""","=""25583191""","=""RCL25583191""",Personal Overdraft,2024-08-31 00:00:00,29797.61,15975.12,,0.00,27054.00,NGN,0,Open,,Open
ASONARENEMEN VICTOR,"=""22502571853""",NO 6 EGAN QUARTERS EKPOMA Esan West Edo State,,"=""18946617""","=""6666292""","=""RCL6666292""",Personal Overdraft,2024-12-08 00:00:00,300000.00,0.00,,,0.00,NGN,0,Open,,Performing
KOOFFREH NSA,"=""22329265784""",101 UWANSE STREET CALABAR,,"=""18954855""","=""25510267""","=""RCL25510267""",Personal Overdraft,2024-09-21 00:00:00,300000.00,0.00,,,0.00,NGN,0,Open,,Performing
IZUCHUKWU CHIDOZIE,"=""22168799446""",MICHAEL OKPARA UNI UMUDIKE,,"=""19242897""","=""3399162""","=""RCL3399162""",Personal Overdraft,2024-07-19 00:00:00,190000.00,399789.35,,,399789.35,NGN,245,Open,,Lost
MARIAM GANIYU,"=""22448110527""",3 ALAJI BALOGUN STREET OKOKOMAKO  LAGOS,,"=""19243747""","=""27259371""","=""RCL27259371""",Personal Overdraft,2024-01-07 00:00:00,52871.29,87360.05,,,87360.05,NGN,92,Open,,Lost
ONYEMELUE IFEOMA EMMANUELLA,"=""22232175433""",14 IHEBOSU ST WOLIWO LOUT ONITSHA,"=""08139747487""","=""17910733""","=""25586027""","=""RCL25586027""",Personal Overdraft,2024-10-14 00:00:00,300000.00,0.00,,,0.00,NGN,0,Open,,Performing
GEORGE CHURCHILL,"=""22271533182""",3A OMOBANTA STREET MILE 12 KETU Kosofe Lagos State,,"=""18377613""","=""11026025""","=""RCL11026025""",,2024-10-27 00:00:00,35152.00,10311.94,,0.00,20730.79,NGN,0,Open,,Performing
AGBODIKE DYMPHNA,"=""22379678589""",28 NKISI STREET FEGGE ONITSHA Onitsha South Anambra State,,"=""18379834""","=""10795441""","=""RCL10795441""",Personal Overdraft,2024-08-11 00:00:00,300000.00,0.00,,,0.00,NGN,0,Open,,Performing
sherif adeleke Tunde,,No B6 Ibrahim Taiwo Road Tudun wada Kaduna,"=""08063015533""","=""18762214""","=""PF80277""","=""A30463""",Personal fixed term loan,2024-07-06 00:00:00,257646.00,189850.94,,189850.94,201390.00,NGN,738,Open,,Lost
ISOLA YI,,PrimaryAddressLine1,,"=""18771306""","=""16320430""","=""RCL16320430""",Personal Overdraft,2024-07-24 00:00:00,143391.53,170812.37,,0.00,222721.41,NGN,334,Open,,Lost
Imran Mutiu,"=""22221155310""",E1761 BEYERUKA LABIRAN,"=""2348055242267""","=""18858495""","=""35272199""","=""RCL35272199""",Personal Overdraft,2024-10-11 00:00:00,65189.79,16432.50,,0.00,54052.37,NGN,0,Open,,Performing
EKAETTE ESTHER,,NO 41 NUNG NKENGTA OSONGAMA ESTATE,,"=""19038621""","=""21744072""","=""RCL21744072""",,2024-02-09 00:00:00,285000.00,0.00,,,0.00,NGN,0,Open,,Performing
NDAM NICODEMUS,,flat 16 block 1 dodan barracks obalende ikoyi lagos,,"=""19148342""","=""27443409""","=""RCL27443409""",Personal Overdraft,2024-10-15 00:00:00,75000.00,0.00,,,0.00,NGN,0,Open,,Performing
IFEANYI IJEH,"=""22253907165""",2ND AVENUE 22 ROAD G CLOSE BLOCK 1 FESTAC TOW,,"=""19249167""","=""25428369""","=""RCL25428369""",Personal Overdraft,2024-12-31 00:00:00,200000.00,365862.38,,,365862.38,NGN,95,Open,,
