Name,BankVerificationNumber,Address,HomeTelephoneNumber,FirstCentralReferenceNo,customerid,AccountNo,TypeOfAccount,DateAccountOpened,OpeningBalanceAmt,CurrentBalanceAmt,CurrentBalanceDebitInd,AmountOverdue,InstalmentAmount,Currency,MonthsInArrears,AccountStatusCode,ClosedDate,loanclassification
PATRICIA AZUBUIKE,,NO 14 WILLIAM JUMBO STREET OLD GRA PORT HARCOURT Port Harc,"=""08068154819""","=""19279894""","=""9904842""","=""RCL9904842""",Personal Overdraft,2024-09-03 00:00:00,114817.50,183831.76,,,183831.76,NGN,61,Open,,Doubtful
UTIBE IWOK,"=""22589234456""",16 CHURCH ROAD AMADI AMA PHC Port Harcourt Rivers State,,"=""19304208""","=""16319868""","=""RCL16319868""",Personal Overdraft,2024-06-07 00:00:00,148830.29,208568.96,,931.64,208568.96,NGN,91,Open,,Lost
MCHENRY NDUBUISI,"=""22623286676""",NO 36 EZE SN WALI STREET NKPOLU RUMUIGBO ObioAkpor Rivers,,"=""19358910""","=""36048499""","=""RCL36048499""",Personal Overdraft,2024-04-26 00:00:00,115000.00,16650.30,,,16650.30,NGN,109,Open,,Lost
ALIMAT OLAGOROYE,,7981 Okunola Rd Idimu Lagos Nigeria,,"=""19381238""","=""36201334""","=""10575679""",Personal fixed term loan,2023-06-12 00:00:00,20000.00,0.00,,0.00,23660.00,NGN,0,Closed,2023-08-02 00:00:00,Performing
ALIMAT OLAGOROYE,,7981 Okunola Rd Idimu Lagos Nigeria,,"=""19381238""","=""36201334""","=""10934224""",Personal fixed term loan,2023-07-20 00:00:00,45000.00,0.00,,0.00,53865.00,NGN,0,Closed,2023-08-19 00:00:00,Performing
ALIMAT OLAGOROYE,,7981 Okunola Rd Idimu Lagos Nigeria,,"=""19381238""","=""36201334""","=""11128614""",Personal fixed term loan,2023-08-09 00:00:00,80000.00,0.00,,0.00,95760.00,NGN,0,Closed,2023-09-29 00:00:00,Performing
ALIMAT OLAGOROYE,,7981 Okunola Rd Idimu Lagos Nigeria,,"=""19381238""","=""36201334""","=""11616062""",Personal fixed term loan,2023-09-27 00:00:00,120000.00,0.00,,0.00,147600.00,NGN,0,Closed,2023-12-08 00:00:00,Performing
ALIMAT OLAGOROYE,,7981 Okunola Rd Idimu Lagos Nigeria,,"=""19381238""","=""36201334""","=""12780882""",Personal fixed term loan,2024-01-23 00:00:00,40000.00,0.00,,0.00,47800.00,NGN,0,Closed,2024-02-22 00:00:00,Performing
ALIMAT OLAGOROYE,,7981 Okunola Rd Idimu Lagos Nigeria,,"=""19381238""","=""36201334""","=""12945041""",Personal fixed term loan,2024-02-11 00:00:00,80000.00,0.00,,0.00,51200.00,NGN,0,Closed,2024-07-23 00:00:00,Performing
ALIMAT OLAGOROYE,,7981 Okunola Rd Idimu Lagos Nigeria,,"=""19381238""","=""36201334""","=""14195203""",Personal fixed term loan,2024-06-25 00:00:00,60000.00,0.00,,0.00,75750.00,NGN,0,Closed,2024-07-25 00:00:00,Performing
ISMAIL TIJANI,"=""22144175130""",104 ORUDU ADIYAN ROAD AGBADO,,"=""19395727""","=""36486338""","=""RCL36486338""",Personal Overdraft,2024-08-23 00:00:00,270400.00,207574.62,,0.00,211300.63,NGN,0,Open,,Performing
DOMINIC ASEMAVE,,ZONE 44 UKE BUS STOP KPADOS RES UKE,"=""2349070566894""","=""19401307""","=""PF21996""","=""A4699""",Personal fixed term loan,2023-11-28 00:00:00,102000.00,115551.30,,115551.30,105351.30,NGN,988,Open,2023-12-05 00:00:00,Lost
ANOINTING KANAYOCHUKWU,"=""22525009760""",PLOT 223 GBAZANGO EXT KUBWA ABUJA,"=""09025888498""","=""19411754""","=""36079214""","=""11162924""",Personal fixed term loan,2023-08-13 00:00:00,20000.00,0.00,,0.00,24300.00,NGN,0,Closed,2023-08-28 00:00:00,Performing
ANOINTING KANAYOCHUKWU,"=""22525009760""",PLOT 223 GBAZANGO EXT KUBWA ABUJA,"=""09025888498""","=""19411754""","=""36079214""","=""11318155""",Personal fixed term loan,2023-08-29 00:00:00,45000.00,0.00,,0.00,58500.00,NGN,0,Closed,2023-09-28 00:00:00,Performing
ANOINTING KANAYOCHUKWU,"=""22525009760""",PLOT 223 GBAZANGO EXT KUBWA ABUJA,"=""09025888498""","=""19411754""","=""36079214""","=""11665035""",Personal fixed term loan,2023-10-02 00:00:00,50000.00,0.00,,0.00,65000.00,NGN,0,Closed,2023-11-01 00:00:00,Performing
ANOINTING KANAYOCHUKWU,"=""22525009760""",PLOT 223 GBAZANGO EXT KUBWA ABUJA,"=""09025888498""","=""19411754""","=""36079214""","=""11976371""",Personal fixed term loan,2023-10-31 00:00:00,40000.00,0.00,,0.00,47880.00,NGN,0,Closed,2023-11-15 00:00:00,Performing
ANOINTING KANAYOCHUKWU,"=""22525009760""",PLOT 223 GBAZANGO EXT KUBWA ABUJA,"=""09025888498""","=""19411754""","=""36079214""","=""12128969""",Personal fixed term loan,2023-11-15 00:00:00,45000.00,0.00,,0.00,58500.00,NGN,0,Closed,2023-12-22 00:00:00,Performing
THANKGOD IINEE,,ROOM 8 KFK LODGE,,"=""19292151""","=""36284700""","=""13379208""",Personal fixed term loan,2024-03-30 00:00:00,10000.00,0.00,,0.00,13600.00,NGN,0,Closed,2024-04-29 00:00:00,Performing
JELILI AYINDE,"=""22271918671""",78 GLOVER STREET EBUTE METTA,,"=""19297835""","=""24630807""","=""RCL24630807""",Personal Overdraft,2024-02-11 00:00:00,26000.00,10274.46,,,10274.46,NGN,0,Open,,Performing
UKOH UDOMBO,,ELDER OKON UDO MBO COMPOUND IN UDUNG ISEMIN IBAKA MBO,,"=""19313611""","=""36040509""","=""RCL36040509""",Personal Overdraft,2024-07-14 00:00:00,130000.00,1058.77,,,1058.77,NGN,7,Open,,Watchlist
KAFILAT BANKOLE,"=""22363436210""",16 Yisa Oladimeji Street Uturn Abule Egba,"=""08066211888""","=""19335535""","=""36114465""","=""11203076""",Personal fixed term loan,2023-08-17 00:00:00,25000.00,0.00,,0.00,32500.00,NGN,0,Closed,2023-09-16 00:00:00,Performing
KAFILAT BANKOLE,"=""22363436210""",16 Yisa Oladimeji Street Uturn Abule Egba,"=""08066211888""","=""19335535""","=""36114465""","=""11516651""",Personal fixed term loan,2023-09-18 00:00:00,50000.00,0.00,,0.00,37480.00,NGN,0,Closed,2023-12-17 00:00:00,Performing
ADEWALE ADENIRAN,"=""22490164879""",16 HOPE AND GLORY AVENUE IYANA ILOGBO OTA Ogun State NG,"=""2347083808567""","=""19376166""","=""36551581""","=""12441972""",Personal fixed term loan,2023-12-16 00:00:00,10000.00,0.00,,0.00,13300.00,NGN,0,Closed,2024-01-15 00:00:00,Performing
ADEWALE ADENIRAN,"=""22490164879""",16 HOPE AND GLORY AVENUE IYANA ILOGBO OTA Ogun State NG,"=""2347083808567""","=""19376166""","=""36551581""","=""12755772""",Personal fixed term loan,2024-01-20 00:00:00,15000.00,0.00,,0.00,19950.00,NGN,0,Closed,2024-03-05 00:00:00,Performing
ADEWALE ADENIRAN,"=""22490164879""",16 HOPE AND GLORY AVENUE IYANA ILOGBO OTA Ogun State NG,"=""2347083808567""","=""19376166""","=""36551581""","=""13196648""",Personal fixed term loan,2024-03-11 00:00:00,30000.00,0.00,,0.00,38802.00,NGN,0,Closed,2024-05-16 00:00:00,Performing
SODIQ ABDULLAHI,,NO 35 BANKOLE COMPOUND ALFAYAYA  Ilorin South Kwara State,,"=""19382514""","=""6381148""","=""RCL6381148""",Personal Overdraft,2024-05-22 00:00:00,193336.00,221139.75,,221140.00,191847.89,NGN,2,Open,,Watchlist
FRIDAY JACK,"=""22241587357""",10 OLUBUADE STREETAMUKOKO ORILELAGOS,,"=""19394848""","=""36070064""","=""11730885""",Personal fixed term loan,2023-10-07 00:00:00,45000.00,0.00,,0.00,22752.00,NGN,0,Closed,2024-01-05 00:00:00,Performing
FRIDAY JACK,"=""22241587357""",10 OLUBUADE STREETAMUKOKO ORILELAGOS,,"=""19394848""","=""36070064""","=""8940758""",Personal fixed term loan,2022-12-20 00:00:00,30000.00,0.00,,0.00,13840.00,NGN,0,Closed,2023-03-22 00:00:00,Performing
TEMIDAYO AYOOLA,"=""22377344499""",5ODO ALARO STREETODOGBOLU ABEOKUTA,,"=""19398158""","=""36425258""","=""10935766""",Personal fixed term loan,2023-07-21 00:00:00,15000.00,0.00,,0.00,18225.00,NGN,0,Closed,2023-08-05 00:00:00,Performing
TEMIDAYO AYOOLA,"=""22377344499""",5ODO ALARO STREETODOGBOLU ABEOKUTA,,"=""19398158""","=""36425258""","=""11038874""",Personal fixed term loan,2023-08-01 00:00:00,5000.00,0.00,,0.00,5985.00,NGN,0,Closed,2023-08-16 00:00:00,Performing
OGUDU CHUKWUEBUKA CHUKWUEBUKA,"=""22407059748""",BIG SOUL OPPOSITE OPC,,"=""19785788""","=""38477713""","=""11161216""",Personal fixed term loan,2023-08-13 00:00:00,20000.00,0.00,,0.00,14270.00,NGN,0,Closed,2023-10-12 00:00:00,Performing
OGUDU CHUKWUEBUKA CHUKWUEBUKA,"=""22407059748""",BIG SOUL OPPOSITE OPC,,"=""19785788""","=""38477713""","=""11769638""",Personal fixed term loan,2023-10-11 00:00:00,100000.00,0.00,,0.00,48574.00,NGN,0,Closed,2024-01-09 00:00:00,Performing
OGUDU CHUKWUEBUKA CHUKWUEBUKA,"=""22407059748""",BIG SOUL OPPOSITE OPC,,"=""19785788""","=""38477713""","=""9359998""",Personal fixed term loan,2023-02-06 00:00:00,30000.00,0.00,,0.00,13100.00,NGN,0,Closed,2023-05-11 00:00:00,Performing
MORAYO MOGBOJURI,,20 MORONTOLA STREET ILE OBA,,"=""19283891""","=""26048451""","=""RCL26048451""",Personal Overdraft,2024-08-14 00:00:00,115000.00,33449.21,,,33449.21,NGN,0,Open,,Performing
ABRAHAM FAKA,,PrimaryAddressLine1,,"=""19365815""","=""36129487""","=""13575160""",Personal fixed term loan,2024-04-18 00:00:00,35000.00,0.00,,0.00,41279.00,NGN,0,Closed,2024-05-03 00:00:00,Performing
ABRAHAM FAKA,,PrimaryAddressLine1,,"=""19365815""","=""36129487""","=""13747281""",Personal fixed term loan,2024-05-05 00:00:00,17500.00,0.00,,0.00,22732.50,NGN,0,Closed,2024-05-20 00:00:00,Performing
ABRAHAM FAKA,,PrimaryAddressLine1,,"=""19365815""","=""36129487""","=""13759447""",Personal fixed term loan,2024-05-07 00:00:00,35000.00,0.00,,0.00,45601.50,NGN,0,Closed,2024-06-06 00:00:00,Performing
ABRAHAM FAKA,,PrimaryAddressLine1,,"=""19365815""","=""36129487""","=""13779820""",Personal fixed term loan,2024-05-09 00:00:00,40000.00,0.00,,0.00,51960.00,NGN,0,Closed,2024-05-24 00:00:00,Performing
ABRAHAM FAKA,,PrimaryAddressLine1,,"=""19365815""","=""36129487""","=""13942822""",Personal fixed term loan,2024-05-28 00:00:00,27500.00,0.00,,0.00,36195.50,NGN,0,Closed,2024-06-12 00:00:00,Performing
ABRAHAM FAKA,,PrimaryAddressLine1,,"=""19365815""","=""36129487""","=""14087788""",Personal fixed term loan,2024-06-12 00:00:00,40000.00,0.00,,0.00,54312.00,NGN,0,Closed,2024-06-27 00:00:00,Performing
daniel darko,"=""22325137375""",no 7 jinadu street off ecn bus stop ajegunle,,"=""19373403""","=""35922418""","=""RCL35922418""",Personal Overdraft,2024-08-26 00:00:00,35937.03,27078.15,,0.00,34225.75,NGN,0,Open,,Performing
VICTORIA AMOS,"=""22519391347""",5 CHARLES NEW RD ISHERI COMP  ALIMOSHO,,"=""19388300""","=""36530677""","=""10925979""",Personal fixed term loan,2023-07-20 00:00:00,12500.00,0.00,,0.00,14962.50,NGN,0,Closed,2023-08-18 00:00:00,Performing
VICTORIA AMOS,"=""22519391347""",5 CHARLES NEW RD ISHERI COMP  ALIMOSHO,,"=""19388300""","=""36530677""","=""13658673""",Personal fixed term loan,2024-04-26 00:00:00,20000.00,0.00,,0.00,25944.00,NGN,0,Closed,2024-05-26 00:00:00,Performing
VICTORIA AMOS,"=""22519391347""",5 CHARLES NEW RD ISHERI COMP  ALIMOSHO,,"=""19388300""","=""36530677""","=""13716940""",Personal fixed term loan,2024-05-02 00:00:00,30000.00,0.00,,0.00,39429.00,NGN,0,Closed,2024-06-01 00:00:00,Performing
SALAU HALIMAT HALIMAT,"=""22311451793""",26 UNIVERSITY ROAD TANKE ILORIN,,"=""19788425""","=""38195509""","=""RCL38195509""",Personal Overdraft,2024-05-14 00:00:00,159820.44,194775.58,,362.50,194775.58,NGN,30,Open,,Sub standard
ONYEMA BONIFACE BONIFACE,"=""22483114641""",2OLAOJO STR MAGBORO MAGBORO IBAFO OGUN,,"=""19809524""","=""37709820""","=""11379418""",Personal fixed term loan,2023-09-04 00:00:00,5000.00,0.00,,0.00,6500.00,NGN,0,Closed,2023-10-04 00:00:00,Performing
ONYEMA BONIFACE BONIFACE,"=""22483114641""",2OLAOJO STR MAGBORO MAGBORO IBAFO OGUN,,"=""19809524""","=""37709820""","=""13426865""",Personal fixed term loan,2024-04-03 00:00:00,10000.00,0.00,,0.00,13600.00,NGN,0,Closed,2024-05-03 00:00:00,Performing
ONYEMA BONIFACE BONIFACE,"=""22483114641""",2OLAOJO STR MAGBORO MAGBORO IBAFO OGUN,,"=""19809524""","=""37709820""","=""13701342""",Personal fixed term loan,2024-05-01 00:00:00,10000.00,0.00,,0.00,13600.00,NGN,0,Closed,2024-05-31 00:00:00,Performing
ONYEMA BONIFACE BONIFACE,"=""22483114641""",2OLAOJO STR MAGBORO MAGBORO IBAFO OGUN,,"=""19809524""","=""37709820""","=""13954197""",Personal fixed term loan,2024-05-29 00:00:00,10000.00,0.00,,0.00,13600.00,NGN,0,Closed,2024-06-28 00:00:00,Performing
ONYEMA BONIFACE BONIFACE,"=""22483114641""",2OLAOJO STR MAGBORO MAGBORO IBAFO OGUN,,"=""19809524""","=""37709820""","=""14219986""",Personal fixed term loan,2024-06-28 00:00:00,10000.00,0.00,,0.00,13600.00,NGN,0,Closed,2024-07-28 00:00:00,Performing
ONYEMA BONIFACE BONIFACE,"=""22483114641""",2OLAOJO STR MAGBORO MAGBORO IBAFO OGUN,,"=""19809524""","=""37709820""","=""14480739""",Personal fixed term loan,2024-07-27 00:00:00,10000.00,0.00,,0.00,13600.00,NGN,0,Closed,2024-08-26 00:00:00,Performing
CHIMANKPAM OPARA,"=""22419965457""",OPARA NKEMAKOLAM JOSEPH COMPOUNDUMUGWANYA KINDRED OFEAMA,,"=""19257081""","=""36614724""","=""11417777""",Personal fixed term loan,2023-09-08 00:00:00,50000.00,0.00,,0.00,33725.00,NGN,0,Closed,2023-11-07 00:00:00,Performing
CHIMANKPAM OPARA,"=""22419965457""",OPARA NKEMAKOLAM JOSEPH COMPOUNDUMUGWANYA KINDRED OFEAMA,,"=""19257081""","=""36614724""","=""12118381""",Personal fixed term loan,2023-11-14 00:00:00,100000.00,0.00,,0.00,71350.00,NGN,0,Closed,2024-01-13 00:00:00,Performing
CHIMANKPAM OPARA,"=""22419965457""",OPARA NKEMAKOLAM JOSEPH COMPOUNDUMUGWANYA KINDRED OFEAMA,,"=""19257081""","=""36614724""","=""12710072""",Personal fixed term loan,2024-01-15 00:00:00,40000.00,0.00,,0.00,48600.00,NGN,0,Closed,2024-01-30 00:00:00,Performing
CHIMANKPAM OPARA,"=""22419965457""",OPARA NKEMAKOLAM JOSEPH COMPOUNDUMUGWANYA KINDRED OFEAMA,,"=""19257081""","=""36614724""","=""12851786""",Personal fixed term loan,2024-02-01 00:00:00,45000.00,0.00,,0.00,59071.50,NGN,0,Closed,2024-03-02 00:00:00,Performing
CHIMANKPAM OPARA,"=""22419965457""",OPARA NKEMAKOLAM JOSEPH COMPOUNDUMUGWANYA KINDRED OFEAMA,,"=""19257081""","=""36614724""","=""13138053""",Personal fixed term loan,2024-03-04 00:00:00,40000.00,0.00,,0.00,48560.00,NGN,0,Closed,2024-03-19 00:00:00,Performing
CHIMANKPAM OPARA,"=""22419965457""",OPARA NKEMAKOLAM JOSEPH COMPOUNDUMUGWANYA KINDRED OFEAMA,,"=""19257081""","=""36614724""","=""13272459""",Personal fixed term loan,2024-03-19 00:00:00,50000.00,0.00,,0.00,61710.00,NGN,0,Closed,2024-04-03 00:00:00,Performing
CHIMANKPAM OPARA,"=""22419965457""",OPARA NKEMAKOLAM JOSEPH COMPOUNDUMUGWANYA KINDRED OFEAMA,,"=""19257081""","=""36614724""","=""13425615""",Personal fixed term loan,2024-04-03 00:00:00,70000.00,0.00,,0.00,92001.00,NGN,0,Closed,2024-05-03 00:00:00,Performing
TAMUNGIYEOFORI ADOKI,,5BAKERY ROAD OZOBOKO ABULOMA,,"=""19300834""","=""34759020""","=""RCL34759020""",Personal Overdraft,2024-07-27 00:00:00,125379.26,168713.77,,,168713.77,NGN,85,Open,,Doubtful
CHUKWUEBUKA NDULUE,,6A BOLA SHADIPE STREET OFF ADELABU SURULERE Surulere Lagos,,"=""19304592""","=""18057138""","=""RCL18057138""",Personal Overdraft,2025-01-17 00:00:00,75000.00,0.00,,,0.00,NGN,0,Open,,Performing
wumi bello,"=""22268054201""",opp intl praise church rayfield rd jos,,"=""19325315""","=""35584560""","=""RCL35584560""",Personal Overdraft,2024-10-24 00:00:00,125000.00,105715.56,,,105715.56,NGN,0,Open,,Performing
Idoko Ugalahi,"=""22208812496""",Galadimawa,"=""2348169257149""","=""19700211""","=""PF74247""","=""A18126""",Personal fixed term loan,2024-03-02 00:00:00,763500.00,703867.76,,703867.76,707457.20,NGN,840,Open,2024-05-31 00:00:00,Lost
AJA VINCENT VINCENT,"=""22319030709""",ORITA CHALLENGE,,"=""19808389""","=""38255730""","=""RCL38255730""",Personal Overdraft,2024-08-08 00:00:00,114400.00,16022.54,,,16022.54,NGN,0,Open,,Performing
HAMZAT RASAQ RASAQ,"=""22341175102""",124 OLASHEINDE MISE STR BETHANY BSTOP IPAJA,,"=""19812919""","=""38409831""","=""12309882""",Personal fixed term loan,2023-12-03 00:00:00,5000.00,0.00,,0.00,8798.00,NGN,0,Closed,2024-01-02 00:00:00,Performing
HAMZAT RASAQ RASAQ,"=""22341175102""",124 OLASHEINDE MISE STR BETHANY BSTOP IPAJA,,"=""19812919""","=""38409831""","=""12597485""",Personal fixed term loan,2024-01-02 00:00:00,15000.00,0.00,,0.00,17595.00,NGN,0,Closed,2024-02-01 00:00:00,Performing
HAMZAT RASAQ RASAQ,"=""22341175102""",124 OLASHEINDE MISE STR BETHANY BSTOP IPAJA,,"=""19812919""","=""38409831""","=""12934573""",Personal fixed term loan,2024-02-10 00:00:00,20000.00,0.00,,0.00,23340.00,NGN,0,Closed,2024-03-26 00:00:00,Performing
HAMZAT RASAQ RASAQ,"=""22341175102""",124 OLASHEINDE MISE STR BETHANY BSTOP IPAJA,,"=""19812919""","=""38409831""","=""13300658""",Personal fixed term loan,2024-03-22 00:00:00,25000.00,0.00,,0.00,29175.00,NGN,0,Closed,2024-04-21 00:00:00,Performing
CHIJINDU CHIKEZIE,"=""22466079602""",BIBOBARA TUNINIGHA COMP,,"=""19295779""","=""36173991""","=""7491404""",Personal fixed term loan,2022-07-29 00:00:00,7500.00,0.00,,0.00,8677.50,NGN,0,Closed,2022-08-15 00:00:00,Performing
ESTHER AMORU,"=""22151516623""",45 Ehiewanta St Rumuodomaya 500102 Port Harcourt Rivers Ni,,"=""19299053""","=""11327694""","=""RCL11327694""",Personal Overdraft,2025-05-25 00:00:00,45000.00,0.00,,,0.00,NGN,0,Open,,
JESSICA IROBUKANSI,,LANE 4 NWACHUKWU COMPOUND OMUCHI IGWURUTA,"=""08130176629""","=""19334919""","=""36787404""","=""RCL36787404""",Personal Overdraft,2025-01-16 00:00:00,25000.00,63409.19,,,63409.19,NGN,90,Open,,Lost
SADEEQ ADEBAYO,"=""22251962182""",NO 2 AKINMOJU STREET GRA QUARTERS REGAL FOUNDATION  Shagam,,"=""19409355""","=""19543790""","=""RCL19543790""",Personal Overdraft,2024-07-26 00:00:00,70498.31,28793.72,,,28793.72,NGN,61,Open,,Doubtful
SALOME ADEDZE,,58 OJEKPOLOR STR BB OWA,"=""08143968168""","=""19418866""","=""27709652""","=""RCL27709652""",Personal Overdraft,2025-05-17 00:00:00,160000.00,0.00,,,0.00,NGN,0,Open,,
MAGAJI MUJJITAPHA,,SOBA LUNGUN DANKANDE,"=""08093381230""","=""19503864""","=""13833415""","=""RCL13833415""",Personal Overdraft,2025-06-30 00:00:00,45000.00,129269.09,,129269.00,36000.00,NGN,94,Open,,Lost
MOHAMMED AUWAL,"=""22512908326""",13 JAMBUTA STR NEAREST NAFAN TABLE WATER BS ADAMAWA,,"=""19671056""","=""42118012""","=""11212863""",Personal fixed term loan,2023-08-18 00:00:00,2500.00,0.00,,0.00,3075.00,NGN,0,Closed,2023-09-02 00:00:00,Performing
OROMAFURU JOHN JOHN,"=""22165250036""",NO 75EDJEBA TOWNWARRI,,"=""19756573""","=""38191787""","=""10977142""",Personal fixed term loan,2023-07-25 00:00:00,12500.00,0.00,,0.00,15187.50,NGN,0,Closed,2023-08-09 00:00:00,Performing
OROMAFURU JOHN JOHN,"=""22165250036""",NO 75EDJEBA TOWNWARRI,,"=""19756573""","=""38191787""","=""11959534""",Personal fixed term loan,2023-10-30 00:00:00,5000.00,0.00,,0.00,6650.00,NGN,0,Closed,2023-11-14 00:00:00,Performing
OROMAFURU JOHN JOHN,"=""22165250036""",NO 75EDJEBA TOWNWARRI,,"=""19756573""","=""38191787""","=""13635206""",Personal fixed term loan,2024-04-24 00:00:00,10000.00,0.00,,0.00,13600.00,NGN,0,Closed,2024-05-24 00:00:00,Performing
OROMAFURU JOHN JOHN,"=""22165250036""",NO 75EDJEBA TOWNWARRI,,"=""19756573""","=""38191787""","=""13971340""",Personal fixed term loan,2024-05-31 00:00:00,10000.00,0.00,,0.00,13600.00,NGN,0,Closed,2024-06-30 00:00:00,Performing
OROMAFURU JOHN JOHN,"=""22165250036""",NO 75EDJEBA TOWNWARRI,,"=""19756573""","=""38191787""","=""14523766""",Personal fixed term loan,2024-08-01 00:00:00,30000.00,0.00,,0.00,40500.00,NGN,0,Closed,2024-08-31 00:00:00,Performing
SULAYMAN FOLAKE FOLAKE,,22 RAIMI OLOWORA STREET  MAFOLUKU,,"=""19758445""","=""8601005""","=""RCL8601005""",Personal Overdraft,2024-09-22 00:00:00,105000.00,0.00,,,0.00,NGN,0,Open,,Performing
EMEKEME KELVIN KELVIN,"=""22450292318""",PrimaryAddressLine1,,"=""19788476""","=""38341273""","=""11141144""",Personal fixed term loan,2023-08-11 00:00:00,25000.00,0.00,,0.00,30375.00,NGN,0,Closed,2023-08-26 00:00:00,Performing
EMEKEME KELVIN KELVIN,"=""22450292318""",PrimaryAddressLine1,,"=""19788476""","=""38341273""","=""11394802""",Personal fixed term loan,2023-09-05 00:00:00,20000.00,0.00,,0.00,24300.00,NGN,0,Closed,2023-09-20 00:00:00,Performing
EMEKEME KELVIN KELVIN,"=""22450292318""",PrimaryAddressLine1,,"=""19788476""","=""38341273""","=""11641564""",Personal fixed term loan,2023-09-30 00:00:00,30000.00,0.00,,0.00,37350.00,NGN,0,Closed,2023-10-15 00:00:00,Performing
EMEKEME KELVIN KELVIN,"=""22450292318""",PrimaryAddressLine1,,"=""19788476""","=""38341273""","=""12818076""",Personal fixed term loan,2024-01-28 00:00:00,10000.00,0.00,,0.00,12270.00,NGN,0,Closed,2024-02-12 00:00:00,Performing
OPEMIPO EMMANUEL KAREEM,"=""22227785650""",20 OKESOLA STREET MAKUN SAGAMU,,"=""19875616""","=""55978404""","=""RCL55978404""",Personal Overdraft,2025-02-23 00:00:00,10000.00,18413.57,,,18413.57,NGN,32,Open,,
JOY ODILI,,NO 7 EKE STREET NTA ROAD MGBOUBA,,"=""19387936""","=""36481423""","=""11174240""",Personal fixed term loan,2023-08-14 00:00:00,25000.00,0.00,,0.00,32500.00,NGN,0,Closed,2023-09-13 00:00:00,Performing
JOY ODILI,,NO 7 EKE STREET NTA ROAD MGBOUBA,,"=""19387936""","=""36481423""","=""11460260""",Personal fixed term loan,2023-09-12 00:00:00,30000.00,0.00,,0.00,39600.00,NGN,0,Closed,2023-11-02 00:00:00,Performing
JOY ODILI,,NO 7 EKE STREET NTA ROAD MGBOUBA,,"=""19387936""","=""36481423""","=""11994909""",Personal fixed term loan,2023-11-02 00:00:00,25000.00,0.00,,0.00,31125.00,NGN,0,Closed,2024-07-23 00:00:00,Performing
ANYAWU BEAUTYCHIAMAKA BEAUTYCHIAMAKA,"=""22246092863""",152 ONINI STREET KUBWA VILLAGE KUBWA,,"=""19767383""","=""38234011""","=""11638318""",Personal fixed term loan,2023-09-29 00:00:00,7500.00,0.00,,0.00,10050.00,NGN,0,Closed,2023-10-14 00:00:00,Performing
ANYAWU BEAUTYCHIAMAKA BEAUTYCHIAMAKA,"=""22246092863""",152 ONINI STREET KUBWA VILLAGE KUBWA,,"=""19767383""","=""38234011""","=""13330656""",Personal fixed term loan,2024-03-25 00:00:00,10000.00,0.00,,0.00,13600.00,NGN,0,Closed,2024-04-24 00:00:00,Performing
ADIOLE ARINZE ARINZE,"=""22339342028""",BSC ROAD ORLU,,"=""19807302""","=""37294524""","=""RCL37294524""",Personal Overdraft,2024-11-15 00:00:00,150000.00,0.00,,0.00,174254.24,NGN,0,Open,,Performing
ANYANWU ARINZE,"=""22272763144""",NO 24 EWEONU STRET ONITSHA,"=""08065812668""","=""20338272""","=""38951640""","=""RCL38951640""",Personal Overdraft,2024-06-26 00:00:00,260000.00,322241.17,,,322241.17,NGN,93,Open,,Lost
AYOBAMI AYOOLA,,14 IFELODUN STREET AGBELEKALE BUS STOP ABULE EGBA,,"=""20347532""","=""38864637""","=""11639071""",Personal fixed term loan,2023-09-29 00:00:00,5000.00,0.00,,0.00,6700.00,NGN,0,Closed,2023-10-14 00:00:00,Performing
AYOBAMI AYOOLA,,14 IFELODUN STREET AGBELEKALE BUS STOP ABULE EGBA,,"=""20347532""","=""38864637""","=""11859195""",Personal fixed term loan,2023-10-19 00:00:00,20000.00,0.00,,0.00,25100.00,NGN,0,Closed,2023-11-03 00:00:00,Performing
AYOBAMI AYOOLA,,14 IFELODUN STREET AGBELEKALE BUS STOP ABULE EGBA,,"=""20347532""","=""38864637""","=""12740228""",Personal fixed term loan,2024-01-18 00:00:00,20000.00,0.00,,0.00,25100.00,NGN,0,Closed,2024-02-02 00:00:00,Performing
AYOBAMI AYOOLA,,14 IFELODUN STREET AGBELEKALE BUS STOP ABULE EGBA,,"=""20347532""","=""38864637""","=""12904840""",Personal fixed term loan,2024-02-06 00:00:00,10000.00,0.00,,0.00,12265.00,NGN,0,Closed,2024-02-21 00:00:00,Performing
AYOBAMI AYOOLA,,14 IFELODUN STREET AGBELEKALE BUS STOP ABULE EGBA,,"=""20347532""","=""38864637""","=""12997017""",Personal fixed term loan,2024-02-17 00:00:00,27500.00,0.00,,0.00,33728.75,NGN,0,Closed,2024-03-03 00:00:00,Performing
AYOBAMI AYOOLA,,14 IFELODUN STREET AGBELEKALE BUS STOP ABULE EGBA,,"=""20347532""","=""38864637""","=""13042463""",Personal fixed term loan,2024-02-22 00:00:00,40000.00,0.00,,0.00,49060.00,NGN,0,Closed,2024-03-08 00:00:00,Performing
AYOBAMI AYOOLA,,14 IFELODUN STREET AGBELEKALE BUS STOP ABULE EGBA,,"=""20347532""","=""38864637""","=""13184955""",Personal fixed term loan,2024-03-09 00:00:00,50000.00,0.00,,0.00,65220.00,NGN,0,Closed,2024-04-08 00:00:00,Performing
AYOBAMI AYOOLA,,14 IFELODUN STREET AGBELEKALE BUS STOP ABULE EGBA,,"=""20347532""","=""38864637""","=""13412879""",Personal fixed term loan,2024-04-02 00:00:00,60000.00,0.00,,0.00,73590.00,NGN,0,Closed,2024-04-24 00:00:00,Performing
AYOBAMI AYOOLA,,14 IFELODUN STREET AGBELEKALE BUS STOP ABULE EGBA,,"=""20347532""","=""38864637""","=""13693016""",Personal fixed term loan,2024-04-30 00:00:00,50000.00,0.00,,0.00,91308.00,NGN,0,Closed,2024-05-30 00:00:00,Performing
AYOBAMI AYOOLA,,14 IFELODUN STREET AGBELEKALE BUS STOP ABULE EGBA,,"=""20347532""","=""38864637""","=""14661210""",Personal fixed term loan,2024-08-16 00:00:00,10000.00,0.00,,0.00,14500.00,NGN,0,Closed,2024-08-31 00:00:00,Performing
OLANIYI OLOWU,"=""22296145711""",17 OFF AROCHUKWU STREET OFF ABA ROAD RUMUOMASI,,"=""19276109""","=""1628424""","=""RCL1628424""",Personal Overdraft,2024-12-18 00:00:00,150000.00,155403.29,,,155403.29,NGN,36,Open,,
Gabriel Ogar,,Plot 34 Acme Road Ogba Lagos,,"=""19283108""","=""35301867""","=""RCL35301867""",Personal Overdraft,2024-06-28 00:00:00,115000.00,0.00,,,0.00,NGN,0,Open,,Performing
LATEEFAT SULAIMON,,3 MORGAN STREET IDI ARABA,,"=""19320344""","=""19670814""","=""RCL19670814""",Personal Overdraft,2024-09-26 00:00:00,95000.00,0.00,,,0.00,NGN,0,Open,,Performing
SAKIRU OLAYODE,"=""22449974115""",150 COMMAND ROAD WHITHOUSE BSTOP AJASA COMMAND ALIMOSHO,,"=""19373607""","=""36199849""","=""10842648""",Personal fixed term loan,2023-07-10 00:00:00,40000.00,0.00,,0.00,23860.00,NGN,0,Closed,2023-09-08 00:00:00,Performing
SAKIRU OLAYODE,"=""22449974115""",150 COMMAND ROAD WHITHOUSE BSTOP AJASA COMMAND ALIMOSHO,,"=""19373607""","=""36199849""","=""11557138""",Personal fixed term loan,2023-09-21 00:00:00,10000.00,0.00,,0.00,11520.00,NGN,0,Closed,2023-10-06 00:00:00,Performing
SAKIRU OLAYODE,"=""22449974115""",150 COMMAND ROAD WHITHOUSE BSTOP AJASA COMMAND ALIMOSHO,,"=""19373607""","=""36199849""","=""11610556""",Personal fixed term loan,2023-09-27 00:00:00,12500.00,0.00,,0.00,14712.50,NGN,0,Closed,2023-10-12 00:00:00,Performing
SAKIRU OLAYODE,"=""22449974115""",150 COMMAND ROAD WHITHOUSE BSTOP AJASA COMMAND ALIMOSHO,,"=""19373607""","=""36199849""","=""11849003""",Personal fixed term loan,2023-10-18 00:00:00,15000.00,0.00,,0.00,17955.00,NGN,0,Closed,2023-11-02 00:00:00,Performing
SAKIRU OLAYODE,"=""22449974115""",150 COMMAND ROAD WHITHOUSE BSTOP AJASA COMMAND ALIMOSHO,,"=""19373607""","=""36199849""","=""12317443""",Personal fixed term loan,2023-12-04 00:00:00,20000.00,0.00,,0.00,23900.00,NGN,0,Closed,2024-01-03 00:00:00,Performing
SAKIRU OLAYODE,"=""22449974115""",150 COMMAND ROAD WHITHOUSE BSTOP AJASA COMMAND ALIMOSHO,,"=""19373607""","=""36199849""","=""13091604""",Personal fixed term loan,2024-02-28 00:00:00,100000.00,0.00,,0.00,63000.00,NGN,0,Closed,2024-04-28 00:00:00,Performing
SAKIRU OLAYODE,"=""22449974115""",150 COMMAND ROAD WHITHOUSE BSTOP AJASA COMMAND ALIMOSHO,,"=""19373607""","=""36199849""","=""13834300""",Personal fixed term loan,2024-05-15 00:00:00,20000.00,0.00,,0.00,25500.00,NGN,0,Closed,2024-06-14 00:00:00,Performing
SAKIRU OLAYODE,"=""22449974115""",150 COMMAND ROAD WHITHOUSE BSTOP AJASA COMMAND ALIMOSHO,,"=""19373607""","=""36199849""","=""13969047""",Personal fixed term loan,2024-05-30 00:00:00,100000.00,0.00,,0.00,125000.00,NGN,0,Closed,2024-06-29 00:00:00,Performing
SAKIRU OLAYODE,"=""22449974115""",150 COMMAND ROAD WHITHOUSE BSTOP AJASA COMMAND ALIMOSHO,,"=""19373607""","=""36199849""","=""14363076""",Personal fixed term loan,2024-07-14 00:00:00,30000.00,0.00,,0.00,20100.00,NGN,0,Closed,2024-09-12 00:00:00,Performing
SAKIRU OLAYODE,"=""22449974115""",150 COMMAND ROAD WHITHOUSE BSTOP AJASA COMMAND ALIMOSHO,,"=""19373607""","=""36199849""","=""14919763""",Personal fixed term loan,2024-09-14 00:00:00,110000.00,0.00,,0.00,130625.00,NGN,0,Closed,2024-10-14 00:00:00,Performing
CHIDOM ANTHONY ANTHONY,"=""22370064167""",721 ROAD D CLOSE BLCOK 2 FLAT 9 FESTAC,,"=""19747133""","=""34923800""","=""RCL34923800""",Personal Overdraft,2024-05-14 00:00:00,99225.00,152959.80,,671.95,152959.80,NGN,91,Open,,Lost
BALOGUN OLUWAFERANMI,"=""22655394507""",1 ALFONSO ROAD IITA BUS STOP IBADAN,,"=""20350700""","=""38663904""","=""10384061""",Personal fixed term loan,2023-05-24 00:00:00,5000.00,0.00,,0.00,6050.00,NGN,0,Closed,2023-06-23 00:00:00,Performing
BALOGUN OLUWAFERANMI,"=""22655394507""",1 ALFONSO ROAD IITA BUS STOP IBADAN,,"=""20350700""","=""38663904""","=""10592518""",Personal fixed term loan,2023-06-14 00:00:00,5000.00,0.00,,0.00,6025.00,NGN,0,Closed,2023-07-29 00:00:00,Performing
ANOINTING KANAYOCHUKWU,"=""22525009760""",PLOT 223 GBAZANGO EXT KUBWA ABUJA,"=""09025888498""","=""19411754""","=""36079214""","=""12471304""",Personal fixed term loan,2023-12-19 00:00:00,40000.00,0.00,,0.00,31420.00,NGN,0,Closed,2024-03-25 00:00:00,Performing
ANOINTING KANAYOCHUKWU,"=""22525009760""",PLOT 223 GBAZANGO EXT KUBWA ABUJA,"=""09025888498""","=""19411754""","=""36079214""","=""13528281""",Personal fixed term loan,2024-04-13 00:00:00,35000.00,0.00,,0.00,45601.50,NGN,0,Closed,2024-05-13 00:00:00,Performing
MONDAY MARY MARY,"=""22446001270""",54 ZONE E APO RESSETLEMENT SHOP RITE APO ABUJA,,"=""19743030""","=""38516972""","=""10790245""",Personal fixed term loan,2023-07-05 00:00:00,50000.00,0.00,,0.00,63000.00,NGN,0,Closed,2023-08-04 00:00:00,Performing
MONDAY MARY MARY,"=""22446001270""",54 ZONE E APO RESSETLEMENT SHOP RITE APO ABUJA,,"=""19743030""","=""38516972""","=""11303257""",Personal fixed term loan,2023-08-27 00:00:00,50000.00,0.00,,0.00,59850.00,NGN,0,Closed,2023-09-26 00:00:00,Performing
MONDAY MARY MARY,"=""22446001270""",54 ZONE E APO RESSETLEMENT SHOP RITE APO ABUJA,,"=""19743030""","=""38516972""","=""11560544""",Personal fixed term loan,2023-09-22 00:00:00,50000.00,0.00,,0.00,123000.00,NGN,0,Closed,2023-10-22 00:00:00,Performing
MONDAY MARY MARY,"=""22446001270""",54 ZONE E APO RESSETLEMENT SHOP RITE APO ABUJA,,"=""19743030""","=""38516972""","=""12229884""",Personal fixed term loan,2023-11-25 00:00:00,20000.00,0.00,,0.00,26300.00,NGN,0,Closed,2023-12-25 00:00:00,Performing
MONDAY MARY MARY,"=""22446001270""",54 ZONE E APO RESSETLEMENT SHOP RITE APO ABUJA,,"=""19743030""","=""38516972""","=""12252788""",Personal fixed term loan,2023-11-27 00:00:00,30000.00,0.00,,0.00,40200.00,NGN,0,Closed,2023-12-27 00:00:00,Performing
MONDAY MARY MARY,"=""22446001270""",54 ZONE E APO RESSETLEMENT SHOP RITE APO ABUJA,,"=""19743030""","=""38516972""","=""12550647""",Personal fixed term loan,2023-12-28 00:00:00,50000.00,0.00,,0.00,65750.00,NGN,0,Closed,2024-01-27 00:00:00,Performing
MONDAY MARY MARY,"=""22446001270""",54 ZONE E APO RESSETLEMENT SHOP RITE APO ABUJA,,"=""19743030""","=""38516972""","=""12841886""",Personal fixed term loan,2024-01-31 00:00:00,50000.00,0.00,,0.00,62249.00,NGN,0,Closed,2024-04-30 00:00:00,Performing
UZOMA EMMANUEL EMMANUEL,"=""22607959622""",NO 5 UZOMA COMPOUND OKEHI RIVE,,"=""19803362""","=""36583359""","=""13632882""",Personal fixed term loan,2024-04-24 00:00:00,20000.00,0.00,,0.00,24240.00,NGN,0,Closed,2024-05-09 00:00:00,Performing
UZOMA EMMANUEL EMMANUEL,"=""22607959622""",NO 5 UZOMA COMPOUND OKEHI RIVE,,"=""19803362""","=""36583359""","=""9184786""",Personal fixed term loan,2023-01-17 00:00:00,10000.00,0.00,,0.00,6450.00,NGN,0,Closed,2023-03-20 00:00:00,Performing
OMOBORIOWO BOLUWATIFE BOLUWATIFE,"=""22417665823""",NO 4 SURULERE OLOMORE ABEOKUTA,,"=""19804262""","=""27540669""","=""RCL27540669""",Personal Overdraft,2024-12-09 00:00:00,923000.00,1215692.76,,0.00,1115314.54,NGN,92,Open,,Lost
AMAECHI FAVOUR,"=""22489092244""",3 FALODUN STREET OFF OYADIRAN ESTATESABO YABA,,"=""20391305""","=""39281339""","=""10255508""",Personal fixed term loan,2023-05-12 00:00:00,5000.00,0.00,,0.00,5835.00,NGN,0,Closed,2023-06-11 00:00:00,Performing
AMAECHI FAVOUR,"=""22489092244""",3 FALODUN STREET OFF OYADIRAN ESTATESABO YABA,,"=""20391305""","=""39281339""","=""10641998""",Personal fixed term loan,2023-06-19 00:00:00,2500.00,0.00,,0.00,2852.50,NGN,0,Closed,2023-07-04 00:00:00,Performing
AMAECHI FAVOUR,"=""22489092244""",3 FALODUN STREET OFF OYADIRAN ESTATESABO YABA,,"=""20391305""","=""39281339""","=""10786985""",Personal fixed term loan,2023-07-04 00:00:00,5000.00,0.00,,0.00,5835.00,NGN,0,Closed,2023-08-03 00:00:00,Performing
AMAECHI FAVOUR,"=""22489092244""",3 FALODUN STREET OFF OYADIRAN ESTATESABO YABA,,"=""20391305""","=""39281339""","=""11246870""",Personal fixed term loan,2023-08-22 00:00:00,2500.00,0.00,,0.00,2900.00,NGN,0,Closed,2023-09-21 00:00:00,Performing
CHUKWUDI CHINYEREZE,"=""22384244104""",NO 89 IWOFE RD OFF OPPOSITE JAROZ BASE RUMUOLUMENI PH,,"=""19277408""","=""28867878""","=""RCL28867878""",Personal Overdraft,2024-11-26 00:00:00,20268.31,23744.79,,,23744.79,NGN,32,Open,,
USAINI ABDULLAHI,"=""22364559767""",Janguza market Gwarzo road,"=""2349035058231""","=""19341475""","=""PF53520""","=""A16751""",Personal fixed term loan,2024-02-18 00:00:00,56000.00,42257.73,,42257.73,41921.50,NGN,907,Open,2024-02-24 00:00:00,Lost
UZONWANNE OKWUDILI OKWUDILI,,OGUTA VILLAGE,,"=""19631467""","=""23992873""","=""RCL23992873""",,2025-01-05 00:00:00,55000.00,33769.36,,0.00,39776.03,NGN,104,Open,,Lost
Adedeji Adeola Esther,,7 JAFOJO BAKARE STREET IYANA IPAJA BSTOP IYANA IPAJA,,"=""20320800""","=""38770487""","=""10102895""",Personal fixed term loan,2023-04-27 00:00:00,50000.00,0.00,,0.00,33275.00,NGN,0,Closed,2023-06-26 00:00:00,Performing
Adedeji Adeola Esther,,7 JAFOJO BAKARE STREET IYANA IPAJA BSTOP IYANA IPAJA,,"=""20320800""","=""38770487""","=""10730789""",Personal fixed term loan,2023-06-28 00:00:00,15000.00,0.00,,0.00,18150.00,NGN,0,Closed,2023-07-28 00:00:00,Performing
Adedeji Adeola Esther,,7 JAFOJO BAKARE STREET IYANA IPAJA BSTOP IYANA IPAJA,,"=""20320800""","=""38770487""","=""10893543""",Personal fixed term loan,2023-07-16 00:00:00,25000.00,0.00,,0.00,30250.00,NGN,0,Closed,2023-08-15 00:00:00,Performing
Adedeji Adeola Esther,,7 JAFOJO BAKARE STREET IYANA IPAJA BSTOP IYANA IPAJA,,"=""20320800""","=""38770487""","=""11094795""",Personal fixed term loan,2023-08-06 00:00:00,150000.00,0.00,,0.00,181500.00,NGN,0,Closed,2023-09-05 00:00:00,Performing
Adedeji Adeola Esther,,7 JAFOJO BAKARE STREET IYANA IPAJA BSTOP IYANA IPAJA,,"=""20320800""","=""38770487""","=""11197712""",Personal fixed term loan,2023-08-16 00:00:00,100000.00,0.00,,0.00,66550.00,NGN,0,Closed,2023-10-15 00:00:00,Performing
Adedeji Adeola Esther,,7 JAFOJO BAKARE STREET IYANA IPAJA BSTOP IYANA IPAJA,,"=""20320800""","=""38770487""","=""12714893""",Personal fixed term loan,2024-01-16 00:00:00,50000.00,0.00,,0.00,42181.00,NGN,0,Closed,2024-04-15 00:00:00,Performing
Adedeji Adeola Esther,,7 JAFOJO BAKARE STREET IYANA IPAJA BSTOP IYANA IPAJA,,"=""20320800""","=""38770487""","=""13256716""",Personal fixed term loan,2024-03-18 00:00:00,50000.00,0.00,,0.00,86519.00,NGN,0,Closed,2024-05-17 00:00:00,Performing
KOLAWOLE ABIGAIL,,3C DANIEL HOGAN STREEYT OFF GOLDIE MOUNT ZION LANE CALABAR,,"=""20362748""","=""38756605""","=""RCL38756605""",Personal Overdraft,2025-04-05 00:00:00,75000.00,0.00,,,0.00,NGN,0,Open,,Performing
AJAYI OMOTOLANI,"=""22344976791""",10 SUNDAY FADIPE STREET ALAGBADO IFAKOIJAIYE,,"=""20401788""","=""37564712""","=""11158194""",Personal fixed term loan,2023-08-12 00:00:00,40000.00,0.00,,0.00,47605.00,NGN,0,Closed,2024-03-30 00:00:00,Performing
AJAYI OMOTOLANI,"=""22344976791""",10 SUNDAY FADIPE STREET ALAGBADO IFAKOIJAIYE,,"=""20401788""","=""37564712""","=""12907887""",Personal fixed term loan,2024-02-07 00:00:00,40000.00,0.00,,0.00,50200.00,NGN,0,Closed,2024-02-22 00:00:00,Performing
AJAYI OMOTOLANI,"=""22344976791""",10 SUNDAY FADIPE STREET ALAGBADO IFAKOIJAIYE,,"=""20401788""","=""37564712""","=""13097341""",Personal fixed term loan,2024-02-29 00:00:00,30000.00,0.00,,0.00,38634.00,NGN,0,Closed,2024-03-30 00:00:00,Performing
AJAYI OMOTOLANI,"=""22344976791""",10 SUNDAY FADIPE STREET ALAGBADO IFAKOIJAIYE,,"=""20401788""","=""37564712""","=""13404072""",Personal fixed term loan,2024-04-01 00:00:00,35000.00,0.00,,0.00,45269.00,NGN,0,Closed,2024-05-01 00:00:00,Performing
AJAYI OMOTOLANI,"=""22344976791""",10 SUNDAY FADIPE STREET ALAGBADO IFAKOIJAIYE,,"=""20401788""","=""37564712""","=""13668798""",Personal fixed term loan,2024-04-27 00:00:00,35000.00,0.00,,0.00,45269.00,NGN,0,Closed,2024-05-27 00:00:00,Performing
CHINEDU CHIDUBEM CHIDUBEM,"=""22578431961""",Nigeria,,"=""19790919""","=""37758235""","=""8715347""",Personal fixed term loan,2022-11-27 00:00:00,15000.00,0.00,,0.00,9375.00,NGN,0,Closed,2023-01-26 00:00:00,Performing
Omogbolu Ruth Ruth,"=""22360672905""",Delta State nigeria Alimosho Lagos State,,"=""19812979""","=""37811499""","=""RCL37811499""",Personal Overdraft,2025-04-13 00:00:00,185000.00,60102.62,,,60102.62,NGN,0,Open,,
OLORUNLEKE FAVOUR FAVOUR,"=""22470591424""",3 UNCLE FAD STREET MOWE,,"=""19818127""","=""37486353""","=""10715490""",Personal fixed term loan,2023-06-27 00:00:00,2500.00,0.00,,0.00,2900.00,NGN,0,Closed,2023-07-27 00:00:00,Performing
OLORUNLEKE FAVOUR FAVOUR,"=""22470591424""",3 UNCLE FAD STREET MOWE,,"=""19818127""","=""37486353""","=""12407360""",Personal fixed term loan,2023-12-12 00:00:00,10000.00,0.00,,0.00,11700.00,NGN,0,Closed,2024-01-11 00:00:00,Performing
OLORUNLEKE FAVOUR FAVOUR,"=""22470591424""",3 UNCLE FAD STREET MOWE,,"=""19818127""","=""37486353""","=""14657919""",Personal fixed term loan,2024-08-16 00:00:00,12500.00,0.00,,0.00,14891.25,NGN,0,Closed,2024-09-15 00:00:00,Performing
OLORUNLEKE FAVOUR FAVOUR,"=""22470591424""",3 UNCLE FAD STREET MOWE,,"=""19818127""","=""37486353""","=""15172812""",Personal fixed term loan,2024-10-15 00:00:00,35000.00,0.00,,0.00,41895.00,NGN,0,Closed,,Performing
OLORUNLEKE FAVOUR FAVOUR,"=""22470591424""",3 UNCLE FAD STREET MOWE,,"=""19818127""","=""37486353""","=""15292576""",Personal fixed term loan,2024-11-01 00:00:00,35000.00,0.00,,0.00,41020.00,NGN,0,Closed,2024-12-01 00:00:00,Performing
OLORUNLEKE FAVOUR FAVOUR,"=""22470591424""",3 UNCLE FAD STREET MOWE,,"=""19818127""","=""37486353""","=""8949364""",Personal fixed term loan,2022-12-20 00:00:00,25000.00,0.00,,0.00,15625.00,NGN,0,Closed,2023-05-24 00:00:00,Performing
OLORUNLEKE FAVOUR FAVOUR,"=""22470591424""",3 UNCLE FAD STREET MOWE,,"=""19818127""","=""37486353""","=""RCL37486353""",Personal Overdraft,2024-08-23 00:00:00,65000.00,0.00,,,0.00,NGN,0,Open,,Performing
DAVID MARY,"=""22427319853""",35OLUGBOROGAN STREETELEGANZA BUS STOP CHEVRON LAGOS,,"=""20337232""","=""39388842""","=""11510993""",Personal fixed term loan,2023-09-17 00:00:00,20000.00,0.00,,0.00,24900.00,NGN,0,Closed,2023-10-02 00:00:00,Performing
ADEBIYI OLAYINKA,"=""22429519736""",NO 20 SCH ROAD OWODE EGBA,,"=""20357101""","=""21281187""","=""RCL21281187""",Personal Overdraft,2024-12-14 00:00:00,30000.00,4.48,,4.48,27.12,NGN,61,Open,,Doubtful
GEORGE JULIE,"=""22251467645""",14B NUNG OKU IBESIKPO,,"=""20362934""","=""38944609""","=""RCL38944609""",Personal Overdraft,2024-10-23 00:00:00,275000.00,0.00,,,0.00,NGN,0,Open,,Performing
AZIADOUVO ETIANNE,"=""22525511427""",7 TAOFEEKI LAWAL STREET,,"=""20400723""","=""38886149""","=""11915029""",Personal fixed term loan,2023-10-25 00:00:00,15000.00,0.00,,0.00,18675.00,NGN,0,Closed,2023-11-09 00:00:00,Performing
AZIADOUVO ETIANNE,"=""22525511427""",7 TAOFEEKI LAWAL STREET,,"=""20400723""","=""38886149""","=""12075262""",Personal fixed term loan,2023-11-09 00:00:00,30000.00,0.00,,0.00,39900.00,NGN,0,Closed,2023-12-09 00:00:00,Performing
AZIADOUVO ETIANNE,"=""22525511427""",7 TAOFEEKI LAWAL STREET,,"=""20400723""","=""38886149""","=""12341775""",Personal fixed term loan,2023-12-06 00:00:00,50000.00,0.00,,0.00,37118.00,NGN,0,Closed,2024-02-04 00:00:00,Performing
AZIADOUVO ETIANNE,"=""22525511427""",7 TAOFEEKI LAWAL STREET,,"=""20400723""","=""38886149""","=""12794270""",Personal fixed term loan,2024-01-25 00:00:00,22500.00,0.00,,0.00,29925.00,NGN,0,Closed,2024-03-02 00:00:00,Performing
AZIADOUVO ETIANNE,"=""22525511427""",7 TAOFEEKI LAWAL STREET,,"=""20400723""","=""38886149""","=""13174802""",Personal fixed term loan,2024-03-08 00:00:00,27500.00,0.00,,0.00,36099.25,NGN,0,Closed,2024-04-07 00:00:00,Performing
AZIADOUVO ETIANNE,"=""22525511427""",7 TAOFEEKI LAWAL STREET,,"=""20400723""","=""38886149""","=""13499370""",Personal fixed term loan,2024-04-10 00:00:00,45000.00,0.00,,0.00,57861.00,NGN,0,Closed,2024-05-10 00:00:00,Performing
KEHINDE OGUNSHINA,"=""22604089230""",12 BLESSED STREET IBAFOO Obafemi Owode Ogun State,"=""08121421734""","=""19326591""","=""19042887""","=""RCL19042887""",Personal Overdraft,2025-01-03 00:00:00,85000.00,30700.00,,,30700.00,NGN,0,Open,,Performing
SANNI YETUNDE YETUNDE,"=""22358366492""",11B IDEWU OLO STREET OFF AGARAWULAGOS ISLAND,,"=""19738069""","=""38248430""","=""11250108""",Personal fixed term loan,2023-08-22 00:00:00,17500.00,0.00,,0.00,21262.50,NGN,0,Closed,2023-09-06 00:00:00,Performing
SANNI YETUNDE YETUNDE,"=""22358366492""",11B IDEWU OLO STREET OFF AGARAWULAGOS ISLAND,,"=""19738069""","=""38248430""","=""12848759""",Personal fixed term loan,2024-01-31 00:00:00,15000.00,0.00,,0.00,18210.00,NGN,0,Closed,2024-02-15 00:00:00,Performing
SANNI YETUNDE YETUNDE,"=""22358366492""",11B IDEWU OLO STREET OFF AGARAWULAGOS ISLAND,,"=""19738069""","=""38248430""","=""12992492""",Personal fixed term loan,2024-02-16 00:00:00,15000.00,0.00,,0.00,18513.00,NGN,0,Closed,2024-03-02 00:00:00,Performing
SANNI YETUNDE YETUNDE,"=""22358366492""",11B IDEWU OLO STREET OFF AGARAWULAGOS ISLAND,,"=""19738069""","=""38248430""","=""13149013""",Personal fixed term loan,2024-03-05 00:00:00,10000.00,0.00,,0.00,13600.00,NGN,0,Closed,2024-04-04 00:00:00,Performing
SANNI YETUNDE YETUNDE,"=""22358366492""",11B IDEWU OLO STREET OFF AGARAWULAGOS ISLAND,,"=""19738069""","=""38248430""","=""13460079""",Personal fixed term loan,2024-04-06 00:00:00,10000.00,0.00,,0.00,13600.00,NGN,0,Closed,2024-05-06 00:00:00,Performing
SANNI YETUNDE YETUNDE,"=""22358366492""",11B IDEWU OLO STREET OFF AGARAWULAGOS ISLAND,,"=""19738069""","=""38248430""","=""13885683""",Personal fixed term loan,2024-05-21 00:00:00,25000.00,0.00,,0.00,32857.50,NGN,0,Closed,2024-06-20 00:00:00,Performing
anyamele akuma akuma,,anyameles compoundngwayekwe village,,"=""19799280""","=""37650558""","=""13028911""",Personal fixed term loan,2024-02-20 00:00:00,15000.00,0.00,,0.00,18513.00,NGN,0,Closed,2024-03-06 00:00:00,Performing
ADESANYA AYODEJI,"=""22438328642""",Adefisan St 120103 Ijebu Ode Ogun State Nigeria,,"=""20352242""","=""38163957""","=""13083108""",Personal fixed term loan,2024-02-27 00:00:00,10000.00,0.00,,0.00,12342.00,NGN,0,Closed,2024-03-13 00:00:00,Performing
ADESANYA AYODEJI,"=""22438328642""",Adefisan St 120103 Ijebu Ode Ogun State Nigeria,,"=""20352242""","=""38163957""","=""14394026""",Personal fixed term loan,2024-07-17 00:00:00,10000.00,0.00,,0.00,13600.00,NGN,0,Closed,2024-08-16 00:00:00,Performing
ADESANYA AYODEJI,"=""22438328642""",Adefisan St 120103 Ijebu Ode Ogun State Nigeria,,"=""20352242""","=""38163957""","=""15010444""",Personal fixed term loan,2024-09-24 00:00:00,12500.00,0.00,,0.00,30625.00,NGN,0,Closed,2024-10-09 00:00:00,Performing
CHINAKA CHIBUZOR,"=""22338751881""",PrimaryAddressLine1,,"=""20364921""","=""38584216""","=""11093192""",Personal fixed term loan,2023-08-06 00:00:00,5000.00,0.00,,0.00,6075.00,NGN,0,Closed,2023-08-21 00:00:00,Performing
CHINAKA CHIBUZOR,"=""22338751881""",PrimaryAddressLine1,,"=""20364921""","=""38584216""","=""11341235""",Personal fixed term loan,2023-08-31 00:00:00,30000.00,0.00,,0.00,35910.00,NGN,0,Closed,2023-09-15 00:00:00,Performing
CHINAKA CHIBUZOR,"=""22338751881""",PrimaryAddressLine1,,"=""20364921""","=""38584216""","=""11569726""",Personal fixed term loan,2023-09-22 00:00:00,30000.00,0.00,,0.00,37110.00,NGN,0,Closed,2023-10-07 00:00:00,Performing
CHINAKA CHIBUZOR,"=""22338751881""",PrimaryAddressLine1,,"=""20364921""","=""38584216""","=""12174920""",Personal fixed term loan,2023-11-19 00:00:00,30000.00,0.00,,0.00,37110.00,NGN,0,Closed,2023-12-04 00:00:00,Performing
ABDULMUMINU ABUBAKAR ABDULMUMINU,,BEFORE JIOSE HOTEL OLD KUTUNKU GWAGWALADA ABUJA Gwagwalada,,"=""20428318""","=""730894""","=""RCL730894""",Personal Overdraft,2024-05-15 00:00:00,174152.80,245536.54,,0.00,174070.45,NGN,97,Open,,Lost
MUBARAK HARUNA,,HARUNA ISHAQS RESD OFF 200 HOUSING EXTENSION LOKOJA Adavi,,"=""19359277""","=""18571258""","=""RCL18571258""",Personal Overdraft,2024-07-25 00:00:00,130000.00,135048.20,,135048.20,99782.67,NGN,4,Open,,Watchlist
MUHAMMAD ABUBAKAR RABIU,,NO 21 ZARIA STREET RIGASA KADUNA,,"=""19377662""","=""36387406""","=""RCL36387406""",Personal Overdraft,2024-10-28 00:00:00,300000.00,0.00,,,0.00,NGN,0,Open,,Performing
ADOYE ABDULRAHMAN ADEIZA,"=""22143706380""",7TH AVENUE A1 CLOSE HOUSE 4 FESTAC TOWN LAGOS,,"=""19694661""","=""55431533""","=""RCL55431533""",Personal Overdraft,2025-02-21 00:00:00,25000.00,0.00,,,0.00,NGN,0,Open,,Performing
NURUDEEN KIKELOMO KIKELOMO,,NO 28 IREPODUN ESTATE AMUGBEKUN OMI APATA,,"=""19796842""","=""36690129""","=""RCL36690129""",Personal Overdraft,2024-12-10 00:00:00,300000.00,0.00,,0.00,0.00,NGN,0,Open,,Performing
FAGBENLE AMOO AMOO,,28 BASSEY STREET EGBEDA,,"=""19806437""","=""37511778""","=""RCL37511778""",Personal Overdraft,2025-04-21 00:00:00,125000.00,113119.00,,0.00,0.00,NGN,0,Open,,Performing
CASMIR ADAEZE ADAEZE,"=""22171167083""",13 SAKIRUDEEN STREET EJIGBO,,"=""19807674""","=""38327910""","=""RCL38327910""",Personal Overdraft,2024-06-25 00:00:00,90000.00,69247.20,,,69247.20,NGN,7,Open,,Watchlist
Adeniyi Muse,"=""22318273147""",No 3 Shiro Street Fadeyi Lagos,,"=""19274195""","=""21134622""","=""RCL21134622""",Personal Overdraft,2025-03-02 00:00:00,120000.00,133948.16,,133948.16,111006.61,NGN,65,Open,,Doubtful
OLUWATOBI ADEYEMI,"=""22432647545""",4 OLAIYA STREET MOROGBO BADAGRY LAGOS STATE,,"=""19282869""","=""35625792""","=""RCL35625792""",Personal Overdraft,2024-05-06 00:00:00,103707.74,39995.26,,39995.26,88792.80,NGN,4,Open,,Watchlist
Aniebue Ikechukwu Vincent,,AIR FORCE BASE,,"=""19642117""","=""37224712""","=""RCL37224712""",Personal Overdraft,2024-10-07 00:00:00,151200.00,275288.84,,,275288.84,NGN,96,Open,,Lost
OSHILLIM DANIELS,,NO 3 OGUNSE CLOSE ONASA TOWN IBEJU LEKKI LAGOS,,"=""19283749""","=""35934813""","=""RCL35934813""",Personal Overdraft,2024-08-03 00:00:00,25000.00,0.00,,0.00,2732.28,NGN,0,Open,,Performing
AKPAN JAMES,,10 ODENIGBO CRESCENT AVENUE IRIEBE,,"=""19300504""","=""36431733""","=""RCL36431733""",Personal Overdraft,2024-07-06 00:00:00,250000.00,374742.21,,,374742.21,NGN,157,Open,,Lost
ADEBIMPE OGUNBIYI,"=""22239198992""",NO 5UWADARE STREETALGBADOLAGOS,,"=""19378475""","=""36107737""","=""10451738""",Personal fixed term loan,2023-05-31 00:00:00,25000.00,0.00,,0.00,28575.00,NGN,0,Closed,2023-07-26 00:00:00,Performing
ADEBIMPE OGUNBIYI,"=""22239198992""",NO 5UWADARE STREETALGBADOLAGOS,,"=""19378475""","=""36107737""","=""12643109""",Personal fixed term loan,2024-01-07 00:00:00,60000.00,0.00,,0.00,30888.00,NGN,0,Closed,2024-04-06 00:00:00,Performing
SAMSON OLAOYE,"=""22436834602""",26 EMMANUEL OTEGBADE STREETITA OLUWO,,"=""19401069""","=""36479303""","=""12729796""",Personal fixed term loan,2024-01-17 00:00:00,80000.00,0.00,,0.00,21444.00,NGN,0,Closed,2024-07-15 00:00:00,Performing
SAMSON OLAOYE,"=""22436834602""",26 EMMANUEL OTEGBADE STREETITA OLUWO,,"=""19401069""","=""36479303""","=""12982903""",Personal fixed term loan,2024-02-15 00:00:00,40000.00,0.00,,0.00,51372.00,NGN,0,Closed,2024-03-25 00:00:00,Performing
SAMSON OLAOYE,"=""22436834602""",26 EMMANUEL OTEGBADE STREETITA OLUWO,,"=""19401069""","=""36479303""","=""13299671""",Personal fixed term loan,2024-03-22 00:00:00,450000.00,0.00,,0.00,224250.00,NGN,0,Closed,2024-09-14 00:00:00,Performing
SAMSON OLAOYE,"=""22436834602""",26 EMMANUEL OTEGBADE STREETITA OLUWO,,"=""19401069""","=""36479303""","=""15177753""",Personal fixed term loan,2024-10-16 00:00:00,30000.00,0.00,,0.00,41220.00,NGN,0,Closed,2024-11-15 00:00:00,Performing
SAMSON OLAOYE,"=""22436834602""",26 EMMANUEL OTEGBADE STREETITA OLUWO,,"=""19401069""","=""36479303""","=""15501637""",Personal fixed term loan,2024-11-29 00:00:00,20000.00,0.00,,0.00,27000.00,NGN,0,Closed,2024-12-29 00:00:00,Performing
SAMSON OLAOYE,"=""22436834602""",26 EMMANUEL OTEGBADE STREETITA OLUWO,,"=""19401069""","=""36479303""","=""7718670""",,2022-08-20 00:00:00,50000.00,0.00,D,0.00,60300.00,NGN,0,Closed,2022-09-19 00:00:00,Performing
ADEPOJU TAOFIK TAOFIK,"=""22295911603""",KARAOLE ESTATE22 AJIBODU STRIFAKOIJAIYERESLAG,,"=""19632135""","=""37052489""","=""RCL37052489""",Personal Overdraft,2024-08-23 00:00:00,300000.00,360199.61,,0.00,108000.00,NGN,0,Open,,Performing
KUNGBORDE TAMARAEMOMOEMI TAMARAEMOMOEMI,"=""22325689717""",NO 20 OKOCHI STREET OFF CHINDA PORT HARCOURT,,"=""19746885""","=""36636335""","=""RCL36636335""",Personal Overdraft,2024-12-19 00:00:00,300000.00,0.00,,0.00,0.00,NGN,0,Open,,Open
NWEKE COSMASCOSMAS NWEKE,"=""22166987304""",28 OGO OLUWA STR OWORO BARIGA LAGOS,,"=""19803573""","=""37093884""","=""RCL37093884""",Personal Overdraft,2024-12-15 00:00:00,210000.00,0.00,,,0.00,NGN,0,Open,,
DAMILOLA OLAYINKA,,FARM BUS STOPLEKKIAJAH EXPRESSWAY,,"=""19333723""","=""2431479""","=""RCL2431479""",,2025-06-28 00:00:00,50000.00,0.00,,0.00,0.00,NGN,0,Open,,Performing
GLORIOUS JACK,"=""22578562285""",PrimaryAddressLine1,,"=""19378394""","=""36159463""","=""11082733""",Personal fixed term loan,2023-08-05 00:00:00,10000.00,0.00,,0.00,12300.00,NGN,0,Closed,2023-09-04 00:00:00,Performing
GLORIOUS JACK,"=""22578562285""",PrimaryAddressLine1,,"=""19378394""","=""36159463""","=""7930020""",Personal fixed term loan,2022-09-09 00:00:00,50000.00,0.00,,0.00,10556.00,NGN,0,Closed,2023-06-06 00:00:00,Performing
OLUWAMAYOWA DAVIES,"=""22351410572""",PLOT 587 PRISON RD KUJE ABJ FCT,,"=""19403366""","=""36455639""","=""RCL36455639""",Personal Overdraft,2024-06-24 00:00:00,300000.00,0.00,,0.00,0.00,NGN,0,Open,,Performing
FRANCISCA OGBUKA CHIDINMA,,195 OLD EXPRESS ROAD ABA Osisioma Abia State,,"=""19586147""","=""17078890""","=""RCL17078890""",Personal Overdraft,2024-07-29 00:00:00,20000.00,26209.60,,,26209.60,NGN,92,Open,,Lost
NZEJIAMA LIVINUS LIVINUS,"=""22165126968""",47 ADEOLA ROAD SAPELE,,"=""19736727""","=""37313261""","=""RCL37313261""",Personal Overdraft,2025-01-09 00:00:00,300000.00,0.00,,,0.00,NGN,0,Open,,Performing
NKWOR FRANCIS FRANCIS,,18 COMFORT STREET AGBOJU,,"=""19768366""","=""28169671""","=""RCL28169671""",Personal Overdraft,2024-10-19 00:00:00,300000.00,0.00,,0.00,200381.88,NGN,0,Open,,Performing
OLOTURITA RITA OLOTU,,NO 3OROKO LAY OUT EFFURUN,,"=""19798281""","=""36073356""","=""13193335""",Personal fixed term loan,2024-03-10 00:00:00,10000.00,0.00,,0.00,13600.00,NGN,0,Closed,2024-04-09 00:00:00,Performing
OLOTURITA RITA OLOTU,,NO 3OROKO LAY OUT EFFURUN,,"=""19798281""","=""36073356""","=""14480551""",Personal fixed term loan,2024-07-27 00:00:00,15000.00,0.00,,0.00,20250.00,NGN,0,Closed,2024-08-26 00:00:00,Performing
OLOTURITA RITA OLOTU,,NO 3OROKO LAY OUT EFFURUN,,"=""19798281""","=""36073356""","=""14811060""",Personal fixed term loan,2024-09-02 00:00:00,15000.00,0.00,,0.00,20250.00,NGN,0,Closed,2024-10-02 00:00:00,Performing
ERIC PETER,"=""22319281343""",IMIRINGI TOWN Yenagoa Bayelsa State,,"=""19256100""","=""18093546""","=""RCL18093546""",Personal Overdraft,2024-12-12 00:00:00,184123.22,24593.88,,24593.88,22814.36,NGN,61,Open,,Doubtful
CHARITY CHINEDU,"=""22250352160""",NO 1 MGBO STREET TRANS EKULU ENUGU,,"=""19280266""","=""35979393""","=""RCL35979393""",Personal Overdraft,2024-12-18 00:00:00,30000.00,0.00,,,0.00,NGN,0,Open,,
ABDULLAHI ADENIJI,,3 5 SEGUN COKER STREET IJAIYE OJOKORO,,"=""19296842""","=""36288846""","=""RCL36288846""",,2024-04-05 00:00:00,225000.00,54655.40,,,54655.40,NGN,0,Open,,Performing
ADELEKE MURITALA,,WOYE AVENUE COUNCIL ROAD IFON OSUNOSUN STATE,,"=""19331670""","=""5913228""","=""RCL5913228""",Personal Overdraft,2024-09-20 00:00:00,243360.00,0.00,,0.00,173805.51,NGN,0,Open,,Performing
STEPHEN EKEH,,1 EKEH AVENUE BEHIND JEPATHAH SECSCH KM4 EAST ROAD PORT HA,,"=""19392029""","=""1181441""","=""RCL1181441""",Personal Overdraft,2024-05-30 00:00:00,105000.00,49775.00,,,49775.00,NGN,0,Open,,Performing
COMFORT BABA,,CHECK POINT BEHIND EXPO 1 NYANYA,,"=""19400526""","=""36526673""","=""RCL36526673""",Personal Overdraft,2024-05-14 00:00:00,234548.34,229355.65,,229356.00,0.00,NGN,2,Open,,Watchlist
MICHAEL AMAEWHULE,"=""22648247346""",NO 27 NGECHE STREET OGINIGBA PORT HARCOURT,,"=""19412451""","=""36565532""","=""RCL36565532""",Personal Overdraft,2024-06-23 00:00:00,300000.00,0.00,,,0.00,NGN,0,Open,,Performing
IBUKUNTUNDE SIMON SIMON,,9 ROAD D IKOSI ROAD IYESI OTTA,,"=""19814721""","=""24188643""","=""RCL24188643""",Personal Overdraft,2025-04-28 00:00:00,300000.00,0.00,,,0.00,NGN,0,Open,,Performing
owolabi ridwan,"=""22505897228""",NO 27 AKINBODE STREET OLUWO AREA EGBEDA IBADAN Egbeda Oyo,"=""2348064579775""","=""19926795""","=""2201077""","=""RCL2201077""",Personal Overdraft,2025-01-30 00:00:00,10000.00,37835.48,,37835.48,0.00,NGN,61,Open,,Doubtful
David Adebisi Femi,"=""22374528003""",B50ODO OJA STREET IJEBUJESAOSU,,"=""20147267""","=""28240644""","=""RCL28240644""",Personal Overdraft,2025-03-02 00:00:00,10000.00,31813.55,,,31813.55,NGN,90,Open,,
HENRY OLORUNNUSI,,NO 5 OLUPOYI STREET APATA IBADAN,,"=""19282189""","=""22744572""","=""RCL22744572""",Personal Overdraft,2025-04-21 00:00:00,50000.00,101055.08,,101055.08,60033.26,NGN,90,Open,,Lost
AMAOGECHUKWU ADIBE,"=""22337793156""",2 alhaji tajudeen street alaba,,"=""19357346""","=""33835470""","=""RCL33835470""",Personal Overdraft,2024-10-25 00:00:00,300000.00,0.00,,,0.00,NGN,0,Open,,Performing
TOSIN ELEGBELEYE,,PrimaryAddressLine1,,"=""19375747""","=""13876780""","=""RCL13876780""",Personal Overdraft,2024-10-12 00:00:00,143949.24,191872.05,,,191872.05,NGN,90,Open,,
LARE MUSA,,ABUJA ZAUDA DEI DEI,,"=""19409056""","=""35925554""","=""RCL35925554""",Personal Overdraft,2024-12-17 00:00:00,100000.00,0.00,,,0.00,NGN,96,Open,,Lost
EFE KEVWE KEVWE,,22 OTITE RD SAPELE DELTA STATE,,"=""19736786""","=""37420871""","=""11766349""",Personal fixed term loan,2023-10-11 00:00:00,35000.00,0.00,,0.00,46900.00,NGN,0,Closed,2023-11-10 00:00:00,Performing
EFE KEVWE KEVWE,,22 OTITE RD SAPELE DELTA STATE,,"=""19736786""","=""37420871""","=""11963677""",Personal fixed term loan,2023-10-30 00:00:00,90000.00,0.00,,0.00,48228.00,NGN,0,Closed,2024-02-20 00:00:00,Performing
IHEOMA WILLIAMS WILLIAMS,"=""22171035577""",11 BABATUNDE ABIKELAJA STREET IKOTUN EGBE LAGOS,,"=""19769776""","=""37124947""","=""RCL37124947""",,2024-07-28 00:00:00,195000.00,0.00,,,0.00,NGN,0,Open,,Performing
USHIE SAVIOUR SAVIOUR,,NO 10 AGUNBIADE STREET KIRIKIRI TOWN LAGOS AmuwoOdofin Lag,,"=""19781008""","=""18437158""","=""RCL18437158""",Personal Overdraft,2024-10-21 00:00:00,200000.00,177464.10,,,177464.10,NGN,61,Open,,Doubtful
Egunjobi Olayemi Olayemi,,NO 1 AKINSANYA ORI OKUTA IKORODU Ogun State nigeria Ikorod,,"=""19783884""","=""36695398""","=""RCL36695398""",Personal Overdraft,2024-12-10 00:00:00,45508.98,77377.11,,,77377.11,NGN,93,Open,,Lost
NWACHUKWU ADAEZE JULIET,,NO 30 UKE STREET OMAGBA PHASE 1 ONITSHA,"=""08022963460""","=""19903927""","=""55989708""","=""RCL55989708""",Personal Overdraft,2025-02-24 00:00:00,10000.00,12404.68,,,12404.68,NGN,1,Open,,
OLAOMOPO AYOOLA,,4 BRIDGE ROAD OTTO,,"=""19283622""","=""33615783""","=""RCL33615783""",Personal Overdraft,2024-06-29 00:00:00,160000.00,0.00,,0.00,175804.32,NGN,0,Open,,Open
EFE ONOYERINURE,"=""22276862377""",NO 11 RUFUS CLOSE RUMUEWHARA ORIGWEPORTHA,,"=""19384568""","=""36501091""","=""8470472""",Personal fixed term loan,2022-11-02 00:00:00,200000.00,0.00,,0.00,92867.00,NGN,0,Closed,2023-04-14 00:00:00,Performing
SUNDAY ADEOYE,"=""22152084055""",BEHIND REPUTABLE SCHOOLKILANKO AREA OFFA GAR,,"=""19415477""","=""36591164""","=""11080898""",Personal fixed term loan,2023-08-05 00:00:00,50000.00,0.00,,0.00,36250.00,NGN,0,Closed,2023-10-04 00:00:00,Performing
SUNDAY ADEOYE,"=""22152084055""",BEHIND REPUTABLE SCHOOLKILANKO AREA OFFA GAR,,"=""19415477""","=""36591164""","=""11382459""",Personal fixed term loan,2023-09-04 00:00:00,70000.00,0.00,,0.00,83790.00,NGN,0,Closed,2023-09-19 00:00:00,Performing
SUNDAY ADEOYE,"=""22152084055""",BEHIND REPUTABLE SCHOOLKILANKO AREA OFFA GAR,,"=""19415477""","=""36591164""","=""11533880""",Personal fixed term loan,2023-09-19 00:00:00,70000.00,0.00,,0.00,59866.00,NGN,0,Closed,2023-12-18 00:00:00,Performing
SATURDAY BARITON KENNEDY,"=""22218021961""",ACCESS BANK PLC HEAD OFFICE LAGOS,,"=""19671779""","=""42947066""","=""RCL42947066""",Personal Overdraft,2024-07-27 00:00:00,249600.00,0.00,,0.00,0.00,NGN,0,Open,,Performing
AKANDE OYELEKE SAMUEL,"=""22167105251""",PLOT 3A ADUBA ESTATE AKINBO AKUTE,,"=""20208958""","=""48411590""","=""RCL48411590""",Personal Overdraft,2024-09-07 00:00:00,67500.00,0.00,,,0.00,NGN,0,Open,,Performing
AMOS ARNOLDNISSI,"=""22496222881""",48 RUMUAHOLU STR LOCATION BUS STOP PHALGA PH,,"=""20340777""","=""38960628""","=""12454618""",Personal fixed term loan,2023-12-17 00:00:00,20000.00,0.00,,0.00,26800.00,NGN,0,Closed,2024-01-16 00:00:00,Performing
LAWSON BEKURU,,NO 13 ETITINWO PHC,,"=""20361076""","=""6402766""","=""RCL6402766""",Personal Overdraft,2024-05-13 00:00:00,466.27,37.57,,37.57,37.57,NGN,65,Open,,Doubtful
TEMITOPE AKANBI,"=""22331526983""",Nigeria,,"=""19272051""","=""23982567""","=""RCL23982567""",Personal Overdraft,2024-08-24 00:00:00,200000.00,337644.24,,337644.24,241264.16,NGN,96,Open,,Lost
MUTIU TIAMIYU,,NO 15 OBASA STREET Ibadan North Oyo State,,"=""19299059""","=""12058467""","=""RCL12058467""",Personal Overdraft,2024-12-06 00:00:00,156973.51,147353.32,,147353.32,130586.57,NGN,35,Open,,Sub standard
OLUWAFEMI SOBAJO,"=""22169763565""",NO 26 WOLE SOYINKA WAY ISARA REMO,"=""08137783731""","=""19403384""","=""562883""","=""RCL562883""",Personal Overdraft,2024-12-01 00:00:00,245000.00,0.00,,,0.00,NGN,0,Open,,Performing
ETIM ANTHONY ANDREW,,NO 3 WOSU STREET RUMUKWURUSHI,"=""2348030668632""","=""19657516""","=""38141873""","=""RCL38141873""",Personal Overdraft,2024-06-22 00:00:00,25497.90,6604.10,,,6604.10,NGN,61,Open,,Doubtful
DAVIES MODINAT MODINAT,,9 ODEKEYE STREET NEW OKO OBA AGEGE,,"=""19745447""","=""36308381""","=""11039262""",Personal fixed term loan,2023-08-01 00:00:00,70000.00,0.00,,0.00,91000.00,NGN,0,Closed,2023-09-07 00:00:00,Performing
DAVIES MODINAT MODINAT,,9 ODEKEYE STREET NEW OKO OBA AGEGE,,"=""19745447""","=""36308381""","=""11399313""",Personal fixed term loan,2023-09-06 00:00:00,70000.00,0.00,,0.00,91000.00,NGN,0,Closed,2023-10-13 00:00:00,Performing
DAVIES MODINAT MODINAT,,9 ODEKEYE STREET NEW OKO OBA AGEGE,,"=""19745447""","=""36308381""","=""8439393""",,2022-10-30 00:00:00,120000.00,0.00,C,0.00,55720.00,NGN,0,Closed,2023-01-30 00:00:00,Performing
DAVIES MODINAT MODINAT,,9 ODEKEYE STREET NEW OKO OBA AGEGE,,"=""19745447""","=""36308381""","=""8964900""",Personal fixed term loan,2022-12-22 00:00:00,60000.00,0.00,,0.00,24480.00,NGN,0,Closed,2023-07-22 00:00:00,Performing
MUDASHIRU MARY MARY,,27 ADEGBIYE STREET OGIJO,,"=""19768818""","=""37124311""","=""RCL37124311""",Personal Overdraft,2024-11-07 00:00:00,15000.00,25630.82,,,25630.82,NGN,61,Open,,Doubtful
ESAN LYDIA LYDIA,"=""22486168973""",13 OGUNSHOLA ALAWODE STREET GBADAMOSI OPESA IPAJA LAGOS,,"=""19790412""","=""36350539""","=""10416973""",Personal fixed term loan,2023-05-28 00:00:00,30000.00,0.00,,0.00,34710.00,NGN,0,Closed,2023-06-12 00:00:00,Performing
ESAN LYDIA LYDIA,"=""22486168973""",13 OGUNSHOLA ALAWODE STREET GBADAMOSI OPESA IPAJA LAGOS,,"=""19790412""","=""36350539""","=""10444680""",Personal fixed term loan,2023-05-31 00:00:00,80000.00,0.00,,0.00,94400.00,NGN,0,Closed,2023-06-15 00:00:00,Performing
ESAN LYDIA LYDIA,"=""22486168973""",13 OGUNSHOLA ALAWODE STREET GBADAMOSI OPESA IPAJA LAGOS,,"=""19790412""","=""36350539""","=""12220243""",Personal fixed term loan,2023-11-24 00:00:00,45000.00,0.00,,0.00,112050.00,NGN,0,Closed,2023-12-09 00:00:00,Performing
ESAN LYDIA LYDIA,"=""22486168973""",13 OGUNSHOLA ALAWODE STREET GBADAMOSI OPESA IPAJA LAGOS,,"=""19790412""","=""36350539""","=""9816403""",Personal fixed term loan,2023-03-31 00:00:00,20000.00,0.00,,0.00,8217.00,NGN,0,Closed,2023-06-29 00:00:00,Performing
ESAN LYDIA LYDIA,"=""22486168973""",13 OGUNSHOLA ALAWODE STREET GBADAMOSI OPESA IPAJA LAGOS,,"=""19790412""","=""36350539""","=""9838249""",Personal fixed term loan,2023-04-02 00:00:00,70000.00,0.00,,0.00,82600.00,NGN,0,Closed,2023-04-17 00:00:00,Performing
sola Afolabi olabisi,"=""22347095152""",Wuse Abuja Nigeria,,"=""19895793""","=""10155671""","=""RCL10155671""",Personal Overdraft,2025-01-18 00:00:00,105000.00,0.00,,,0.00,NGN,0,Open,,Performing
EKEDAYE BLESSING,"=""22345464501""",NO 32 UGBOROKE OFF AIRPORT ROAD WARRI,,"=""20351641""","=""37843419""","=""RCL37843419""",Personal Overdraft,2025-03-16 00:00:00,20000.00,4269.30,,4269.30,1784.94,NGN,92,Open,,Lost
AMAECHI FAVOUR,"=""22489092244""",3 FALODUN STREET OFF OYADIRAN ESTATESABO YABA,,"=""20391305""","=""39281339""","=""13134159""",Personal fixed term loan,2024-03-04 00:00:00,10000.00,0.00,,0.00,11534.00,NGN,0,Closed,2024-04-03 00:00:00,Performing
AMAECHI FAVOUR,"=""22489092244""",3 FALODUN STREET OFF OYADIRAN ESTATESABO YABA,,"=""20391305""","=""39281339""","=""13453124""",Personal fixed term loan,2024-04-05 00:00:00,10000.00,0.00,,0.00,14626.00,NGN,0,Closed,2024-05-05 00:00:00,Performing
AMAECHI FAVOUR,"=""22489092244""",3 FALODUN STREET OFF OYADIRAN ESTATESABO YABA,,"=""20391305""","=""39281339""","=""13760224""",Personal fixed term loan,2024-05-07 00:00:00,10000.00,0.00,,0.00,11701.00,NGN,0,Closed,2024-06-27 00:00:00,Performing
AMAECHI FAVOUR,"=""22489092244""",3 FALODUN STREET OFF OYADIRAN ESTATESABO YABA,,"=""20391305""","=""39281339""","=""14290538""",Personal fixed term loan,2024-07-05 00:00:00,10000.00,0.00,,0.00,11701.00,NGN,0,Closed,2024-08-04 00:00:00,Performing
AMAECHI FAVOUR,"=""22489092244""",3 FALODUN STREET OFF OYADIRAN ESTATESABO YABA,,"=""20391305""","=""39281339""","=""14953046""",Personal fixed term loan,2024-09-18 00:00:00,12500.00,0.00,,0.00,7802.50,NGN,0,Closed,2024-11-17 00:00:00,Performing
LUCKY ALIKA,"=""22252808757""",NO 143PTI ROADEFFURUN,,"=""19413815""","=""36183743""","=""10924100""",Personal fixed term loan,2023-07-19 00:00:00,30000.00,0.00,,0.00,39000.00,NGN,0,Closed,2023-08-18 00:00:00,Performing
LUCKY ALIKA,"=""22252808757""",NO 143PTI ROADEFFURUN,,"=""19413815""","=""36183743""","=""11330513""",Personal fixed term loan,2023-08-30 00:00:00,27500.00,0.00,,0.00,35750.00,NGN,0,Closed,2023-09-29 00:00:00,Performing
LUCKY ALIKA,"=""22252808757""",NO 143PTI ROADEFFURUN,,"=""19413815""","=""36183743""","=""13344612""",Personal fixed term loan,2024-03-26 00:00:00,35000.00,0.00,,0.00,41520.50,NGN,0,Closed,2024-04-10 00:00:00,Performing
AKAAZUA UKEYIMA UKEYIMA,"=""22526129188""",4FERTLIZER BUSSTOP OKURAYE ILEKKI FREE ZONE LAGOS,,"=""19776700""","=""38198896""","=""15213226""",Personal fixed term loan,2024-10-21 00:00:00,17500.00,0.00,,0.00,48790.00,NGN,0,Closed,2024-11-05 00:00:00,Performing
OMOTOSHO EMMANUEL EMMANUEL,"=""22475699343""",BEHIND RINSAYO FILLING STATIONOSOGBO RINSAYO BUS STOP,,"=""19783602""","=""37077427""","=""11331040""",Personal fixed term loan,2023-08-30 00:00:00,10000.00,0.00,,0.00,11477.00,NGN,0,Closed,2023-09-14 00:00:00,Performing
OMOTOSHO EMMANUEL EMMANUEL,"=""22475699343""",BEHIND RINSAYO FILLING STATIONOSOGBO RINSAYO BUS STOP,,"=""19783602""","=""37077427""","=""14624511""",Personal fixed term loan,2024-08-12 00:00:00,45000.00,0.00,,0.00,27004.50,NGN,0,Closed,2024-10-11 00:00:00,Performing
JACOB GIFT,"=""22241327452""",EKPAN,"=""08131289533""","=""20362179""","=""39206848""","=""12469613""",Personal fixed term loan,2023-12-19 00:00:00,27500.00,0.00,,0.00,35887.50,NGN,0,Closed,2024-02-08 00:00:00,Performing
JACOB GIFT,"=""22241327452""",EKPAN,"=""08131289533""","=""20362179""","=""39206848""","=""13056090""",Personal fixed term loan,2024-02-24 00:00:00,35000.00,0.00,,0.00,41741.00,NGN,0,Closed,2024-03-10 00:00:00,Performing
JACOB GIFT,"=""22241327452""",EKPAN,"=""08131289533""","=""20362179""","=""39206848""","=""13162922""",Personal fixed term loan,2024-03-07 00:00:00,35000.00,0.00,,0.00,40887.00,NGN,0,Closed,2024-03-22 00:00:00,Performing
JACOB GIFT,"=""22241327452""",EKPAN,"=""08131289533""","=""20362179""","=""39206848""","=""13263626""",Personal fixed term loan,2024-03-18 00:00:00,50000.00,0.00,,0.00,60895.00,NGN,0,Closed,2024-05-02 00:00:00,Performing
OLUWATOBILOBA OLAWALE,"=""22181723422""",11 OKIKI JESU STR ATAN OTTA OGUN STATE,,"=""19283050""","=""2886264""","=""RCL2886264""",Personal Overdraft,2024-09-24 00:00:00,120000.00,110268.46,,,110268.46,NGN,92,Open,,Lost
PETER ANIETIE,"=""22181729619""",NO32 JIBOWU ESTATE ROAD ABULE EGBA,,"=""19321639""","=""35502162""","=""RCL35502162""",Personal Overdraft,2024-07-10 00:00:00,180000.00,11.57,,,11.57,NGN,61,Open,,Doubtful
IFEANYI ALOBU,,PrimaryAddressLine1,,"=""19382743""","=""35940070""","=""RCL35940070""",Personal Overdraft,2024-06-14 00:00:00,329550.00,0.00,,,0.00,NGN,0,Open,,Performing
ogwo kalu dede,,NO 6 CHIEF ANANABA STREET UMUAKAHIA ABA,,"=""19646800""","=""19357304""","=""RCL19357304""",Personal Overdraft,2024-06-28 00:00:00,218750.00,181906.36,,,181906.36,NGN,0,Open,,Performing
chinwendu Francis chigozie,,18 AWA STREET AGO PALACE,,"=""19647735""","=""22792056""","=""RCL22792056""",Personal Overdraft,2025-06-06 00:00:00,50000.00,124747.51,,0.00,61766.60,NGN,97,Open,,Lost
AKINRINLOLA OLUWAJOBA EMMANUEL,"=""22626218133""",60 CRUSADER AVENUE NVUIGWE,,"=""19667455""","=""42240304""","=""RCL42240304""",Personal Overdraft,2024-09-07 00:00:00,85000.00,72572.42,,,72572.42,NGN,91,Open,,Lost
ENEMALI PAUL PAUL,"=""22350288466""",BEHIND BETHEL HOSPITAL,,"=""19795421""","=""18972906""","=""RCL18972906""",Personal Overdraft,2024-08-22 00:00:00,175000.00,0.00,,,0.00,NGN,0,Open,,Performing
OTUSOGA TEMIDAYO TEMIDAYO,"=""22209061987""",Unnamed Road Lagos Nigeria,,"=""19798612""","=""37925391""","=""13295108""",Personal fixed term loan,2024-03-22 00:00:00,10000.00,0.00,,0.00,13600.00,NGN,0,Closed,2024-04-21 00:00:00,Performing
OTUSOGA TEMIDAYO TEMIDAYO,"=""22209061987""",Unnamed Road Lagos Nigeria,,"=""19798612""","=""37925391""","=""13713920""",Personal fixed term loan,2024-05-02 00:00:00,12500.00,0.00,,0.00,16875.00,NGN,0,Closed,2024-06-01 00:00:00,Performing
OKORO OKWUKWE OKWUKWE,,8A NWANGENE STREET ODOAKPU ONITSHA,,"=""19814774""","=""1140939""","=""RCL1140939""",Personal Overdraft,2024-11-21 00:00:00,300000.00,35166.82,,0.00,424674.53,NGN,0,Open,,Performing
UNABOR HAPPINESS,"=""22200902065""",14 OREMEJI STREET,,"=""20358697""","=""14055363""","=""RCL14055363""",Personal Overdraft,2024-03-11 00:00:00,150000.00,128928.71,,128929.00,11583.73,NGN,94,Open,,Lost
DOYIN OMITOOGUN,"=""22339574049""",onipanu ota sango AdoOdoOta Ogun State,,"=""19360009""","=""9694780""","=""RCL9694780""",Personal Overdraft,2024-06-19 00:00:00,30618.00,13538.33,,0.00,13538.33,NGN,122,Open,,Lost
chukwudi akwueze,"=""22277962142""",jikwoyi phase 1 abuja,"=""07038929905""","=""19360252""","=""12772921""","=""RCL12772921""",Personal Overdraft,2024-10-28 00:00:00,160000.00,10100.00,,0.00,0.00,NGN,0,Open,,Performing
MOHAMMED LIMAN,,5 WHITESAND STREET IKATE LEKKI,,"=""19409086""","=""18954272""","=""RCL18954272""",Personal Overdraft,2024-08-10 00:00:00,214006.27,174240.00,,0.00,80814.10,NGN,0,Open,,Performing
Iliya Thlama,,20 BARRACK POLICE IKEJA    Lagos Mainland Lagos State,"=""08062223713""","=""19477631""","=""649680""","=""RCL649680""",,2024-09-18 00:00:00,139475.19,80886.91,,80886.91,89720.37,NGN,4,Open,,Watchlist
OLUFUNMILAYO,,86 SUNSHINE STREETANUOLUWAPO ESTATE IGBE LARA,,"=""19575163""","=""38533470""","=""11632105""",Personal fixed term loan,2023-09-29 00:00:00,5000.00,0.00,,0.00,6700.00,NGN,0,Closed,2023-10-29 00:00:00,Performing
AYODELE DOLAPO RONKE,"=""22430288726""",4 TEMIDIRE CHARITY DOGO APATA IBADAN,,"=""19681255""","=""36292152""","=""14413366""",Personal fixed term loan,2024-07-20 00:00:00,7500.00,0.00,,0.00,10125.00,NGN,0,Closed,2024-08-19 00:00:00,Performing
AYODELE DOLAPO RONKE,"=""22430288726""",4 TEMIDIRE CHARITY DOGO APATA IBADAN,,"=""19681255""","=""36292152""","=""14563948""",Personal fixed term loan,2024-08-06 00:00:00,7500.00,0.00,,0.00,9855.00,NGN,0,Closed,2024-09-05 00:00:00,Performing
AYODELE DOLAPO RONKE,"=""22430288726""",4 TEMIDIRE CHARITY DOGO APATA IBADAN,,"=""19681255""","=""36292152""","=""14769462""",Personal fixed term loan,2024-08-29 00:00:00,10000.00,0.00,,0.00,13600.00,NGN,0,Closed,2024-09-28 00:00:00,Performing
VICTOR BENJAMIN UBA,"=""22343593478""",19B BOXTIN COLE STREET BARIGALagos State,"=""07014306993""","=""19854731""","=""4112385""","=""RCL4112385""",Personal Overdraft,2024-07-07 00:00:00,128096.58,176436.58,,,176436.58,NGN,91,Open,,Lost
ABUBAKAR ABUBAKAR SAIDU,"=""22540974414""",08 lamba maiadiko area potiskum  potiskum,"=""2348124120155""","=""20196574""","=""PF111537""","=""A31606""",Personal fixed term loan,2024-08-21 00:00:00,773118.00,662778.90,,662778.90,733860.90,NGN,698,Open,2024-09-20 00:00:00,Lost
OLUWASEUN AGBABIAKA,,24 shittu str,"=""2349025450929""","=""19310765""","=""PF50012""","=""A14826""",Personal fixed term loan,2024-02-04 00:00:00,796000.00,964621.37,,964621.37,885338.80,NGN,912,Open,2024-02-19 00:00:00,Lost
abdulrasheed abdulazeez,,NO 1 BESIDE MASJID YELWARE JALINGO,"=""2348162285584""","=""19359540""","=""PF99900""","=""A27845""",Personal fixed term loan,2024-05-30 00:00:00,633000.00,661223.12,,661223.12,666223.10,NGN,804,Open,2024-06-06 00:00:00,Lost
Agbo Christopher chukwubuikem,,HAUSA QUARTERS 9TH MILE,,"=""20099979""","=""8718121""","=""RCL8718121""",Personal Overdraft,2024-10-20 00:00:00,120000.00,227194.64,,,227194.64,NGN,91,Open,,Lost
VICTORIA UDOFIA,,HOUSE 3 R CLOSE 1ST AVENUE FESTAC TOWN,,"=""19279422""","=""28783335""","=""RCL28783335""",Personal Overdraft,2024-10-14 00:00:00,300000.00,0.00,,,0.00,NGN,0,Open,,Performing
KABIRU MOHAMMED MOHAMMED,,10 BALE STREET ILAJE BSTOP AJAH ETI OSA LGA LAGOS,,"=""19788264""","=""37260055""","=""13217124""",Personal fixed term loan,2024-03-13 00:00:00,17500.00,0.00,,0.00,21245.00,NGN,0,Closed,2024-03-28 00:00:00,Performing
KABIRU MOHAMMED MOHAMMED,,10 BALE STREET ILAJE BSTOP AJAH ETI OSA LGA LAGOS,,"=""19788264""","=""37260055""","=""13270980""",Personal fixed term loan,2024-03-19 00:00:00,27500.00,0.00,,0.00,32796.50,NGN,0,Closed,2024-04-03 00:00:00,Performing
KABIRU MOHAMMED MOHAMMED,,10 BALE STREET ILAJE BSTOP AJAH ETI OSA LGA LAGOS,,"=""19788264""","=""37260055""","=""13434209""",Personal fixed term loan,2024-04-04 00:00:00,17500.00,0.00,,0.00,21273.00,NGN,0,Closed,2024-04-19 00:00:00,Performing
INYANG AKANINYENE AKANINYENE,"=""22261514333""",267 ORON ROAD UYO,,"=""19800375""","=""37550817""","=""9099797""",Personal fixed term loan,2023-01-07 00:00:00,15000.00,0.00,,0.00,9008.00,NGN,0,Closed,2023-03-08 00:00:00,Performing
INYANG AKANINYENE AKANINYENE,"=""22261514333""",267 ORON ROAD UYO,,"=""19800375""","=""37550817""","=""9537963""",Personal fixed term loan,2023-02-28 00:00:00,110000.00,0.00,,0.00,45687.00,NGN,0,Closed,2023-10-04 00:00:00,Performing
Ogunbadejo Yunus,,04 ODEDIRAN STREET BALOGUN IJU,,"=""20320699""","=""5081695""","=""RCL5081695""",Personal Overdraft,2025-01-12 00:00:00,50000.00,27479.70,,27479.70,41001.10,NGN,65,Open,,Doubtful
OBOCHI CHIMA,"=""22502552188""",PrimaryAddressLine1,,"=""20371864""","=""38703979""","=""13381940""",Personal fixed term loan,2024-03-30 00:00:00,10000.00,0.00,,0.00,13600.00,NGN,0,Closed,2024-04-29 00:00:00,Performing
OBOCHI CHIMA,"=""22502552188""",PrimaryAddressLine1,,"=""20371864""","=""38703979""","=""14212495""",Personal fixed term loan,2024-06-27 00:00:00,10000.00,0.00,,0.00,13600.00,NGN,0,Closed,2024-07-27 00:00:00,Performing
OLURANTI AJOSE,,NO 1 OBABI OLORUNKOSI STREET ISHAGA OWODE YEWA,,"=""19279439""","=""35004543""","=""RCL35004543""",Personal Overdraft,2025-03-15 00:00:00,160000.00,0.00,,,0.00,NGN,0,Open,,Performing
PAUL ADESINA,"=""22419254292""",10 ABIODUN ADESINA CLOSE ITAEKO ABEOKUTA,,"=""19282820""","=""35114349""","=""RCL35114349""",Personal Overdraft,2024-03-10 00:00:00,198617.17,109507.34,,0.00,189540.77,NGN,0,Open,,Performing
OLABODE OLUBIYI,"=""22198248237""",71 POWER LINE AGBADO,,"=""19295824""","=""36577332""","=""13330774""",Personal fixed term loan,2024-03-25 00:00:00,15000.00,0.00,,0.00,20250.00,NGN,0,Closed,2024-04-24 00:00:00,Performing
ABDULSALAM ABDULRAHMAN,"=""22407200780""",41 JIMOH BALOGUN STREET IKOSI SELE KETU Kosofe Lagos State,,"=""19303210""","=""3463752""","=""RCL3463752""",Personal Overdraft,2024-01-11 00:00:00,245000.00,439643.43,,,439643.43,NGN,92,Open,,Lost
OLUEBUBE UDOH,"=""22386523320""",Not Available,,"=""19324804""","=""14105226""","=""RCL14105226""",Personal Overdraft,2024-06-01 00:00:00,165000.00,0.00,,0.00,0.00,NGN,0,Open,,Performing
MAYOWA OLALEYE,"=""22530740566""",16 OLAOLUWA CLOSE KOLAB BUSSTOP AYETORO,,"=""19400512""","=""36022634""","=""10407692""",Personal fixed term loan,2023-05-27 00:00:00,15000.00,0.00,,0.00,7665.00,NGN,0,Closed,2023-08-25 00:00:00,Performing
ONUGBO SEWA MAYOWA,"=""22436409079""",10 S RAMON STREET URAKA EPE,"=""08156549204""","=""19736189""","=""55371534""","=""RCL55371534""",Personal Overdraft,2025-01-16 00:00:00,10000.00,40707.62,,,40707.62,NGN,97,Open,,
EDEM ANWANA UNWANA,,ACCESS BANK PLC HEAD OFFICE LAGOS,,"=""20270587""","=""48803733""","=""RCL48803733""",Personal Overdraft,2025-02-22 00:00:00,50000.00,0.00,,,0.00,NGN,0,Open,,
OKON OYOKUNYI,,31 EKONDO STREET CALABAR,,"=""20375875""","=""38884228""","=""RCL38884228""",Personal Overdraft,2024-09-09 00:00:00,162549.51,166736.62,,166737.00,120067.27,NGN,2,Open,,Watchlist
OLAIDE OLAGUNJU,"=""22217444543""",10 MUKANDAS STREET MAFOLUKU OSHODI Shomolu Lagos State,,"=""19283226""","=""16454298""","=""RCL16454298""",Personal Overdraft,2024-08-24 00:00:00,209085.78,247399.21,,,247399.21,NGN,93,Open,,Lost
IGHEGHE JAMES JAMES,"=""22497162968""",NO 9 DRE STEVE IGHEGHE IBUSA,"=""9064713506""","=""19790669""","=""36478882""","=""RCL36478882""",Personal Overdraft,2024-05-01 00:00:00,156250.00,216861.67,,,216861.67,NGN,61,Open,,Doubtful
DAVID AYORINDE FALAYE,"=""22281784460""",8 OLAOYE STR ABANIJE IKOTUN,,"=""20267509""","=""38918274""","=""RCL38918274""",Personal Overdraft,2025-04-28 00:00:00,35000.00,42000.00,,,42000.00,NGN,1,Open,,
ADEYEMO FEYISAYO,,PrimaryAddressLine1,,"=""20361114""","=""8708734""","=""RCL8708734""",Personal Overdraft,2025-03-24 00:00:00,30000.00,0.00,,,0.00,NGN,0,Open,,Performing
MOHAMMED BELLO,"=""22262980517""",500 UNITS GANAJA ROAD LOKOJA,,"=""20363286""","=""39318022""","=""RCL39318022""",Personal Overdraft,2024-10-19 00:00:00,26741.25,38513.80,,,38513.80,NGN,62,Open,,Doubtful
JOSHUA MICHEAL,,GWALLAMEJI,,"=""19281573""","=""34647063""","=""RCL34647063""",Personal Overdraft,2024-07-15 00:00:00,13619.71,13596.78,,13596.78,5725.75,NGN,4,Open,,Watchlist
MABEL CHARLES,"=""22317419698""",21 ARAROMI STREET OGUDU,,"=""19381294""","=""2757229""","=""RCL2757229""",Personal Overdraft,2024-07-26 00:00:00,140000.00,0.00,,,0.00,NGN,0,Open,,Performing
ADESANYA FOLAKUNLE SAMUEL,"=""22488998048""",BLK712 FLT2ABESAN ESTATE IPAJA LAGOS,,"=""19691865""","=""42224885""","=""10923111""",Personal fixed term loan,2023-07-19 00:00:00,5000.00,0.00,,0.00,6500.00,NGN,0,Closed,2023-08-18 00:00:00,Performing
ADENIJI ADEFOLA ADEFOLA,,8 IGBOHO STREET ALAPE KETU,"=""08023383590""","=""19746281""","=""7670711""","=""RCL7670711""",Personal Overdraft,2024-10-14 00:00:00,345800.00,0.00,,,0.00,NGN,0,Open,,Performing
Ndukwe Chiamaka Doreen,,13 OREMEJI STREET OFF AROWOJOBE OSHODI,,"=""20101000""","=""44538296""","=""RCL44538296""",Personal Overdraft,2025-06-04 00:00:00,50000.00,154287.19,,154287.19,86726.30,NGN,96,Open,,Lost
LASISI SAHEED,"=""22305413134""",3 BOLATITO STREET ADETOKUN BUS STOP APETE,,"=""20361833""","=""39005485""","=""RCL39005485""",Personal Overdraft,2024-07-13 00:00:00,150000.00,0.00,,,0.00,NGN,0,Open,,Performing
WEST TONYE,,7 IDIROGBO STREET OPPOSITE LASU MAIN GATE OJO,"=""08134413088""","=""20376288""","=""38749477""","=""8796773""",Personal fixed term loan,2022-12-05 00:00:00,60000.00,0.00,,0.00,25800.00,NGN,0,Closed,2023-05-08 00:00:00,Performing
Busayo Obadaye,"=""22483253623""",ADEBOWALE ONDO ROAD AKURE Ondo State nigeria Akure South O,,"=""19390919""","=""28114397""","=""RCL28114397""",Personal Overdraft,2024-07-08 00:00:00,90000.00,60251.77,,0.00,0.00,NGN,0,Open,,Performing
HUSSAIN ABUBAKAR ABUBAKAR,"=""22507871833""",9 APO DUTSE MARKET RD APO DUTSE BUS STOP AMAC,,"=""19740643""","=""36860207""","=""15285828""",Personal fixed term loan,2024-10-31 00:00:00,35000.00,0.00,,0.00,97580.00,NGN,0,Closed,2024-11-15 00:00:00,Performing
ALAMU VICTOR VICTOR,"=""22228367196""",ONIBUORE AREA MONATAN IBADAN,,"=""19794523""","=""38199751""","=""RCL38199751""",Personal Overdraft,2024-11-13 00:00:00,300000.00,124659.47,,0.00,95215.55,NGN,0,Open,,Performing
TAIWO BUNMI,"=""22439399195""",14 15 Prince Alaba Oniru Road Victoria Island,,"=""20361361""","=""38906941""","=""12407422""",Personal fixed term loan,2023-12-12 00:00:00,5000.00,0.00,,0.00,6650.00,NGN,0,Closed,2023-12-27 00:00:00,Performing
AUDU HAPPINESS,"=""22652840461""",IBADAN,,"=""20380138""","=""28932565""","=""RCL28932565""",Personal Overdraft,2024-05-12 00:00:00,200000.00,76549.64,,291.54,76549.64,NGN,91,Open,,Lost
MORENIKE ODUSOLE,"=""22294425992""",PLOT 604 DURUMI DISTRICT GARKI ABUJA,"=""08138979727""","=""19306634""","=""36544578""","=""RCL36544578""",Personal Overdraft,2024-05-31 00:00:00,183539.07,257226.05,,1003.76,257226.05,NGN,91,Open,,Lost
FAUSTINA USIABULU,"=""22206196516""",NEW LAY OUT EKPAN,,"=""19332319""","=""36624036""","=""11252377""",Personal fixed term loan,2023-08-22 00:00:00,60000.00,0.00,,0.00,29380.00,NGN,0,Closed,2024-02-09 00:00:00,Performing
MADU YUSUF,,NO23 HOUSE ALMUSTAPHA COLLEGE JIGAWA AREA POTISKUM,"=""08133367949""","=""19364457""","=""35822431""","=""RCL35822431""",Personal Overdraft,2024-10-29 00:00:00,300000.00,267554.78,,,267554.78,NGN,96,Open,,Lost
MIRIAM EGBEGBADIA,,10 Asaaju estate back of comrade olayiwola housr,"=""07014281056""","=""19404283""","=""35762057""","=""RCL35762057""",Personal Overdraft,2024-08-26 00:00:00,216320.00,331017.78,,331017.78,279136.80,NGN,65,Open,,Doubtful
NONGO NGUNGEEN DORIS,"=""22477226589""",17ONOKONA STR ILAJE BUS STOP AJAH LAGOS,,"=""19523912""","=""42108512""","=""10419416""",Personal fixed term loan,2023-05-28 00:00:00,22500.00,0.00,,0.00,27675.00,NGN,0,Closed,2023-06-27 00:00:00,Performing
NONGO NGUNGEEN DORIS,"=""22477226589""",17ONOKONA STR ILAJE BUS STOP AJAH LAGOS,,"=""19523912""","=""42108512""","=""10732903""",Personal fixed term loan,2023-06-28 00:00:00,100000.00,0.00,,0.00,68550.00,NGN,0,Closed,2023-09-26 00:00:00,Performing
NONGO NGUNGEEN DORIS,"=""22477226589""",17ONOKONA STR ILAJE BUS STOP AJAH LAGOS,,"=""19523912""","=""42108512""","=""11665405""",Personal fixed term loan,2023-10-02 00:00:00,60000.00,0.00,,0.00,33018.00,NGN,0,Closed,2023-12-31 00:00:00,Performing
NONGO NGUNGEEN DORIS,"=""22477226589""",17ONOKONA STR ILAJE BUS STOP AJAH LAGOS,,"=""19523912""","=""42108512""","=""12847383""",Personal fixed term loan,2024-01-31 00:00:00,100000.00,0.00,,0.00,69265.00,NGN,0,Closed,2024-04-30 00:00:00,Performing
CHINDA HAPPINESS HAPPINESS,,NO 9 OKWORO ROAD ELELENWO,,"=""19632844""","=""25908341""","=""RCL25908341""",Personal Overdraft,2024-07-31 00:00:00,106099.52,98306.05,,,98306.05,NGN,0,Open,,Performing
MSHELIA HAJARA HAJARA,"=""22278646755""",Nigeria,,"=""19745769""","=""14180486""","=""RCL14180486""",Personal Overdraft,2025-02-02 00:00:00,245000.00,443355.88,,,443355.88,NGN,90,Open,,
SHONUBI RASHIDAT RASHIDAT,"=""22625637656""",PrimaryAddressLine1,,"=""19784323""","=""37385383""","=""12549998""",Personal fixed term loan,2023-12-28 00:00:00,20000.00,0.00,,0.00,25100.00,NGN,0,Closed,2024-01-12 00:00:00,Performing
EKUNDAYO EMMANUEL EMMANUEL,"=""22195710669""",ROAD 2 HOUSE 10 ROAD 5 OKE ODO STR ORISUMBARE APATA,,"=""19806166""","=""6815595""","=""RCL6815595""",Personal Overdraft,2024-05-20 00:00:00,34686.65,0.00,,0.00,5954.85,NGN,0,Open,,Performing
MOHAMMED ZAINAB,,korama area,,"=""20340515""","=""38542824""","=""11316922""",Personal fixed term loan,2023-08-29 00:00:00,90000.00,0.00,,0.00,26622.00,NGN,0,Closed,2024-01-26 00:00:00,Performing
MOHAMMED ZAINAB,,korama area,,"=""20340515""","=""38542824""","=""9186191""",Personal fixed term loan,2023-01-17 00:00:00,350000.00,0.00,,0.00,100334.00,NGN,0,Closed,2023-08-04 00:00:00,Performing
JOY OGBULOKO,"=""22480157261""",ASA 2 OTUKPO,,"=""19272978""","=""20699175""","=""RCL20699175""",Personal Overdraft,2025-05-19 00:00:00,25000.00,0.00,,0.00,5279.00,NGN,0,Open,,Performing
ISAAC OTUYA,"=""22247349414""",7 OLD SAPELE AGBOR ROAD UMUTU,,"=""19281559""","=""33626112""","=""RCL33626112""",Personal Overdraft,2025-05-24 00:00:00,105000.00,0.00,,,0.00,NGN,0,Open,,
JACOB IY,,Not Available,,"=""19282427""","=""14768127""","=""RCL14768127""",,2024-10-23 00:00:00,390000.00,450538.67,,0.00,329850.00,NGN,0,Open,,Performing
Olusegun Babalola,"=""22202984021""",8 ZICO STRET MARARABA KARU Ekiti State nigeria Karu Nasara,,"=""19297905""","=""6786597""","=""RCL6786597""",Personal Overdraft,2024-11-27 00:00:00,260000.00,458164.07,,,458164.07,NGN,94,Open,,Lost
CHUKS IGBEDION,,NO 25 OKWUOGOR STREET AGBOR,,"=""19360350""","=""36423049""","=""RCL36423049""",Personal Overdraft,2024-09-16 00:00:00,7187.50,10329.86,,10329.86,8698.65,NGN,65,Open,,Doubtful
AMADIEGWU CHINYERE,"=""22158438566""",14 ONASANYA STREET OFF ISHAGA ROASURULERE,,"=""20276253""","=""40164490""","=""RCL40164490""",,2025-06-27 00:00:00,80000.00,39510.00,,,39510.00,NGN,0,Open,,Performing
DORAH TEIBOWEI,,ONOPA NEW ROAD OVOM Yenagoa Bayelsa State,,"=""19277991""","=""17115861""","=""RCL17115861""",Personal Overdraft,2024-12-13 00:00:00,75000.00,108746.74,,,108746.74,NGN,31,Open,,Sub standard
SAMUEL ODUFUWA,"=""22465740961""",2 ADENAIKE STREET LADI LAK BARIGA,,"=""19285561""","=""36800262""","=""13617342""",Personal fixed term loan,2024-04-22 00:00:00,22500.00,0.00,,0.00,29227.50,NGN,0,Closed,2024-05-07 00:00:00,Performing
SAMUEL ODUFUWA,"=""22465740961""",2 ADENAIKE STREET LADI LAK BARIGA,,"=""19285561""","=""36800262""","=""13716471""",Personal fixed term loan,2024-05-02 00:00:00,35000.00,0.00,,0.00,44257.50,NGN,0,Closed,2024-05-17 00:00:00,Performing
SAMUEL ODUFUWA,"=""22465740961""",2 ADENAIKE STREET LADI LAK BARIGA,,"=""19285561""","=""36800262""","=""13734805""",Personal fixed term loan,2024-05-04 00:00:00,35000.00,0.00,,0.00,45465.00,NGN,0,Closed,2024-05-19 00:00:00,Performing
SAMUEL ODUFUWA,"=""22465740961""",2 ADENAIKE STREET LADI LAK BARIGA,,"=""19285561""","=""36800262""","=""14066859""",Personal fixed term loan,2024-06-10 00:00:00,10000.00,0.00,,0.00,13600.00,NGN,0,Closed,2024-07-10 00:00:00,Performing
SAMUEL ODUFUWA,"=""22465740961""",2 ADENAIKE STREET LADI LAK BARIGA,,"=""19285561""","=""36800262""","=""14298613""",Personal fixed term loan,2024-07-06 00:00:00,10000.00,0.00,,0.00,13600.00,NGN,0,Closed,2024-08-05 00:00:00,Performing
SAMUEL ODUFUWA,"=""22465740961""",2 ADENAIKE STREET LADI LAK BARIGA,,"=""19285561""","=""36800262""","=""14589776""",Personal fixed term loan,2024-08-08 00:00:00,25000.00,0.00,,0.00,67890.00,NGN,0,Closed,2024-08-23 00:00:00,Performing
NKEMJIKA NWANEVU,"=""22277398116""",LIVING FAITH LODGE FED POLY NEKEDE Owerri West Imo State,,"=""19303920""","=""8646060""","=""RCL8646060""",Personal Overdraft,2024-06-19 00:00:00,43406.23,69891.19,,,69891.19,NGN,93,Open,,Lost
OMADA ADAMBIYO,"=""22337555770""",DIRECTLY OPP DECENCY HOTEL,,"=""19329131""","=""26036385""","=""RCL26036385""",Personal Overdraft,2024-06-25 00:00:00,300000.00,36000.00,,0.00,0.00,NGN,0,Open,,Performing
Akinfolarin Toyin,"=""22169445803""",Not Available,,"=""19608738""","=""14461338""","=""RCL14461338""",Personal Overdraft,2024-05-15 00:00:00,82500.00,69936.55,,,69936.55,NGN,0,Open,,Performing
MURUAKO SOMUADINA SOMUADINA,"=""22474493863""",34 AKINTOMIDE STREET IJEGUN SATELLITE,,"=""19755824""","=""21336359""","=""RCL21336359""",Personal Overdraft,2024-12-07 00:00:00,190000.00,0.00,,,0.00,NGN,0,Open,,Performing
TERVER JOSEPH JOSEPH,,APO SITE WUMBA ABUJA,"=""2347032997947""","=""19793553""","=""PF42833""","=""A5759""",Personal fixed term loan,2023-12-05 00:00:00,5000.00,6106.64,,6106.64,5606.60,NGN,973,Open,2023-12-20 00:00:00,Lost
KENE EMMANUEL OKAFOR,"=""22220918086""",SW7OWODE APATA NNPC IBADAN,,"=""20299273""","=""14546742""","=""RCL14546742""",,2025-06-20 00:00:00,30000.00,1228.84,,0.00,2228.84,NGN,0,Open,,Performing
ADELOYE OLUFOLAKE,,BLK 183 FLT 1 ABESAN HOUING ESTATE BOYSTOW,,"=""20350331""","=""39355026""","=""12482664""",Personal fixed term loan,2023-12-20 00:00:00,20000.00,0.00,,0.00,23020.00,NGN,0,Closed,2024-01-04 00:00:00,Performing
ADELOYE OLUFOLAKE,,BLK 183 FLT 1 ABESAN HOUING ESTATE BOYSTOW,,"=""20350331""","=""39355026""","=""8712463""",Personal fixed term loan,2022-11-26 00:00:00,80000.00,0.00,,0.00,23264.00,NGN,0,Closed,2023-04-25 00:00:00,Performing
UTIM AONDOHEMBA,,Off Abu King Shuluwa Road Akpehe Market,"=""2347036687580""","=""20381615""","=""PF59909""","=""A17899""",Personal fixed term loan,2024-02-28 00:00:00,434000.00,534251.63,,534251.63,491851.60,NGN,873,Open,2024-03-29 00:00:00,Lost
HAMZAT RASAQ RASAQ,"=""22341175102""",124 OLASHEINDE MISE STR BETHANY BSTOP IPAJA,,"=""19812919""","=""38409831""","=""13741189""",Personal fixed term loan,2024-05-05 00:00:00,30000.00,0.00,,0.00,7610.00,NGN,0,Closed,2024-11-01 00:00:00,Performing
HAMZAT RASAQ RASAQ,"=""22341175102""",124 OLASHEINDE MISE STR BETHANY BSTOP IPAJA,,"=""19812919""","=""38409831""","=""9079406""",Personal fixed term loan,2023-01-05 00:00:00,50000.00,0.00,,0.00,20346.00,NGN,0,Closed,2023-12-17 00:00:00,Performing
EHIZOGIE DANIEL,"=""22143430599""",Nigeria,,"=""19924156""","=""9006366""","=""RCL9006366""",Personal Overdraft,2025-02-27 00:00:00,10000.00,11375.99,,,11375.99,NGN,1,Open,,
Mubarak Abdulwahab,"=""22582283725""",NO 10 BABASARE COMPOUND AGABAJI ILORIN,,"=""20142959""","=""18688603""","=""RCL18688603""",Personal Overdraft,2025-01-16 00:00:00,10000.00,40828.21,,,40828.21,NGN,97,Open,,
IBUKUN DENTRO,,38 OBOYE STREETEJIGBOEJIGBOLAGOS,,"=""20383348""","=""22512502""","=""RCL22512502""",Personal Overdraft,2024-07-23 00:00:00,260000.00,0.00,,,0.00,NGN,0,Open,,Performing
OLAIDE SAMUEL,,S5280 J AKATAPA ODINJO IBADAN ADVENTURE 2 EXTENSION IJAGUN,,"=""19303691""","=""20306514""","=""RCL20306514""",Personal Overdraft,2025-04-22 00:00:00,500000.00,528585.32,,0.00,241275.00,NGN,0,Open,,Performing
OKEKE EBUKA EBUKA,"=""22174155696""",28996W OwereEzukala Nigeria,,"=""19748912""","=""38357120""","=""11732461""",Personal fixed term loan,2023-10-07 00:00:00,5000.00,0.00,,0.00,6700.00,NGN,0,Closed,2023-11-06 00:00:00,Performing
OKEKE EBUKA EBUKA,"=""22174155696""",28996W OwereEzukala Nigeria,,"=""19748912""","=""38357120""","=""12081126""",Personal fixed term loan,2023-11-10 00:00:00,22500.00,0.00,,0.00,28237.50,NGN,0,Closed,2023-11-25 00:00:00,Performing
OKEKE EBUKA EBUKA,"=""22174155696""",28996W OwereEzukala Nigeria,,"=""19748912""","=""38357120""","=""12227319""",Personal fixed term loan,2023-11-24 00:00:00,15000.00,0.00,,0.00,18825.00,NGN,0,Closed,2023-12-09 00:00:00,Performing
OKEKE EBUKA EBUKA,"=""22174155696""",28996W OwereEzukala Nigeria,,"=""19748912""","=""38357120""","=""12418452""",Personal fixed term loan,2023-12-13 00:00:00,20000.00,0.00,,0.00,26800.00,NGN,0,Closed,2024-01-12 00:00:00,Performing
OKEKE EBUKA EBUKA,"=""22174155696""",28996W OwereEzukala Nigeria,,"=""19748912""","=""38357120""","=""12899495""",Personal fixed term loan,2024-02-06 00:00:00,17500.00,0.00,,0.00,21463.75,NGN,0,Closed,2024-02-21 00:00:00,Performing
OLALEKAN SIMON SIMON,"=""22546212288""",PrimaryAddressLine1,,"=""19769185""","=""37487836""","=""10939146""",Personal fixed term loan,2023-07-21 00:00:00,50000.00,0.00,,0.00,65000.00,NGN,0,Closed,2023-10-02 00:00:00,Performing
Benard Tosin,"=""22259858953""",3c Akunleyan Street Ile oluji,,"=""19956662""","=""43306444""","=""RCL43306444""",Personal Overdraft,2024-10-10 00:00:00,230000.00,96232.84,,0.00,179975.25,NGN,0,Open,,Performing
ADEWUNMI MARIAM ADEJOKE,"=""22404326650""",10 ALAFIA STR ILOGBO ADO ODO,"=""07011468349""","=""20360605""","=""8752468""","=""RCL8752468""",,2024-06-12 00:00:00,35000.00,0.00,,,0.00,NGN,0,Open,,Performing
EZEUDO ANOCHIRIM,,245 IJESHA ROAD IJESHATEDO,,"=""19271357""","=""28789818""","=""RCL28789818""",Personal Overdraft,2024-07-28 00:00:00,55000.00,60398.71,,0.00,35412.27,NGN,0,Open,,Performing
SAM ONIFADE,,OSUN BAPTIST CONFERENCE SEC SCHOOL OSUN,,"=""19300969""","=""14257668""","=""RCL14257668""",Personal Overdraft,2025-02-15 00:00:00,85000.00,170466.31,,0.00,0.00,NGN,90,Open,,Lost
AFOKEOGHENE ODJIRIGHO,"=""22581312761""",MOPOL ZONE P ODJIKPATA LAYOUT ORHUWHORUN Udu Delta State,,"=""19366285""","=""11494858""","=""RCL11494858""",Personal Overdraft,2024-06-05 00:00:00,100000.00,0.00,,,0.00,NGN,0,Open,,Performing
Uwadia Oziegbe,,41A IHUMUDUMU ROAD EKPOMA Edo State nigeria Esan West Edo,,"=""19410444""","=""36034196""","=""RCL36034196""",Personal Overdraft,2025-03-05 00:00:00,7500.00,0.00,,0.00,1260.85,NGN,0,Open,,Performing
AGADAGBA OGHENETEGA OGHENETEGA,,15 AGUDAMA ALONG WHITE HOUSE RD YENAGOA,,"=""19631863""","=""36688200""","=""7417306""",,2022-07-22 00:00:00,60000.00,0.00,D,0.00,38250.00,NGN,0,Closed,2022-10-05 00:00:00,Performing
TARFA SIKARI SIKARI,,ACCESS BANK PLC HEAD OFFICE LAGOS,"=""08163535284""","=""19794282""","=""4135036""","=""RCL4135036""",Personal Overdraft,2025-03-16 00:00:00,100000.00,210622.91,,210622.91,145752.45,NGN,96,Open,,Lost
Precious Johnson Quem,"=""22524232480""",Pensioners Qtrs Samaru,,"=""20058406""","=""44930040""","=""RCL44930040""",Personal Overdraft,2024-04-27 00:00:00,20000.00,58.75,,,58.75,NGN,180,Open,,Lost
OSANYINTIPIN FEMI,"=""22313252190""",NO 62AJETUMOBI STRTAGBOWOUI,,"=""20348016""","=""38866743""","=""RCL38866743""",Personal Overdraft,2024-09-17 00:00:00,135000.00,243103.09,,,243103.09,NGN,96,Open,,Lost
ADEBIYI ADEGBOYEGA,"=""22646804668""",IFELODUN CLOSE IGOBA FIRST GATE,,"=""20390539""","=""39502907""","=""RCL39502907""",Personal Overdraft,2025-01-17 00:00:00,35000.00,0.00,,,0.00,NGN,0,Open,,Performing
NOSA MONDAY,"=""22580317707""",no kajola street ajaka makun,"=""2348143990378""","=""19392953""","=""14139446""","=""RCL14139446""",Personal Overdraft,2024-09-11 00:00:00,300000.00,0.00,,0.00,0.00,NGN,0,Open,,Performing
NWANYANWU MBAWUESE MBAWUESE,"=""22244201142""",17 Nasiru Atuwon St Ikorodu 104101 Ikorodu Lagos Nigeria,"=""2349093325490""","=""19632260""","=""37230302""","=""11564831""",Personal fixed term loan,2023-09-22 00:00:00,50000.00,0.00,,0.00,66500.00,NGN,0,Closed,2023-10-22 00:00:00,Performing
NWANYANWU MBAWUESE MBAWUESE,"=""22244201142""",17 Nasiru Atuwon St Ikorodu 104101 Ikorodu Lagos Nigeria,"=""2349093325490""","=""19632260""","=""37230302""","=""7698950""",Personal fixed term loan,2022-08-18 00:00:00,175000.00,0.00,,0.00,43750.00,NGN,0,Closed,2023-02-14 00:00:00,Performing
OKPE IKECHUKWU IKECHUKWU,"=""22262169239""",No 23 LAGOS STR WADATA MAKURDI,"=""8160948485""","=""19801388""","=""38419509""","=""RCL38419509""",Personal Overdraft,2025-01-20 00:00:00,105000.00,13747.92,,,13747.92,NGN,0,Open,,Performing
OKUNLOLA OLUBUKOLA OLUBUKOLA,"=""22331882739""",2 JA RAFATU JIMOH STREET OKE  ODO AREA INISA OSUN STATE,,"=""19807454""","=""37553280""","=""RCL37553280""",Personal Overdraft,2024-07-22 00:00:00,200000.00,0.00,,0.00,34339.52,NGN,0,Open,,Performing
OLABULO SAMUEL,"=""22142706389""",PrimaryAddressLine1,,"=""20363646""","=""38883661""","=""10296427""",Personal fixed term loan,2023-05-16 00:00:00,50000.00,0.00,,0.00,62500.00,NGN,0,Closed,2023-06-15 00:00:00,Performing
OLABULO SAMUEL,"=""22142706389""",PrimaryAddressLine1,,"=""20363646""","=""38883661""","=""13498785""",Personal fixed term loan,2024-04-10 00:00:00,50000.00,0.00,,0.00,65715.00,NGN,0,Closed,2024-05-10 00:00:00,Performing
HASSAN ADELEKE,"=""22378182690""",BABA OYO HOUSE APINNITE SAKI,,"=""19356275""","=""4268484""","=""RCL4268484""",Personal Overdraft,2024-05-05 00:00:00,200000.00,0.00,,,0.00,NGN,0,Open,,Performing
TOLULOPE AYANDIBU,"=""22418469662""",28 ITIRE ROAD OGUN BUSSTOP MUSHIN LAGOS,,"=""19364916""","=""35540152""","=""RCL35540152""",Personal Overdraft,2024-06-17 00:00:00,25000.00,0.00,,,0.00,NGN,0,Open,,Performing
NWALI SAMUEL SAMUEL,,39 ANYIKA STR AWADA OBOSI ONITSHA,,"=""19739461""","=""37760519""","=""RCL37760519""",Personal Overdraft,2025-03-23 00:00:00,30000.00,23910.70,,,23910.70,NGN,32,Open,,
NWABUEZE SAMUEL SAMUEL,,7 CHIJIOKE CLOSE JAKANDE AJANGBADI LAGOS,,"=""19789431""","=""9243811""","=""RCL9243811""",Personal Overdraft,2024-07-16 00:00:00,52373.19,75497.53,,,75497.53,NGN,96,Open,,Lost
OLOBAYO VICTOR VICTOR,"=""22360420768""",KWAMBA OFF GAMBARA TOWARDS FREEDOM SCHOOL SULEJA NIGER STA,,"=""19794947""","=""36712663""","=""RCL36712663""",Personal Overdraft,2024-11-14 00:00:00,200000.00,257193.00,,,257193.00,NGN,96,Open,,Lost
HAMMED OMONIKE OMONIKE,"=""22485616006""",PrimaryAddressLine1,,"=""19768468""","=""37302535""","=""11371361""",Personal fixed term loan,2023-09-03 00:00:00,50000.00,0.00,,0.00,63250.00,NGN,0,Closed,2023-10-03 00:00:00,Performing
ERO perpetual perpetual,"=""22182397705""",5 ovie whisky off ekenwan road,,"=""19775581""","=""28138168""","=""RCL28138168""",Personal Overdraft,2024-10-25 00:00:00,300000.00,0.00,,,0.00,NGN,0,Open,,Performing
AJAYI SIMIYAT SIMIYAT,"=""22679913753""",15 IJISESAN STREET MATOGUN BUS STOP OFF OLAMBE,,"=""19797271""","=""37383582""","=""13886562""",Personal fixed term loan,2024-05-21 00:00:00,10000.00,0.00,,0.00,13600.00,NGN,0,Closed,2024-06-20 00:00:00,Performing
AJAYI SIMIYAT SIMIYAT,"=""22679913753""",15 IJISESAN STREET MATOGUN BUS STOP OFF OLAMBE,,"=""19797271""","=""37383582""","=""14327938""",Personal fixed term loan,2024-07-10 00:00:00,20000.00,0.00,,0.00,26280.00,NGN,0,Closed,2024-08-09 00:00:00,Performing
AJAYI SIMIYAT SIMIYAT,"=""22679913753""",15 IJISESAN STREET MATOGUN BUS STOP OFF OLAMBE,,"=""19797271""","=""37383582""","=""14899138""",Personal fixed term loan,2024-09-12 00:00:00,20000.00,0.00,,0.00,26280.00,NGN,0,Closed,2024-12-10 00:00:00,Performing
AJAYI SIMIYAT SIMIYAT,"=""22679913753""",15 IJISESAN STREET MATOGUN BUS STOP OFF OLAMBE,,"=""19797271""","=""37383582""","=""15133907""",Personal fixed term loan,2024-10-09 00:00:00,25000.00,0.00,,0.00,32400.00,NGN,0,Closed,2024-11-08 00:00:00,Performing
AJAYI SIMIYAT SIMIYAT,"=""22679913753""",15 IJISESAN STREET MATOGUN BUS STOP OFF OLAMBE,,"=""19797271""","=""37383582""","=""15373925""",Personal fixed term loan,2024-11-12 00:00:00,20000.00,0.00,,0.00,26720.00,NGN,0,Closed,2024-12-12 00:00:00,Performing
AJAYI SIMIYAT SIMIYAT,"=""22679913753""",15 IJISESAN STREET MATOGUN BUS STOP OFF OLAMBE,,"=""19797271""","=""37383582""","=""16028406""",Personal fixed term loan,2025-02-10 00:00:00,25000.00,0.00,,0.00,33750.00,NGN,0,Closed,2025-03-12 00:00:00,Performing
Mudi Adamu,,idimango SHAGARI QRTS KAZAURE SHAGARI Q,"=""2348143482214""","=""20018981""","=""PF73474""","=""A18904""",Personal fixed term loan,2024-03-09 00:00:00,495000.00,595802.52,,595802.52,583427.50,NGN,891,Open,2024-04-09 00:00:00,Lost
SALISU LAWAL,,Palace 900107 Karshi Nigeria,"=""2348051396810""","=""20185846""","=""PF27776""","=""A16476""",Personal fixed term loan,2024-02-16 00:00:00,150000.00,167552.38,,167552.38,153357.50,NGN,914,Open,2024-02-17 00:00:00,Lost
AKINDE MOJISOLA,"=""22240998743""",13 ABEOKUTA TOOJABI STREET SANGO GARAGE B STOP OGU,,"=""20355344""","=""36168825""","=""RCL36168825""",,2025-05-16 00:00:00,35000.00,0.00,,0.00,32481.78,NGN,0,Open,,Performing
ABDULAKEEM NIMOTALLAHI,"=""22437113542""",17 AJIBADE STR OSERE OJU ODO BSTOP IFO LGA,,"=""20395954""","=""38624759""","=""12908743""",Personal fixed term loan,2024-02-07 00:00:00,10000.00,0.00,,0.00,7835.00,NGN,0,Closed,2024-04-07 00:00:00,Performing
OLUWAFUNKE MOHAMMED,,25 NNAMDI STREET IKOTUN,,"=""19333881""","=""33451005""","=""RCL33451005""",Personal Overdraft,2024-12-18 00:00:00,15000.00,0.00,,,0.00,NGN,73,Closed,,Doubtful
LUKA FRIDAY,"=""22180255333""",BESIDE MASAKA MARKET ANGWAN GWANDARA MASAKA,,"=""19578704""","=""27396792""","=""RCL27396792""",Personal Overdraft,2024-12-13 00:00:00,75000.00,67468.45,,,67468.45,NGN,97,Open,,
OKUBAJO CLEMENT,"=""22397391646""",32 ODODE STREET IJEBU ODE,,"=""20392719""","=""39714767""","=""RCL39714767""",Personal Overdraft,2024-10-13 00:00:00,300000.00,496421.38,,,496421.38,NGN,92,Open,,Lost
ESTHER AMAH,,31 HASSAN BALOGUN STR ISHERI BST ALIMOSHO,,"=""19283913""","=""34926834""","=""RCL34926834""",,2025-01-03 00:00:00,330000.00,121391.57,,0.00,312683.56,NGN,0,Open,,Performing
OLADAPO DADA,"=""22527570620""",44 MAFOLUKU ROAD,,"=""19393494""","=""36633635""","=""RCL36633635""",Personal Overdraft,2024-07-26 00:00:00,95000.00,1045.13,,,1045.13,NGN,0,Open,,Performing
RAPHAEL OKOLI,"=""22330939384""",OKOLI RAYMONDS COMP OBIAGU VILLAGE  AMICHI,,"=""19402084""","=""35975579""","=""RCL35975579""",Personal Overdraft,2024-05-29 00:00:00,196040.00,66456.52,,,66456.52,NGN,0,Open,,Performing
NWAOHA PHINEHAS PHINEHAS,"=""22304214745""",IMT CAMPUS 3 ROOM 7 INDIANA HOSTEL,,"=""19759030""","=""21271277""","=""RCL21271277""",Personal Overdraft,2024-07-18 00:00:00,140000.00,55665.96,,,55665.96,NGN,0,Open,,Performing
OKAGBARE SUNNY SUNNY,,10 bukery road ekpan,"=""2348163599127""","=""19778801""","=""PF66240""","=""A19175""",Personal fixed term loan,2024-03-12 00:00:00,135000.00,118142.00,,118142.00,117377.00,NGN,880,Open,2024-04-11 00:00:00,Lost
ELACHI EMMANUEL EMMANUEL,,29 AIYEDUN STREETBARIGA LAGOS,,"=""19781494""","=""37894345""","=""RCL37894345""",Personal Overdraft,2025-01-29 00:00:00,300000.00,317026.94,,,317026.94,NGN,32,Open,,Sub standard
EKEZIE CHINAEMEREM CHINAEMEREM,,UMUEJIJE BY GAS LINE ABA,,"=""19811474""","=""37574856""","=""RCL37574856""",Personal Overdraft,2024-12-21 00:00:00,65000.00,24384.38,,0.00,31089.29,NGN,0,Open,,Performing
AVWIGHOVIE PETER ORUKPESHEKE,"=""22348978124""",BAYELSA,,"=""20180233""","=""43385167""","=""10561309""",Personal fixed term loan,2023-06-11 00:00:00,7500.00,0.00,,0.00,9675.00,NGN,0,Closed,2023-07-11 00:00:00,Performing
UTIH KWAGHFAN,,NO 1 MZENDA IHO STREET MAKURDI,,"=""20352741""","=""36354807""","=""RCL36354807""",Personal Overdraft,2024-12-14 00:00:00,120000.00,58700.94,,,58700.94,NGN,96,Open,,Lost
TIJANI ADEOLA,"=""22412504275""",PrimaryAddressLine1,,"=""20366694""","=""39375805""","=""10381528""",Personal fixed term loan,2023-05-24 00:00:00,50000.00,0.00,,0.00,31725.00,NGN,0,Closed,2023-07-23 00:00:00,Performing
TIJANI ADEOLA,"=""22412504275""",PrimaryAddressLine1,,"=""20366694""","=""39375805""","=""10988702""",Personal fixed term loan,2023-07-26 00:00:00,50000.00,0.00,,0.00,30325.00,NGN,0,Closed,2023-09-24 00:00:00,Performing
TIJANI ADEOLA,"=""22412504275""",PrimaryAddressLine1,,"=""20366694""","=""39375805""","=""11555264""",Personal fixed term loan,2023-09-21 00:00:00,50000.00,0.00,,0.00,35138.00,NGN,0,Closed,2023-11-27 00:00:00,Performing
TIJANI ADEOLA,"=""22412504275""",PrimaryAddressLine1,,"=""20366694""","=""39375805""","=""13107905""",Personal fixed term loan,2024-03-01 00:00:00,20000.00,0.00,,0.00,12130.00,NGN,0,Closed,2024-04-30 00:00:00,Performing
TIJANI ADEOLA,"=""22412504275""",PrimaryAddressLine1,,"=""20366694""","=""39375805""","=""14136275""",Personal fixed term loan,2024-06-18 00:00:00,50000.00,0.00,,0.00,30200.00,NGN,0,Closed,2024-09-01 00:00:00,Performing
UTHMAN OPEYEMI,,15 ORE OFE STR ALAKIA AREA IBADAN OYO,,"=""20373131""","=""39495238""","=""RCL39495238""",Personal Overdraft,2024-08-11 00:00:00,150000.00,269297.78,,,269297.78,NGN,92,Open,,Lost
ESEYIN KAYODE,,12 MOPA ROAD GAA AKANBI ILORIN,,"=""20376256""","=""39428764""","=""RCL39428764""",Personal Overdraft,2024-10-15 00:00:00,300000.00,0.00,,0.00,1016.75,NGN,0,Open,,Performing
SHITTU WURAOLA,,ALONG NEW POULTRY TUNGA MAJE ABUJA,"=""2347068857009""","=""20401441""","=""38835887""","=""RCL38835887""",Personal Overdraft,2024-09-23 00:00:00,135000.00,0.00,,,0.00,NGN,0,Open,,Performing
GODSPOWER OBIKU,"=""22389304256""",15 Oremeji Street Bariga Lagos Shomolu,,"=""19272220""","=""33866091""","=""RCL33866091""",,2024-04-30 00:00:00,270400.00,153359.32,,,153359.32,NGN,0,Open,,Performing
OLORUNTOYIN KAZEEM,"=""22627668920""",5 BALOGUN STREET ARORO OJOO AREA OYO,,"=""19362818""","=""36716512""","=""RCL36716512""",Personal Overdraft,2024-05-29 00:00:00,31198.97,12241.53,,12241.53,28874.52,NGN,4,Open,,Watchlist
CHRISTIAN EBERE,"=""22458339480""",8 AJISEGIRI STR LADIPO OSHODI LAGOS,,"=""19401043""","=""36344681""","=""12454401""",Personal fixed term loan,2023-12-17 00:00:00,5000.00,0.00,,0.00,6650.00,NGN,0,Closed,2024-01-16 00:00:00,Performing
YUSUFU DANJUMA ADAMU,,BEHIND  POLICE BARRACKS  GWARGWAJE ZARIA,,"=""19578710""","=""44186489""","=""RCL44186489""",Personal Overdraft,2025-01-12 00:00:00,115000.00,94765.12,,,94765.12,NGN,0,Open,,Performing
DURU EMMANUELA RITA,"=""22396765596""",5 EZIAGU STREET LIZYON BSTP NEW HAVEN ENUGU NORTH ENUGU,,"=""19580482""","=""39321966""","=""11047834""",Personal fixed term loan,2023-08-01 00:00:00,5000.00,0.00,,0.00,6000.00,NGN,0,Closed,2023-08-16 00:00:00,Performing
ABRAHAM GRACE IMAJI,"=""22558901893""",Lekki Phase I 106104 Lagos Nigeria,,"=""19678767""","=""37169148""","=""10366896""",Personal fixed term loan,2023-05-23 00:00:00,5000.00,0.00,,0.00,5985.00,NGN,0,Closed,2023-06-07 00:00:00,Performing
EHE IDONGESIT,,Not Available,,"=""20359332""","=""14407893""","=""RCL14407893""",,2024-10-28 00:00:00,312000.00,40.57,,,40.57,NGN,0,Open,,Performing
AKHAJEME JOY,"=""22208433945""",17 TAIWO BASHORUN STREET ABULE EGBA,,"=""20377801""","=""38261077""","=""10656192""",Personal fixed term loan,2023-06-21 00:00:00,20000.00,0.00,,0.00,26258.00,NGN,0,Closed,2023-07-21 00:00:00,Performing
AKHAJEME JOY,"=""22208433945""",17 TAIWO BASHORUN STREET ABULE EGBA,,"=""20377801""","=""38261077""","=""11470394""",Personal fixed term loan,2023-09-13 00:00:00,5000.00,0.00,,0.00,5835.00,NGN,0,Closed,2023-10-13 00:00:00,Performing
AKHAJEME JOY,"=""22208433945""",17 TAIWO BASHORUN STREET ABULE EGBA,,"=""20377801""","=""38261077""","=""11891766""",Personal fixed term loan,2023-10-23 00:00:00,7500.00,0.00,,0.00,8617.50,NGN,0,Closed,2023-11-07 00:00:00,Performing
AKHAJEME JOY,"=""22208433945""",17 TAIWO BASHORUN STREET ABULE EGBA,,"=""20377801""","=""38261077""","=""12444190""",Personal fixed term loan,2023-12-16 00:00:00,20000.00,0.00,,0.00,22980.00,NGN,0,Closed,2023-12-31 00:00:00,Performing
AKHAJEME JOY,"=""22208433945""",17 TAIWO BASHORUN STREET ABULE EGBA,,"=""20377801""","=""38261077""","=""12970602""",Personal fixed term loan,2024-02-14 00:00:00,10000.00,0.00,,0.00,11498.00,NGN,0,Closed,2024-02-29 00:00:00,Performing
AKHAJEME JOY,"=""22208433945""",17 TAIWO BASHORUN STREET ABULE EGBA,,"=""20377801""","=""38261077""","=""13234275""",Personal fixed term loan,2024-03-15 00:00:00,40000.00,0.00,,0.00,46080.00,NGN,0,Closed,2024-03-30 00:00:00,Performing
GLORIA OGU,"=""22289719213""",NO 14B MISSION AVENUE OFF PETER ODILI ROAD PH Port Harcour,,"=""19354591""","=""4505412""","=""RCL4505412""",Personal Overdraft,2024-12-23 00:00:00,300000.00,94955.07,,,94955.07,NGN,94,Open,,Lost
Effiong Ita,,33539 WEBBER STREET CALABAR SOUTH Cross River State nigeri,,"=""19388185""","=""1261099""","=""RCL1261099""",Personal Overdraft,2024-01-10 00:00:00,300000.00,530178.73,,530178.73,487511.68,NGN,221,Open,,Lost
JOAN IDAIHOR,"=""22591780101""",7 OTASAWE STREET Ikpoba Okha Edo State,,"=""19388989""","=""18546869""","=""RCL18546869""",Personal Overdraft,2024-05-27 00:00:00,40000.00,4.27,,,4.27,NGN,91,Open,,Lost
OLALEMI TEMITOPE,,10 FAKOYA STR VULCANIZER BSTOP AKOWONJO,,"=""19649544""","=""44165769""","=""12570443""",Personal fixed term loan,2023-12-30 00:00:00,20000.00,0.00,,0.00,25400.00,NGN,0,Closed,2024-01-29 00:00:00,Performing
OLALEMI TEMITOPE,,10 FAKOYA STR VULCANIZER BSTOP AKOWONJO,,"=""19649544""","=""44165769""","=""12944288""",Personal fixed term loan,2024-02-11 00:00:00,100000.00,0.00,,0.00,126000.00,NGN,0,Closed,2024-03-12 00:00:00,Performing
OLALEMI TEMITOPE,,10 FAKOYA STR VULCANIZER BSTOP AKOWONJO,,"=""19649544""","=""44165769""","=""12955396""",Personal fixed term loan,2024-02-12 00:00:00,100000.00,0.00,,0.00,84864.00,NGN,0,Closed,2024-04-12 00:00:00,Performing
UDAH KENNETH,"=""22375187061""",62B OKUJAGU STREET AZUBIE,,"=""20376068""","=""38831086""","=""RCL38831086""",Personal Overdraft,2024-10-04 00:00:00,20000.00,6477.92,,,6477.92,NGN,61,Open,,Doubtful
NNADI CHARLES,"=""22549106049""",NO 2 CHISOM IHEANACHOR STREET NKPOR AGU,,"=""20390542""","=""39531287""","=""RCL39531287""",Personal Overdraft,2024-07-08 00:00:00,300000.00,55800.00,,,55800.00,NGN,0,Open,,Performing
KEHINDE MISTURA,"=""22435234324""",5 jolasco off lambe road giwa oke aro Alagbado Lagos state,,"=""20395579""","=""39144974""","=""11419657""",Personal fixed term loan,2023-09-08 00:00:00,5000.00,0.00,,0.00,6500.00,NGN,0,Closed,2023-10-08 00:00:00,Performing
ARUKU MONICA,"=""22449396399""",2 OLD BANK ROAD IOGLI OGOJA L G A,,"=""20397183""","=""39123404""","=""RCL39123404""",Personal Overdraft,2024-12-25 00:00:00,165000.00,6782.54,,6782.54,6188.46,NGN,90,Open,,Lost
ENYINNA NWANEVU,,37 OVOM STREET OGBOR HILL ABA,,"=""19372658""","=""711673""","=""RCL711673""",Personal Overdraft,2024-07-26 00:00:00,125000.00,34768.80,,34768.80,0.00,NGN,4,Open,,Watchlist
LOVETH AIHANUNWA,"=""22263506334""",UNIBEN UGBOWO CAMPUS BENIN CITY,,"=""19404764""","=""28126013""","=""RCL28126013""",Personal Overdraft,2024-07-09 00:00:00,50000.00,37403.97,,,37403.97,NGN,0,Open,,Performing
Tolulope Ilesanmi Emmanuel,"=""22483914951""",HOUSE 9 HERITAGE ESTATE OLORUNDA ABAA IBADAN Ibadan NorthE,,"=""19624107""","=""8737532""","=""RCL8737532""",Personal Overdraft,2025-04-30 00:00:00,20000.00,0.00,,0.00,10043.85,NGN,0,Open,,Performing
ENEMOSA CHUKWUKA CHUKWUKA,"=""22183998262""",22 IBANI STREET IFAKA,,"=""19747329""","=""7824386""","=""RCL7824386""",Personal Overdraft,2024-03-12 00:00:00,50000.00,25824.81,,,25824.81,NGN,6,Open,,Watchlist
OBABORI MARY MARY,"=""22308150630""",POWER CITY INTL 98 NWANIBA ROAD POBOX 2901 UYO AKWA IBOM,,"=""19814177""","=""17540901""","=""RCL17540901""",Personal Overdraft,2024-04-27 00:00:00,164502.20,236217.10,,,236217.10,NGN,61,Open,,Doubtful
AWDIRE BUKOLA BUKOLA,"=""22625990768""",Not Available,,"=""19815767""","=""15037515""","=""RCL15037515""",Personal Overdraft,2024-09-26 00:00:00,210000.00,424645.86,,,424645.86,NGN,119,Open,,Lost
EZE NICHOLAS,,KM 4 OPOBO ROAD OGBOR HILL,,"=""20363242""","=""38807377""","=""RCL38807377""",Personal Overdraft,2024-08-15 00:00:00,104000.00,0.00,,,0.00,NGN,0,Open,,Performing
AMOBI CHIAGOZIE,,ST PAULS CATHOLIC CHURCH,,"=""20364735""","=""38948506""","=""RCL38948506""",Personal Overdraft,2024-05-12 00:00:00,150000.00,290822.92,,,290822.92,NGN,92,Open,,Lost
SULEIMAN ALIYU,,29 IJEKOYEJO STR IJESHATEDO,,"=""19373422""","=""36528178""","=""RCL36528178""",Personal Overdraft,2024-06-15 00:00:00,136926.16,188127.23,,,188127.23,NGN,96,Open,,Lost
PAUL UMORU,"=""22279964308""",IHUMUDUMU OFF EFE BLOCK ROAD EKPOMA,,"=""19396639""","=""35199719""","=""RCL35199719""",Personal Overdraft,2024-01-12 00:00:00,300000.00,145077.22,,,145077.22,NGN,97,Open,,Lost
ADEGBOYEGA DANIEL DANIEL,"=""22548919927""",5 Villa Suit Academy Makurdi,,"=""19783265""","=""37594702""","=""RCL37594702""",Personal Overdraft,2024-10-09 00:00:00,80000.00,38890.23,,0.00,0.00,NGN,0,Open,,Performing
UJAH JOSEPH JOSEPH,"=""22444649982""",2021 BAALE STREET IKATE ELEGUSHI ETIOSA,,"=""19800143""","=""37189350""","=""15697491""",Personal fixed term loan,2024-12-24 00:00:00,10000.00,0.00,,0.00,29000.00,NGN,0,Closed,2025-01-08 00:00:00,Performing
UJAH JOSEPH JOSEPH,"=""22444649982""",2021 BAALE STREET IKATE ELEGUSHI ETIOSA,,"=""19800143""","=""37189350""","=""15787909""",Personal fixed term loan,2025-01-07 00:00:00,10000.00,0.00,,0.00,13600.00,NGN,0,Closed,2025-02-06 00:00:00,Performing
ONYEMA FRANKLIN FRANKLIN,"=""22385204653""",124 ANOZIE BY ILOABUCHI MILE 2 DIOBU,,"=""19804338""","=""38007627""","=""RCL38007627""",Personal Overdraft,2024-03-05 00:00:00,49076.70,32514.80,,,32514.80,NGN,93,Open,,Lost
OZIOMA BLESSING NWODO,"=""22299692452""",NO 42 YORUBA RD SAPELE,,"=""19840736""","=""28028312""","=""RCL28028312""",Personal Overdraft,2025-03-27 00:00:00,10000.00,12022.16,,,12022.16,NGN,1,Open,,
opeyemi Emmanuel modinatu,,8 AJADI CLOSE BOGIJE BUS STOP AJAH,,"=""20320537""","=""37173831""","=""RCL37173831""",Personal Overdraft,2024-06-25 00:00:00,200000.00,331291.47,,0.00,337903.47,NGN,365,Open,,Lost
MADUEKE CHUKWUEBUKA,"=""22271684619""",NO 36 UNITY STREET TRANS EKULU Enugu East Enugu State,,"=""20361130""","=""7834780""","=""RCL7834780""",Personal Overdraft,2024-05-15 00:00:00,200000.00,0.00,,,0.00,NGN,0,Open,,Performing
victoria odebiyi,"=""22427407499""",No 26 Okogun street losi alara estate,"=""2349167412315""","=""19265840""","=""PF56472""","=""A849""",Personal fixed term loan,2023-10-24 00:00:00,5000.00,5589.45,,5589.45,5356.00,NGN,1027,Open,2023-10-27 00:00:00,Lost
OGHENEFEGOR MUDIAGA,"=""22510716321""",off gario street orhuwhorun road opposite orogun brothers,,"=""19276236""","=""23127993""","=""RCL23127993""",Personal Overdraft,2024-07-16 00:00:00,165000.00,0.00,,0.00,0.00,NGN,0,Open,,Performing
GABRIEL ABAKU,,ITOKI ROAD ABULE IROKO VIA AJEGUNLE BUSSTOP,,"=""19284315""","=""15292818""","=""RCL15292818""",Personal Overdraft,2025-01-25 00:00:00,35000.00,55978.76,,55979.00,0.00,NGN,63,Open,,Doubtful
ELIZABETH ILESANMI,"=""22340113567""",NO 71 ORE OFE QTRS OLOSAN ALAKIA IB,,"=""19335230""","=""36184092""","=""RCL36184092""",Personal Overdraft,2025-01-22 00:00:00,210000.00,0.36,,0.00,0.00,NGN,2,Open,,Watchlist
AMOS NWEKE,"=""22277504342""",18B MGBEMENA STREET AWADA ONITSHA,,"=""19365882""","=""8506036""","=""RCL8506036""",Personal Overdraft,2024-11-01 00:00:00,300000.00,0.00,,,0.00,NGN,0,Open,,Performing
CALEB EGWUNYE,"=""22153925816""",10 OBAHIAGBON STREET ISIHOR BENIN CITY,"=""2348097710395""","=""19373329""","=""35885770""","=""RCL35885770""",Personal Overdraft,2024-07-19 00:00:00,78399.33,111959.05,,318.82,111959.05,NGN,61,Open,,Doubtful
EHINOLA DOTUN DOTUN,"=""22219217671""",BA7 EGUN STREET IFAKI,,"=""19750395""","=""37832981""","=""RCL37832981""",,2024-11-13 00:00:00,300000.00,26088.28,,0.00,0.00,NGN,0,Open,,Open
ADOLPHUS DAVID DAVID,"=""22575633362""",Nigeria,,"=""19789335""","=""37133626""","=""11016377""",Personal fixed term loan,2023-07-29 00:00:00,50000.00,0.00,,0.00,35900.00,NGN,0,Closed,2023-10-19 00:00:00,Performing
ETIM MICHAEL,,39 ELIMGBU TOWN PORT HARCOURT,,"=""20398471""","=""39784985""","=""RCL39784985""",Personal Overdraft,2025-04-21 00:00:00,260000.00,360165.08,,,360165.08,NGN,57,Open,,Sub standard
MARY OLANIYI,,OKEBODE AREA MODAKEKE,,"=""19280295""","=""36573162""","=""RCL36573162""",Personal Overdraft,2024-07-15 00:00:00,68750.00,54000.00,,,54000.00,NGN,0,Open,,Performing
OZODI UMELO,,7B NWACHUKWU AVENUEABA,,"=""19296871""","=""36489762""","=""11301980""",Personal fixed term loan,2023-08-27 00:00:00,375000.00,0.00,,0.00,173938.00,NGN,0,Closed,2023-11-25 00:00:00,Performing
OZODI UMELO,,7B NWACHUKWU AVENUEABA,,"=""19296871""","=""36489762""","=""12218462""",Personal fixed term loan,2023-11-24 00:00:00,650000.00,0.00,,0.00,178545.00,NGN,0,Closed,2024-05-22 00:00:00,Performing
ADEBOWALE SHONDE,,4 APENA STREET SURULERE,,"=""19300233""","=""28228902""","=""RCL28228902""",Personal Overdraft,2024-10-29 00:00:00,75000.00,0.00,,,0.00,NGN,0,Open,,Performing
JOYCE UFIA,"=""22373868461""",36 SYLVANUS OKON AVENUE,,"=""19405368""","=""36631619""","=""RCL36631619""",Personal Overdraft,2024-12-12 00:00:00,225000.00,10762.83,,0.00,0.00,NGN,0,Open,,Performing
OGUNRINDE REBECCA REBECCA,,NO 29 DEHUNTER STREET OLOSUN OTA,,"=""19633328""","=""1935493""","=""RCL1935493""",Personal Overdraft,2024-07-22 00:00:00,99508.50,160573.71,,,160573.71,NGN,61,Open,,Doubtful
kayode Abayomi olanrewaju,,ORIS STREET IREE,,"=""19646649""","=""42617410""","=""RCL42617410""",Personal Overdraft,2024-12-30 00:00:00,300000.00,413411.02,,413411.02,348575.76,NGN,65,Open,,Doubtful
OMORODION OSARENOMA OSARENOMA,"=""22301735317""",15 ST EMMANUEL STREET OFF ST SAVIOUR ROADBENIN CITY,,"=""19785862""","=""35485807""","=""RCL35485807""",Personal Overdraft,2024-10-18 00:00:00,112408.21,175483.44,,,175483.44,NGN,93,Open,,Lost
MA SEV IORDYE,,Not Available,,"=""19806935""","=""14999658""","=""RCL14999658""",Personal Overdraft,2024-12-10 00:00:00,312000.00,254500.64,,254501.00,335043.17,NGN,2,Open,,Watchlist
MONYE HENRY HENRY,,5 SHOMEFUN OGBA,,"=""19807604""","=""37264323""","=""RCL37264323""",Personal Overdraft,2025-02-23 00:00:00,40000.00,86881.09,,,86881.09,NGN,90,Open,,Lost
LAWAN JAMILU,"=""22190555191""",KAWON KUDU LAYIN DAN GAYA NASSARAWA KANO,,"=""20262852""","=""50800099""","=""RCL50800099""",Personal Overdraft,2024-12-21 00:00:00,120000.00,0.00,,0.00,132075.95,NGN,0,Open,,Performing
OMIFISAYO OLADIMEJI,"=""22308283066""",15 KAYODE AKINLEYE STR UNITY ESTATE IJOKO LEMONDE,,"=""20387996""","=""39710267""","=""RCL39710267""",Personal Overdraft,2024-11-30 00:00:00,260000.00,61395.47,,0.00,40191.43,NGN,0,Open,,Performing
EMMANUEL ADEDOYIN,"=""22297305688""",16 HON BALO STREET IKOTUN,,"=""19282554""","=""23040615""","=""RCL23040615""",Personal Overdraft,2024-08-23 00:00:00,200000.00,0.00,,,0.00,NGN,0,Open,,Performing
JALOBEL KAMASA,,NO 4 OGBOMOSHO STR AKOWONJO,,"=""19377682""","=""35609482""","=""RCL35609482""",Personal Overdraft,2024-01-09 00:00:00,165000.00,0.00,,,0.00,NGN,0,Open,,Performing
SOLA JOKODOLA,"=""22476297438""",10 ALAGUTAN STREET ALAGUTAN BS AJAH,,"=""19385563""","=""36742006""","=""12652167""",Personal fixed term loan,2024-01-08 00:00:00,5000.00,0.00,,0.00,6500.00,NGN,0,Closed,2024-02-07 00:00:00,Performing
TENIOLA SUNDAY,"=""22187210650""",ODOGBO BARRACKS SNCO100 FLAT A IBADAN,,"=""19395430""","=""35491550""","=""RCL35491550""",Personal Overdraft,2025-08-01 00:00:00,12458.46,11050.16,,11050.00,9869.44,NGN,2,Open,,Watchlist
CHUKWUJINDU MGBAKOR MGBAKOR,,BLOCK 146 FLAT 2 MINISTRY OF TRADE QUARTERS,,"=""19633716""","=""20255316""","=""RCL20255316""",Personal Overdraft,2025-02-26 00:00:00,285485.10,243000.00,,,243000.00,NGN,0,Open,,Performing
AGORYE JOSEPH JOSEPH,"=""22406363415""",Nigeria,,"=""19785923""","=""37818172""","=""12786324""",Personal fixed term loan,2024-01-24 00:00:00,15000.00,0.00,,0.00,18225.00,NGN,0,Closed,2024-02-08 00:00:00,Performing
AGORYE JOSEPH JOSEPH,"=""22406363415""",Nigeria,,"=""19785923""","=""37818172""","=""12917145""",Personal fixed term loan,2024-02-08 00:00:00,20000.00,0.00,,0.00,26254.00,NGN,0,Closed,2024-03-09 00:00:00,Performing
AGORYE JOSEPH JOSEPH,"=""22406363415""",Nigeria,,"=""19785923""","=""37818172""","=""13159245""",Personal fixed term loan,2024-03-06 00:00:00,25000.00,0.00,,0.00,14138.00,NGN,0,Closed,2024-06-04 00:00:00,Performing
ASAJU ABDULAZEEZ ABDULAZEEZ,"=""22459472548""",7 ADETUNJI CRESCENT OKO OBA BSTOP AGEGE,,"=""19800408""","=""38288286""","=""RCL38288286""",Personal Overdraft,2024-08-26 00:00:00,187200.00,0.00,,,0.00,NGN,0,Open,,Performing
ADEWALE BOLUWATIFE BOLUWATIFE,"=""22441937121""",Nigeria,"=""08123726601""","=""19818254""","=""38132343""","=""11087669""",Personal fixed term loan,2023-08-05 00:00:00,25000.00,0.00,,0.00,30375.00,NGN,0,Closed,2023-08-20 00:00:00,Performing
ADEWALE BOLUWATIFE BOLUWATIFE,"=""22441937121""",Nigeria,"=""08123726601""","=""19818254""","=""38132343""","=""11606638""",Personal fixed term loan,2023-09-26 00:00:00,25000.00,0.00,,0.00,31375.00,NGN,0,Closed,2023-10-11 00:00:00,Performing
ADEWALE BOLUWATIFE BOLUWATIFE,"=""22441937121""",Nigeria,"=""08123726601""","=""19818254""","=""38132343""","=""12150740""",Personal fixed term loan,2023-11-17 00:00:00,25000.00,0.00,,0.00,33500.00,NGN,0,Closed,2023-12-17 00:00:00,Performing
ADEWALE BOLUWATIFE BOLUWATIFE,"=""22441937121""",Nigeria,"=""08123726601""","=""19818254""","=""38132343""","=""12821293""",Personal fixed term loan,2024-01-28 00:00:00,10000.00,0.00,,0.00,13600.00,NGN,0,Closed,2024-02-12 00:00:00,Performing
NZEH EBELECHUKWU,,UMUNEBO VILLAGE OGBUNKA,,"=""20339950""","=""38899920""","=""RCL38899920""",Personal Overdraft,2024-07-22 00:00:00,130000.00,3590.21,,,3590.21,NGN,109,Open,,Lost
COLLINS AYIBADEINYEFA,"=""22646298861""",GOODNEWS STREET AZIKORO TOWN,,"=""20356128""","=""28688787""","=""RCL28688787""",,2025-02-06 00:00:00,265000.00,284481.09,,,284481.09,NGN,7,Open,,Watchlist
OLUWADAMILARE SESAN,"=""22483191176""",3 Owode Street Ogombo Sangotedo Ajah Lagos,,"=""20388550""","=""38710901""","=""11144757""",Personal fixed term loan,2023-08-11 00:00:00,20000.00,0.00,,0.00,26000.00,NGN,0,Closed,2023-09-10 00:00:00,Performing
OLUWADAMILARE SESAN,"=""22483191176""",3 Owode Street Ogombo Sangotedo Ajah Lagos,,"=""20388550""","=""38710901""","=""12096487""",Personal fixed term loan,2023-11-11 00:00:00,15000.00,0.00,,0.00,20100.00,NGN,0,Closed,2023-12-11 00:00:00,Performing
ABAH EDOH,"=""22274095708""",ANKPA ADOKA OTUKPO,,"=""19303358""","=""35966790""","=""RCL35966790""",,2024-11-24 00:00:00,59737.89,46430.03,,,46430.03,NGN,0,Open,,Performing
Merit Uwakolam,,DURUMI1 BEHIND LIVING FAITH CHURCH GARKI PHASE2 Delta Stat,,"=""19414061""","=""36749096""","=""RCL36749096""",Personal Overdraft,2024-10-31 00:00:00,265125.00,457234.76,,,457234.76,NGN,96,Open,,Lost
FAITH NJOKU,"=""22249070949""",28 IBE STREET OFF ELEKAHIA ROAD,,"=""19416098""","=""36906602""","=""10170517""",Personal fixed term loan,2023-05-04 00:00:00,40000.00,0.00,,0.00,46680.00,NGN,0,Closed,2023-06-03 00:00:00,Performing
FAITH NJOKU,"=""22249070949""",28 IBE STREET OFF ELEKAHIA ROAD,,"=""19416098""","=""36906602""","=""10500322""",Personal fixed term loan,2023-06-05 00:00:00,50000.00,0.00,,0.00,58350.00,NGN,0,Closed,2023-07-05 00:00:00,Performing
FAITH NJOKU,"=""22249070949""",28 IBE STREET OFF ELEKAHIA ROAD,,"=""19416098""","=""36906602""","=""11003209""",Personal fixed term loan,2023-07-28 00:00:00,200000.00,0.00,,0.00,47834.00,NGN,0,Closed,2024-01-24 00:00:00,Performing
FAITH NJOKU,"=""22249070949""",28 IBE STREET OFF ELEKAHIA ROAD,,"=""19416098""","=""36906602""","=""12799612""",Personal fixed term loan,2024-01-25 00:00:00,400000.00,0.00,,0.00,57030.00,NGN,0,Closed,2025-01-19 00:00:00,Performing
Nnamani Bethel Ugochukwu,,NO 48 GOMBE ROAD NUMAN,"=""2348134700435""","=""19649873""","=""3924333""","=""RCL3924333""",,2025-01-16 00:00:00,312000.00,0.00,,0.00,128022.09,NGN,0,Open,,Open
OGUNSHINA ZAINAB ZAINAB,,6 ONIFADE STREET OFF MARTINS OLOSHA MUSHIN LAGOS,,"=""19782955""","=""36069676""","=""RCL36069676""",Personal Overdraft,2024-06-29 00:00:00,110000.00,205449.68,,,205449.68,NGN,91,Open,,Lost
VICTOREMEGHARA REGINA,,NO 6 BODE THOMAS SURULERE Surulere Lagos State Lagos State,,"=""20383167""","=""19813771""","=""RCL19813771""",Personal Overdraft,2024-11-11 00:00:00,295144.69,81869.73,,,81869.73,NGN,0,Open,,
ISIAKA ROFIAT,"=""22514611048""",MAYEGUN FREEMAN ESTATE MOWE OGUN STATE,,"=""20387311""","=""38675741""","=""RCL38675741""",Personal Overdraft,2024-07-24 00:00:00,35000.00,0.00,,,0.00,NGN,0,Open,,Performing
BIMA HAMMED,,BLOCK 9 THOMAS ESTATE GILBERT,,"=""20389884""","=""39229565""","=""12160877""",Personal fixed term loan,2023-11-18 00:00:00,100000.00,0.00,,0.00,140550.00,NGN,0,Closed,2024-02-12 00:00:00,Performing
BIMA HAMMED,,BLOCK 9 THOMAS ESTATE GILBERT,,"=""20389884""","=""39229565""","=""13631986""",Personal fixed term loan,2024-04-23 00:00:00,25000.00,0.00,,0.00,31612.50,NGN,0,Closed,2024-05-08 00:00:00,Performing
ADAPULE JUDITH JUDITH,,BLOCK 110FLAT 3OLD KARU SITEABUJAFCT,,"=""19631854""","=""36657823""","=""7794718""",,2022-08-27 00:00:00,35000.00,0.00,D,0.00,43085.00,NGN,0,Closed,2022-09-26 00:00:00,Performing
EDET GODISABLE GODISABLE,,65 MURRA STREET CALABAR,,"=""19632604""","=""27325039""","=""RCL27325039""",Personal Overdraft,2025-01-01 00:00:00,120000.00,0.00,,,0.00,NGN,0,Open,,Performing
HASSAN SHAIBU SHAIBU,"=""22320419416""",NO 31 MISSION STREET ANKPA,,"=""19752318""","=""38455673""","=""RCL38455673""",Personal Overdraft,2024-04-29 00:00:00,21250.00,0.00,,,0.00,NGN,0,Open,,Performing
ADENIYI PRAISE PRAISE,"=""22523282044""",14 IREAKARI 2 STREET ORISUNBARE OPP NIG WIRE CABLE,,"=""19818716""","=""37569651""","=""11529290""",Personal fixed term loan,2023-09-19 00:00:00,7500.00,0.00,,0.00,9272.25,NGN,0,Closed,2023-11-09 00:00:00,Performing
ADENIYI PRAISE PRAISE,"=""22523282044""",14 IREAKARI 2 STREET ORISUNBARE OPP NIG WIRE CABLE,,"=""19818716""","=""37569651""","=""11920870""",Personal fixed term loan,2023-10-26 00:00:00,30000.00,0.00,,0.00,37650.00,NGN,0,Closed,2023-11-10 00:00:00,Performing
ADENIYI PRAISE PRAISE,"=""22523282044""",14 IREAKARI 2 STREET ORISUNBARE OPP NIG WIRE CABLE,,"=""19818716""","=""37569651""","=""12471196""",Personal fixed term loan,2023-12-19 00:00:00,10000.00,0.00,,0.00,4332.00,NGN,0,Closed,2024-03-18 00:00:00,Performing
ADENIYI PRAISE PRAISE,"=""22523282044""",14 IREAKARI 2 STREET ORISUNBARE OPP NIG WIRE CABLE,,"=""19818716""","=""37569651""","=""12773277""",Personal fixed term loan,2024-01-22 00:00:00,12500.00,0.00,,0.00,5280.00,NGN,0,Closed,2024-04-21 00:00:00,Performing
ALEYE MODUPE MODUPE,"=""22231696793""",T19 SURULERE STREET IRE EKITI,,"=""19823660""","=""37562205""","=""RCL37562205""",Personal Overdraft,2024-12-18 00:00:00,105000.00,0.00,,,0.00,NGN,0,Open,,
ONWUDIKE CHINYERE,"=""22305958482""",JOKIN JAGWA S LODGE IFITE VILLAGE AWKUZU,,"=""20363783""","=""38826499""","=""RCL38826499""",Personal Overdraft,2024-07-05 00:00:00,260000.00,13.21,,13.21,11.66,NGN,65,Open,,Doubtful
JOHN CHIGOZIE CHUKWU,"=""22578395995""",NO 3 DR UROCHUKWU STREET UDENSI ROUNDABOUT ABAKALIKI,,"=""20478424""","=""42341602""","=""14704302""",Personal fixed term loan,2024-08-21 00:00:00,5000.00,0.00,,0.00,6750.00,NGN,0,Closed,2024-09-20 00:00:00,Performing
JOHN CHIGOZIE CHUKWU,"=""22578395995""",NO 3 DR UROCHUKWU STREET UDENSI ROUNDABOUT ABAKALIKI,,"=""20478424""","=""42341602""","=""14952979""",Personal fixed term loan,2024-09-18 00:00:00,10000.00,0.00,,0.00,13600.00,NGN,0,Closed,2024-10-18 00:00:00,Performing
JOHN CHIGOZIE CHUKWU,"=""22578395995""",NO 3 DR UROCHUKWU STREET UDENSI ROUNDABOUT ABAKALIKI,,"=""20478424""","=""42341602""","=""15014001""",Personal fixed term loan,2024-09-25 00:00:00,10000.00,0.00,,0.00,13600.00,NGN,0,Closed,2024-10-25 00:00:00,Performing
ZETEZI RAPHAEL,,TEMPLE GATE POLYTECHNIC  ABAYI HOSTEL 2 Ohafia Abia State,,"=""19327706""","=""12057747""","=""RCL12057747""",Personal Overdraft,2025-02-23 00:00:00,25000.00,0.00,,,0.00,NGN,0,Open,,Performing
cgidera iwunna,"=""22155408519""",C2RRH7 Ihiagwa Nigeria,,"=""19334808""","=""36531111""","=""13491730""",Personal fixed term loan,2024-04-09 00:00:00,10000.00,0.00,,0.00,13600.00,NGN,0,Closed,2024-05-09 00:00:00,Performing
cgidera iwunna,"=""22155408519""",C2RRH7 Ihiagwa Nigeria,,"=""19334808""","=""36531111""","=""13519866""",Personal fixed term loan,2024-04-12 00:00:00,10000.00,0.00,,0.00,13044.00,NGN,0,Closed,2024-05-12 00:00:00,Performing
OLUWAKAYODE HILARY,"=""22497427674""",112104 Ota Nigeria,,"=""19408930""","=""36528863""","=""RCL36528863""",Personal Overdraft,2024-12-07 00:00:00,140000.00,0.00,,,0.00,NGN,0,Open,,Performing
ABIODUN MOHAMMED AFEES,,5 ADEDAYO STREET AMUKOKO LAGOS,,"=""19556151""","=""44875844""","=""RCL44875844""",Personal Overdraft,2025-01-19 00:00:00,40000.00,199394.21,,,199394.21,NGN,95,Open,,
Mulero Bashiru,,NO 20 JI ARUGUDU STREET  IJOKO OGBA AYO,"=""2348033960620""","=""19643370""","=""37562174""","=""13761407""",Personal fixed term loan,2024-05-07 00:00:00,7500.00,0.00,,0.00,10125.00,NGN,0,Closed,2024-06-06 00:00:00,Performing
Mulero Bashiru,,NO 20 JI ARUGUDU STREET  IJOKO OGBA AYO,"=""2348033960620""","=""19643370""","=""37562174""","=""14050436""",Personal fixed term loan,2024-06-08 00:00:00,27500.00,0.00,,0.00,35664.75,NGN,0,Closed,2024-07-08 00:00:00,Performing
Mulero Bashiru,,NO 20 JI ARUGUDU STREET  IJOKO OGBA AYO,"=""2348033960620""","=""19643370""","=""37562174""","=""14336452""",Personal fixed term loan,2024-07-11 00:00:00,20000.00,0.00,,0.00,26280.00,NGN,0,Closed,2024-08-10 00:00:00,Performing
Mulero Bashiru,,NO 20 JI ARUGUDU STREET  IJOKO OGBA AYO,"=""2348033960620""","=""19643370""","=""37562174""","=""14610533""",Personal fixed term loan,2024-08-11 00:00:00,50000.00,0.00,,0.00,37745.00,NGN,0,Closed,2024-10-10 00:00:00,Performing
Flory ALONGE Funmilayo,,NO 13 KAYODE ALADESUYI STREET FANIBI AKURE Akure South Ond,,"=""19928236""","=""11541506""","=""RCL11541506""",Personal Overdraft,2024-10-16 00:00:00,75000.00,0.00,,,0.00,NGN,0,Open,,Performing
Aregbesola Ibrahim,"=""22525486594""",1 OYEYEMI STR SALAMI BS AKUTE,,"=""20462568""","=""3605401""","=""11912070""",Personal fixed term loan,2023-10-25 00:00:00,5000.00,0.00,,0.00,6500.00,NGN,0,Closed,2023-11-24 00:00:00,Performing
Aregbesola Ibrahim,"=""22525486594""",1 OYEYEMI STR SALAMI BS AKUTE,,"=""20462568""","=""3605401""","=""12219531""",Personal fixed term loan,2023-11-24 00:00:00,12500.00,0.00,,0.00,15687.50,NGN,0,Closed,2023-12-09 00:00:00,Performing
ADEKUNLE ADEBAYO,"=""22201267439""",159 ERUOBODO MBABIMBAYO LINE2 ROAD 7,,"=""19411969""","=""35066708""","=""RCL35066708""",Personal Overdraft,2025-01-24 00:00:00,18615.27,810.28,,,810.28,NGN,8,Open,,
DANJUMBO DOLLY DOLLY,"=""22340013832""",PrimaryAddressLine1,,"=""19766728""","=""37854166""","=""10979052""",Personal fixed term loan,2023-07-25 00:00:00,30000.00,0.00,,0.00,39000.00,NGN,0,Closed,2023-08-31 00:00:00,Performing
DANJUMBO DOLLY DOLLY,"=""22340013832""",PrimaryAddressLine1,,"=""19766728""","=""37854166""","=""12267789""",Personal fixed term loan,2023-11-29 00:00:00,35000.00,0.00,,0.00,46550.00,NGN,0,Closed,2023-12-29 00:00:00,Performing
OJO SADIAT SADIAT,"=""22282103299""",UPPER GAA AKANBI AGBABIAKA ILORIN,,"=""19774530""","=""36367891""","=""RCL36367891""",Personal Overdraft,2024-10-15 00:00:00,75862.50,0.00,,,0.00,NGN,92,Open,,Lost
DANIEL EMMANUEL,"=""22159608591""",AREA 3 JUNCTION BY RAJA PLAZA,,"=""20271979""","=""46687786""","=""RCL46687786""",Personal Overdraft,2025-02-13 00:00:00,235000.00,415436.51,,0.00,69791.06,NGN,96,Open,,Lost
VITUS EBUKA,"=""22518624284""",5TH AVENUE K CLOSE HOUSE 2 FESTAC TOWN LAGOS,,"=""20340699""","=""38749536""","=""RCL38749536""",Personal Overdraft,2024-10-06 00:00:00,170000.00,0.00,,,0.00,NGN,0,Open,,Performing
OCHENI EMMANUEL,,NO 24 ALICE MUSA OBANTOKO,,"=""20349524""","=""38911044""","=""RCL38911044""",Personal Overdraft,2024-11-26 00:00:00,120000.00,43241.44,,43241.44,107394.43,NGN,61,Open,,Doubtful
YUSUF MUSTAPHA,"=""22456653010""",Garge area,"=""2347066200424""","=""20471141""","=""PF78033""","=""A20403""",Personal fixed term loan,2024-03-23 00:00:00,263000.00,71614.25,,71614.25,81614.20,NGN,855,Open,2024-04-22 00:00:00,Lost
BALOGUN OLUWAFERANMI,"=""22655394507""",1 ALFONSO ROAD IITA BUS STOP IBADAN,,"=""20350700""","=""38663904""","=""11054595""",Personal fixed term loan,2023-08-02 00:00:00,5000.00,0.00,,0.00,5915.00,NGN,0,Closed,2023-09-01 00:00:00,Performing
BALOGUN OLUWAFERANMI,"=""22655394507""",1 ALFONSO ROAD IITA BUS STOP IBADAN,,"=""20350700""","=""38663904""","=""11325325""",Personal fixed term loan,2023-08-30 00:00:00,5000.00,0.00,,0.00,8667.00,NGN,0,Closed,2023-10-29 00:00:00,Performing
BALOGUN OLUWAFERANMI,"=""22655394507""",1 ALFONSO ROAD IITA BUS STOP IBADAN,,"=""20350700""","=""38663904""","=""11946711""",Personal fixed term loan,2023-10-28 00:00:00,10000.00,0.00,,0.00,11570.00,NGN,0,Closed,2024-04-12 00:00:00,Performing
LAMBA ISAAC,,YOLA,,"=""20400538""","=""38918882""","=""RCL38918882""",,2025-02-05 00:00:00,105000.00,104684.41,,,104684.41,NGN,7,Open,,Watchlist
AUSTIN OKORO,,WUSE II EAMB PLAZA ABUJA NIGERIA,,"=""20450993""","=""1003434""","=""RCL1003434""",Personal Overdraft,2025-01-26 00:00:00,29000.98,108467.10,,0.00,28295.83,NGN,90,Open,,Lost
ADEKUNLE ADEMAKINWA,"=""22395137910""",20 GRAMMER SCHOOL ISALE GBEYIN,,"=""19329686""","=""35744784""","=""RCL35744784""",Personal Overdraft,2024-06-25 00:00:00,139867.66,190480.65,,,190480.65,NGN,93,Open,,Lost
BEAUTYJOHN,"=""22174101118""",OPPOSITE LOREMM HOTEL ROOM 27 INEC LODGE,,"=""19364833""","=""34217320""","=""RCL34217320""",Personal Overdraft,2024-10-23 00:00:00,300000.00,0.00,,,0.00,NGN,0,Open,,Performing
SUNNY POPO POPO,"=""22686305828""",30B OGUNU TOWN OGUNU,"=""08023282557""","=""20138187""","=""90139""","=""RCL90139""",Personal Overdraft,2025-06-15 00:00:00,50000.00,0.00,,,0.00,NGN,0,Open,,Performing
TOMOSORI PRAISE,"=""22403966527""",23 CHIEF PALACE STR CLOSE TO P SCH BS JIKWOYI,,"=""20375588""","=""38514826""","=""12018882""",Personal fixed term loan,2023-11-04 00:00:00,12500.00,0.00,,0.00,14837.50,NGN,0,Closed,2023-12-10 00:00:00,Performing
TOMOSORI PRAISE,"=""22403966527""",23 CHIEF PALACE STR CLOSE TO P SCH BS JIKWOYI,,"=""20375588""","=""38514826""","=""12675664""",Personal fixed term loan,2024-01-11 00:00:00,60000.00,0.00,,0.00,73200.00,NGN,0,Closed,2024-05-25 00:00:00,Performing
TOMOSORI PRAISE,"=""22403966527""",23 CHIEF PALACE STR CLOSE TO P SCH BS JIKWOYI,,"=""20375588""","=""38514826""","=""14319904""",Personal fixed term loan,2024-07-09 00:00:00,20000.00,0.00,,0.00,58670.00,NGN,0,Closed,2024-09-05 00:00:00,Performing
TOMOSORI PRAISE,"=""22403966527""",23 CHIEF PALACE STR CLOSE TO P SCH BS JIKWOYI,,"=""20375588""","=""38514826""","=""14851612""",Personal fixed term loan,2024-09-06 00:00:00,17500.00,0.00,,0.00,46550.00,NGN,0,Closed,2024-09-21 00:00:00,Performing
TOMOSORI PRAISE,"=""22403966527""",23 CHIEF PALACE STR CLOSE TO P SCH BS JIKWOYI,,"=""20375588""","=""38514826""","=""15573691""",Personal fixed term loan,2024-12-08 00:00:00,25000.00,0.00,,0.00,33750.00,NGN,0,Closed,2025-01-07 00:00:00,Performing
RAJI OLAKUNLE,"=""22260290975""",KARA AREA IBAF,,"=""20376422""","=""39557185""","=""RCL39557185""",Personal Overdraft,2024-12-11 00:00:00,230000.00,201847.27,,,201847.27,NGN,93,Open,,Lost
eze chinonso,"=""22419187381""",Ogoning maritan accademy ujevwu town,,"=""20382304""","=""23840170""","=""RCL23840170""",Personal Overdraft,2024-07-24 00:00:00,250000.00,0.00,,,0.00,NGN,0,Open,,Performing
OGHENEWOMA EGUA,"=""22185689342""",BLOCK 84 KUKUWABA OPP ECWA CHURCH Bwari FCT,,"=""19303670""","=""11399511""","=""RCL11399511""",Personal Overdraft,2025-04-23 00:00:00,300000.00,146475.78,,,146475.78,NGN,0,Open,,Performing
LOIS YAHAYA,,NO 9 DANHONO STREET UNGWAN BORO,,"=""19326484""","=""36048543""","=""RCL36048543""",Personal Overdraft,2024-10-30 00:00:00,300000.00,104.64,,104.64,76312.04,NGN,4,Open,,Watchlist
FUNOM SUWALA,,OLD CUSTOM QUARTERS NYANYA CHECKING POINT AMAC,"=""08136642237""","=""19355746""","=""15090933""","=""RCL15090933""",Personal Overdraft,2025-07-03 00:00:00,25000.00,0.00,,,0.00,NGN,0,Open,,Performing
VICTORIA NWEKE,"=""22655284549""",NO 65 OLORODE STREET JAPO ADIGBE ABK KOLOBO ABEOKUTA,"=""2348023179160""","=""19363720""","=""PF90630""","=""A24710""",Personal fixed term loan,2024-04-26 00:00:00,38000.00,0.00,,0.00,39602.70,NGN,0,Closed,2024-05-03 00:00:00,Performing
DAVID LANG,,JULIUS BERGER CAMP,,"=""19401113""","=""36652631""","=""12486262""",Personal fixed term loan,2023-12-20 00:00:00,10000.00,0.00,,0.00,12500.00,NGN,0,Closed,2024-05-21 00:00:00,Performing
ARIGU CHRISTOPHER BITRUS,,NEW GRA VIA CATHOLIC YOUTH CENTRE,"=""2347065731320""","=""19473870""","=""27845703""","=""RCL27845703""",Personal Overdraft,2025-02-12 00:00:00,25000.00,0.00,,,0.00,NGN,0,Open,,Performing
YAKUBU ENDURANCE ENDURANCE,"=""22458256318""",NO26 KATAF STREET GGORA Chikun Kaduna State,,"=""19758607""","=""2604842""","=""RCL2604842""",Personal Overdraft,2024-06-23 00:00:00,150000.00,0.00,,,0.00,NGN,0,Open,,Performing
ESSIEN IDONGESIT IDONGESIT,"=""22263250798""",33 OLD RING ROAD,,"=""19802395""","=""38085990""","=""RCL38085990""",Personal Overdraft,2024-05-08 00:00:00,300000.00,0.00,,,0.00,NGN,0,Open,,Performing
BALOGUN YUSUF YUSUF,"=""22476532481""",31 KAYODE ARKAWE STREET KETU IKOSINIGERIA,,"=""19811326""","=""37324710""","=""13165882""",Personal fixed term loan,2024-03-07 00:00:00,10000.00,0.00,,0.00,7835.00,NGN,0,Closed,2024-05-13 00:00:00,Performing
BALOGUN YUSUF YUSUF,"=""22476532481""",31 KAYODE ARKAWE STREET KETU IKOSINIGERIA,,"=""19811326""","=""37324710""","=""13827007""",Personal fixed term loan,2024-05-14 00:00:00,15000.00,0.00,,0.00,20250.00,NGN,0,Closed,2024-06-20 00:00:00,Performing
BALOGUN YUSUF YUSUF,"=""22476532481""",31 KAYODE ARKAWE STREET KETU IKOSINIGERIA,,"=""19811326""","=""37324710""","=""14623986""",Personal fixed term loan,2024-08-12 00:00:00,10000.00,0.00,,0.00,13600.00,NGN,0,Closed,2024-08-27 00:00:00,Performing
BALOGUN YUSUF YUSUF,"=""22476532481""",31 KAYODE ARKAWE STREET KETU IKOSINIGERIA,,"=""19811326""","=""37324710""","=""14741234""",Personal fixed term loan,2024-08-26 00:00:00,20000.00,0.00,,0.00,27000.00,NGN,0,Closed,2024-09-25 00:00:00,Performing
BALOGUN YUSUF YUSUF,"=""22476532481""",31 KAYODE ARKAWE STREET KETU IKOSINIGERIA,,"=""19811326""","=""37324710""","=""15019586""",Personal fixed term loan,2024-09-25 00:00:00,15000.00,0.00,,0.00,39900.00,NGN,0,Closed,2024-10-10 00:00:00,Performing
OSARO JOY,,NO 16 IMADIYIOSA STREETOFF TEXTILE MILL ROADBENIN CITY,,"=""20342743""","=""38540877""","=""10354026""",Personal fixed term loan,2023-05-22 00:00:00,100000.00,0.00,,0.00,70800.00,NGN,0,Closed,2023-07-21 00:00:00,Performing
ADAMU AYUBA,"=""22196207164""",KUBWA ABUJA,,"=""20373620""","=""38659396""","=""RCL38659396""",Personal Overdraft,2024-05-28 00:00:00,200000.00,0.00,,,0.00,NGN,109,Open,,Lost
OBASIOROVWIGHO UFUOMA,"=""22299768184""",66 EKU STREET OVIORIE OVU AGBON CLAN,"=""08037652599""","=""20391425""","=""39579710""","=""RCL39579710""",,2024-07-18 00:00:00,60000.00,12500.63,,,12500.63,NGN,0,Open,,Performing
ANGELA AJAYI,,PRINCE GARDEN LODGE ANYIGBA Dekina Kogi State,,"=""19355457""","=""8890032""","=""RCL8890032""",Personal Overdraft,2024-09-25 00:00:00,40000.00,37486.07,,0.00,34500.00,NGN,0,Open,,Performing
JAMIU OLUWATOYIN BLESSING,"=""22527568638""",07 OGUDU STREET OJA BUS STOP OGOMBO,,"=""19512119""","=""42299917""","=""12677568""",Personal fixed term loan,2024-01-11 00:00:00,7500.00,0.00,,0.00,10125.00,NGN,0,Closed,2024-02-10 00:00:00,Performing
JAMIU OLUWATOYIN BLESSING,"=""22527568638""",07 OGUDU STREET OJA BUS STOP OGOMBO,,"=""19512119""","=""42299917""","=""12828125""",Personal fixed term loan,2024-01-29 00:00:00,17500.00,0.00,,0.00,23450.00,NGN,0,Closed,2024-02-28 00:00:00,Performing
OYEWOLE AYOMIDE AYOMIDE,"=""22405562912""",PrimaryAddressLine1,,"=""19791253""","=""36911584""","=""13388618""",Personal fixed term loan,2024-03-30 00:00:00,20000.00,0.00,,0.00,25944.00,NGN,0,Closed,2024-04-29 00:00:00,Performing
OYEWOLE AYOMIDE AYOMIDE,"=""22405562912""",PrimaryAddressLine1,,"=""19791253""","=""36911584""","=""13838498""",Personal fixed term loan,2024-05-16 00:00:00,20000.00,0.00,,0.00,26286.00,NGN,0,Closed,2024-06-15 00:00:00,Performing
OYEWOLE AYOMIDE AYOMIDE,"=""22405562912""",PrimaryAddressLine1,,"=""19791253""","=""36911584""","=""14792253""",Personal fixed term loan,2024-08-31 00:00:00,12500.00,0.00,,0.00,15132.50,NGN,0,Closed,2024-09-30 00:00:00,Performing
OYEWOLE AYOMIDE AYOMIDE,"=""22405562912""",PrimaryAddressLine1,,"=""19791253""","=""36911584""","=""14865421""",Personal fixed term loan,2024-09-08 00:00:00,30000.00,0.00,,0.00,35739.00,NGN,0,Closed,2024-10-08 00:00:00,Performing
OWOSHO TAOHEED TAOHEED,"=""22450573835""",PrimaryAddressLine1,,"=""19794278""","=""38493007""","=""9080687""",Personal fixed term loan,2023-01-05 00:00:00,40000.00,0.00,,0.00,18454.00,NGN,0,Closed,2023-04-18 00:00:00,Performing
Jibril Muhammed,"=""22271743639""",7ELEVEN CRESCENTKADOABUJAFCT,,"=""19925438""","=""38418906""","=""12529952""",Personal fixed term loan,2023-12-26 00:00:00,5000.00,0.00,,0.00,6150.00,NGN,0,Closed,2024-01-10 00:00:00,Performing
Jibril Muhammed,"=""22271743639""",7ELEVEN CRESCENTKADOABUJAFCT,,"=""19925438""","=""38418906""","=""12570811""",Personal fixed term loan,2023-12-30 00:00:00,25000.00,0.00,,0.00,31375.00,NGN,0,Closed,2024-01-14 00:00:00,Performing
Jibril Muhammed,"=""22271743639""",7ELEVEN CRESCENTKADOABUJAFCT,,"=""19925438""","=""38418906""","=""12587000""",Personal fixed term loan,2024-01-01 00:00:00,25000.00,0.00,,0.00,31375.00,NGN,0,Closed,2024-01-23 00:00:00,Performing
Oluwaseyi Osifeso Azeez,"=""22591383724""",7 ODUMOS UNITY STREET IKOROD,,"=""20495500""","=""36196559""","=""11378118""",Personal fixed term loan,2023-09-04 00:00:00,5000.00,0.00,,0.00,6450.00,NGN,0,Closed,2023-10-04 00:00:00,Performing
Oluwaseyi Osifeso Azeez,"=""22591383724""",7 ODUMOS UNITY STREET IKOROD,,"=""20495500""","=""36196559""","=""13376762""",Personal fixed term loan,2024-03-29 00:00:00,10000.00,0.00,,0.00,7835.00,NGN,0,Closed,2024-05-28 00:00:00,Performing
Ojoawo Segun Adeola,,ADEGUN HOUSE OPPOSITE IYANA IGBORE AGO OBA ABEOKUTA,,"=""19642344""","=""971056""","=""RCL971056""",Personal Overdraft,2024-08-07 00:00:00,165000.00,27270.00,,,27270.00,NGN,0,Open,,Performing
IDOWU CHRISTIANAH CHRISTIANAH,"=""22337388794""",16 AKINWUNMI STREETOFF ADEYEMI STREETOLOWORALAGOS,,"=""19756139""","=""33659714""","=""RCL33659714""",Personal Overdraft,2024-11-01 00:00:00,140000.00,0.00,,,0.00,NGN,0,Open,,Performing
OLALEYE SODIQ SODIQ,,7 OMIKUNLE STREET AKOBO IBADAN,"=""2348136791298""","=""19789265""","=""37445812""","=""RCL37445812""",Personal Overdraft,2024-07-15 00:00:00,180000.00,92160.00,,,92160.00,NGN,0,Open,,
IROAWULA EMMANUEL EMMANUEL,"=""22371364800""",55 CHRIS IDOWU STREET EJIGBO,,"=""19803618""","=""37124091""","=""RCL37124091""",Personal Overdraft,2024-11-06 00:00:00,200000.00,0.00,,0.00,0.00,NGN,0,Open,,Open
MICHAEL MOTUNRAYO,,0 KINGDOM HERITAGE MODEL SCH JAHI ABUJA,,"=""20359225""","=""1746087""","=""RCL1746087""",Personal Overdraft,2024-05-20 00:00:00,108334.71,137132.48,,,137132.48,NGN,62,Open,,Doubtful
INYANG EBENEZER,"=""22501898733""",7 TASIRE ROAD RUKPOKWU TONY TRACO JUNC PHC,,"=""20391064""","=""39058511""","=""13060141""",Personal fixed term loan,2024-02-24 00:00:00,15000.00,0.00,,0.00,18397.50,NGN,0,Closed,2024-03-10 00:00:00,Performing
INYANG EBENEZER,"=""22501898733""",7 TASIRE ROAD RUKPOKWU TONY TRACO JUNC PHC,,"=""20391064""","=""39058511""","=""13425501""",Personal fixed term loan,2024-04-03 00:00:00,10000.00,0.00,,0.00,13600.00,NGN,0,Closed,2024-05-03 00:00:00,Performing
INYANG EBENEZER,"=""22501898733""",7 TASIRE ROAD RUKPOKWU TONY TRACO JUNC PHC,,"=""20391064""","=""39058511""","=""13729216""",Personal fixed term loan,2024-05-03 00:00:00,12500.00,0.00,,0.00,16875.00,NGN,0,Closed,2024-06-02 00:00:00,Performing
OLUWATOYIN AWOYEMI,"=""22348273609""",4 AKINOLA STREET OMIKUNLE BUS STOP,,"=""19295854""","=""5481594""","=""RCL5481594""",Personal Overdraft,2024-10-22 00:00:00,110000.00,221219.68,,,221219.68,NGN,96,Open,,Lost
TRMITOPE OJA,,HQ GDS BDE S AND T COY ABUJA FCT,,"=""19299948""","=""36391359""","=""10650210""",Personal fixed term loan,2023-06-20 00:00:00,20000.00,0.00,,0.00,23040.00,NGN,0,Closed,2023-07-05 00:00:00,Performing
Umar Mohammed,,CONFLUENCE,,"=""19700226""","=""36423102""","=""RCL36423102""",Personal Overdraft,2025-01-01 00:00:00,234000.00,0.00,,,0.00,NGN,0,Open,,Performing
NKENTA UCHECHUKWU UCHECHUKWU,,AJAH ST,,"=""19751316""","=""37365260""","=""RCL37365260""",Personal Overdraft,2024-11-13 00:00:00,300000.00,266696.72,,,266696.72,NGN,0,Open,,Performing
VINCENT ESTHER ESTHER,"=""22510940674""",Nigeria,,"=""19800770""","=""38318310""","=""11803715""",Personal fixed term loan,2023-10-14 00:00:00,5000.00,0.00,,0.00,6650.00,NGN,0,Closed,2023-12-20 00:00:00,Performing
VINCENT ESTHER ESTHER,"=""22510940674""",Nigeria,,"=""19800770""","=""38318310""","=""12461355""",Personal fixed term loan,2023-12-18 00:00:00,5000.00,0.00,,0.00,6650.00,NGN,0,Closed,2024-01-17 00:00:00,Performing
VINCENT ESTHER ESTHER,"=""22510940674""",Nigeria,,"=""19800770""","=""38318310""","=""12526583""",Personal fixed term loan,2023-12-25 00:00:00,12500.00,0.00,,0.00,26600.00,NGN,0,Closed,2024-03-01 00:00:00,Performing
AMADI KELSEY,"=""22497678409""",9 CHIEF OKOKO STR MARKET JUNC PHC,,"=""20335452""","=""7528806""","=""RCL7528806""",Personal Overdraft,2024-10-21 00:00:00,23750.00,34520.56,,34520.56,24666.72,NGN,96,Open,,Lost
ADEDOKUN ADESINA,,3 OLAWALE STR MATOGUN BST AKUTE IFO OGUN STATE,,"=""20351882""","=""38300271""","=""10161673""",Personal fixed term loan,2023-05-03 00:00:00,15000.00,0.00,,0.00,17655.00,NGN,0,Closed,2023-05-18 00:00:00,Performing
ADEDOKUN ADESINA,,3 OLAWALE STR MATOGUN BST AKUTE IFO OGUN STATE,,"=""20351882""","=""38300271""","=""10583837""",Personal fixed term loan,2023-06-13 00:00:00,45000.00,0.00,,0.00,53865.00,NGN,0,Closed,2023-06-28 00:00:00,Performing
Emefoh JohnPaul,,DIVINE GIFT LODGE EZINIFITE OKPUNO,,"=""20531120""","=""51065606""","=""RCL51065606""",Personal Overdraft,2024-12-17 00:00:00,300000.00,0.00,,,0.00,NGN,0,Open,,Performing
azeezat yunusa,"=""22486483425""",PrimaryAddressLine1,,"=""19367011""","=""36129754""","=""12652344""",Personal fixed term loan,2024-01-08 00:00:00,50000.00,0.00,,0.00,59500.00,NGN,0,Closed,2024-01-23 00:00:00,Performing
Steamer Preye,,IDIHS COMP TINACIOUS ROAD EDEPIE YENAGOA,"=""08021264347""","=""19644537""","=""36441540""","=""RCL36441540""",Personal Overdraft,2025-01-29 00:00:00,10000.00,0.00,,,0.00,NGN,0,Open,,Performing
YUSUPH SIKIRAT SIKIRAT,,14 IDUMOBA STREET LAGOS ISLAND,,"=""19770951""","=""26104372""","=""RCL26104372""",Personal Overdraft,2025-02-21 00:00:00,105000.00,89166.44,,,89166.44,NGN,0,Open,,
OPUTORULAGHA EBIKEWENIMO EBIKEWENIMO,"=""22225881965""",36 IMGBI ROAD AMARATA YENAGOA,,"=""19777210""","=""37951507""","=""10076224""",Personal fixed term loan,2023-04-25 00:00:00,10000.00,0.00,,0.00,6285.00,NGN,0,Closed,2023-06-24 00:00:00,Performing
MANILLA DAVIDSON DAVIDSON,"=""22458229820""",PrimaryAddressLine1,,"=""19787606""","=""13249012""","=""RCL13249012""",Personal Overdraft,2024-12-08 00:00:00,245000.00,113666.77,,,113666.77,NGN,91,Open,,Lost
ADEGBENRO KHADIJATADERAYO KHADIJATADERAYO,"=""22397446339""",4 OLAIBRAHIM CLOSE OLUKANMI BS EGANIGANDO ALIMOSHO,,"=""19816543""","=""35674785""","=""RCL35674785""",Personal Overdraft,2024-12-29 00:00:00,170000.00,0.00,,,0.00,NGN,0,Open,,Performing
Gbenga Oguntoye,"=""22514173360""",6 AROWOLO STR MODAKEK Ife East Osun State,,"=""19986443""","=""4480630""","=""RCL4480630""",Personal Overdraft,2025-03-02 00:00:00,10000.00,36584.47,,,36584.47,NGN,90,Open,,
gift Bolarinwa ayomide,"=""22541214405""",4 ASAKA STRT AWE BETHY HOTEL JUNCTION AWE OYO EAST OYO,,"=""20147290""","=""37286094""","=""14195800""",Personal fixed term loan,2024-06-25 00:00:00,5000.00,0.00,,0.00,6670.00,NGN,0,Closed,2024-07-10 00:00:00,Performing
gift Bolarinwa ayomide,"=""22541214405""",4 ASAKA STRT AWE BETHY HOTEL JUNCTION AWE OYO EAST OYO,,"=""20147290""","=""37286094""","=""14270472""",Personal fixed term loan,2024-07-03 00:00:00,10000.00,0.00,,0.00,13600.00,NGN,0,Closed,2024-08-02 00:00:00,Performing
gift Bolarinwa ayomide,"=""22541214405""",4 ASAKA STRT AWE BETHY HOTEL JUNCTION AWE OYO EAST OYO,,"=""20147290""","=""37286094""","=""14420433""",Personal fixed term loan,2024-07-20 00:00:00,10000.00,0.00,,0.00,13600.00,NGN,0,Closed,2024-08-19 00:00:00,Performing
gift Bolarinwa ayomide,"=""22541214405""",4 ASAKA STRT AWE BETHY HOTEL JUNCTION AWE OYO EAST OYO,,"=""20147290""","=""37286094""","=""14982453""",Personal fixed term loan,2024-09-21 00:00:00,10000.00,0.00,,0.00,13600.00,NGN,0,Closed,2024-10-21 00:00:00,Performing
ABDULMALIK KABIR,,NO 20 ZAMFARAWA ROAD FUNTUA,,"=""20291311""","=""44652087""","=""RCL44652087""",Personal Overdraft,2025-03-14 00:00:00,10000.00,8500.00,,,8500.00,NGN,0,Open,,
DIYAN HENRY,"=""22444781598""",2 OKUBOLURIN STREET AKINOGUN BS IPAJA,,"=""20337403""","=""39166941""","=""10172708""",Personal fixed term loan,2023-05-04 00:00:00,10000.00,0.00,,0.00,11970.00,NGN,0,Closed,2023-05-19 00:00:00,Performing
ALABI MARIAM,"=""22461610194""",UNGUWAR AHMAD BAKO,,"=""20377888""","=""37077457""","=""RCL37077457""",Personal Overdraft,2024-10-19 00:00:00,100000.00,0.00,,,0.00,NGN,0,Open,,Performing
ONYINYECHI OLUCHUKWU,,WOJI BY HAMORNY PHC,,"=""20386846""","=""39313115""","=""RCL39313115""",Personal Overdraft,2024-05-19 00:00:00,168750.00,7610.25,,0.00,14727.36,NGN,0,Open,,Performing
ADABOKE EMMANUEL,,PLOT 32O 23RD STREET BDPA UGBOWO BENIN EDO NIGERIA Ovia No,,"=""20401479""","=""38848934""","=""RCL38848934""",Personal Overdraft,2025-05-28 00:00:00,235000.00,40880.00,,,40880.00,NGN,0,Open,,Performing
ABIODUN AKINTOYE,,5 VICTORIA STREET AKOWONJO LAGOS Lagos Island Lagos State,,"=""19272597""","=""12391044""","=""RCL12391044""",Personal Overdraft,2025-02-03 00:00:00,50000.00,0.00,,,0.00,NGN,0,Open,,
SANDRA GEORGE,"=""22279021216""",NO 1 MARINE BASE MOSCO RD CIVIC CENTRE PHC Port Harcourt R,,"=""19404442""","=""9659285""","=""RCL9659285""",Personal Overdraft,2024-06-22 00:00:00,250000.00,0.00,,0.00,0.00,NGN,0,Open,,Performing
IKUSIKA HELEN OLAJUMOKE,,27 MERCY ROAD ALABIDUN  AIRPORT,,"=""19555407""","=""45661716""","=""RCL45661716""",,2025-03-29 00:00:00,84500.00,0.00,,,0.00,NGN,0,Open,,Performing
OKONKWO THERESA THERESA,,3 TOLUWALASE STREET APETE,,"=""19632785""","=""36209557""","=""RCL36209557""",Personal Overdraft,2024-08-31 00:00:00,312000.00,54471.20,,0.00,75471.55,NGN,0,Open,,Performing
AWOTUNDE OLUWABUNMI OLUWABUNMI,"=""22320194809""",21 ADEBISI OMOTOLA STREET ISOLO,,"=""19741617""","=""38286815""","=""11165308""",Personal fixed term loan,2023-08-13 00:00:00,12500.00,0.00,,0.00,5447.00,NGN,0,Closed,2023-11-11 00:00:00,Performing
AWOTUNDE OLUWABUNMI OLUWABUNMI,"=""22320194809""",21 ADEBISI OMOTOLA STREET ISOLO,,"=""19741617""","=""38286815""","=""13030923""",Personal fixed term loan,2024-02-21 00:00:00,200000.00,0.00,,0.00,51400.00,NGN,0,Closed,2024-08-19 00:00:00,Performing
FAJEMIYO ADEBARE TOPE,"=""22215500089""",16 ADEYEMI STREET ARIJE BUS STOP AGBADO,,"=""19916897""","=""38640033""","=""11241395""",Personal fixed term loan,2023-08-21 00:00:00,2500.00,0.00,,0.00,3000.00,NGN,0,Closed,2023-09-05 00:00:00,Performing
OGUNREKUN TEMITOPE,"=""22523732196""",06JI KUTERE STREET AGA IKORODU LAGOS STATE,,"=""20376387""","=""38626132""","=""9036420""",Personal fixed term loan,2022-12-30 00:00:00,40000.00,0.00,,0.00,18000.00,NGN,0,Closed,2023-03-30 00:00:00,Performing
OLOWOOKERE DAMILARE,"=""22512527103""",9 ZION CRESCENT MAMA T BUSSTOP DALEKO MOWE OGUN STATE,,"=""20388121""","=""39703175""","=""RCL39703175""",Personal Overdraft,2024-05-17 00:00:00,206250.00,321937.17,,,321937.17,NGN,96,Open,,Lost
SINJAE OKPAKO,,4 RASAKI OLAIYA STREET KETU IJANIKI,,"=""20399604""","=""39523754""","=""RCL39523754""",Personal Overdraft,2024-11-10 00:00:00,38903.80,34857.51,,34858.00,31982.91,NGN,33,Open,,Sub standard
ABDULMAJID BUKAR,,83 MADUGANARI BYPASS  MADUGANARI BSTOP MADUGANARI,"=""07065943939""","=""19325455""","=""21512136""","=""RCL21512136""",Personal Overdraft,2025-04-02 00:00:00,16845.27,0.00,,,0.00,NGN,0,Open,,Performing
JANET PETER,"=""22340809721""",9 UNITY AVENUE OKE ISHAGUN OFF COMMAND RD IPAJA,,"=""19368346""","=""36000472""","=""13788254""",Personal fixed term loan,2024-05-10 00:00:00,10000.00,0.00,,0.00,29000.00,NGN,0,Closed,2024-05-25 00:00:00,Performing
AMADI MIGHTY,"=""22445762125""",8 No 8 Eke street rumuokwuta Emohua Rivers,"=""07059904832""","=""19616069""","=""42102806""","=""11178083""",Personal fixed term loan,2023-08-14 00:00:00,5000.00,0.00,,0.00,6150.00,NGN,0,Closed,2023-08-29 00:00:00,Performing
Onoja Elizabeth Onyaole,,Jikwoyi,,"=""19640226""","=""38598287""","=""RCL38598287""",Personal Overdraft,2024-10-07 00:00:00,65000.00,0.00,,,0.00,NGN,0,Open,,Performing
MOSES NANCY NANCY,"=""22253801117""",1 SALVATION ROAD EKET,,"=""19770532""","=""33716764""","=""RCL33716764""",Personal Overdraft,2024-11-14 00:00:00,25000.00,0.00,,0.00,9451.58,NGN,0,Open,,Performing
INGLA EBIYEKON EBIYEKON,,ROOM 4 PALM BEACH LODGE GWALLAMEJI,,"=""19807325""","=""38110647""","=""RCL38110647""",Personal Overdraft,2025-02-27 00:00:00,300000.00,308400.00,,,308400.00,NGN,0,Open,,Performing
EKATOSIO DANIEL DANIEL,"=""22271559702""",NO 6 SAMMUJETA STREET OREROKPE,,"=""19817060""","=""36920370""","=""11032228""",Personal fixed term loan,2023-07-31 00:00:00,20000.00,0.00,,0.00,23280.00,NGN,0,Closed,2023-08-30 00:00:00,Performing
EKATOSIO DANIEL DANIEL,"=""22271559702""",NO 6 SAMMUJETA STREET OREROKPE,,"=""19817060""","=""36920370""","=""12449568""",Personal fixed term loan,2023-12-16 00:00:00,7500.00,0.00,,0.00,8677.50,NGN,0,Closed,2024-01-15 00:00:00,Performing
EKATOSIO DANIEL DANIEL,"=""22271559702""",NO 6 SAMMUJETA STREET OREROKPE,,"=""19817060""","=""36920370""","=""14267394""",Personal fixed term loan,2024-07-03 00:00:00,100000.00,0.00,,0.00,60400.00,NGN,0,Closed,2024-09-16 00:00:00,Performing
Okoh Jeffrey,,3 CYRIL OKOLIE STREET ASABA,"=""08105340553""","=""19962867""","=""210766""","=""RCL210766""",,2025-04-02 00:00:00,10000.00,12733.66,,,12733.66,NGN,7,Open,,Watchlist
OLOGUN EMMANUEL,"=""22322176344""",DIAMOND IND QUARRY LTD AMOFFIA EZZANGBO ABAKALIKI,,"=""20354718""","=""33837360""","=""RCL33837360""",Personal Overdraft,2024-05-15 00:00:00,101400.00,0.00,,0.00,0.00,NGN,0,Open,,Performing
OSONDU OSONDU,"=""22298112083""",13 OLUSHOGA SHODIPE STR IJEODODO IJEGUN IKOTUN,,"=""20400199""","=""38837465""","=""RCL38837465""",Personal Overdraft,2024-07-19 00:00:00,300000.00,0.00,,,0.00,NGN,109,Open,,Lost
ODUNLAMI THEOPHILOUS,"=""22416551417""",3 OYALOWO STR SANGO OTA,,"=""20409552""","=""12457925""","=""RCL12457925""",Personal Overdraft,2025-02-03 00:00:00,150000.00,31144.11,,0.00,0.00,NGN,0,Open,,Performing
abdulraheem balogun,,15 AKOREDE STREET,,"=""19366427""","=""36309412""","=""RCL36309412""",Personal Overdraft,2024-07-20 00:00:00,15000.00,16352.95,,16352.95,13500.00,NGN,4,Open,,Watchlist
DAVID DANIEL,"=""22505977740""",PLOT 62 KUJE ROAD EXTENTION GWAGWALADA,,"=""19390925""","=""33876383""","=""RCL33876383""",Personal Overdraft,2024-10-05 00:00:00,115000.00,12000.29,,0.00,0.00,NGN,0,Open,,Performing
SUCCESS ANOYE,,43 ariyo akinloye bucknor street  okota,,"=""19395839""","=""35595875""","=""RCL35595875""",Personal Overdraft,2024-06-25 00:00:00,260000.00,132853.16,,0.00,0.00,NGN,0,Open,,Performing
CHIJIOKE CHIZARAM CHIZARAM,"=""22375309720""",FEMALE HOSTEL ROOM 9 SCHOOL OF NURSING AMACHARA IN UMU SOU,,"=""19751190""","=""36566753""","=""RCL36566753""",Personal Overdraft,2025-02-18 00:00:00,225000.00,0.00,,,0.00,NGN,0,Open,,Performing
KOKOWEI OLUWASEYI OLUWASEYI,"=""22191436585""",9 ORIMADEGUN STREET ARALAMO BUS STOP ABULE EGBA,,"=""19766966""","=""38394226""","=""12327387""",Personal fixed term loan,2023-12-05 00:00:00,110000.00,0.00,,0.00,58946.00,NGN,0,Closed,2024-03-04 00:00:00,Performing
FABODE SUNDAY SUNDAY,"=""22148132621""",61 MEFUN ROAD OTA,,"=""19810252""","=""13068867""","=""RCL13068867""",Personal Overdraft,2024-05-10 00:00:00,120000.00,51000.00,,,51000.00,NGN,0,Open,,Performing
Ashaolu Timilehin,"=""22337760413""",BLOCK 4 AJEGUNLE OKENE KOGI STATE,,"=""20034055""","=""794581""","=""RCL794581""",Personal Overdraft,2025-01-18 00:00:00,10000.00,17456.51,,,17456.51,NGN,36,Open,,
Shehu Umar Umar,,D4 269 Und St Bosso Niger,"=""2348108430987""","=""20037867""","=""PF89087""","=""A28907""",Personal fixed term loan,2024-06-15 00:00:00,36000.00,37260.25,,37260.25,37260.30,NGN,794,Open,2024-06-18 00:00:00,Lost
OHWOWHAVWOTU STELLA,,RD 103 BLK C FLAT 2 AZIKORO HOUSING ESTATE YENAGOA,,"=""20389168""","=""39246521""","=""9867945""",Personal fixed term loan,2023-04-05 00:00:00,20000.00,0.00,,0.00,15422.00,NGN,0,Closed,2023-09-09 00:00:00,Performing
UFEDOOJO BLESSING OGU,,FLAT 5 CBN QUARTERS OPPOSITE APARAKU STADIUM MAKURDI,,"=""20420413""","=""45506783""","=""RCL45506783""",Personal Overdraft,2025-04-16 00:00:00,320000.00,0.00,,,0.00,NGN,0,Open,,Performing
BADAMASI SAIDU,,DANDURUMI AREA TSAFE,,"=""20532564""","=""250450""","=""RCL250450""",Personal Overdraft,2025-01-02 00:00:00,17284.27,20748.93,,,20748.93,NGN,8,Open,,Watchlist
AKUKALIA CHINEDU CHINEDU,"=""22199247143""",ACCESS BANK PLC HEAD OFFICE LAGOS,,"=""20138136""","=""38202106""","=""RCL38202106""",Personal Overdraft,2024-05-12 00:00:00,507000.00,353533.19,,,353533.19,NGN,0,Open,,Performing
SALAKO KAZEEM,,IYESI OTA OGUN STATE AdoOdoOta Ogun State,,"=""20359193""","=""17101653""","=""RCL17101653""",Personal Overdraft,2024-06-30 00:00:00,105000.00,71362.30,,,71362.30,NGN,6,Open,,Watchlist
MURITALA ORIYOMI,"=""22337585339""",PrimaryAddressLine1,,"=""20363586""","=""38753299""","=""11207179""",Personal fixed term loan,2023-08-17 00:00:00,5000.00,0.00,,0.00,6075.00,NGN,0,Closed,2023-09-01 00:00:00,Performing
MURITALA ORIYOMI,"=""22337585339""",PrimaryAddressLine1,,"=""20363586""","=""38753299""","=""11297214""",Personal fixed term loan,2023-08-27 00:00:00,5000.00,0.00,,0.00,6075.00,NGN,0,Closed,2023-09-11 00:00:00,Performing
MURITALA ORIYOMI,"=""22337585339""",PrimaryAddressLine1,,"=""20363586""","=""38753299""","=""11474519""",Personal fixed term loan,2023-09-13 00:00:00,10000.00,0.00,,0.00,13300.00,NGN,0,Closed,2023-10-13 00:00:00,Performing
TANIMOLA OLAIYA,,94 ABA ARO STREET NERO BSTOP AJAH,,"=""20376992""","=""38274808""","=""13855753""",Personal fixed term loan,2024-05-17 00:00:00,10000.00,0.00,,0.00,13600.00,NGN,0,Closed,2024-06-01 00:00:00,Performing
TANIMOLA OLAIYA,,94 ABA ARO STREET NERO BSTOP AJAH,,"=""20376992""","=""38274808""","=""14063986""",Personal fixed term loan,2024-06-10 00:00:00,15000.00,0.00,,0.00,20250.00,NGN,0,Closed,2024-07-10 00:00:00,Performing
ADEBAYO ALIMOTU,,MAILINGADDRESS1,"=""2349013171018""","=""20405119""","=""PF95722""","=""A28446""",Personal fixed term loan,2024-06-10 00:00:00,162000.00,195701.06,,195701.06,195701.10,NGN,797,Open,2024-07-10 00:00:00,Lost
GLORIA KALU,,RD 2 HOUSE B10 IMOSOKAN ESTATE 1ST POWERLINE OLOGUNERU,,"=""19324335""","=""33262941""","=""RCL33262941""",Personal Overdraft,2025-04-06 00:00:00,365000.00,0.00,,,0.00,NGN,0,Open,,Performing
JOSIAH AYEGBOYIN,,AYETORO SCHEME OYO TOWN OYO STATE,,"=""19375993""","=""17594662""","=""RCL17594662""",Personal Overdraft,2025-01-31 00:00:00,100525.46,70624.37,,,70624.37,NGN,0,Open,,Performing
OLOYEDE AMINAT AMINAT,,61 ABA ALFA STREET OLOMI AREA IBADAN Ibadan SouthEast Oyo,,"=""19633397""","=""1972748""","=""RCL1972748""",,2024-12-27 00:00:00,300000.00,0.00,,,0.00,NGN,0,Open,,Performing
Haruna Ibrahim,"=""22504844054""",FEDERAL LOWCOST LAPAI,,"=""19711770""","=""8085816""","=""RCL8085816""",Personal Overdraft,2025-02-02 00:00:00,10000.00,8000.00,,8000.00,0.00,NGN,0,Open,,Performing
BASSEY EDIDIONG EDIDIONG,,26 Olaide Awoye Street,"=""2348189637901""","=""19751296""","=""37375442""","=""RCL37375442""",Personal Overdraft,2024-11-27 00:00:00,300000.00,189332.61,,,189332.61,NGN,154,Open,,Lost
ozuzuezi chidera jasper,,1 JALO CLOSE OFF AIGUOBASIMWIM GRA BENIN,,"=""20100706""","=""38679486""","=""13339831""",Personal fixed term loan,2024-03-26 00:00:00,10000.00,0.00,,0.00,13600.00,NGN,0,Closed,2024-04-25 00:00:00,Performing
ozuzuezi chidera jasper,,1 JALO CLOSE OFF AIGUOBASIMWIM GRA BENIN,,"=""20100706""","=""38679486""","=""13644701""",Personal fixed term loan,2024-04-25 00:00:00,10000.00,0.00,,0.00,13600.00,NGN,0,Closed,2024-05-25 00:00:00,Performing
ozuzuezi chidera jasper,,1 JALO CLOSE OFF AIGUOBASIMWIM GRA BENIN,,"=""20100706""","=""38679486""","=""13927008""",Personal fixed term loan,2024-05-26 00:00:00,10000.00,0.00,,0.00,13600.00,NGN,0,Closed,2024-06-25 00:00:00,Performing
ozuzuezi chidera jasper,,1 JALO CLOSE OFF AIGUOBASIMWIM GRA BENIN,,"=""20100706""","=""38679486""","=""14184119""",Personal fixed term loan,2024-06-24 00:00:00,27500.00,0.00,,0.00,35821.50,NGN,0,Closed,2024-07-24 00:00:00,Performing
SOLOMON NGOZICHUKWU MAHA,"=""22522198016""",NYSC ROAD ISHIEKPE QTRS ISSELEUKU,,"=""20614371""","=""40259438""","=""RCL40259438""",Personal Overdraft,2025-04-28 00:00:00,365000.00,581482.18,,581482.18,0.00,NGN,91,Open,,Lost
OLUWAFEMI ILORI,"=""22460383950""",NO 44 BAALE AGO ALAGA LUSADA,,"=""19256163""","=""28446270""","=""RCL28446270""",Personal Overdraft,2025-02-09 00:00:00,300000.00,0.00,,,0.00,NGN,0,Open,,Performing
MARTIN ONUEGBE,,21 CAC AVENUE IKEPO ESTATE,,"=""19271275""","=""24997395""","=""RCL24997395""",,2025-04-17 00:00:00,379600.00,76374.99,,0.00,0.00,NGN,0,Open,,Performing
Nwite Arinze Christian,,NO 73 ANYASOR STREET OKPOKO ONITSHA,,"=""19644513""","=""36596782""","=""RCL36596782""",Personal Overdraft,2024-03-08 00:00:00,20000.00,0.00,,0.00,0.00,NGN,0,Open,,Performing
opiri Ajemrona gift,,C2022 OFF PATEGI DSC,"=""08061319028""","=""20100318""","=""35208910""","=""RCL35208910""",Personal Overdraft,2024-06-08 00:00:00,145000.00,256180.14,,,256180.14,NGN,91,Open,,Lost
MOHAMMED RADIJAT,,BLK 602 FLT 2 ABESAN HOUSING ESTATE AKINYELE BSTOP IPAJA,,"=""20353589""","=""37217550""","=""11671362""",Personal fixed term loan,2023-10-02 00:00:00,50000.00,0.00,,0.00,37085.00,NGN,0,Closed,2023-12-01 00:00:00,Performing
MOHAMMED RADIJAT,,BLK 602 FLT 2 ABESAN HOUSING ESTATE AKINYELE BSTOP IPAJA,,"=""20353589""","=""37217550""","=""12830637""",Personal fixed term loan,2024-01-29 00:00:00,15000.00,0.00,,0.00,17313.00,NGN,0,Closed,2024-02-13 00:00:00,Performing
MOHAMMED RADIJAT,,BLK 602 FLT 2 ABESAN HOUSING ESTATE AKINYELE BSTOP IPAJA,,"=""20353589""","=""37217550""","=""13021044""",Personal fixed term loan,2024-02-20 00:00:00,50000.00,0.00,,0.00,30735.00,NGN,0,Closed,2024-04-20 00:00:00,Performing
EZEIHUAKU CHIOMA,,8 ABEOKUTA STREET,,"=""20389421""","=""39286820""","=""RCL39286820""",Personal Overdraft,2025-04-23 00:00:00,25000.00,0.00,,0.00,0.00,NGN,0,Open,,Performing
OLADANIEL OLUMIDE OLUFUNMI,,3A 5TH STREET ORAZI PH Port Harcourt Rivers State,,"=""20443008""","=""7754353""","=""RCL7754353""",Personal Overdraft,2025-03-22 00:00:00,65000.00,0.00,,0.00,0.00,NGN,0,Open,,Performing
ETEKOCHAY HENRY,"=""22330869001""",NO 4 LEVI CLOSE PIPELINE OFF ESARARUKPOKWU PORT HARCOURTRi,,"=""20374583""","=""39184387""","=""11545112""",Personal fixed term loan,2023-09-20 00:00:00,15000.00,0.00,,0.00,18675.00,NGN,0,Closed,2023-10-05 00:00:00,Performing
MAOVE FAVOUR,"=""22548750816""",LT COL LERAMOH FLAT 4 ARMY BARACKS KURUDU ABUJA,,"=""20391112""","=""39673658""","=""RCL39673658""",,2025-03-03 00:00:00,31496.60,44693.23,,,44693.23,NGN,68,Open,,Doubtful
ONYEMA BONIFACE BONIFACE,"=""22483114641""",2OLAOJO STR MAGBORO MAGBORO IBAFO OGUN,,"=""19809524""","=""37709820""","=""14713798""",Personal fixed term loan,2024-08-23 00:00:00,20000.00,0.00,,0.00,26088.00,NGN,0,Closed,2024-09-22 00:00:00,Performing
ONYEMA BONIFACE BONIFACE,"=""22483114641""",2OLAOJO STR MAGBORO MAGBORO IBAFO OGUN,,"=""19809524""","=""37709820""","=""14947809""",Personal fixed term loan,2024-09-17 00:00:00,35000.00,0.00,,0.00,45591.00,NGN,0,Closed,2024-10-17 00:00:00,Performing
ONYEMA BONIFACE BONIFACE,"=""22483114641""",2OLAOJO STR MAGBORO MAGBORO IBAFO OGUN,,"=""19809524""","=""37709820""","=""15173621""",Personal fixed term loan,2024-10-15 00:00:00,27500.00,0.00,,0.00,36465.00,NGN,0,Closed,2024-11-14 00:00:00,Performing
ONYEMA BONIFACE BONIFACE,"=""22483114641""",2OLAOJO STR MAGBORO MAGBORO IBAFO OGUN,,"=""19809524""","=""37709820""","=""15380025""",Personal fixed term loan,2024-11-13 00:00:00,30000.00,0.00,,0.00,39360.00,NGN,0,Closed,2024-12-13 00:00:00,Performing
FALADE DEBORAH,"=""22236063561""",NO 1 OGUNBOWALE STREET ABEOKUTA,,"=""20375197""","=""39665959""","=""RCL39665959""",Personal Overdraft,2024-09-26 00:00:00,120000.00,73695.00,,,73695.00,NGN,0,Open,,Performing
UDOFA GODWIN,,15 IDAK OKPO STR UYO,"=""08065152139""","=""20401112""","=""39528173""","=""RCL39528173""",Personal Overdraft,2025-03-18 00:00:00,105000.00,6370.97,,,6370.97,NGN,57,Open,,Sub standard
ADEBAYO ESTHER,"=""22201920840""",22 AJOSE STREET SHOMOLU LAGOS,,"=""20401405""","=""39206576""","=""RCL39206576""",Personal Overdraft,2024-07-15 00:00:00,110124.90,109076.93,,,109076.93,NGN,65,Open,,Doubtful
SAMUEL BAMISHE,"=""22368966468""",8 IGBEHINADUN STEET MAKOKO YABA Lagos Mainland Lagos State,,"=""19360909""","=""7572283""","=""RCL7572283""",Personal Overdraft,2024-12-11 00:00:00,78000.00,116712.23,,116712.23,96767.14,NGN,65,Open,,Doubtful
EJIKE,,ACCESS BANK PLC HEAD OFFICE LAGOS,,"=""19556556""","=""38735892""","=""RCL38735892""",Personal Overdraft,2025-01-29 00:00:00,47104.60,46400.71,,46400.71,43692.49,NGN,61,Open,,Doubtful
ADEOYE DAMILARE DAMILARE,"=""22279178969""",2 AJAYI OLAPADE STR OKEODO BSTOP IYANA IPAJA,"=""2348173865652""","=""19750947""","=""37521014""","=""RCL37521014""",Personal Overdraft,2024-05-12 00:00:00,200000.00,0.00,,,0.00,NGN,0,Open,,Performing
AFOLABI DANIEL DANIEL,,3RD AVENUE Q CLOSE HOUSE 8 FESTAC TOWN LAGOS,,"=""19751556""","=""36660191""","=""RCL36660191""",Personal Overdraft,2024-10-13 00:00:00,260000.00,0.00,,0.00,0.00,NGN,0,Open,,Performing
SUNDAY JULIET JULIET,"=""22223972816""",PLOT 465 ZONE 3 FINIMA BONNY ISLAND,,"=""19819101""","=""38367648""","=""RCL38367648""",Personal Overdraft,2024-12-16 00:00:00,42500.00,78657.42,,0.00,46421.33,NGN,90,Open,,Lost
PATRICK KINGSLEY AKPAN,"=""22535920666""",JOHNSONS COMPOUND UMUAKO ITUNTA Ikwuano Abia State,,"=""20257876""","=""25560898""","=""RCL25560898""",Personal Overdraft,2025-01-28 00:00:00,10000.00,18227.55,,,18227.55,NGN,32,Open,,
JOSEPH OLUWATOBILOBA,"=""22615984083""",NO O5 ADEWUNMI STREET ADEBAKIN CRESCENT IKOSI KETU,,"=""20352927""","=""37287987""","=""RCL37287987""",Personal Overdraft,2024-04-26 00:00:00,40000.00,66204.34,,447.33,66204.34,NGN,175,Open,,Lost
AJAYI OMOTOLANI,"=""22344976791""",10 SUNDAY FADIPE STREET ALAGBADO IFAKOIJAIYE,,"=""20401788""","=""37564712""","=""13939213""",Personal fixed term loan,2024-05-27 00:00:00,35000.00,0.00,,0.00,45269.00,NGN,0,Closed,2024-06-26 00:00:00,Performing
Precious Chinecherem Eze,"=""22206981514""",Yimi zuba abuja,"=""2348173183124""","=""20499579""","=""PF23571""","=""A8617""",Personal fixed term loan,2023-12-25 00:00:00,60000.00,0.00,,0.00,64490.70,NGN,0,Closed,2024-01-01 00:00:00,Performing
N ODOH MALACHY,"=""22217352563""",1 MALOBI STREET UGBENE ABAKPA NIKE ENUGU,,"=""20527666""","=""40141261""","=""RCL40141261""",Personal Overdraft,2024-05-04 00:00:00,195000.00,2197.19,,,2197.19,NGN,0,Open,,Performing
AZIADOUVO ETIANNE,"=""22525511427""",7 TAOFEEKI LAWAL STREET,,"=""20400723""","=""38886149""","=""13796232""",Personal fixed term loan,2024-05-11 00:00:00,60000.00,0.00,,0.00,75276.00,NGN,0,Closed,2024-06-10 00:00:00,Performing
ZULAIHAT YUSUF,,180 KWARBAI,,"=""19255662""","=""36568947""","=""11252488""",Personal fixed term loan,2023-08-22 00:00:00,20000.00,0.00,,0.00,13710.00,NGN,0,Closed,2023-10-21 00:00:00,Performing
ZULAIHAT YUSUF,,180 KWARBAI,,"=""19255662""","=""36568947""","=""14587695""",Personal fixed term loan,2024-08-08 00:00:00,120000.00,0.00,,0.00,55616.00,NGN,0,Closed,2024-11-06 00:00:00,Performing
ZULAIHAT YUSUF,,180 KWARBAI,,"=""19255662""","=""36568947""","=""15069978""",Personal fixed term loan,2024-10-01 00:00:00,300000.00,0.00,,0.00,134550.00,NGN,0,Closed,2025-01-29 00:00:00,Performing
QUDUS ADELUGBIN,"=""22447744220""",no 2 osungbekun street osogbo,,"=""19276620""","=""34753056""","=""RCL34753056""",Personal Overdraft,2024-09-06 00:00:00,35000.00,103150.50,,,103150.50,NGN,91,Open,,Lost
DORCAS ODETOYE,"=""22700689280""",44 OLOKODANA STREET OYINGBO LAGOS MAINLAND L,,"=""19356206""","=""36613740""","=""11849417""",Personal fixed term loan,2023-10-18 00:00:00,5000.00,0.00,,0.00,6500.00,NGN,0,Closed,2023-11-17 00:00:00,Performing
Ademokoya michael,"=""22388636231""",NO 23 FEMI ALEWI STREET OKUTA ELERINLA ESTATE,,"=""19696674""","=""35170733""","=""RCL35170733""",Personal Overdraft,2025-06-02 00:00:00,10000.00,25570.07,,,25570.07,NGN,62,Open,,Doubtful
Essang Samuel Samuel,"=""22638122167""",OKON MATHIAS COMPOUND MBAK ROAD UYO Akwa Ibom State nigeri,,"=""19746878""","=""35850299""","=""RCL35850299""",Personal Overdraft,2024-05-10 00:00:00,160000.00,230158.62,,,230158.62,NGN,158,Open,,Lost
BU AMOS AMOS,,Not Available,,"=""19811922""","=""14434506""","=""RCL14434506""",Personal Overdraft,2024-04-12 00:00:00,40000.00,0.00,,0.00,14547.67,NGN,0,Open,,Open
SYLVESTER KUTUOJOLE PEDRO,,NO 1 ODOFIN COMPOUND ARAROMI BUS STOP IGANDO LAGOS,"=""08160684149""","=""19921413""","=""35694762""","=""RCL35694762""",Personal Overdraft,2024-12-18 00:00:00,300000.00,136673.80,,,136673.80,NGN,31,Open,,Sub standard
EMEH KEVIN CHUKWUEMEKA,,NO 5 MBANUGO STREET TRANSEKULU ENUGE,,"=""20201156""","=""15217233""","=""RCL15217233""",,2025-04-07 00:00:00,50000.00,18263.58,,18264.00,0.00,NGN,2,Open,,Watchlist
ONUU UDUMA,,UGWELUEKOLI EDDA,,"=""20338021""","=""39022932""","=""RCL39022932""",Personal Overdraft,2025-02-05 00:00:00,115000.00,0.00,,,0.00,NGN,0,Open,,
SAKA BARAKAT,"=""22146955815""",5 AKINPELU STREET LADILAK BARIGA,,"=""20354435""","=""3327726""","=""RCL3327726""",Personal Overdraft,2024-11-03 00:00:00,200000.00,283985.57,,,283985.57,NGN,61,Open,,Doubtful
CHIAKWA KENNETH,"=""22249736816""",13 NWAMMADU STR UGBENE 11 ABAKPA NIKE,,"=""20399666""","=""39261191""","=""RCL39261191""",Personal Overdraft,2024-09-18 00:00:00,300000.00,0.00,,,0.00,NGN,0,Open,,Performing
OGBA AGHOGHO,,NO 1 AGHOGHO OGBA LANE  BY BIGGS UGHELLI,,"=""20403567""","=""38373590""","=""RCL38373590""",Personal Overdraft,2024-07-25 00:00:00,200000.00,0.00,,0.00,180000.00,NGN,0,Open,,Performing
Yetunde Salimot Gazal,,NO 9 ODO EGBO STREET IJEBU ODE,,"=""20423866""","=""55448223""","=""RCL55448223""",Personal Overdraft,2025-02-04 00:00:00,50000.00,61423.71,,0.00,41952.12,NGN,97,Open,,Lost
OKWUCHUKWU NELSON ABUAH,"=""22534415895""",2 ONWUDINJOR STREET,,"=""20556051""","=""22189513""","=""RCL22189513""",Personal Overdraft,2025-01-21 00:00:00,40000.00,110948.26,,,110948.26,NGN,95,Open,,
Emmanuel Makinde,,ZONE 1 NO 17 ADELEYE IBADAN,,"=""19306548""","=""36733284""","=""RCL36733284""",Personal Overdraft,2024-01-08 00:00:00,110315.18,137767.81,,137767.81,122275.28,NGN,35,Open,,Sub standard
AUSTIN ANIEDE,,57 ASABA STREET AMUZUKWU UMUAHIA,,"=""19378647""","=""36874309""","=""RCL36874309""",Personal Overdraft,2024-07-31 00:00:00,300000.00,3717.37,,,3717.37,NGN,109,Open,,Lost
jemirin ADESAYO ADESAYO,,opp fce okene eika agagu,,"=""19774663""","=""37707601""","=""RCL37707601""",Personal Overdraft,2024-03-07 00:00:00,200000.00,0.00,,,0.00,NGN,0,Open,,Performing
OGBONNAYA JOSEPH JOSEPH,"=""22372410867""",NO OLUSESAN OGUNRO STREET Alimosho Lagos State,"=""2348097523154""","=""19781016""","=""6529690""","=""RCL6529690""",,2024-05-21 00:00:00,195000.00,0.00,,,0.00,NGN,0,Open,,Performing
UKO EMAETTE USUAETTE,,1 PAPI NYECHE CLOSE NKPOLU RUMUIGBO,"=""08066870611""","=""20527664""","=""2926364""","=""RCL2926364""",Personal Overdraft,2025-01-24 00:00:00,240000.00,0.00,,0.00,13360.00,NGN,0,Open,,Performing
AYOBAMI AYOOLA,,14 IFELODUN STREET AGBELEKALE BUS STOP ABULE EGBA,,"=""20347532""","=""38864637""","=""14791812""",Personal fixed term loan,2024-08-31 00:00:00,35000.00,0.00,,0.00,46550.00,NGN,0,Closed,2024-09-15 00:00:00,Performing
AYOBAMI AYOOLA,,14 IFELODUN STREET AGBELEKALE BUS STOP ABULE EGBA,,"=""20347532""","=""38864637""","=""14954320""",Personal fixed term loan,2024-09-18 00:00:00,70000.00,0.00,,0.00,94500.00,NGN,0,Closed,2024-10-18 00:00:00,Performing
AYOBAMI AYOOLA,,14 IFELODUN STREET AGBELEKALE BUS STOP ABULE EGBA,,"=""20347532""","=""38864637""","=""15718555""",Personal fixed term loan,2024-12-28 00:00:00,10000.00,0.00,,0.00,29000.00,NGN,0,Closed,2025-01-12 00:00:00,Performing
OGUGUO AUGUSTINE,,20 UMUOGBUNU VILLAGE AWKA,,"=""20358578""","=""15298929""","=""RCL15298929""",Personal Overdraft,2025-06-17 00:00:00,80000.00,0.00,,,0.00,NGN,0,Open,,Performing
EKO AYOBAMI,,15 AROGUNMOLA STREET OJU ORE OTA Ado Odo Ota Ogun State,,"=""20385386""","=""12188380""","=""RCL12188380""",Personal Overdraft,2024-11-13 00:00:00,300000.00,382726.41,,382726.41,273612.54,NGN,96,Open,,Lost
OCHULO BEAUTY,"=""22329886437""",13 ADEMEFUN STREET ALIMOSHO BSTOP IYANA IPA,,"=""20401962""","=""37481573""","=""11929745""",Personal fixed term loan,2023-10-26 00:00:00,30000.00,0.00,,0.00,36450.00,NGN,0,Closed,2023-11-10 00:00:00,Performing
IKENGA OGWO DANIEL,"=""22333784516""",2 NWAGIRI STREETBLOCK FLAT 1 FESTAC TOWNLAGOS STATE,,"=""20556229""","=""50003840""","=""RCL50003840""",,2025-04-22 00:00:00,200000.00,0.00,,,0.00,NGN,0,Open,,Performing
MICHAEL OGHENEDE,"=""22347408664""",DEPT OF PHYSIOLOGY UNIBEN BENIN CITY,,"=""19357977""","=""36265692""","=""13005533""",Personal fixed term loan,2024-02-18 00:00:00,15000.00,0.00,,0.00,17919.00,NGN,0,Closed,2024-03-19 00:00:00,Performing
MICHAEL OGHENEDE,"=""22347408664""",DEPT OF PHYSIOLOGY UNIBEN BENIN CITY,,"=""19357977""","=""36265692""","=""14401510""",Personal fixed term loan,2024-07-18 00:00:00,15000.00,0.00,,0.00,18375.00,NGN,0,Closed,2024-08-17 00:00:00,Performing
OGAH LIZZY LIZZY,"=""22679739777""",KUBWA ABUJA,,"=""19738210""","=""38365619""","=""11415493""",Personal fixed term loan,2023-09-07 00:00:00,20000.00,0.00,,0.00,26400.00,NGN,0,Closed,2023-10-07 00:00:00,Performing
OGAH LIZZY LIZZY,"=""22679739777""",KUBWA ABUJA,,"=""19738210""","=""38365619""","=""11688232""",Personal fixed term loan,2023-10-04 00:00:00,30000.00,0.00,,0.00,39900.00,NGN,0,Closed,2023-11-03 00:00:00,Performing
OGAH LIZZY LIZZY,"=""22679739777""",KUBWA ABUJA,,"=""19738210""","=""38365619""","=""12023009""",Personal fixed term loan,2023-11-04 00:00:00,30000.00,0.00,,0.00,39900.00,NGN,0,Closed,2023-12-04 00:00:00,Performing
HAMMED HUSSEIN,"=""22443843620""",10 JI HAMMED TAPA STR OK UNNUGA OFFIN BS IGBOGBO,,"=""20344474""","=""39725211""","=""RCL39725211""",Personal Overdraft,2024-11-29 00:00:00,75600.00,105978.96,,,105978.96,NGN,96,Open,,Lost
MAGDALEN EKOYATA EHIDIAMHEN,"=""22467179176""",26Yesuif street off upper forestry Ring road Benin city,"=""2348142564083""","=""20418517""","=""PF65710""","=""A9164""",Personal fixed term loan,2023-12-29 00:00:00,12000.00,0.00,,0.00,12396.50,NGN,0,Closed,2024-01-03 00:00:00,Performing
FARUQ SHINA BABATUNDE,"=""22540675935""",GANIYU HOUSE IYAJI LAYOUT CELE AREA CELE OYO OYO STATE,,"=""20560859""","=""8672534""","=""RCL8672534""",Personal Overdraft,2025-01-31 00:00:00,10000.00,34742.13,,,34742.13,NGN,90,Open,,
AKANBI ADEBAYO,,36 BUDLAND STREET LAGOS,,"=""19257521""","=""1725366""","=""RCL1725366""",Personal Overdraft,2025-07-15 00:00:00,70000.00,0.00,,,0.00,NGN,0,Open,,Performing
BENJAMIN UDEZE,,8 JACKSON LANE OFF HAPPY STREET PORTHARCOURT,,"=""19257908""","=""36645366""","=""RCL36645366""",Personal Overdraft,2025-01-17 00:00:00,110000.00,193535.14,,0.00,0.00,NGN,94,Open,,Lost
Athanasius Akojuru,,Not Available,,"=""19299322""","=""15925800""","=""RCL15925800""",Personal Overdraft,2024-12-20 00:00:00,100000.00,92581.76,,,92581.76,NGN,94,Open,,Lost
augustine ogacheko,"=""22321468961""",ejule ofu lga,,"=""19300624""","=""34424973""","=""RCL34424973""",Personal Overdraft,2024-07-23 00:00:00,126383.92,151541.69,,,151541.69,NGN,61,Open,,Doubtful
blessing edu,"=""22218483273""",18a ferrostaal camp Ikot Abasi Akwa Ibom State,,"=""19324003""","=""9002877""","=""RCL9002877""",Personal Overdraft,2024-04-24 00:00:00,151984.35,0.00,,0.00,0.00,NGN,0,Open,,Performing
NAOMI ARUA,"=""22507043445""",82 BODETHOMAS STRET ADENIRAN OGUNSANYA SURULERE,,"=""19362860""","=""36772723""","=""13374863""",Personal fixed term loan,2024-03-29 00:00:00,15000.00,0.00,,0.00,19860.00,NGN,0,Closed,2024-04-28 00:00:00,Performing
hamzat hamzat ismail,,12 ADEYEMO LAYOUT MOLETE,,"=""19645521""","=""10073237""","=""RCL10073237""",Personal Overdraft,2024-09-25 00:00:00,85000.00,0.00,,,0.00,NGN,0,Open,,Performing
RASHEED ADEMOLA ADEMOLA,,NO 10 IFELODUN 2 MUSLIM AREA IBADAN,,"=""19754353""","=""37424372""","=""RCL37424372""",Personal Overdraft,2024-06-22 00:00:00,156000.00,2707.01,,0.00,193162.56,NGN,0,Open,,Performing
LAWAL MONSURU MONSURU,,19 ORI ADE STREET ILAMOSHE ESTATE,,"=""19763190""","=""38173148""","=""RCL38173148""",Personal Overdraft,2025-01-14 00:00:00,285000.00,0.00,,0.00,5820.00,NGN,0,Open,,Performing
ojo isaac oluwole,,23A REDEMPTION WAY SABO ONDO,,"=""20100850""","=""25919142""","=""RCL25919142""",,2025-02-21 00:00:00,50000.00,86993.53,,0.00,60300.00,NGN,78,Open,,Doubtful
