Name,BankVerificationNumber,Address,HomeTelephoneNumber,FirstCentralReferenceNo,customerid,AccountNo,TypeOfAccount,DateAccountOpened,OpeningBalanceAmt,CurrentBalanceAmt,CurrentBalanceDebitInd,AmountOverdue,InstalmentAmount,Currency,MonthsInArrears,AccountStatusCode,ClosedDate,loanclassification
ANYABUNSI PRECIOUS PRECIOUS,,NO 5 AVENUE OSAPA AGUNGI LEKKI,,"=""20819716""","=""38233117""","=""10992538""",Personal fixed term loan,2023-07-27 00:00:00,100000.00,0.00,,0.00,179550.00,NGN,0,Closed,2023-08-11 00:00:00,Performing
ANYABUNSI PRECIOUS PRECIOUS,,NO 5 AVENUE OSAPA AGUNGI LEKKI,,"=""20819716""","=""38233117""","=""11157300""",Personal fixed term loan,2023-08-12 00:00:00,200000.00,0.00,,0.00,126200.00,NGN,0,Closed,2023-10-11 00:00:00,Performing
ANYABUNSI PRECIOUS PRECIOUS,,NO 5 AVENUE OSAPA AGUNGI LEKKI,,"=""20819716""","=""38233117""","=""11679670""",Personal fixed term loan,2023-10-03 00:00:00,200000.00,0.00,,0.00,189300.00,NGN,0,Closed,2023-12-02 00:00:00,Performing
ANYABUNSI PRECIOUS PRECIOUS,,NO 5 AVENUE OSAPA AGUNGI LEKKI,,"=""20819716""","=""38233117""","=""12795757""",Personal fixed term loan,2024-01-25 00:00:00,300000.00,0.00,,0.00,206210.00,NGN,0,Closed,2024-04-08 00:00:00,Performing
ANYABUNSI PRECIOUS PRECIOUS,,NO 5 AVENUE OSAPA AGUNGI LEKKI,,"=""20819716""","=""38233117""","=""13621683""",Personal fixed term loan,2024-04-22 00:00:00,200000.00,0.00,,0.00,126000.00,NGN,0,Closed,2024-06-21 00:00:00,Performing
ANYABUNSI PRECIOUS PRECIOUS,,NO 5 AVENUE OSAPA AGUNGI LEKKI,,"=""20819716""","=""38233117""","=""8096406""",Personal fixed term loan,2022-09-26 00:00:00,90000.00,0.00,,0.00,39330.00,NGN,0,Closed,2023-01-04 00:00:00,Performing
SOLOMON OLADIMEJI YUSUF,"=""22524648649""",14 15 Prince Alaba Oniru road,,"=""20902999""","=""37059705""","=""11584563""",Personal fixed term loan,2023-09-24 00:00:00,5000.00,0.00,,0.00,6650.00,NGN,0,Closed,2023-10-09 00:00:00,Performing
SOLOMON OLADIMEJI YUSUF,"=""22524648649""",14 15 Prince Alaba Oniru road,,"=""20902999""","=""37059705""","=""11757008""",Personal fixed term loan,2023-10-10 00:00:00,5000.00,0.00,,0.00,6650.00,NGN,0,Closed,2023-10-25 00:00:00,Performing
SOLOMON OLADIMEJI YUSUF,"=""22524648649""",14 15 Prince Alaba Oniru road,,"=""20902999""","=""37059705""","=""13542314""",Personal fixed term loan,2024-04-14 00:00:00,10000.00,0.00,,0.00,13600.00,NGN,0,Closed,2024-04-29 00:00:00,Performing
SOLOMON OLADIMEJI YUSUF,"=""22524648649""",14 15 Prince Alaba Oniru road,,"=""20902999""","=""37059705""","=""13684727""",Personal fixed term loan,2024-04-29 00:00:00,10000.00,0.00,,0.00,13600.00,NGN,0,Closed,2024-05-29 00:00:00,Performing
SOLOMON OLADIMEJI YUSUF,"=""22524648649""",14 15 Prince Alaba Oniru road,,"=""20902999""","=""37059705""","=""13972651""",Personal fixed term loan,2024-05-31 00:00:00,10000.00,0.00,,0.00,13600.00,NGN,0,Closed,2024-06-30 00:00:00,Performing
SOLOMON OLADIMEJI YUSUF,"=""22524648649""",14 15 Prince Alaba Oniru road,,"=""20902999""","=""37059705""","=""14237100""",Personal fixed term loan,2024-06-30 00:00:00,10000.00,0.00,,0.00,13600.00,NGN,0,Closed,2024-07-30 00:00:00,Performing
SOLOMON OLADIMEJI YUSUF,"=""22524648649""",14 15 Prince Alaba Oniru road,,"=""20902999""","=""37059705""","=""14714329""",Personal fixed term loan,2024-08-23 00:00:00,10000.00,0.00,,0.00,13600.00,NGN,0,Closed,,Performing
SOLOMON OLADIMEJI YUSUF,"=""22524648649""",14 15 Prince Alaba Oniru road,,"=""20902999""","=""37059705""","=""15170089""",Personal fixed term loan,2024-10-15 00:00:00,50000.00,0.00,,0.00,65250.00,NGN,0,Closed,2024-11-14 00:00:00,Performing
SOLOMON OLADIMEJI YUSUF,"=""22524648649""",14 15 Prince Alaba Oniru road,,"=""20902999""","=""37059705""","=""15396429""",Personal fixed term loan,2024-11-15 00:00:00,40000.00,0.00,,0.00,110240.00,NGN,0,Closed,2024-11-30 00:00:00,Performing
ECHE SAMUEL Samuel,"=""22284440262""",16 REGAE STR OTURKPO,,"=""21083404""","=""38930261""","=""RCL38930261""",Personal Overdraft,2024-07-11 00:00:00,170000.00,220222.85,,,220222.85,NGN,92,Open,,Lost
Eze Charity,"=""22364650710""",TIPPER PARK 3STOREY BUILDING UGWUOYE OFF ENUGU ROAD,,"=""21267078""","=""38786484""","=""14000352""",Personal fixed term loan,2024-06-03 00:00:00,7500.00,0.00,,0.00,9750.00,NGN,0,Closed,2024-07-03 00:00:00,Performing
RAHMON RAHEEM RAHEEM,"=""22274734096""",12 OKEAWORI STREET AJAHALESH BUS STOP AJAH,,"=""20788932""","=""1267082""","=""RCL1267082""",Personal Overdraft,2024-09-13 00:00:00,234000.00,0.00,,0.00,0.00,NGN,0,Open,,Performing
AMACHREE OPUWARI OPUWARI,"=""22598546276""",9 PENTAGON CRESCENT PORTHARCOU,,"=""20791982""","=""39303389""","=""13498703""",Personal fixed term loan,2024-04-10 00:00:00,10000.00,0.00,,0.00,13600.00,NGN,0,Closed,2024-05-10 00:00:00,Performing
EZE UGOCHUKWU UGOCHUKWU,,24 AIRWAYS IJESHA SURULERE,,"=""20798491""","=""4604729""","=""RCL4604729""",Personal Overdraft,2024-06-09 00:00:00,10000.00,0.00,,0.00,0.00,NGN,0,Open,,Open
Ifeoluwa Iyede Samson,"=""22631444703""",5 AWAWU BALOGUN STREET CUSTOM BSTOP IKOTUN LLAGOS,,"=""20853838""","=""42780494""","=""13401493""",Personal fixed term loan,2024-04-01 00:00:00,10000.00,0.00,,0.00,13600.00,NGN,0,Closed,2024-05-01 00:00:00,Performing
Ifeoluwa Iyede Samson,"=""22631444703""",5 AWAWU BALOGUN STREET CUSTOM BSTOP IKOTUN LLAGOS,,"=""20853838""","=""42780494""","=""13444455""",Personal fixed term loan,2024-04-05 00:00:00,10000.00,0.00,,0.00,13600.00,NGN,0,Closed,2024-05-05 00:00:00,Performing
EZEAMU OGECHI BENEDICTA,"=""22426649014""",33 ADETOLA STREET AGUDA SURULERESURULERELAGOS STATE,,"=""20875039""","=""43551402""","=""10418045""",Personal fixed term loan,2023-05-28 00:00:00,7500.00,0.00,,0.00,8850.00,NGN,0,Closed,2023-06-12 00:00:00,Performing
EMMANUEL OLAJIDE ORIYOMI,"=""22444521428""",ACCESS BANK PLC PLOT 1665 OYIN JOLAYEMI STREET V ISLAND,,"=""20883625""","=""43309570""","=""12789474""",Personal fixed term loan,2024-01-24 00:00:00,5000.00,0.00,,0.00,6670.00,NGN,0,Closed,2024-02-08 00:00:00,Performing
EMMANUEL OLAJIDE ORIYOMI,"=""22444521428""",ACCESS BANK PLC PLOT 1665 OYIN JOLAYEMI STREET V ISLAND,,"=""20883625""","=""43309570""","=""12887497""",Personal fixed term loan,2024-02-05 00:00:00,22500.00,0.00,,0.00,28896.75,NGN,0,Closed,2024-03-06 00:00:00,Performing
EMMANUEL OLAJIDE ORIYOMI,"=""22444521428""",ACCESS BANK PLC PLOT 1665 OYIN JOLAYEMI STREET V ISLAND,,"=""20883625""","=""43309570""","=""13150098""",Personal fixed term loan,2024-03-05 00:00:00,20000.00,0.00,,0.00,26088.00,NGN,0,Closed,2024-04-04 00:00:00,Performing
EMMANUEL OLAJIDE ORIYOMI,"=""22444521428""",ACCESS BANK PLC PLOT 1665 OYIN JOLAYEMI STREET V ISLAND,,"=""20883625""","=""43309570""","=""13724246""",Personal fixed term loan,2024-05-03 00:00:00,20000.00,0.00,,0.00,26088.00,NGN,0,Closed,2024-06-02 00:00:00,Performing
EMMANUEL OLAJIDE ORIYOMI,"=""22444521428""",ACCESS BANK PLC PLOT 1665 OYIN JOLAYEMI STREET V ISLAND,,"=""20883625""","=""43309570""","=""14078170""",Personal fixed term loan,2024-06-11 00:00:00,22500.00,0.00,,0.00,29349.00,NGN,0,Closed,2024-07-11 00:00:00,Performing
WINIFRED IKYERNUM,,NO 67 TRANS AMADI INDUSTRIAL LAYOUT PHC,"=""09037229411""","=""20933751""","=""40518173""","=""RCL40518173""",Personal Overdraft,2024-09-24 00:00:00,180000.00,316305.09,,,316305.09,NGN,92,Open,,Lost
JULIA CHIKA,,11 CANAL STREET OKOTA,,"=""20940444""","=""41200331""","=""RCL41200331""",Personal Overdraft,2024-08-27 00:00:00,270427.50,409570.92,,,409570.92,NGN,61,Open,,Doubtful
KAFILAT AWONUGA,"=""22520435043""",4 SEGUN ISHOLA STREET AGRIC IKORODU LAGOS STATE,,"=""20949000""","=""41161434""","=""RCL41161434""",Personal Overdraft,2024-06-22 00:00:00,100000.00,0.00,,0.00,0.00,NGN,0,Open,,Performing
faluyi olushola Opeyemi,"=""22242000129""",3 KOLA LAWAL CLOSE JANKARA IJAIYE,,"=""21124374""","=""55199789""","=""RCL55199789""",Personal Overdraft,2025-05-01 00:00:00,10000.00,20559.39,,0.00,16197.07,NGN,92,Open,,Lost
Jibril Salawudeen Adinoyi,,NO 11NIGER SECONDARY SCHOOLGAURAKA,,"=""21300681""","=""47001076""","=""RCL47001076""",Personal Overdraft,2024-11-19 00:00:00,75000.00,13557.10,,,13557.10,NGN,0,Open,,Performing
ADEOLU OREOLUWA OREOLUWA,,NO 23 ASSOCIATION CRESCENT ABIMBOLA ESTATENEW OKOOBA,,"=""20811146""","=""40552086""","=""RCL40552086""",,2024-11-28 00:00:00,150000.00,119696.43,,,119696.43,NGN,10,Open,,Watchlist
DAVID olaide olaide,,no 2 adebayo close eko lolu bstop surulere lagos,,"=""20818964""","=""8257363""","=""RCL8257363""",Personal Overdraft,2025-04-24 00:00:00,75000.00,0.00,,,0.00,NGN,0,Open,,
SAMUEL OGIE,"=""22494499988""",NO 3 TEMIDIRE ESTATE OJURIN AKOBO,,"=""20949406""","=""38461332""","=""RCL38461332""",Personal Overdraft,2024-07-27 00:00:00,160000.00,0.00,,,0.00,NGN,0,Open,,Performing
OGONNA NSOFOR,"=""22304237757""",6 CHIENE STREET ACHARA LAYOUT ENUGU,,"=""20971617""","=""39142073""","=""8414063""",Personal fixed term loan,2022-10-27 00:00:00,80000.00,0.00,,0.00,18400.00,NGN,0,Closed,2023-04-25 00:00:00,Performing
DAVID EDOR,"=""22204996646""",FCDA KUBWA,,"=""21475472""","=""41803784""","=""RCL41803784""",Personal Overdraft,2024-11-08 00:00:00,145000.00,285953.56,,,285953.56,NGN,96,Open,,Lost
MOYINOLORUN AKINBORO AKINOLA,,29 BLK 46 ADETORO ADELEJA,,"=""21563446""","=""53098059""","=""RCL53098059""",Personal Overdraft,2025-02-28 00:00:00,35000.00,100845.34,,,100845.34,NGN,62,Open,,Doubtful
UGONMA IHEANACHOR,"=""22639893224""",25 SCHOOL ROAD IGWURUTA PHC,,"=""21683389""","=""42369099""","=""11415137""",Personal fixed term loan,2023-09-07 00:00:00,5000.00,0.00,,0.00,6500.00,NGN,0,Closed,2023-10-07 00:00:00,Performing
UGONMA IHEANACHOR,"=""22639893224""",25 SCHOOL ROAD IGWURUTA PHC,,"=""21683389""","=""42369099""","=""11628893""",Personal fixed term loan,2023-09-28 00:00:00,20000.00,0.00,,0.00,26000.00,NGN,0,Closed,2023-10-28 00:00:00,Performing
AWURI NWASONYIWE,,12 WADMATS CLOSEIGANDO,,"=""21684457""","=""42772428""","=""10090171""",Personal fixed term loan,2023-04-26 00:00:00,22500.00,0.00,,0.00,28575.00,NGN,0,Open,2023-05-26 00:00:00,Lost
AWURI NWASONYIWE,,12 WADMATS CLOSEIGANDO,,"=""21684457""","=""42772428""","=""12437415""",Personal fixed term loan,2023-12-15 00:00:00,200000.00,0.00,,0.00,98627.00,NGN,0,Closed,2024-03-14 00:00:00,Performing
BOLUWATIFE ADELANA,"=""22652619386""",5 ADEOLA STREET PALMGROVE SOMOLU LAGOS,,"=""21694045""","=""42520365""","=""11731912""",Personal fixed term loan,2023-10-07 00:00:00,15000.00,0.00,,0.00,18405.00,NGN,0,Closed,2023-10-22 00:00:00,Performing
BOLUWATIFE ADELANA,"=""22652619386""",5 ADEOLA STREET PALMGROVE SOMOLU LAGOS,,"=""21694045""","=""42520365""","=""12588445""",Personal fixed term loan,2024-01-01 00:00:00,5000.00,0.00,,0.00,5950.00,NGN,0,Closed,2024-01-16 00:00:00,Performing
BOLUWATIFE ADELANA,"=""22652619386""",5 ADEOLA STREET PALMGROVE SOMOLU LAGOS,,"=""21694045""","=""42520365""","=""12788915""",Personal fixed term loan,2024-01-24 00:00:00,10000.00,0.00,,0.00,12450.00,NGN,0,Closed,2024-02-08 00:00:00,Performing
BOLUWATIFE ADELANA,"=""22652619386""",5 ADEOLA STREET PALMGROVE SOMOLU LAGOS,,"=""21694045""","=""42520365""","=""13028486""",Personal fixed term loan,2024-02-20 00:00:00,12500.00,0.00,,0.00,16406.25,NGN,0,Closed,2024-03-06 00:00:00,Performing
BOLUWATIFE ADELANA,"=""22652619386""",5 ADEOLA STREET PALMGROVE SOMOLU LAGOS,,"=""21694045""","=""42520365""","=""13223921""",Personal fixed term loan,2024-03-13 00:00:00,10000.00,0.00,,0.00,13600.00,NGN,0,Closed,2024-04-12 00:00:00,Performing
BOLUWATIFE ADELANA,"=""22652619386""",5 ADEOLA STREET PALMGROVE SOMOLU LAGOS,,"=""21694045""","=""42520365""","=""13657856""",Personal fixed term loan,2024-04-26 00:00:00,10000.00,0.00,,0.00,14500.00,NGN,0,Closed,2024-05-26 00:00:00,Performing
USMAN YERO,"=""22459682846""",27 Onoh Cres GRA 400102 Enugu Nigeria,"=""8039610185""","=""21701879""","=""37392508""","=""10765589""",Personal fixed term loan,2023-07-02 00:00:00,12500.00,0.00,,0.00,16250.00,NGN,0,Closed,2023-08-01 00:00:00,Performing
USMAN YERO,"=""22459682846""",27 Onoh Cres GRA 400102 Enugu Nigeria,"=""8039610185""","=""21701879""","=""37392508""","=""11053103""",Personal fixed term loan,2023-08-02 00:00:00,15000.00,0.00,,0.00,19125.00,NGN,0,Closed,2023-09-08 00:00:00,Performing
CHUKWUEBUKA NWANKWO,,NWANKWOS COMP UMUEZE ISUOFIA,,"=""20691184""","=""17057987""","=""RCL17057987""",Personal Overdraft,2025-03-13 00:00:00,300000.00,542704.58,,542704.58,330767.98,NGN,92,Open,,Lost
IBRAHIM ISAH ISAH,"=""22283253373""",No 1 CC NWUCHE STREET TRADE MORE ESTATE LUGBE,"=""2349068030364""","=""20793321""","=""PF87449""","=""A28601""",Personal fixed term loan,2024-06-11 00:00:00,36000.00,0.00,,0.00,36673.10,NGN,0,Closed,2024-06-14 00:00:00,Performing
OLOWOKANGA AYODEJI AYODEJI,,15 AJOKE KAZEEM STREET SUBOL BUS STOP IKOTUN,,"=""20795796""","=""40474850""","=""RCL40474850""",,2024-07-11 00:00:00,189280.00,164143.08,,,164143.08,NGN,0,Open,,Performing
BELLO TITILAYO TITILAYO,,23 ADEDOYIN STREET IJAGEMO IKOTUN,,"=""20804312""","=""40424115""","=""RCL40424115""",Personal Overdraft,2024-08-07 00:00:00,25487.58,0.00,,,0.00,NGN,0,Open,,Performing
FUNKE FIKI,,GP 443 SALAW ATIMA HOUSING ESTATE LOKOJA,,"=""20924913""","=""41198947""","=""RCL41198947""",Personal Overdraft,2025-03-18 00:00:00,30000.00,0.00,,0.00,35188.00,NGN,0,Open,,Performing
OMOTAYO IDOWU,"=""22511468263""",175 CELEBRITY AVENUE Karu Nasarawa State,"=""2349063984296""","=""20947729""","=""12376176""","=""RCL12376176""",Personal Overdraft,2024-10-29 00:00:00,90000.00,182010.62,,182011.00,0.00,NGN,94,Open,,Lost
ADEDOTUN ADEGUN,"=""22388602160""",44 ARATUMMP STR IBA NEW SITE,,"=""20971594""","=""38180947""","=""RCL38180947""",Personal Overdraft,2024-10-25 00:00:00,210000.00,137807.34,,137807.34,137807.34,NGN,96,Open,,Lost
Agboola Adekunle Rilwan,"=""22524829020""",NO 13 FADEYI STREET OSHINLE QUARTERS AKURE ONDO STATE Akur,"=""08066151267""","=""21169694""","=""1534745""","=""RCL1534745""",Personal Overdraft,2025-01-20 00:00:00,10000.00,14156.79,,,14156.79,NGN,36,Open,,
MARY SUNDAY,"=""22679268482""",CHIEF PALACEKUBWA,,"=""21448264""","=""37871203""","=""10143740""",Personal fixed term loan,2023-05-01 00:00:00,10000.00,0.00,,0.00,12500.00,NGN,0,Closed,2023-07-12 00:00:00,Performing
MARY SUNDAY,"=""22679268482""",CHIEF PALACEKUBWA,,"=""21448264""","=""37871203""","=""10798246""",Personal fixed term loan,2023-07-05 00:00:00,12500.00,0.00,,0.00,15375.00,NGN,0,Closed,2023-08-18 00:00:00,Performing
MARY SUNDAY,"=""22679268482""",CHIEF PALACEKUBWA,,"=""21448264""","=""37871203""","=""12256829""",Personal fixed term loan,2023-11-28 00:00:00,15000.00,0.00,,0.00,18225.00,NGN,0,Closed,2023-12-13 00:00:00,Performing
RITA EZIE,"=""22376829719""",NO 17 OKA STREET UGHELLI,,"=""21547072""","=""56305714""","=""RCL56305714""",Personal Overdraft,2025-03-24 00:00:00,20000.00,22674.39,,,22674.39,NGN,1,Open,,
BILYAMINU o HAFIZ,"=""22475860530""",Kanti kano,"=""2349038156060""","=""21635935""","=""PF94664""","=""A27725""",Personal fixed term loan,2024-05-28 00:00:00,257000.00,289747.49,,289747.49,289747.50,NGN,798,Open,2024-06-12 00:00:00,Lost
VICTORIA EDEH,"=""22217567390""",583GGV3 453111 Aba Nigeria,,"=""21681706""","=""42852099""","=""10124294""",Personal fixed term loan,2023-04-29 00:00:00,30000.00,0.00,,0.00,34500.00,NGN,0,Open,2023-05-14 00:00:00,Lost
ABISOYE OLALEYE,"=""22313054839""",OXFORD VILLA IJELE TASUED IJAGUN OGUN STATE,,"=""21701733""","=""42303478""","=""10402942""",Personal fixed term loan,2023-05-26 00:00:00,200000.00,0.00,,0.00,98067.00,NGN,0,Closed,2023-09-14 00:00:00,Performing
ABISOYE OLALEYE,"=""22313054839""",OXFORD VILLA IJELE TASUED IJAGUN OGUN STATE,,"=""21701733""","=""42303478""","=""11548976""",Personal fixed term loan,2023-09-21 00:00:00,375000.00,0.00,,0.00,100519.00,NGN,0,Closed,2024-03-19 00:00:00,Performing
ABISOYE OLALEYE,"=""22313054839""",OXFORD VILLA IJELE TASUED IJAGUN OGUN STATE,,"=""21701733""","=""42303478""","=""9899581""",Personal fixed term loan,2023-04-08 00:00:00,40000.00,0.00,,0.00,47200.00,NGN,0,Closed,2023-04-24 00:00:00,Performing
SARI WILLIAM,"=""22373695586""",1 MOUNTAIN ZION CLOSE STALLION RD,,"=""20695220""","=""36903683""","=""RCL36903683""",Personal Overdraft,2024-05-29 00:00:00,130000.00,15163.80,,0.00,48040.70,NGN,0,Open,,Performing
MOSHOOD OMOBOLANLE OMOBOLANLE,,2 ADISA CLOSE OFF FEYISETAN STREET AJEGUNLE OGUN,,"=""20791344""","=""8661650""","=""RCL8661650""",Personal Overdraft,2024-12-14 00:00:00,160000.00,242920.47,,242920.47,204823.33,NGN,65,Open,,Doubtful
joseph joshua tobi,"=""22284199689""",ABAYOMI ODUFUWA STREET LANGASA PHASE 2 LAKOWE IBEJU LEKKI,,"=""21319404""","=""47008029""","=""RCL47008029""",Personal Overdraft,2024-07-16 00:00:00,120000.00,168622.95,,,168622.95,NGN,141,Open,,Lost
OLUWATOYOSI GBADAMOSI,"=""22677150385""",5 OKIKIPEKUN ESTATE ILUPA ISOYIN IJEBU,,"=""21453383""","=""41298952""","=""RCL41298952""",Personal Overdraft,2024-05-20 00:00:00,237500.00,319666.48,,,319666.48,NGN,62,Open,,Doubtful
VICTOR AYANLEKE,"=""22514599425""",PrimaryAddressLine1,,"=""21458380""","=""37734016""","=""10963002""",Personal fixed term loan,2023-07-24 00:00:00,5000.00,0.00,,0.00,6075.00,NGN,0,Closed,2023-08-08 00:00:00,Performing
YUSUF PEDRO,,18 WILLE OMIYI STREET AGUDA SURULERE LAGOS,,"=""21473568""","=""41835011""","=""RCL41835011""",Personal Overdraft,2024-06-22 00:00:00,245000.00,183240.92,,183241.00,0.00,NGN,94,Open,,Lost
SUSAN ADEBAYO,"=""22196243748""",OMONIYI ESTATE AKURE,,"=""21684434""","=""42400905""","=""RCL42400905""",Personal Overdraft,2024-10-29 00:00:00,75000.00,90071.24,,90071.00,0.00,NGN,33,Open,,Sub standard
VIVIAN ASIEBA,,FUBE  RD,"=""08134812570""","=""21690119""","=""42318876""","=""10871055""",Personal fixed term loan,2023-07-13 00:00:00,10000.00,0.00,,0.00,13000.00,NGN,0,Closed,2023-08-12 00:00:00,Performing
VIVIAN ASIEBA,,FUBE  RD,"=""08134812570""","=""21690119""","=""42318876""","=""11197495""",Personal fixed term loan,2023-08-16 00:00:00,20000.00,0.00,,0.00,26000.00,NGN,0,Closed,2023-09-15 00:00:00,Performing
VIVIAN ASIEBA,,FUBE  RD,"=""08134812570""","=""21690119""","=""42318876""","=""11496317""",Personal fixed term loan,2023-09-15 00:00:00,15000.00,0.00,,0.00,19575.00,NGN,0,Closed,2023-10-15 00:00:00,Performing
VIVIAN ASIEBA,,FUBE  RD,"=""08134812570""","=""21690119""","=""42318876""","=""11806979""",Personal fixed term loan,2023-10-14 00:00:00,15000.00,0.00,,0.00,19575.00,NGN,0,Closed,2023-11-13 00:00:00,Performing
VIVIAN ASIEBA,,FUBE  RD,"=""08134812570""","=""21690119""","=""42318876""","=""12116367""",Personal fixed term loan,2023-11-13 00:00:00,17500.00,0.00,,0.00,19459.00,NGN,0,Closed,2024-01-12 00:00:00,Performing
VIVIAN ASIEBA,,FUBE  RD,"=""08134812570""","=""21690119""","=""42318876""","=""12711930""",Personal fixed term loan,2024-01-15 00:00:00,10000.00,0.00,,0.00,22225.00,NGN,0,Closed,2024-02-14 00:00:00,Performing
VIVIAN ASIEBA,,FUBE  RD,"=""08134812570""","=""21690119""","=""42318876""","=""12915334""",Personal fixed term loan,2024-02-08 00:00:00,15000.00,0.00,,0.00,9673.00,NGN,0,Closed,2024-04-08 00:00:00,Performing
VIVIAN ASIEBA,,FUBE  RD,"=""08134812570""","=""21690119""","=""42318876""","=""13607826""",Personal fixed term loan,2024-04-21 00:00:00,15000.00,0.00,,0.00,16044.00,NGN,0,Closed,2024-07-20 00:00:00,Performing
VIVIAN ASIEBA,,FUBE  RD,"=""08134812570""","=""21690119""","=""42318876""","=""9954749""",Personal fixed term loan,2023-04-13 00:00:00,17500.00,0.00,,0.00,20650.00,NGN,0,Closed,2023-04-28 00:00:00,Performing
KABIRAT GANIYU,,10 OWOKALU CLOSE MERCY LAND ESTATE,,"=""21691413""","=""14322609""","=""RCL14322609""",Personal Overdraft,2024-07-02 00:00:00,15000.00,0.00,,,0.00,NGN,123,Open,,Lost
GIFT COLLINS,"=""22635336220""",NO22 NWACHUKWU,,"=""21694704""","=""42479745""","=""12312003""",Personal fixed term loan,2023-12-03 00:00:00,2500.00,0.00,,0.00,3375.00,NGN,0,Closed,2024-01-02 00:00:00,Performing
BUKOLA ADEPOJU,"=""22503221272""",NO 7 AZOLEBE STREET BARUWA IYANA IPAJA LAGOS,,"=""21702974""","=""42291895""","=""10084030""",Personal fixed term loan,2023-04-25 00:00:00,17500.00,0.00,,0.00,22225.00,NGN,0,Open,2023-05-25 00:00:00,Lost
ayodele fanilola,"=""22230771316""",Not Available,,"=""20684686""","=""16691734""","=""RCL16691734""",Personal Overdraft,2024-10-11 00:00:00,210000.00,0.00,,,0.00,NGN,0,Open,,Performing
ABDULAZEEZ JIMOH,"=""22625629422""",41 MOLATORI STREET OGIJO BSTOP SHAGAMU OGUN,,"=""20694599""","=""39229652""","=""11726672""",Personal fixed term loan,2023-10-07 00:00:00,27500.00,0.00,,0.00,20521.00,NGN,0,Closed,2024-01-05 00:00:00,Performing
ABDULAZEEZ JIMOH,"=""22625629422""",41 MOLATORI STREET OGIJO BSTOP SHAGAMU OGUN,,"=""20694599""","=""39229652""","=""12665716""",Personal fixed term loan,2024-01-10 00:00:00,25000.00,0.00,,0.00,31125.00,NGN,0,Closed,2024-03-26 00:00:00,Performing
TAIRU ABDULRAZAK,,38  FOWODARA STR  SABO SAGAMU,"=""08107748764""","=""20760277""","=""41654735""","=""RCL41654735""",Personal Overdraft,2025-01-17 00:00:00,25000.00,56652.96,,,56652.96,NGN,67,Open,,
ALEGBE TINA TINA,,721 ROAD D CLOSE BLOCK 4 FLAT 3 FESTAC TOWN,,"=""20817185""","=""35944426""","=""RCL35944426""",Personal Overdraft,2024-11-29 00:00:00,300000.00,270000.00,,,270000.00,NGN,0,Open,,Performing
OLUWAFEMI AROBADADE,,AJAH ST,,"=""20937221""","=""41038409""","=""RCL41038409""",Personal Overdraft,2024-10-17 00:00:00,316368.00,226215.67,,,226215.67,NGN,0,Open,,Performing
BONAFIDE EFERIANOR,"=""22337107096""",FEMI BABATUNDE STREET,,"=""20948847""","=""9309507""","=""RCL9309507""",Personal Overdraft,2024-10-28 00:00:00,120000.00,22146.67,,0.00,0.00,NGN,0,Open,,Performing
ADETUNJI ADESELUKA,"=""22186727366""",2 EKITI AVENUE IJAPO EST AKURE,,"=""20970752""","=""39854448""","=""RCL39854448""",Personal Overdraft,2024-10-28 00:00:00,300000.00,112961.41,,0.00,125512.68,NGN,0,Open,,Performing
ojewunmi deborah semilore,"=""22428636049""",10 ASSOCIATION AVENUE ESEFUN BSTOP AYOBO IPAJA,,"=""21035836""","=""43449753""","=""10435159""",Personal fixed term loan,2023-05-30 00:00:00,140000.00,0.00,,0.00,63000.00,NGN,0,Closed,2023-08-28 00:00:00,Performing
OBAGUDU RHEMA ATARI,"=""22453068783""",prime guest Inn kabayi,,"=""21070065""","=""PF32934""","=""A28740""",Personal fixed term loan,2024-06-13 00:00:00,55000.00,0.00,,0.00,8241.10,NGN,0,Closed,2024-06-20 00:00:00,Performing
William Marvellous,"=""22540779266""",Grand Cuba abraka,,"=""21157428""","=""34728041""","=""RCL34728041""",Personal Overdraft,2024-11-16 00:00:00,318500.00,0.00,,0.00,184262.41,NGN,0,Open,,Open
Oladipupo Oluwashina,"=""22374367372""",27 ASIATA STREET DOYIN BUS STOP IGANMU SURULERE,,"=""21315529""","=""39318929""","=""11241100""",Personal fixed term loan,2023-08-21 00:00:00,20000.00,0.00,,0.00,24000.00,NGN,0,Closed,2023-09-05 00:00:00,Performing
Oladipupo Oluwashina,"=""22374367372""",27 ASIATA STREET DOYIN BUS STOP IGANMU SURULERE,,"=""21315529""","=""39318929""","=""11394063""",Personal fixed term loan,2023-09-05 00:00:00,40000.00,0.00,,0.00,52000.00,NGN,0,Closed,2023-10-05 00:00:00,Performing
Oladipupo Oluwashina,"=""22374367372""",27 ASIATA STREET DOYIN BUS STOP IGANMU SURULERE,,"=""21315529""","=""39318929""","=""11683766""",Personal fixed term loan,2023-10-03 00:00:00,25000.00,0.00,,0.00,30375.00,NGN,0,Closed,2023-10-18 00:00:00,Performing
Oladipupo Oluwashina,"=""22374367372""",27 ASIATA STREET DOYIN BUS STOP IGANMU SURULERE,,"=""21315529""","=""39318929""","=""11817148""",Personal fixed term loan,2023-10-16 00:00:00,17500.00,0.00,,0.00,22750.00,NGN,0,Closed,2023-11-15 00:00:00,Performing
JOSEPH AJAYI,"=""22503506780""",BALOGUNS COMPOUND OKAKA,,"=""21463067""","=""41910871""","=""RCL41910871""",Personal Overdraft,2024-08-22 00:00:00,127985.42,218706.26,,,218706.26,NGN,96,Open,,Lost
NOMAH  EMARE,"=""22174480743""",172B OLUMATI LANE CHOBA,,"=""21702365""","=""41666482""","=""RCL41666482""",Personal Overdraft,2024-09-19 00:00:00,10000.00,0.00,,,0.00,NGN,0,Open,,Performing
SIMON SAA,,BEHIND C DIVISION NORTH BANK MAKURDI,,"=""21705940""","=""34903552""","=""RCL34903552""",Personal Overdraft,2025-04-27 00:00:00,10000.00,26911.13,,0.00,0.00,NGN,90,Open,,Lost
WILLIAMS MORADEYO MORADEYO,,31 IKOLA ROADIPAJA,,"=""20806828""","=""38384814""","=""11157822""",Personal fixed term loan,2023-08-12 00:00:00,22500.00,0.00,,0.00,27270.00,NGN,0,Closed,2023-09-11 00:00:00,Performing
WILLIAMS MORADEYO MORADEYO,,31 IKOLA ROADIPAJA,,"=""20806828""","=""38384814""","=""11577302""",Personal fixed term loan,2023-09-23 00:00:00,100000.00,0.00,,0.00,132460.00,NGN,0,Closed,2023-11-22 00:00:00,Performing
WILLIAMS MORADEYO MORADEYO,,31 IKOLA ROADIPAJA,,"=""20806828""","=""38384814""","=""11960668""",Personal fixed term loan,2023-10-30 00:00:00,200000.00,0.00,,0.00,136540.00,NGN,0,Closed,2023-12-29 00:00:00,Performing
WILLIAMS MORADEYO MORADEYO,,31 IKOLA ROADIPAJA,,"=""20806828""","=""38384814""","=""12560284""",Personal fixed term loan,2023-12-29 00:00:00,200000.00,0.00,,0.00,159896.00,NGN,0,Closed,2024-05-27 00:00:00,Performing
CHARLES MBABU,"=""22399576353""",21 chizzon street awada,,"=""21474143""","=""39735512""","=""RCL39735512""",Personal Overdraft,2024-05-16 00:00:00,133007.03,161206.49,,408.17,161206.49,NGN,61,Open,,Doubtful
Ovie Etefia,"=""22218470345""",COMPREHENSIVE ROAD AMUKPE SAPELE,"=""08031897281""","=""21524128""","=""42137573""","=""RCL42137573""",Personal Overdraft,2024-10-20 00:00:00,300000.00,42.41,,,42.41,NGN,2,Open,,Watchlist
VICTORIA OGBECHE,"=""22406476803""",52 OKO OBA ROAD CAR WASH BUSSTOP AGEGE,,"=""21689892""","=""39049083""","=""10992784""",Personal fixed term loan,2023-07-27 00:00:00,22500.00,0.00,,0.00,29250.00,NGN,0,Closed,2023-08-26 00:00:00,Performing
VICTORIA OGBECHE,"=""22406476803""",52 OKO OBA ROAD CAR WASH BUSSTOP AGEGE,,"=""21689892""","=""39049083""","=""11369918""",Personal fixed term loan,2023-09-03 00:00:00,27500.00,0.00,,0.00,35750.00,NGN,0,Closed,2023-10-03 00:00:00,Performing
VICTORIA OGBECHE,"=""22406476803""",52 OKO OBA ROAD CAR WASH BUSSTOP AGEGE,,"=""21689892""","=""39049083""","=""11655305""",Personal fixed term loan,2023-10-01 00:00:00,25000.00,0.00,,0.00,33250.00,NGN,0,Closed,2023-10-31 00:00:00,Performing
VICTORIA OGBECHE,"=""22406476803""",52 OKO OBA ROAD CAR WASH BUSSTOP AGEGE,,"=""21689892""","=""39049083""","=""12131997""",Personal fixed term loan,2023-11-15 00:00:00,60000.00,0.00,,0.00,44541.00,NGN,0,Closed,2024-01-14 00:00:00,Performing
VICTORIA OGBECHE,"=""22406476803""",52 OKO OBA ROAD CAR WASH BUSSTOP AGEGE,,"=""21689892""","=""39049083""","=""12943751""",Personal fixed term loan,2024-02-11 00:00:00,40000.00,0.00,,0.00,52508.00,NGN,0,Closed,2024-03-12 00:00:00,Performing
VICTORIA OGBECHE,"=""22406476803""",52 OKO OBA ROAD CAR WASH BUSSTOP AGEGE,,"=""21689892""","=""39049083""","=""13363097""",Personal fixed term loan,2024-03-28 00:00:00,27500.00,0.00,,0.00,33990.00,NGN,0,Closed,2024-04-12 00:00:00,Performing
VICTORIA OGBECHE,"=""22406476803""",52 OKO OBA ROAD CAR WASH BUSSTOP AGEGE,,"=""21689892""","=""39049083""","=""13513370""",Personal fixed term loan,2024-04-11 00:00:00,35000.00,0.00,,0.00,45601.50,NGN,0,Closed,2024-05-11 00:00:00,Performing
VICTORIA OGBECHE,"=""22406476803""",52 OKO OBA ROAD CAR WASH BUSSTOP AGEGE,,"=""21689892""","=""39049083""","=""13778122""",Personal fixed term loan,2024-05-09 00:00:00,35000.00,0.00,,0.00,45601.50,NGN,0,Closed,2024-06-08 00:00:00,Performing
Muhammad Musa,,49 EBUTTE UKWE STR JABI PARK,,"=""21696575""","=""40678981""","=""RCL40678981""",Personal Overdraft,2024-07-05 00:00:00,127446.48,141374.90,,,141374.90,NGN,92,Open,,Lost
PRECIOUS SYLVESTER,,ELEKAHIA BOMS STREET,,"=""21716327""","=""35061862""","=""RCL35061862""",Personal Overdraft,2024-06-13 00:00:00,135200.00,98037.72,,,98037.72,NGN,0,Open,,Performing
MUBARAK ADEYERI,"=""22528237162""",13B TAIWO ALOKOLARO STR OTA,,"=""21719624""","=""42490937""","=""11540266""",Personal fixed term loan,2023-09-20 00:00:00,10000.00,0.00,,0.00,12450.00,NGN,0,Closed,2023-10-05 00:00:00,Performing
MUBARAK ADEYERI,"=""22528237162""",13B TAIWO ALOKOLARO STR OTA,,"=""21719624""","=""42490937""","=""12335533""",Personal fixed term loan,2023-12-05 00:00:00,10000.00,0.00,,0.00,13300.00,NGN,0,Closed,2023-12-20 00:00:00,Performing
CHUKWUEZI CHUKWUEBUKA,"=""22481430477""",17 UMUANYASO URATTA ABA,,"=""20943245""","=""40893140""","=""RCL40893140""",Personal Overdraft,2025-01-01 00:00:00,55000.00,0.00,,,0.00,NGN,0,Open,,Performing
Nneka Akada Blessing,"=""22413759937""",25IMALETEFIA PEACE STRESTATE ROAD SAPATI IBEJU LEKKI Eti O,,"=""21026568""","=""5650383""","=""11073904""",Personal fixed term loan,2023-08-04 00:00:00,5000.00,0.00,,0.00,6500.00,NGN,0,Closed,2023-09-03 00:00:00,Performing
Nneka Akada Blessing,"=""22413759937""",25IMALETEFIA PEACE STRESTATE ROAD SAPATI IBEJU LEKKI Eti O,,"=""21026568""","=""5650383""","=""11340033""",Personal fixed term loan,2023-08-31 00:00:00,10000.00,0.00,,0.00,12750.00,NGN,0,Closed,2023-09-30 00:00:00,Performing
Nneka Akada Blessing,"=""22413759937""",25IMALETEFIA PEACE STRESTATE ROAD SAPATI IBEJU LEKKI Eti O,,"=""21026568""","=""5650383""","=""11949318""",Personal fixed term loan,2023-10-28 00:00:00,15000.00,0.00,,0.00,18225.00,NGN,0,Closed,2023-11-12 00:00:00,Performing
Nneka Akada Blessing,"=""22413759937""",25IMALETEFIA PEACE STRESTATE ROAD SAPATI IBEJU LEKKI Eti O,,"=""21026568""","=""5650383""","=""13406630""",Personal fixed term loan,2024-04-01 00:00:00,10000.00,0.00,,0.00,13600.00,NGN,0,Closed,2024-05-01 00:00:00,Performing
Nneka Akada Blessing,"=""22413759937""",25IMALETEFIA PEACE STRESTATE ROAD SAPATI IBEJU LEKKI Eti O,,"=""21026568""","=""5650383""","=""13716003""",Personal fixed term loan,2024-05-02 00:00:00,10000.00,0.00,,0.00,13600.00,NGN,0,Closed,2024-06-01 00:00:00,Performing
Nneka Akada Blessing,"=""22413759937""",25IMALETEFIA PEACE STRESTATE ROAD SAPATI IBEJU LEKKI Eti O,,"=""21026568""","=""5650383""","=""13954016""",Personal fixed term loan,2024-05-29 00:00:00,20000.00,0.00,,0.00,32858.00,NGN,0,Closed,2024-06-28 00:00:00,Performing
Nneka Akada Blessing,"=""22413759937""",25IMALETEFIA PEACE STRESTATE ROAD SAPATI IBEJU LEKKI Eti O,,"=""21026568""","=""5650383""","=""14215696""",Personal fixed term loan,2024-06-27 00:00:00,27500.00,0.00,,0.00,36135.00,NGN,0,Closed,2024-07-27 00:00:00,Performing
Nneka Akada Blessing,"=""22413759937""",25IMALETEFIA PEACE STRESTATE ROAD SAPATI IBEJU LEKKI Eti O,,"=""21026568""","=""5650383""","=""14494426""",Personal fixed term loan,2024-07-29 00:00:00,10000.00,0.00,,0.00,13600.00,NGN,0,Closed,2024-08-28 00:00:00,Performing
Nneka Akada Blessing,"=""22413759937""",25IMALETEFIA PEACE STRESTATE ROAD SAPATI IBEJU LEKKI Eti O,,"=""21026568""","=""5650383""","=""14593973""",Personal fixed term loan,2024-08-09 00:00:00,10000.00,0.00,,0.00,14500.00,NGN,0,Closed,2024-09-08 00:00:00,Performing
Olaniyi Emmanuel Emmanuel,"=""22267431306""",alapata village off akufo road apte ibadan,,"=""21265191""","=""55585637""","=""RCL55585637""",Personal Overdraft,2025-06-02 00:00:00,10000.00,41252.86,,,41252.86,NGN,93,Open,,Lost
EWATOMI SHITTU,"=""22653113205""",2 OLASUNKANMI ROAD 2 ASERO ESTATE ABEOKUTA,,"=""21455062""","=""41018215""","=""RCL41018215""",,2024-12-12 00:00:00,55000.00,0.00,,,0.00,NGN,0,Open,,Performing
IBUCHI NWOKOGBA,"=""22448002998""",10 OGBUAG STREET MILE3 PHC,,"=""21688173""","=""42416145""","=""11026713""",Personal fixed term loan,2023-07-30 00:00:00,5000.00,0.00,,0.00,6075.00,NGN,0,Closed,2023-08-14 00:00:00,Performing
IBUCHI NWOKOGBA,"=""22448002998""",10 OGBUAG STREET MILE3 PHC,,"=""21688173""","=""42416145""","=""11484358""",Personal fixed term loan,2023-09-14 00:00:00,5000.00,0.00,,0.00,6275.00,NGN,0,Closed,2023-09-29 00:00:00,Performing
ADEYINKA  LADEJOBI,,5 IDOWU STREET IDIORO MUSHIN LAGOS Mushin Lagos State,,"=""21702246""","=""17808532""","=""RCL17808532""",Personal Overdraft,2025-06-24 00:00:00,300000.00,71478.00,,,71478.00,NGN,0,Open,,Performing
NAMSO MICHAEL,"=""22366512456""",23 ISALE EBUTE STR ADOLANGBASA AJAH  LEKKI ADO ROUNDABOUT,,"=""21729068""","=""36415706""","=""10799120""",Personal fixed term loan,2023-07-05 00:00:00,5000.00,0.00,,0.00,6075.00,NGN,0,Closed,2023-07-20 00:00:00,Performing
EMMANUEL ADESUNLOYE,"=""22632777985""",NO 5 ALOMA STREET AKOKO EDO ST,,"=""21725446""","=""42700505""","=""10559988""",Personal fixed term loan,2023-06-10 00:00:00,5000.00,0.00,,0.00,6300.00,NGN,0,Closed,2023-07-10 00:00:00,Performing
EMMANUEL ADESUNLOYE,"=""22632777985""",NO 5 ALOMA STREET AKOKO EDO ST,,"=""21725446""","=""42700505""","=""10706948""",Personal fixed term loan,2023-06-26 00:00:00,2500.00,0.00,,0.00,3025.00,NGN,0,Closed,2023-07-26 00:00:00,Performing
EMMANUEL ADESUNLOYE,"=""22632777985""",NO 5 ALOMA STREET AKOKO EDO ST,,"=""21725446""","=""42700505""","=""10865228""",Personal fixed term loan,2023-07-13 00:00:00,15000.00,0.00,,0.00,18450.00,NGN,0,Closed,2023-08-12 00:00:00,Performing
EMMANUEL ADESUNLOYE,"=""22632777985""",NO 5 ALOMA STREET AKOKO EDO ST,,"=""21725446""","=""42700505""","=""11034084""",Personal fixed term loan,2023-07-31 00:00:00,17500.00,0.00,,0.00,21525.00,NGN,0,Closed,2023-08-30 00:00:00,Performing
EMMANUEL ADESUNLOYE,"=""22632777985""",NO 5 ALOMA STREET AKOKO EDO ST,,"=""21725446""","=""42700505""","=""11229746""",Personal fixed term loan,2023-08-20 00:00:00,15000.00,0.00,,0.00,18075.00,NGN,0,Closed,2023-09-19 00:00:00,Performing
EMMANUEL ADESUNLOYE,"=""22632777985""",NO 5 ALOMA STREET AKOKO EDO ST,,"=""21725446""","=""42700505""","=""11575283""",Personal fixed term loan,2023-09-23 00:00:00,10000.00,0.00,,0.00,11670.00,NGN,0,Closed,2023-10-23 00:00:00,Performing
EMMANUEL ADESUNLOYE,"=""22632777985""",NO 5 ALOMA STREET AKOKO EDO ST,,"=""21725446""","=""42700505""","=""11782900""",Personal fixed term loan,2023-10-12 00:00:00,20000.00,0.00,,0.00,23940.00,NGN,0,Closed,2023-11-11 00:00:00,Performing
EMMANUEL ADESUNLOYE,"=""22632777985""",NO 5 ALOMA STREET AKOKO EDO ST,,"=""21725446""","=""42700505""","=""12069743""",Personal fixed term loan,2023-11-09 00:00:00,15000.00,0.00,,0.00,18105.00,NGN,0,Closed,2023-12-09 00:00:00,Performing
EMMANUEL ADESUNLOYE,"=""22632777985""",NO 5 ALOMA STREET AKOKO EDO ST,,"=""21725446""","=""42700505""","=""12350644""",Personal fixed term loan,2023-12-07 00:00:00,15000.00,0.00,,0.00,18060.00,NGN,0,Closed,2024-01-06 00:00:00,Performing
EMMANUEL ADESUNLOYE,"=""22632777985""",NO 5 ALOMA STREET AKOKO EDO ST,,"=""21725446""","=""42700505""","=""12618803""",Personal fixed term loan,2024-01-05 00:00:00,15000.00,0.00,,0.00,17895.00,NGN,0,Closed,2024-02-04 00:00:00,Performing
EMMANUEL ADESUNLOYE,"=""22632777985""",NO 5 ALOMA STREET AKOKO EDO ST,,"=""21725446""","=""42700505""","=""12821362""",Personal fixed term loan,2024-01-28 00:00:00,15000.00,0.00,,0.00,23892.00,NGN,0,Closed,2024-03-20 00:00:00,Performing
EMMANUEL ADESUNLOYE,"=""22632777985""",NO 5 ALOMA STREET AKOKO EDO ST,,"=""21725446""","=""42700505""","=""13485890""",Personal fixed term loan,2024-04-08 00:00:00,12500.00,0.00,,0.00,16875.00,NGN,0,Closed,2024-05-08 00:00:00,Performing
EMMANUEL ADESUNLOYE,"=""22632777985""",NO 5 ALOMA STREET AKOKO EDO ST,,"=""21725446""","=""42700505""","=""13780802""",Personal fixed term loan,2024-05-09 00:00:00,15000.00,0.00,,0.00,20250.00,NGN,0,Closed,2024-06-08 00:00:00,Performing
EMMANUEL ADESUNLOYE,"=""22632777985""",NO 5 ALOMA STREET AKOKO EDO ST,,"=""21725446""","=""42700505""","=""14002700""",Personal fixed term loan,2024-06-03 00:00:00,22500.00,0.00,,0.00,37125.00,NGN,0,Closed,2024-07-03 00:00:00,Performing
EMMANUEL ADESUNLOYE,"=""22632777985""",NO 5 ALOMA STREET AKOKO EDO ST,,"=""21725446""","=""42700505""","=""14248440""",Personal fixed term loan,2024-07-01 00:00:00,20000.00,0.00,,0.00,27000.00,NGN,0,Closed,2024-07-31 00:00:00,Performing
EMMANUEL ADESUNLOYE,"=""22632777985""",NO 5 ALOMA STREET AKOKO EDO ST,,"=""21725446""","=""42700505""","=""14517572""",Personal fixed term loan,2024-07-31 00:00:00,25000.00,0.00,,0.00,37125.00,NGN,0,Closed,2024-08-30 00:00:00,Performing
EMMANUEL ADESUNLOYE,"=""22632777985""",NO 5 ALOMA STREET AKOKO EDO ST,,"=""21725446""","=""42700505""","=""14778252""",Personal fixed term loan,2024-08-30 00:00:00,25000.00,0.00,,0.00,33750.00,NGN,0,Closed,,Performing
MUINAT ONIYIDE,"=""22450841916""",PrimaryAddressLine1,,"=""20680563""","=""39329494""","=""RCL39329494""",Personal Overdraft,2024-07-12 00:00:00,75000.00,131968.82,,560.45,131968.82,NGN,92,Open,,Lost
EMONYON OKOEBOR,,1 ALAMA STREET UDOMI UWESSAN,,"=""20701617""","=""39992663""","=""RCL39992663""",Personal Overdraft,2025-07-13 00:00:00,330000.00,0.00,,,0.00,NGN,0,Open,,Performing
FUNMILAYO IGUN,"=""22352423508""",18 OKE OGBAAKURESOLID ROCK BUS STOPONDO,,"=""20938888""","=""40663202""","=""RCL40663202""",Personal Overdraft,2024-11-23 00:00:00,300000.00,0.00,,0.00,0.00,NGN,0,Open,,Performing
Yakubu Nimrod,"=""22176707888""",12 JAMAILA STREET RUMUODARA,,"=""21033591""","=""44493094""","=""RCL44493094""",Personal Overdraft,2025-05-14 00:00:00,45000.00,0.00,,0.00,46350.00,NGN,0,Open,,Performing
Ajiboye Paul Ademola,,ATBU YELWA,,"=""21209486""","=""12535385""","=""RCL12535385""",Personal Overdraft,2025-03-03 00:00:00,10000.00,0.00,,,0.00,NGN,0,Open,,Performing
Animashaun Basit olayinka,"=""22272380482""",16 ADENAIKE ALAGBA STRBHND AJINA MKT IKORODU,,"=""21228675""","=""44392929""","=""RCL44392929""",Personal Overdraft,2024-11-11 00:00:00,225000.00,104631.43,,104631.00,119718.99,NGN,63,Open,,Doubtful
Benny Herrita Isioma,"=""22510782124""",KUTE COMPOUND BUSINESS CENTER ROAD ABRAKA,,"=""21248972""","=""15461762""","=""RCL15461762""",Personal Overdraft,2024-10-08 00:00:00,170000.00,42316.22,,42316.22,44543.38,NGN,4,Open,,Watchlist
omowunmi Alao Abimbola,"=""22431202345""",Nigeria,,"=""21392901""","=""36356077""","=""12337865""",Personal fixed term loan,2023-12-05 00:00:00,5000.00,0.00,,0.00,6250.00,NGN,0,Closed,2023-12-20 00:00:00,Performing
Opeyemi Adegun Abiodun,"=""22234986299""",8 OLUBISI  CLOSE  EJIGBO OshodiIsolo Lagos State,,"=""21394206""","=""2997197""","=""RCL2997197""",Personal Overdraft,2025-02-09 00:00:00,30000.00,0.00,,0.00,0.00,NGN,0,Open,,Performing
EUNICE EZUGWU,,SULEJA,,"=""21462615""","=""41112322""","=""RCL41112322""",Personal Overdraft,2025-02-26 00:00:00,300000.00,0.00,,,0.00,NGN,0,Open,,
JOYCE HARRISON,,Samuel Apata Street,,"=""21482641""","=""42109496""","=""10387660""",Personal fixed term loan,2023-05-25 00:00:00,120000.00,0.00,,0.00,62200.00,NGN,0,Closed,2023-08-30 00:00:00,Performing
JOYCE HARRISON,,Samuel Apata Street,,"=""21482641""","=""42109496""","=""13164045""",Personal fixed term loan,2024-03-07 00:00:00,17500.00,0.00,,0.00,23625.00,NGN,0,Closed,2024-04-06 00:00:00,Performing
JOYCE HARRISON,,Samuel Apata Street,,"=""21482641""","=""42109496""","=""13588798""",Personal fixed term loan,2024-04-19 00:00:00,160000.00,0.00,,0.00,67720.00,NGN,0,Closed,,Performing
ISA SOFOLUWE,,10 ALAFE STREET BY JUNCTION OWODE OTA,,"=""21710191""","=""41132137""","=""RCL41132137""",Personal Overdraft,2024-12-08 00:00:00,130000.00,26199.08,,0.00,130973.73,NGN,0,Open,,Performing
RHAFIAT RHAFIU,"=""22169519261""",13 EKI MOGUN STREETALAGUNTAN BUS STOP ALIMOSHO,,"=""21727198""","=""42313838""","=""10279595""",Personal fixed term loan,2023-05-14 00:00:00,15000.00,0.00,,0.00,18750.00,NGN,0,Closed,2023-06-20 00:00:00,Performing
RHAFIAT RHAFIU,"=""22169519261""",13 EKI MOGUN STREETALAGUNTAN BUS STOP ALIMOSHO,,"=""21727198""","=""42313838""","=""10708053""",Personal fixed term loan,2023-06-26 00:00:00,5000.00,0.00,,0.00,3135.00,NGN,0,Closed,2023-08-25 00:00:00,Performing
RHAFIAT RHAFIU,"=""22169519261""",13 EKI MOGUN STREETALAGUNTAN BUS STOP ALIMOSHO,,"=""21727198""","=""42313838""","=""11959291""",Personal fixed term loan,2023-10-30 00:00:00,12500.00,0.00,,0.00,15303.00,NGN,0,Closed,2024-01-26 00:00:00,Performing
RHAFIAT RHAFIU,"=""22169519261""",13 EKI MOGUN STREETALAGUNTAN BUS STOP ALIMOSHO,,"=""21727198""","=""42313838""","=""13153338""",Personal fixed term loan,2024-03-06 00:00:00,15000.00,0.00,,0.00,19690.50,NGN,0,Closed,2024-04-05 00:00:00,Performing
VICTORY CHIDIMMA NZEUKWU,"=""22406125505""",NO 14 AWALAMA OFF RUUMUOKORO ROUNDABOUT PORT HARCO,"=""08162817793""","=""20885566""","=""42209339""","=""11428390""",Personal fixed term loan,2023-09-09 00:00:00,15000.00,0.00,,0.00,18525.00,NGN,0,Closed,2023-09-24 00:00:00,Performing
VICTORY CHIDIMMA NZEUKWU,"=""22406125505""",NO 14 AWALAMA OFF RUUMUOKORO ROUNDABOUT PORT HARCO,"=""08162817793""","=""20885566""","=""42209339""","=""12567490""",Personal fixed term loan,2023-12-30 00:00:00,5000.00,0.00,,0.00,6650.00,NGN,0,Closed,2024-01-29 00:00:00,Performing
ABIBAT FADARE,,46 AKINSANYA STREET OLOMORE ABK,,"=""20919445""","=""40714531""","=""RCL40714531""",Personal Overdraft,2024-12-26 00:00:00,5000.00,4094.15,,0.00,4495.06,NGN,0,Open,,Performing
UCHENNA AWUZIE,"=""22430611027""",PrimaryAddressLine1,,"=""20925374""","=""41183011""","=""RCL41183011""",Personal Overdraft,2025-05-14 00:00:00,55000.00,0.00,,,0.00,NGN,0,Open,,Performing
HEPHZIBAH AYOOLA,"=""22489450497""",Sw9 613 Ago Taylor Alalubosa Gra Extension Odoona Ibadan,"=""2349162173452""","=""20930782""","=""41059457""","=""RCL41059457""",Personal Overdraft,2024-04-30 00:00:00,200000.00,14550.00,,,14550.00,NGN,0,Open,,Performing
NNAMDI NWOYE,,LATEEF AREGBE  ST ST,"=""08102890671""","=""20932114""","=""41210276""","=""RCL41210276""",Personal Overdraft,2024-11-10 00:00:00,93600.00,183313.31,,,183313.31,NGN,93,Open,,Lost
DUNMININU OLUMAKINDE,,50 OLORUNSOGO STREET ADEBAYO ADO EKITI,,"=""20937309""","=""1958309""","=""RCL1958309""",Personal Overdraft,2024-10-09 00:00:00,141750.00,70609.14,,70609.00,158502.75,NGN,94,Open,,Lost
AKINOLAJEGEDE ABIMBOLA BOSEDE,,32 SALIU OBODO STREET OKE IRA NLA AJAH,,"=""21395915""","=""53958691""","=""RCL53958691""",Personal Overdraft,2024-02-11 00:00:00,30000.00,0.00,,0.00,0.02,NGN,0,Open,,Performing
VICTORIA SALAM,"=""22715452974""",5CAC ILE ANUNEW GARAGE IBADAN,,"=""21689671""","=""42500289""","=""11076188""",Personal fixed term loan,2023-08-04 00:00:00,10000.00,0.00,,0.00,19613.00,NGN,0,Closed,2023-11-02 00:00:00,Performing
THOMAS OBAKIMO,"=""22542182437""",16 NIIT ROAD ETEGWE TOMBIA BUS STOP YENAGOA BAYELSA,,"=""21690474""","=""42688638""","=""15354370""",Personal fixed term loan,2024-11-09 00:00:00,15000.00,0.00,,0.00,41340.00,NGN,0,Closed,2024-11-24 00:00:00,Performing
JAMES UBASINACHI,"=""22478750562""",Mushin,"=""8132346042""","=""21717990""","=""42548804""","=""10340507""",Personal fixed term loan,2023-05-20 00:00:00,15000.00,0.00,,0.00,19125.00,NGN,0,Closed,2023-07-17 00:00:00,Performing
JAMES UBASINACHI,"=""22478750562""",Mushin,"=""8132346042""","=""21717990""","=""42548804""","=""10844295""",Personal fixed term loan,2023-07-11 00:00:00,35000.00,0.00,,0.00,45500.00,NGN,0,Closed,2023-08-10 00:00:00,Performing
JAMES UBASINACHI,"=""22478750562""",Mushin,"=""8132346042""","=""21717990""","=""42548804""","=""10937599""",Personal fixed term loan,2023-07-21 00:00:00,35000.00,0.00,,0.00,44625.00,NGN,0,Closed,2023-09-10 00:00:00,Performing
JAMES UBASINACHI,"=""22478750562""",Mushin,"=""8132346042""","=""21717990""","=""42548804""","=""14139757""",Personal fixed term loan,2024-06-18 00:00:00,10000.00,0.00,,0.00,14500.00,NGN,0,Closed,2024-08-09 00:00:00,Performing
GBENGA ODERINDE,"=""22332717193""",20 OLAGOKE STREET IKOLA IPAJA,,"=""21725911""","=""42394247""","=""11446187""",Personal fixed term loan,2023-09-11 00:00:00,40000.00,0.00,,0.00,29402.00,NGN,0,Closed,2023-11-10 00:00:00,Performing
GBENGA ODERINDE,"=""22332717193""",20 OLAGOKE STREET IKOLA IPAJA,,"=""21725911""","=""42394247""","=""9953977""",Personal fixed term loan,2023-04-13 00:00:00,22500.00,0.00,,0.00,28575.00,NGN,0,Closed,2023-05-13 00:00:00,Performing
AFEEZ OMOLEWU,"=""22146889015""",18 AKEWUKEWE STR ITIRE IKATE LAGOS,,"=""21728179""","=""42375923""","=""RCL42375923""",,2025-03-30 00:00:00,300000.00,0.00,,0.00,0.00,NGN,0,Open,,Performing
ADEMUYIWA  AKINBAMI,,7 M A ELEGBEDE STREET OWODE SANGO OTTA,,"=""20691751""","=""39669401""","=""RCL39669401""",Personal Overdraft,2024-11-29 00:00:00,15000.00,14320.97,,,14320.97,NGN,32,Open,,
MTSER NGUTOR NGUTOR,"=""22666435718""",NO 23 Layin Famfo Tudun Wada Makarfi Makarfi LGA,,"=""20805440""","=""40265667""","=""RCL40265667""",,2024-11-25 00:00:00,235000.00,0.00,,0.00,0.00,NGN,0,Open,,Performing
abude dennis blessing,"=""22192570495""",UGHOTOR WATERBY THE VSECONDARY SCHOOL,,"=""21369207""","=""42273581""","=""10851841""",Personal fixed term loan,2023-07-11 00:00:00,20000.00,0.00,,0.00,26000.00,NGN,0,Closed,2023-08-10 00:00:00,Performing
abude dennis blessing,"=""22192570495""",UGHOTOR WATERBY THE VSECONDARY SCHOOL,,"=""21369207""","=""42273581""","=""11215892""",Personal fixed term loan,2023-08-18 00:00:00,150000.00,0.00,,0.00,76650.00,NGN,0,Closed,2023-11-16 00:00:00,Performing
abude dennis blessing,"=""22192570495""",UGHOTOR WATERBY THE VSECONDARY SCHOOL,,"=""21369207""","=""42273581""","=""12035187""",Personal fixed term loan,2023-11-06 00:00:00,27500.00,0.00,,0.00,34237.50,NGN,0,Closed,2023-11-21 00:00:00,Performing
abude dennis blessing,"=""22192570495""",UGHOTOR WATERBY THE VSECONDARY SCHOOL,,"=""21369207""","=""42273581""","=""12322884""",Personal fixed term loan,2023-12-04 00:00:00,35000.00,0.00,,0.00,46550.00,NGN,0,Closed,2024-01-19 00:00:00,Performing
abude dennis blessing,"=""22192570495""",UGHOTOR WATERBY THE VSECONDARY SCHOOL,,"=""21369207""","=""42273581""","=""12802705""",Personal fixed term loan,2024-01-26 00:00:00,450000.00,0.00,,0.00,218580.00,NGN,0,Closed,2024-04-25 00:00:00,Performing
OGHENERUKEVWE AGIDI,"=""22330846882""",16B SIMEON EDUN STREET IYANAERA LAGOS,,"=""21458219""","=""41427019""","=""RCL41427019""",Personal Overdraft,2024-12-17 00:00:00,300000.00,72900.00,,,72900.00,NGN,0,Open,,Performing
ALIYU ADAMU,,HOUSE NO 10 BESIDE AMINU HOUSE MATERNITY BAYAN FAD A AREA,,"=""21685523""","=""37513791""","=""RCL37513791""",Personal Overdraft,2024-09-19 00:00:00,50585.18,99267.20,,,99267.20,NGN,96,Open,,Lost
MICHAEL DANSON,"=""22562006520""",UFOT DANSON COMPD 24 HOSPITAL RD MINYA VILLAGE MKPAT ENIN,,"=""21701488""","=""42379981""","=""RCL42379981""",Personal Overdraft,2024-06-09 00:00:00,50000.00,0.00,,,0.00,NGN,91,Open,,Lost
TOHIRAT OLAYINKA,,NO8 OGOTUNTUN AVENUE OTA,,"=""21714239""","=""42101590""","=""RCL42101590""",Personal Overdraft,2024-06-07 00:00:00,60000.00,0.00,,0.00,0.00,NGN,0,Open,,Performing
ISAAC OBOMHESE,"=""22466247142""",9 AFOLABI STREET AYETORO OGUN STATE,,"=""21823465""","=""43124045""","=""RCL43124045""",Personal Overdraft,2024-08-12 00:00:00,155000.00,0.00,,,0.00,NGN,0,Open,,
OLUWASEUN MORANTIOLA,"=""22386600849""",6 DUNAMIS STREET DUNAMIS CHURCH BUS STOP MARARABA KARU,,"=""21824294""","=""43212164""","=""10283785""",Personal fixed term loan,2023-05-15 00:00:00,7500.00,0.00,,0.00,8850.00,NGN,0,Closed,2023-05-30 00:00:00,Performing
OLUWASEUN MORANTIOLA,"=""22386600849""",6 DUNAMIS STREET DUNAMIS CHURCH BUS STOP MARARABA KARU,,"=""21824294""","=""43212164""","=""10782639""",Personal fixed term loan,2023-07-04 00:00:00,22500.00,0.00,,0.00,27337.50,NGN,0,Closed,2023-08-02 00:00:00,Performing
OLUWASEUN MORANTIOLA,"=""22386600849""",6 DUNAMIS STREET DUNAMIS CHURCH BUS STOP MARARABA KARU,,"=""21824294""","=""43212164""","=""13572185""",Personal fixed term loan,2024-04-17 00:00:00,22500.00,0.00,,0.00,29925.00,NGN,0,Closed,2024-05-02 00:00:00,Performing
OLUWASEUN MORANTIOLA,"=""22386600849""",6 DUNAMIS STREET DUNAMIS CHURCH BUS STOP MARARABA KARU,,"=""21824294""","=""43212164""","=""13846905""",Personal fixed term loan,2024-05-16 00:00:00,60000.00,0.00,,0.00,46500.00,NGN,0,Closed,2024-07-15 00:00:00,Performing
DAMILOLA OLABODE,"=""22605977954""",44 SAFORITI OROGUN IBADAN,,"=""21824574""","=""42884078""","=""10139362""",Personal fixed term loan,2023-05-01 00:00:00,7500.00,0.00,,0.00,9525.00,NGN,0,Closed,2023-05-31 00:00:00,Performing
ANTHONY AWOSIKENWAIGBO,,10A CAMERON ROAD IKOYI,,"=""20674634""","=""40179303""","=""RCL40179303""",Personal Overdraft,2024-09-10 00:00:00,120000.00,187938.56,,187939.00,83758.89,NGN,94,Open,,Lost
JAJA EDITH SMART,"=""22512211967""",32 NDOHO ROAD MBIEREBE,"=""08132632360""","=""20757720""","=""39557539""","=""RCL39557539""",Personal Overdraft,2025-02-16 00:00:00,285000.00,0.00,,,0.00,NGN,0,Open,,Performing
DIMOJI CHIGOZIE CHIGOZIE,,UMUEZE AMANO IHUBE OKIGWE IMO STATE DIMOJIS RESIDENCE,,"=""20806365""","=""25718592""","=""RCL25718592""",Personal Overdraft,2024-05-17 00:00:00,190000.00,263626.30,,,263626.30,NGN,92,Open,,Lost
OLUWAFEMI SEGUN SEGUN,"=""22244405894""",A33,,"=""20824465""","=""21268207""","=""RCL21268207""",Personal Overdraft,2025-01-24 00:00:00,155000.00,144600.38,,0.00,27693.01,NGN,0,Open,,Performing
OLAJUMOKE O COKER,,BLK 1 FLAT 6 AOCOED STAFF QT LOW COST BADAGRY,,"=""20938975""","=""28857128""","=""RCL28857128""",Personal Overdraft,2025-02-02 00:00:00,113028.07,89576.02,,,89576.02,NGN,0,Open,,Performing
ONOSEREBA IDIAKE,"=""22393939547""",27B  IHUDUMU ROAD EKPOMA BUS STOP EDO,,"=""20943244""","=""40728260""","=""RCL40728260""",Personal Overdraft,2024-08-08 00:00:00,290000.00,56544.04,,,56544.04,NGN,91,Open,,Lost
Oyesanya Adeola,"=""22199214125""",26 ajose streetshomolu,,"=""21248567""","=""43525778""","=""10419582""",Personal fixed term loan,2023-05-28 00:00:00,30000.00,0.00,,0.00,38400.00,NGN,0,Closed,2023-06-27 00:00:00,Performing
SEKINOT ODUTAYO,"=""22555983809""",2 MASOPA OLUWO EGBEDA,,"=""21453644""","=""41935012""","=""RCL41935012""",Personal Overdraft,2025-08-03 00:00:00,25000.00,8354.52,,,8354.52,NGN,26,Open,,Watchlist
DANIEL  GODWIN,,CENTRAL AREA SABON GARI,"=""2348028403516""","=""21480216""","=""37184987""","=""RCL37184987""",Personal Overdraft,2025-04-17 00:00:00,80000.00,33000.05,,0.00,9060.87,NGN,0,Open,,Performing
BROWN IRIE,,101 REFINERY ROAD AREA EFFURUN,,"=""21482913""","=""1507919""","=""RCL1507919""",Personal Overdraft,2025-01-25 00:00:00,300000.00,5014.03,,,5014.03,NGN,62,Open,,Doubtful
UCHE MARK UBANI,"=""22693001221""",Nigeria,,"=""21623964""","=""39125466""","=""12519260""",Personal fixed term loan,2023-12-24 00:00:00,7500.00,0.00,,0.00,9975.00,NGN,0,Closed,2024-01-23 00:00:00,Performing
GRACE OLAOLUWA,"=""22460673000""",NO 14A ISOLO STREETEDAONIYO,,"=""21698757""","=""38670886""","=""11379081""",Personal fixed term loan,2023-09-04 00:00:00,10000.00,0.00,,0.00,6396.00,NGN,0,Closed,2023-11-03 00:00:00,Performing
GRACE OLAOLUWA,"=""22460673000""",NO 14A ISOLO STREETEDAONIYO,,"=""21698757""","=""38670886""","=""11533544""",Personal fixed term loan,2023-09-19 00:00:00,15000.00,0.00,,0.00,9935.00,NGN,0,Closed,2023-11-18 00:00:00,Performing
GRACE OLAOLUWA,"=""22460673000""",NO 14A ISOLO STREETEDAONIYO,,"=""21698757""","=""38670886""","=""12555329""",Personal fixed term loan,2023-12-28 00:00:00,20000.00,0.00,,0.00,13246.00,NGN,0,Closed,2024-02-26 00:00:00,Performing
GLORY ITIEMOGHA,"=""22334821995""",UGBOROKE NEW LAYOUTWARRI,,"=""21732907""","=""42761576""","=""10559072""",Personal fixed term loan,2023-06-10 00:00:00,5000.00,0.00,,0.00,5985.00,NGN,0,Closed,2023-06-25 00:00:00,Performing
GLORY ITIEMOGHA,"=""22334821995""",UGBOROKE NEW LAYOUTWARRI,,"=""21732907""","=""42761576""","=""10751775""",Personal fixed term loan,2023-07-01 00:00:00,5000.00,0.00,,0.00,5985.00,NGN,0,Closed,2023-07-16 00:00:00,Performing
GLORY ITIEMOGHA,"=""22334821995""",UGBOROKE NEW LAYOUTWARRI,,"=""21732907""","=""42761576""","=""11498966""",Personal fixed term loan,2023-09-16 00:00:00,5000.00,0.00,,0.00,6085.00,NGN,0,Closed,2023-10-01 00:00:00,Performing
CHRISTIANAH IYANDA,"=""22554313245""",2OLUYEMI ERINOSHO STRCOUNTY BUS STOPOGBALAGOS,,"=""21827524""","=""43424181""","=""10365862""",Personal fixed term loan,2023-05-23 00:00:00,150000.00,0.00,,0.00,57992.00,NGN,0,Closed,2024-01-09 00:00:00,Performing
ANTA ADEJOKE BASHORUN,"=""22269444184""",4TH AVENUE OORE OFE QUARTERS AKINSOLA STREET BESIDE PATHFI,,"=""20643271""","=""44220248""","=""RCL44220248""",Personal Overdraft,2025-03-31 00:00:00,20000.00,16471.60,,,16471.60,NGN,8,Open,,Watchlist
GIDEON AKINTOLA,,REHOBOTH BAPTIST CHURCH OKINNI,,"=""20667127""","=""39270585""","=""RCL39270585""",Personal Overdraft,2024-09-17 00:00:00,230000.00,0.00,,,0.00,NGN,0,Open,,Performing
KEHINDE ADENIRAN,,18 20 RASMON STR AJAO ESTATE OSHODI,,"=""20674911""","=""26126820""","=""RCL26126820""",Personal Overdraft,2024-02-12 00:00:00,300000.00,403533.04,,,403533.04,NGN,62,Open,,Doubtful
MADU NONSO JAMES,"=""22226821683""",47PJ3J Sabojibi Nigeria,,"=""20868982""","=""43342004""","=""14082126""",Personal fixed term loan,2024-06-12 00:00:00,5000.00,0.00,,0.00,6750.00,NGN,0,Closed,2024-07-12 00:00:00,Performing
MADU NONSO JAMES,"=""22226821683""",47PJ3J Sabojibi Nigeria,,"=""20868982""","=""43342004""","=""14085482""",Personal fixed term loan,2024-06-12 00:00:00,5000.00,0.00,,0.00,6570.00,NGN,0,Closed,2024-07-12 00:00:00,Performing
MADU NONSO JAMES,"=""22226821683""",47PJ3J Sabojibi Nigeria,,"=""20868982""","=""43342004""","=""14087455""",Personal fixed term loan,2024-06-12 00:00:00,5000.00,0.00,,0.00,6570.00,NGN,0,Closed,2024-07-12 00:00:00,Performing
MIRACLE REJOICEALABI,,2 LINE 9 PHASE II IFELERE QUARTERS SCHOOL OF SCIENCE ONDO,,"=""20925587""","=""40978465""","=""RCL40978465""",,2025-06-30 00:00:00,25000.00,21250.00,,,21250.00,NGN,0,Open,,Performing
CHIMA AHANONU,"=""22535540677""",UMUOGU UMUOWA ORLU IMO STATE,,"=""21462680""","=""41804428""","=""RCL41804428""",Personal Overdraft,2024-07-26 00:00:00,133577.60,0.00,,0.00,64848.13,NGN,0,Open,,Performing
IDRIS TIJANI,"=""22457449065""",88 HIGH MUDA BASHORUN ADEBISI AIYEPE ROAD,,"=""21467306""","=""41926283""","=""RCL41926283""",Personal Overdraft,2024-05-19 00:00:00,171600.00,0.00,,,0.00,NGN,0,Open,,Performing
ESE IGERE,"=""22282011057""",FEDERAL HOUSING ADO EKITI,,"=""21706687""","=""42295165""","=""10294204""",Personal fixed term loan,2023-05-16 00:00:00,20000.00,0.00,,0.00,24200.00,NGN,0,Closed,2023-06-15 00:00:00,Performing
ESE IGERE,"=""22282011057""",FEDERAL HOUSING ADO EKITI,,"=""21706687""","=""42295165""","=""10690917""",Personal fixed term loan,2023-06-24 00:00:00,10000.00,0.00,,0.00,6270.00,NGN,0,Closed,2023-08-23 00:00:00,Performing
ESE IGERE,"=""22282011057""",FEDERAL HOUSING ADO EKITI,,"=""21706687""","=""42295165""","=""11306695""",Personal fixed term loan,2023-08-28 00:00:00,20000.00,0.00,,0.00,24100.00,NGN,0,Closed,2023-09-27 00:00:00,Performing
ESE IGERE,"=""22282011057""",FEDERAL HOUSING ADO EKITI,,"=""21706687""","=""42295165""","=""11605001""",Personal fixed term loan,2023-09-26 00:00:00,15000.00,0.00,,0.00,17505.00,NGN,0,Closed,2023-10-11 00:00:00,Performing
ESE IGERE,"=""22282011057""",FEDERAL HOUSING ADO EKITI,,"=""21706687""","=""42295165""","=""12000040""",Personal fixed term loan,2023-11-02 00:00:00,20000.00,0.00,,0.00,23900.00,NGN,0,Closed,2023-12-02 00:00:00,Performing
ESE IGERE,"=""22282011057""",FEDERAL HOUSING ADO EKITI,,"=""21706687""","=""42295165""","=""13037345""",Personal fixed term loan,2024-02-21 00:00:00,10000.00,0.00,,0.00,12140.00,NGN,0,Closed,2024-03-07 00:00:00,Performing
ESE IGERE,"=""22282011057""",FEDERAL HOUSING ADO EKITI,,"=""21706687""","=""42295165""","=""15603435""",Personal fixed term loan,2024-12-11 00:00:00,20000.00,0.00,,0.00,13140.00,NGN,0,Closed,2025-02-09 00:00:00,Performing
AKINOLA JUSTINA ANIUOLUWAPO,"=""22633906506""",84 ILORO LAYOUT OKE ARO AKURE,"=""2349042470958""","=""21781651""","=""42750773""","=""RCL42750773""",Personal Overdraft,2025-01-20 00:00:00,30000.00,60583.63,,,60583.63,NGN,36,Open,,
JEREMIAH MARTINS,,12 ROYAL AJUWON OGUN STATE,,"=""21828245""","=""2758903""","=""RCL2758903""",Personal Overdraft,2024-11-11 00:00:00,300000.00,757501.05,,757501.00,225966.96,NGN,33,Open,,Sub standard
TAOFIQ YUNUS,"=""22489121993""",No 45 Ile lamba idi ape village ogidi Ilorin,"=""2349035235490""","=""20671160""","=""PF65116""","=""A22624""",Personal fixed term loan,2024-04-09 00:00:00,11000.00,0.00,,0.00,11597.80,NGN,0,Closed,2024-04-16 00:00:00,Performing
Okafor Ifeanyi Peter,,NO 8 ANINTA STREET OFF EZENE AVENUE ASABA,,"=""20788010""","=""40772530""","=""RCL40772530""",Personal Overdraft,2024-11-21 00:00:00,17094.31,39.10,,,39.10,NGN,0,Open,,Performing
IWAOLA SANDRA SANDRA,,igbarere street mushin Lagos,,"=""20825683""","=""36673459""","=""11190998""",Personal fixed term loan,2023-08-16 00:00:00,30000.00,0.00,,0.00,21900.00,NGN,0,Closed,2023-11-14 00:00:00,Performing
Akany Prince Emughedi,"=""22524011133""",4 PARADISE AVENUE OFF ST MICHAEL PHC RIVERS STATERivers St,,"=""21219560""","=""43841806""","=""11194249""",Personal fixed term loan,2023-08-16 00:00:00,22500.00,0.00,,0.00,29250.00,NGN,0,Closed,2023-09-15 00:00:00,Performing
HUTHMAN AROWOLO,,ACCOUNTING DEPT COLMAS FUNAAB  ABEOKUTA,,"=""21457626""","=""41500105""","=""RCL41500105""",Personal Overdraft,2025-07-05 00:00:00,30000.00,66833.13,,0.00,32769.45,NGN,97,Open,,Lost
AMARACHI UMEJIEGO,"=""22238483800""",New Owerri 460281 Owerri Imo Nigeria,,"=""21479416""","=""41668250""","=""RCL41668250""",Personal Overdraft,2024-12-05 00:00:00,80000.00,47385.57,,47385.57,81568.11,NGN,0,Open,,Performing
AYOBAMI ADEWUSI,"=""22302959736""",49 ESTER OWOLABI STREET,,"=""21684742""","=""42073893""","=""RCL42073893""",Personal Overdraft,2024-09-24 00:00:00,93404.01,118557.54,,,118557.54,NGN,92,Open,,Lost
HENRY AKPURU,"=""22678221220""",4 CHIEF OPAGA STREET G HOSTEL,,"=""21717270""","=""42295790""","=""10148483""",Personal fixed term loan,2023-05-02 00:00:00,5000.00,0.00,,0.00,3143.00,NGN,0,Closed,2023-07-01 00:00:00,Performing
HENRY AKPURU,"=""22678221220""",4 CHIEF OPAGA STREET G HOSTEL,,"=""21717270""","=""42295790""","=""10860377""",Personal fixed term loan,2023-07-12 00:00:00,7500.00,0.00,,0.00,4913.00,NGN,0,Closed,2023-09-10 00:00:00,Performing
HENRY AKPURU,"=""22678221220""",4 CHIEF OPAGA STREET G HOSTEL,,"=""21717270""","=""42295790""","=""11461895""",Personal fixed term loan,2023-09-12 00:00:00,5000.00,0.00,,0.00,5835.00,NGN,0,Closed,2023-10-12 00:00:00,Performing
HENRY AKPURU,"=""22678221220""",4 CHIEF OPAGA STREET G HOSTEL,,"=""21717270""","=""42295790""","=""11821122""",Personal fixed term loan,2023-10-16 00:00:00,20000.00,0.00,,0.00,6045.00,NGN,0,Closed,2024-03-14 00:00:00,Performing
JOSEPH OMOLEHIN,,9OYETOLA STREET OFF AYODELE SAMUELMAFOLUKU,,"=""21734903""","=""42654650""","=""10036578""",Personal fixed term loan,2023-04-21 00:00:00,15000.00,0.00,,0.00,17700.00,NGN,0,Closed,2023-05-06 00:00:00,Performing
JOSEPH OMOLEHIN,,9OYETOLA STREET OFF AYODELE SAMUELMAFOLUKU,,"=""21734903""","=""42654650""","=""10117122""",Personal fixed term loan,2023-04-29 00:00:00,15000.00,0.00,,0.00,18450.00,NGN,0,Open,2023-07-13 00:00:00,Lost
TEMITOPE BELLO,"=""22341557669""",22 OLANIYI STREET DALEMO BUS STOP IFAKO IJAIYE,,"=""21824843""","=""42972661""","=""10180518""",Personal fixed term loan,2023-05-04 00:00:00,35000.00,0.00,,0.00,43750.00,NGN,0,Closed,2023-06-03 00:00:00,Performing
TEMITOPE BELLO,"=""22341557669""",22 OLANIYI STREET DALEMO BUS STOP IFAKO IJAIYE,,"=""21824843""","=""42972661""","=""11617012""",Personal fixed term loan,2023-09-27 00:00:00,50000.00,0.00,,0.00,23090.00,NGN,0,Closed,2024-07-07 00:00:00,Performing
TEMITOPE BELLO,"=""22341557669""",22 OLANIYI STREET DALEMO BUS STOP IFAKO IJAIYE,,"=""21824843""","=""42972661""","=""14381098""",Personal fixed term loan,2024-07-16 00:00:00,40000.00,0.00,,0.00,47696.00,NGN,0,Closed,2024-08-15 00:00:00,Performing
TEMITOPE BELLO,"=""22341557669""",22 OLANIYI STREET DALEMO BUS STOP IFAKO IJAIYE,,"=""21824843""","=""42972661""","=""14629147""",Personal fixed term loan,2024-08-13 00:00:00,30000.00,0.00,,0.00,19410.00,NGN,0,Closed,2024-10-12 00:00:00,Performing
JOHNSON AREGBESOLA,,177 UZOR STREET AJEGUNLE,,"=""20671387""","=""40072449""","=""RCL40072449""",Personal Overdraft,2024-09-11 00:00:00,155000.00,26.81,,0.00,216479.51,NGN,0,Closed,,Performing
CHRISTOPHER CHUKWU,"=""22219075369""",2 CLOSE E UNITY AVENUE RUMUDARA BSTOP PH TOWN,,"=""20690608""","=""40088906""","=""RCL40088906""",Personal Overdraft,2024-06-17 00:00:00,90000.00,96.92,,,96.92,NGN,0,Open,,Performing
umar Abubakar balarabe,,3ADELEYE CLOSE,,"=""21148265""","=""43820015""","=""10526126""",Personal fixed term loan,2023-06-07 00:00:00,20000.00,0.00,,0.00,25800.00,NGN,0,Closed,2023-07-07 00:00:00,Performing
Jimoh Abdullahi Olalekan,"=""22417687038""",Close to Pkakungun Roundabout Minna temporarily closed,,"=""21191404""","=""1297378""","=""RCL1297378""",Personal Overdraft,2025-07-02 00:00:00,40000.00,187562.14,,187562.00,40114.37,NGN,94,Open,,Lost
rioka blessing ebruwiyor,"=""22233016058""",2 OTUNBA STREET ITEDO LEKKI LAGOS,,"=""21367675""","=""12137610""","=""RCL12137610""",Personal Overdraft,2024-03-10 00:00:00,300000.00,0.00,,0.00,0.00,NGN,0,Open,,Performing
OLUWAFEMI AJAYI,"=""22200841292""",NO 9 AOFIN COMP USIN IKOLE EKITI,,"=""21472364""","=""39419372""","=""RCL39419372""",Personal Overdraft,2024-02-11 00:00:00,285000.00,75600.00,,,75600.00,NGN,0,Open,,Performing
CHIKA NNAJIOFOR,"=""22213350648""",NNAJIOFORS COMPOUND AKEMEUNO ARONDIZUOGU,,"=""21715639""","=""42600277""","=""RCL42600277""",Personal Overdraft,2025-02-11 00:00:00,410000.00,0.00,,,0.00,NGN,0,Open,,Performing
FAVOUR FALUYI,"=""22627095652""",17 POLICE POST ELIOZU PH,,"=""21824692""","=""43161980""","=""10259313""",Personal fixed term loan,2023-05-12 00:00:00,7500.00,0.00,,0.00,9675.00,NGN,0,Closed,2023-06-11 00:00:00,Performing
FAVOUR FALUYI,"=""22627095652""",17 POLICE POST ELIOZU PH,,"=""21824692""","=""43161980""","=""11266455""",Personal fixed term loan,2023-08-23 00:00:00,5000.00,0.00,,0.00,5720.00,NGN,0,Closed,2023-09-07 00:00:00,Performing
FAVOUR FALUYI,"=""22627095652""",17 POLICE POST ELIOZU PH,,"=""21824692""","=""43161980""","=""11457514""",Personal fixed term loan,2023-09-12 00:00:00,10000.00,0.00,,0.00,11830.00,NGN,0,Closed,2023-10-12 00:00:00,Performing
FAVOUR FALUYI,"=""22627095652""",17 POLICE POST ELIOZU PH,,"=""21824692""","=""43161980""","=""11857528""",Personal fixed term loan,2023-10-19 00:00:00,5000.00,0.00,,0.00,5715.00,NGN,0,Closed,2023-11-03 00:00:00,Performing
FAVOUR FALUYI,"=""22627095652""",17 POLICE POST ELIOZU PH,,"=""21824692""","=""43161980""","=""13136525""",Personal fixed term loan,2024-03-04 00:00:00,25000.00,0.00,,0.00,30250.00,NGN,0,Closed,2024-04-03 00:00:00,Performing
FAVOUR FALUYI,"=""22627095652""",17 POLICE POST ELIOZU PH,,"=""21824692""","=""43161980""","=""13412871""",Personal fixed term loan,2024-04-02 00:00:00,200000.00,0.00,,0.00,31834.00,NGN,0,Closed,2025-03-28 00:00:00,Performing
FAVOUR FALUYI,"=""22627095652""",17 POLICE POST ELIOZU PH,,"=""21824692""","=""43161980""","=""14871526""",Personal fixed term loan,2024-09-09 00:00:00,45000.00,0.00,,0.00,55791.00,NGN,0,Closed,,Performing
DAVID ONU,"=""22574741725""",OLD NYSC QUARTERS BATTALLION 3 MARARABA,,"=""21827091""","=""42886985""","=""RCL42886985""",Personal Overdraft,2024-07-17 00:00:00,7500.00,11466.34,,11466.00,5248.57,NGN,94,Open,,Lost
MONDAY AMEDOME,,19 MUYIWA OPALEYE STREET,,"=""21828553""","=""43570840""","=""10425672""",Personal fixed term loan,2023-05-29 00:00:00,7500.00,0.00,,0.00,9525.00,NGN,0,Closed,2023-06-28 00:00:00,Performing
MONDAY AMEDOME,,19 MUYIWA OPALEYE STREET,,"=""21828553""","=""43570840""","=""13299913""",Personal fixed term loan,2024-03-22 00:00:00,10000.00,0.00,,0.00,13600.00,NGN,0,Closed,2024-04-21 00:00:00,Performing
PRECIOUS FRIDAY,"=""22478071340""",10 AKWAKA STR RUMUODOMAYA JUNCTPHC RIVERS STATE,,"=""21829301""","=""42945144""","=""10262857""",Personal fixed term loan,2023-05-12 00:00:00,22500.00,0.00,,0.00,28575.00,NGN,0,Closed,2023-06-11 00:00:00,Performing
IHEKA EMMANUEL EMMANUEL,"=""22209820317""",14 IJERO ROAD APAPA ROAD BUS S,,"=""20793553""","=""40729745""","=""RCL40729745""",Personal Overdraft,2024-11-22 00:00:00,300000.00,0.00,,0.00,62224.00,NGN,0,Open,,Performing
LAWAL MISTURA MISTURA,"=""22329128584""",8 AFOLABI LAWAL MANGORO AGEG LAGOS STATE,,"=""20795813""","=""40574213""","=""RCL40574213""",Personal Overdraft,2025-02-13 00:00:00,300000.00,89023.84,,89024.00,0.00,NGN,63,Open,,Doubtful
Sulaiman Idris,"=""22747793704""",No 13 Akinsanya Street Olodi Apapa,"=""2348021613141""","=""20840835""","=""PF77381""","=""A18073""",Personal fixed term loan,2024-03-01 00:00:00,40000.00,0.00,,0.00,47601.40,NGN,0,Closed,2024-03-31 00:00:00,Performing
BAKARE PRECIOUS DEMILADE,"=""22528791677""",UNITY ROAD AYANFE COMMUNITY KUOLA APATA IBADAN,,"=""20872945""","=""57127843""","=""RCL57127843""",,2025-03-05 00:00:00,15000.00,15741.57,,,15741.57,NGN,7,Open,,Watchlist
CHARLEMAGNE AMAEFULA,"=""22145308360""",KM 16 OJOTA LAGOS,,"=""20937241""","=""41033789""","=""RCL41033789""",Personal Overdraft,2024-08-31 00:00:00,200000.00,178127.19,,178127.00,0.00,NGN,63,Open,,Doubtful
Doghor Ovie Louis,"=""22182417119""",44 Lower Erejuwa,,"=""21241045""","=""38186808""","=""RCL38186808""",Personal Overdraft,2024-05-10 00:00:00,37500.00,0.00,,,0.00,NGN,0,Open,,Performing
Eromose Silas,"=""22447586893""",28 ERHAHON ESTATEEWAH ROAD,,"=""21377946""","=""38057970""","=""11073109""",Personal fixed term loan,2023-08-04 00:00:00,5000.00,0.00,,0.00,6100.00,NGN,0,Closed,2023-08-19 00:00:00,Performing
OLAWALE OSUNBODE,"=""22329673958""",NO 35 BELLO STREET AJASA COMMAND,,"=""21457267""","=""41691967""","=""RCL41691967""",Personal Overdraft,2024-12-31 00:00:00,255000.00,240672.67,,,240672.67,NGN,67,Open,,
FASILAT JINADU,,41 FOLARIN STREET ALIMOSHO B STOP IPAJA,,"=""21690724""","=""42400515""","=""12835809""",Personal fixed term loan,2024-01-30 00:00:00,10000.00,0.00,,0.00,12370.00,NGN,0,Closed,2024-02-14 00:00:00,Performing
BARAKAT AFOLABI,"=""22439525932""",No 52 odili road transamadi Portarcourt,"=""2349162063836""","=""21731880""","=""PF105254""","=""A28737""",Personal fixed term loan,2024-06-13 00:00:00,358000.00,0.00,,0.00,87676.60,NGN,0,Closed,2024-06-28 00:00:00,Performing
John Emmanuel h,"=""22175072716""",9 AKITUNDE AKINTAN STREET AYOBO IPAJA,,"=""21766248""","=""43020197""","=""10842048""",Personal fixed term loan,2023-07-10 00:00:00,5000.00,0.00,,0.00,6500.00,NGN,0,Closed,2023-08-09 00:00:00,Performing
OLUWAMAYOWA OLAPADE,"=""22549613044""",1 OPEERE STREET NEW GARAGE BSTOP OLUYOLE,,"=""21825028""","=""43384426""","=""10349824""",Personal fixed term loan,2023-05-21 00:00:00,5000.00,0.00,,0.00,5900.00,NGN,0,Closed,2023-06-05 00:00:00,Performing
OLUWAMAYOWA OLAPADE,"=""22549613044""",1 OPEERE STREET NEW GARAGE BSTOP OLUYOLE,,"=""21825028""","=""43384426""","=""11323675""",Personal fixed term loan,2023-08-29 00:00:00,5000.00,0.00,,0.00,5985.00,NGN,0,Closed,2023-09-13 00:00:00,Performing
OLUWAMAYOWA OLAPADE,"=""22549613044""",1 OPEERE STREET NEW GARAGE BSTOP OLUYOLE,,"=""21825028""","=""43384426""","=""11578129""",Personal fixed term loan,2023-09-23 00:00:00,1500.00,0.00,,0.00,1728.00,NGN,0,Closed,2023-10-08 00:00:00,Performing
OLUWAMAYOWA OLAPADE,"=""22549613044""",1 OPEERE STREET NEW GARAGE BSTOP OLUYOLE,,"=""21825028""","=""43384426""","=""11787625""",Personal fixed term loan,2023-10-13 00:00:00,1500.00,0.00,,0.00,1714.50,NGN,0,Closed,2023-10-28 00:00:00,Performing
OLUWAMAYOWA OLAPADE,"=""22549613044""",1 OPEERE STREET NEW GARAGE BSTOP OLUYOLE,,"=""21825028""","=""43384426""","=""11987563""",Personal fixed term loan,2023-11-01 00:00:00,1500.00,0.00,,0.00,1759.50,NGN,0,Closed,2023-12-01 00:00:00,Performing
OLUWAMAYOWA OLAPADE,"=""22549613044""",1 OPEERE STREET NEW GARAGE BSTOP OLUYOLE,,"=""21825028""","=""43384426""","=""12031858""",Personal fixed term loan,2023-11-05 00:00:00,5000.00,0.00,,0.00,5865.00,NGN,0,Closed,2023-12-26 00:00:00,Performing
REBECCA BABATUNDE,"=""22284401863""",6 SANUSI STREET COUNCIL BUSSTOP IDIMU LAGOS STATE,,"=""20669008""","=""40206849""","=""RCL40206849""",Personal Overdraft,2024-11-22 00:00:00,300000.00,0.00,,,0.00,NGN,0,Open,,Performing
OKWEZULU LUCKY LUCKY,"=""22705143800""",OKPAI,,"=""20802645""","=""40618455""","=""RCL40618455""",Personal Overdraft,2025-02-20 00:00:00,10000.00,0.00,,0.00,0.00,NGN,0,Open,,Performing
IBRAHEEM HAKEEM,"=""22468296520""",FOLUKE ETE STREET IKIRE OSUN,,"=""20928227""","=""38376979""","=""RCL38376979""",Personal Overdraft,2025-07-15 00:00:00,115000.00,0.00,,,0.00,NGN,0,Open,,Performing
JAMES OKPARA,,HOUSE AD 1A ACADEMY STR 5TH AVENUE FHCS ESTATE LOKOGOMA AB,,"=""20931712""","=""39538301""","=""RCL39538301""",Personal Overdraft,2024-11-06 00:00:00,45000.00,0.00,,,0.00,NGN,0,Open,,Performing
UCHE NWIZU,"=""22160064364""",NO 18 CHARLES STREET ABAKPA NIKE ENUGU,,"=""20937490""","=""41248085""","=""RCL41248085""",Personal Overdraft,2024-08-05 00:00:00,200000.00,292117.67,,,292117.67,NGN,93,Open,,Lost
ADIL KAMAL MODIBBO,"=""22399948888""",45 KORODUMA RD BEHIND VITA FOAM BST ONE MAN VILLAGE KARU,,"=""21023917""","=""38928432""","=""14461531""",Personal fixed term loan,2024-07-25 00:00:00,5000.00,0.00,,0.00,6750.00,NGN,0,Closed,2024-08-24 00:00:00,Performing
ADIL KAMAL MODIBBO,"=""22399948888""",45 KORODUMA RD BEHIND VITA FOAM BST ONE MAN VILLAGE KARU,,"=""21023917""","=""38928432""","=""14844016""",Personal fixed term loan,2024-09-06 00:00:00,10000.00,0.00,,0.00,14500.00,NGN,0,Closed,,Performing
john pius,"=""22246288349""",TUDUWADA BEHIND ROYAL DREAM HOTEL MARARABA,,"=""21343725""","=""46701754""","=""RCL46701754""",Personal Overdraft,2024-09-10 00:00:00,130000.00,38343.08,,,38343.08,NGN,7,Open,,Watchlist
BABATUNDE FADOYIN,"=""22237422237""",16 BISIKALU STR ODOGUNYAN IKORODU Ikorodu Lagos State,,"=""21435387""","=""18495477""","=""RCL18495477""",Personal Overdraft,2024-06-25 00:00:00,285000.00,0.00,,,0.00,NGN,0,Open,,Performing
CLINTON EBONINE,,6 UBA STREET OFF PORT HARCOURT ROAD ABA,,"=""21710705""","=""41379385""","=""RCL41379385""",Personal Overdraft,2025-05-15 00:00:00,45000.00,37620.00,,0.00,15500.00,NGN,0,Open,,Performing
VICTOR SAMUEL,"=""22505989680""",King Perekule Palace Court Road 503101 Bonny Rivers Nigeri,"=""2349014496689""","=""21720020""","=""PF61559""","=""A20548""",Personal fixed term loan,2024-03-25 00:00:00,296000.00,30735.62,,30735.62,70747.80,NGN,870,Open,2024-04-01 00:00:00,Lost
owamerime dalumo,,rd 1 block 112 apt1 navy town,,"=""21727663""","=""1946570""","=""RCL1946570""",Personal Overdraft,2024-10-08 00:00:00,120000.00,12120.00,,0.00,0.00,NGN,0,Open,,Performing
CHIKE ONUIGBO,,AMIKEABA BY OMEGE AFTER ASSEMBLIE,,"=""21731402""","=""42541910""","=""RCL42541910""",Personal Overdraft,2024-06-21 00:00:00,200000.00,0.00,,0.00,0.00,NGN,0,Open,,Performing
BROWN LOVEDAY,,75 OGBUNABALI ROAD,,"=""21825175""","=""43188349""","=""10270629""",Personal fixed term loan,2023-05-13 00:00:00,15000.00,0.00,,0.00,17250.00,NGN,0,Closed,2023-05-28 00:00:00,Performing
BROWN LOVEDAY,,75 OGBUNABALI ROAD,,"=""21825175""","=""43188349""","=""10804750""",Personal fixed term loan,2023-07-06 00:00:00,17500.00,0.00,,0.00,22312.50,NGN,0,Closed,2023-08-05 00:00:00,Performing
BROWN LOVEDAY,,75 OGBUNABALI ROAD,,"=""21825175""","=""43188349""","=""11463174""",Personal fixed term loan,2023-09-12 00:00:00,20000.00,0.00,,0.00,25500.00,NGN,0,Closed,2023-10-12 00:00:00,Performing
BROWN LOVEDAY,,75 OGBUNABALI ROAD,,"=""21825175""","=""43188349""","=""12030608""",Personal fixed term loan,2023-11-05 00:00:00,10000.00,0.00,,0.00,12750.00,NGN,0,Closed,2023-12-05 00:00:00,Performing
SAMUEL IGBOWE,"=""22177296686""",100 AERODROME CLOSE OFF BY TRADE FAIR COMPLEX BENIN,,"=""21829192""","=""43103815""","=""10255423""",Personal fixed term loan,2023-05-12 00:00:00,15000.00,0.00,,0.00,19350.00,NGN,0,Closed,2023-06-11 00:00:00,Performing
Israel Okeleye,"=""22276822618""",maraban rido,,"=""20667041""","=""36913596""","=""RCL36913596""",Personal Overdraft,2024-10-20 00:00:00,80000.00,143939.76,,,143939.76,NGN,91,Open,,Lost
FRED PRISCILLA,"=""22432480889""",13 GABES STREET WUSE ZONE 2 ABUJA,"=""07044161478""","=""20771914""","=""43779101""","=""RCL43779101""",Personal Overdraft,2024-06-25 00:00:00,35000.00,0.00,,,0.00,NGN,0,Open,,Performing
NYIATAGHER VINCENT VINCENT,"=""22194490920""",NO 14 TONY CHUKU STREET OFF ALION ROAD WOJI PH,,"=""20795730""","=""40503566""","=""RCL40503566""",Personal Overdraft,2024-11-22 00:00:00,275000.00,0.00,,0.00,0.00,NGN,0,Open,,Performing
AKPE TOMBRA TOMBRA,"=""22317762901""",KAJOLA MAGBORO OGUN STATE Obafemi Owode Ogun State,,"=""20796974""","=""4655798""","=""RCL4655798""",,2024-08-21 00:00:00,200000.00,0.00,,0.00,0.00,NGN,0,Open,,Performing
CHIBUIKE NZERE,"=""22476413272""",NO 39 FRANCIS STREET ONITSHA,,"=""20953249""","=""33774600""","=""RCL33774600""",,2024-06-10 00:00:00,300000.00,19108.97,,0.00,0.00,NGN,0,Open,,Performing
CHIBUEZE ATUENYE,,Not Available,,"=""20953910""","=""15499680""","=""RCL15499680""",Personal Overdraft,2025-01-16 00:00:00,140400.00,109090.43,,,109090.43,NGN,0,Open,,
Akwari James Kalu,"=""22202117784""",90 CAMEROUN ROAD,,"=""21109331""","=""35067036""","=""RCL35067036""",Personal Overdraft,2025-02-24 00:00:00,5743.65,15973.25,,15973.25,7258.36,NGN,122,Open,,Lost
Emmanuel Daniel Chinwoke,"=""22220363291""",31 BANKOLE STREET IYANA ITIRE BSTOP ILASAMAJA OSHODI,,"=""21173830""","=""45760738""","=""RCL45760738""",Personal Overdraft,2024-09-24 00:00:00,300000.00,56730.00,,,56730.00,NGN,0,Open,,Performing
Ayomide Olotu Olawale,"=""22496994142""",IDI IROKO STR IRAGBERI Egbedore Osun State,,"=""21339914""","=""10601399""","=""RCL10601399""",Personal Overdraft,2025-01-23 00:00:00,10000.00,29512.74,,,29512.74,NGN,93,Open,,
AYODELE AJAYI,,NO 7 PHASE 1 MANDATE ESTATE OPP OFFA ROAD,,"=""21711436""","=""1899244""","=""RCL1899244""",Personal Overdraft,2025-04-05 00:00:00,95000.00,18000.00,,,18000.00,NGN,0,Open,,
samuel onyebuchi,"=""22397294367""",NO 6 CHIEF ONU LANE AKWAKUMA OWERRI,,"=""21719761""","=""42855650""","=""RCL42855650""",Personal Overdraft,2024-12-11 00:00:00,275000.00,0.00,,,0.00,NGN,0,Open,,Performing
ODIGIE OSARO KESSINTION,"=""22184226795""",FEDERAL UNIVERSITY LOKOJA GREEN LODGE LOKOJA,,"=""21807506""","=""19197205""","=""RCL19197205""",Personal Overdraft,2025-03-17 00:00:00,20000.00,5095.00,,0.00,22651.10,NGN,0,Open,,Performing
IGHO ENDURANCE,"=""22327433413""",IDDO SHOPPING COMPLEX,,"=""21825816""","=""9708578""","=""RCL9708578""",Personal Overdraft,2024-11-16 00:00:00,180000.00,143923.41,,0.00,190933.81,NGN,64,Open,,Doubtful
samuel whesu,"=""22233483083""",Nigeria,,"=""21826159""","=""43042048""","=""RCL43042048""",Personal Overdraft,2025-06-01 00:00:00,165000.00,0.00,,,0.00,NGN,0,Open,,
FAVOUR ENYISON,"=""22547794086""",25 ADEMOLA STREET OKOKO,,"=""21827491""","=""43300189""","=""10320029""",Personal fixed term loan,2023-05-18 00:00:00,20000.00,0.00,,0.00,25800.00,NGN,0,Closed,2023-06-17 00:00:00,Performing
FAVOUR ENYISON,"=""22547794086""",25 ADEMOLA STREET OKOKO,,"=""21827491""","=""43300189""","=""10650729""",Personal fixed term loan,2023-06-20 00:00:00,60000.00,0.00,,0.00,42810.00,NGN,0,Closed,2023-08-19 00:00:00,Performing
FAVOUR ENYISON,"=""22547794086""",25 ADEMOLA STREET OKOKO,,"=""21827491""","=""43300189""","=""11694970""",Personal fixed term loan,2023-10-04 00:00:00,20000.00,0.00,,0.00,23940.00,NGN,0,Closed,2023-11-03 00:00:00,Performing
FAVOUR ENYISON,"=""22547794086""",25 ADEMOLA STREET OKOKO,,"=""21827491""","=""43300189""","=""12364656""",Personal fixed term loan,2023-12-08 00:00:00,7500.00,0.00,,0.00,8482.50,NGN,0,Closed,2023-12-23 00:00:00,Performing
PERPETUAL AKPAMA,,NO 45 OKOROGBO STREET AJEGUNLE APAPA,,"=""20669939""","=""13679307""","=""RCL13679307""",,2025-02-07 00:00:00,40000.00,43589.00,,,43589.00,NGN,7,Open,,Watchlist
KASARACHI DIKE,,UMUOGUTA ASSA OHAJI EGBEMA,"=""07037878948""","=""20696307""","=""26027642""","=""RCL26027642""",Personal Overdraft,2024-05-15 00:00:00,260000.00,70362.31,,,70362.31,NGN,0,Open,,Performing
SALIHU OVAKU,"=""22345259910""",LOKOJA  RD,"=""08035712903""","=""20925359""","=""41211103""","=""RCL41211103""",Personal Overdraft,2024-05-02 00:00:00,131386.74,75300.08,,0.00,75300.08,NGN,91,Open,,Lost
SUNDAY AJAELO,,22 amidu jimoh street ikotun Lagos,"=""08023640345""","=""20942404""","=""41382515""","=""RCL41382515""",Personal Overdraft,2025-06-01 00:00:00,285415.77,191304.20,,,191304.20,NGN,0,Open,,Performing
LILIAN OKOSI,,Individual,"=""2348033417332""","=""20949242""","=""40989615""","=""RCL40989615""",Personal Overdraft,2024-10-24 00:00:00,300000.00,0.00,,0.00,0.00,NGN,0,Open,,Open
MODUPE ADENIYI,,NO 41SAVANNA STREETOGUDASURULERELAGOS Surulere Lagos State,,"=""20950439""","=""17758950""","=""RCL17758950""",Personal Overdraft,2024-09-21 00:00:00,189000.00,91454.95,,,91454.95,NGN,2,Open,,Watchlist
Ibrahim hammed,"=""22334046550""",Surulere Lagos Nigeria,,"=""21052891""","=""13392230""","=""RCL13392230""",Personal Overdraft,2025-02-14 00:00:00,10000.00,41292.85,,,41292.85,NGN,90,Open,,Lost
idris jibrin,,JANGADOLE   FIKA LGA,,"=""21164856""","=""43897593""","=""RCL43897593""",,2025-04-22 00:00:00,365000.00,0.00,,,0.00,NGN,0,Open,,Performing
CYNTHIA UKAEGBU,"=""22544323915""",11 REDEEMED STREET ELEJIJI ESTATE PHC,,"=""21704314""","=""42608527""","=""11100279""",Personal fixed term loan,2023-08-07 00:00:00,20000.00,0.00,,0.00,23152.00,NGN,0,Closed,2023-08-22 00:00:00,Performing
ENIOLA JIMOH,"=""22665336423""",Number 14 teachers quarters agbor Delta state,,"=""21823749""","=""43336157""","=""RCL43336157""",Personal Overdraft,2024-08-16 00:00:00,155000.00,57612.27,,,57612.27,NGN,61,Open,,Doubtful
ESTHER IGBOKE,"=""22492549276""",PLOT 144 PROF IKEJIANI STREET SABURI DEI DEI,,"=""21825358""","=""43042939""","=""10305675""",Personal fixed term loan,2023-05-17 00:00:00,12500.00,0.00,,0.00,15750.00,NGN,0,Closed,2023-06-16 00:00:00,Performing
ESTHER IGBOKE,"=""22492549276""",PLOT 144 PROF IKEJIANI STREET SABURI DEI DEI,,"=""21825358""","=""43042939""","=""10448493""",Personal fixed term loan,2023-05-31 00:00:00,12500.00,0.00,,0.00,15812.50,NGN,0,Closed,2023-06-30 00:00:00,Performing
ESTHER IGBOKE,"=""22492549276""",PLOT 144 PROF IKEJIANI STREET SABURI DEI DEI,,"=""21825358""","=""43042939""","=""12243708""",Personal fixed term loan,2023-11-27 00:00:00,7500.00,0.00,,0.00,5813.00,NGN,0,Closed,2024-01-26 00:00:00,Performing
STANISLAUS OKORO,"=""22553823297""",8 ALLI OLUDEGUN STREET WONDERLAND ESTATE,,"=""21827723""","=""43449008""","=""RCL43449008""",Personal Overdraft,2024-12-19 00:00:00,245000.00,173820.60,,,173820.60,NGN,0,Open,,Performing
FESTUS NWAGBOROGU,,158 ONITSHAOWERRI ROAD IMOOMAMMA,,"=""21831818""","=""39326772""","=""10331361""",Personal fixed term loan,2023-05-19 00:00:00,7500.00,0.00,,0.00,8850.00,NGN,0,Closed,2023-06-03 00:00:00,Performing
FESTUS NWAGBOROGU,,158 ONITSHAOWERRI ROAD IMOOMAMMA,,"=""21831818""","=""39326772""","=""10861361""",Personal fixed term loan,2023-07-12 00:00:00,40000.00,0.00,,0.00,18454.00,NGN,0,Closed,2023-11-23 00:00:00,Performing
UCHE OKAFOR,"=""22185930886""",20 OWOKONIRAN STREETMUSHIN,,"=""21832838""","=""42497647""","=""10240246""",Personal fixed term loan,2023-05-10 00:00:00,40000.00,0.00,,0.00,49800.00,NGN,0,Closed,2023-06-09 00:00:00,Performing
UCHE OKAFOR,"=""22185930886""",20 OWOKONIRAN STREETMUSHIN,,"=""21832838""","=""42497647""","=""11684881""",Personal fixed term loan,2023-10-03 00:00:00,150000.00,0.00,,0.00,105413.00,NGN,0,Closed,2023-12-02 00:00:00,Performing
OTARU BOLUWATIFE BOLUWATIFE,"=""22346888267""",NO 17 IBUKUNOLUWA STREET AYOBO,,"=""20803499""","=""40019589""","=""RCL40019589""",Personal Overdraft,2024-11-18 00:00:00,300000.00,0.00,,,0.00,NGN,0,Open,,Performing
ALPHONSUS CHETACHUKWU CHETACHUKWU,"=""22478902291""",ANYIKA FELIX COMPOUND AWO EZIMUZOR EZINIFITE,,"=""20811706""","=""12594909""","=""RCL12594909""",Personal Overdraft,2024-05-18 00:00:00,200000.00,10839.85,,0.00,0.00,NGN,0,Open,,Performing
Okparaocha Chidebere,,NO 41 OWOSENI STREET IKATE SURULERE,"=""08028874388""","=""20857278""","=""1844016""","=""RCL1844016""",,2025-05-04 00:00:00,225000.00,21681.71,,0.00,0.00,NGN,0,Open,,Performing
YASIR KARAMOH,"=""22533711341""",University road Al hikmah,"=""2348028219534""","=""20886000""","=""PF10826""","=""A23241""",Personal fixed term loan,2024-04-14 00:00:00,3000.00,0.00,,0.00,732.20,NGN,0,Closed,2024-04-29 00:00:00,Performing
DERICK ATULOMAH,,2 VENN ROAD SOUTH ONITSHA,,"=""20923072""","=""41341816""","=""RCL41341816""",Personal Overdraft,2024-12-13 00:00:00,100000.00,29006.53,,,29006.53,NGN,0,Open,,Performing
DUBEM NWOSU,"=""22406211149""",PLOT 7BOKA AKOKO STREET GARKI 2ABUJA,,"=""20930879""","=""41339129""","=""RCL41339129""",Personal Overdraft,2024-06-15 00:00:00,84544.85,0.00,,,0.00,NGN,0,Open,,Performing
LUCY AKPAN,,IKOT UDOTA ETEBI,,"=""20931596""","=""37467647""","=""RCL37467647""",Personal Overdraft,2024-06-05 00:00:00,71500.00,105360.60,,,105360.60,NGN,93,Open,,Lost
Adesegun Shakirah Adeola,"=""22545502298""",3 OLADELE STREET IKOSI KETU LAGOS,,"=""21113746""","=""49799494""","=""RCL49799494""",Personal Overdraft,2024-11-29 00:00:00,115000.00,0.00,,,0.00,NGN,0,Open,,Performing
Ananwa Godwin Chidi,,55 EBENEZER STR OFF GOV ROAD Alimosho Lagos State,,"=""21347872""","=""17815663""","=""RCL17815663""",Personal Overdraft,2025-05-24 00:00:00,40000.00,0.00,,,0.00,NGN,0,Open,,
NGOZI IHEANACHOOGBU,"=""22498274686""",NO 4 FATHERS HOUSE ODENIGWE NSUKKA Nsukka Enugu State,,"=""21448257""","=""17233702""","=""RCL17233702""",Personal Overdraft,2024-12-08 00:00:00,70000.00,6969.31,,,6969.31,NGN,0,Open,,Performing
PROMISE OBIECHI CHINAZA,"=""22317307706""",14 15 Prince Alaba Oniru road,,"=""21608445""","=""623434""","=""RCL623434""",Personal Overdraft,2025-03-26 00:00:00,20000.00,21631.74,,,21631.74,NGN,1,Open,,
ADENIKE ELEGBEDE,"=""22721937278""",14 ALOWONLE STREET NTABO IJOKO OGBA AYO IFO LGA OGUN,,"=""21732464""","=""15042260""","=""RCL15042260""",Personal Overdraft,2025-03-25 00:00:00,20000.00,27350.21,,,27350.21,NGN,32,Open,,
Idris Ismail Idris,"=""22712764090""",No 6 ado avenue apapa lagos,"=""2349073653507""","=""21783631""","=""PF105383""","=""A27594""",Personal fixed term loan,2024-05-27 00:00:00,121000.00,128809.30,,128809.30,128809.30,NGN,807,Open,2024-06-03 00:00:00,Lost
REGINA OJEAH,"=""22276984961""",20 OBAEZE STREET OFF EVBOUMORE ST ISIOHOR BC,,"=""21825635""","=""43052911""","=""10213425""",Personal fixed term loan,2023-05-08 00:00:00,50000.00,0.00,,0.00,50000.00,NGN,0,Closed,2023-05-23 00:00:00,Performing
REGINA OJEAH,"=""22276984961""",20 OBAEZE STREET OFF EVBOUMORE ST ISIOHOR BC,,"=""21825635""","=""43052911""","=""10430166""",Personal fixed term loan,2023-05-29 00:00:00,30000.00,0.00,,0.00,34710.00,NGN,0,Closed,2023-06-13 00:00:00,Performing
ENDURANCE AGHORUNSE,"=""22189701367""",SETRAC O ROAD BESIDE EPISTOPAC C S CHURCH,,"=""21825910""","=""4375808""","=""RCL4375808""",Personal Overdraft,2025-05-25 00:00:00,30000.00,0.00,,,0.00,NGN,0,Open,,
VICTOR ADEWEWE,,AKINWALE HOUSE RAJI RASAKI STR IWO ROAD,,"=""21825937""","=""24679392""","=""RCL24679392""",Personal Overdraft,2025-05-05 00:00:00,30000.00,26743.38,,26743.00,34259.86,NGN,94,Open,,Lost
MARY NWODO,,MILE 50 VILLAGE,,"=""21828763""","=""43506263""","=""RCL43506263""",Personal Overdraft,2025-07-05 00:00:00,25000.00,53683.59,,53684.00,0.00,NGN,63,Open,,Doubtful
NWAIROEGBU PRINCESS PRINCESS,"=""22245695029""",150A GOLDIE STREET CALABAR Calabar South Cross River State,,"=""20826397""","=""856921""","=""RCL856921""",Personal Overdraft,2024-11-09 00:00:00,16250.00,13111.82,,,13111.82,NGN,30,Open,,Sub standard
Ibe Uchenna,"=""22524823008""",22 ST JOHNS ROAD WIMPEY BUS STOPPH RIVERS STATE,,"=""21057896""","=""42248351""","=""10858477""",Personal fixed term loan,2023-07-12 00:00:00,5000.00,0.00,,0.00,6500.00,NGN,0,Closed,2023-08-11 00:00:00,Performing
Patrick Ose Alexandrepatriot,"=""22384093298""",119 AGHO STREET OFF EHAEKPEN ROAD Oredo Edo State,,"=""21343278""","=""9071967""","=""RCL9071967""",Personal Overdraft,2025-03-22 00:00:00,10000.00,18226.26,,,18226.26,NGN,36,Open,,
FAVOUR ISERHIERH,"=""22347772945""",7 ELETU ODIBO STREET ABULEOJA YABA,,"=""21705436""","=""36754774""","=""12561547""",Personal fixed term loan,2023-12-29 00:00:00,17500.00,0.00,,0.00,23275.00,NGN,0,Closed,2024-01-28 00:00:00,Performing
COLLINS MANNAH,,PLOT 12 RSHA QUARTERSGRA BSTOPPORT HARCOURT,,"=""21721824""","=""36261131""","=""13519617""",Personal fixed term loan,2024-04-12 00:00:00,25000.00,0.00,,0.00,29852.50,NGN,0,Closed,2024-04-27 00:00:00,Performing
ADEJUWON KIKELOMO,,5 OMOTOLA STREET AFROMEDIA BSTOP OKOKOMAIKO OJO,,"=""21786282""","=""55083271""","=""RCL55083271""",Personal Overdraft,2024-12-28 00:00:00,40000.00,0.00,,,0.00,NGN,0,Open,,Performing
MANASSEH PHILIP,"=""22224527233""",ADO KASANEW KARUNASARAWA STATE,,"=""21823950""","=""43314915""","=""10323260""",Personal fixed term loan,2023-05-18 00:00:00,7500.00,0.00,,0.00,8625.00,NGN,0,Closed,2023-06-02 00:00:00,Performing
OYIH OGBENA,"=""22272903441""",FLAT 205G SAE AJAOKUTA,,"=""21825883""","=""43580420""","=""RCL43580420""",,2025-04-28 00:00:00,111364.38,0.00,,0.00,0.00,NGN,0,Open,,Open
THEODORE IWAEGBE,"=""22585169598""",42 OGBONDAWELL STR FIVE FINGER RUMUAGHOLU,,"=""21830702""","=""43104874""","=""10234303""",Personal fixed term loan,2023-05-10 00:00:00,2500.00,0.00,,0.00,9221.00,NGN,0,Closed,2023-06-16 00:00:00,Performing
THEODORE IWAEGBE,"=""22585169598""",42 OGBONDAWELL STR FIVE FINGER RUMUAGHOLU,,"=""21830702""","=""43104874""","=""10596027""",Personal fixed term loan,2023-06-14 00:00:00,2500.00,0.00,,0.00,4714.00,NGN,0,Closed,2023-07-14 00:00:00,Performing
THEODORE IWAEGBE,"=""22585169598""",42 OGBONDAWELL STR FIVE FINGER RUMUAGHOLU,,"=""21830702""","=""43104874""","=""10779898""",Personal fixed term loan,2023-07-04 00:00:00,5000.00,0.00,,0.00,8756.00,NGN,0,Closed,2023-08-03 00:00:00,Performing
THEODORE IWAEGBE,"=""22585169598""",42 OGBONDAWELL STR FIVE FINGER RUMUAGHOLU,,"=""21830702""","=""43104874""","=""10884693""",Personal fixed term loan,2023-07-15 00:00:00,7500.00,0.00,,0.00,15263.00,NGN,0,Closed,2023-08-21 00:00:00,Performing
THEODORE IWAEGBE,"=""22585169598""",42 OGBONDAWELL STR FIVE FINGER RUMUAGHOLU,,"=""21830702""","=""43104874""","=""11249326""",Personal fixed term loan,2023-08-22 00:00:00,1500.00,0.00,,0.00,3502.00,NGN,0,Closed,2023-09-21 00:00:00,Performing
THEODORE IWAEGBE,"=""22585169598""",42 OGBONDAWELL STR FIVE FINGER RUMUAGHOLU,,"=""21830702""","=""43104874""","=""11275060""",Personal fixed term loan,2023-08-24 00:00:00,5000.00,0.00,,0.00,17615.00,NGN,0,Closed,2023-10-29 00:00:00,Performing
THEODORE IWAEGBE,"=""22585169598""",42 OGBONDAWELL STR FIVE FINGER RUMUAGHOLU,,"=""21830702""","=""43104874""","=""12416624""",Personal fixed term loan,2023-12-13 00:00:00,60000.00,0.00,,0.00,86775.00,NGN,0,Closed,2024-01-12 00:00:00,Performing
OMOTAYO OGUNSIJI,"=""22429866933""",26 BROAD STREET NEW NYANYA NASARAWA,,"=""21832393""","=""42980112""","=""10197333""",Personal fixed term loan,2023-05-06 00:00:00,35000.00,0.00,,0.00,40250.00,NGN,0,Closed,2023-06-25 00:00:00,Performing
OMOTAYO OGUNSIJI,"=""22429866933""",26 BROAD STREET NEW NYANYA NASARAWA,,"=""21832393""","=""42980112""","=""10868153""",Personal fixed term loan,2023-07-13 00:00:00,22500.00,0.00,,0.00,27337.50,NGN,0,Closed,2023-08-20 00:00:00,Performing
ANGELA CHUKWUMARIJE MBAGWU,"=""22178357890""",LINE C FLAT2 OTOP ABASI POLICE BARRACKS CALABAR,,"=""20661559""","=""54421055""","=""RCL54421055""",Personal Overdraft,2024-11-18 00:00:00,10000.00,50035.14,,0.00,33686.22,NGN,88,Open,,Doubtful
RABIU ADAMU,"=""22561140522""",35 SABO ITAOGBOLU ROAD AKURE,,"=""20699566""","=""37797509""","=""RCL37797509""",Personal Overdraft,2024-09-22 00:00:00,100000.00,24199.99,,0.00,0.00,NGN,0,Open,,Performing
NWOGU NWAMAKA NWAMAKA,,94 NEW UMUAHIA RD ABA,,"=""20811302""","=""40468005""","=""RCL40468005""",Personal Overdraft,2025-02-14 00:00:00,50000.00,0.00,,,0.00,NGN,0,Open,,Performing
ADEMORIYO TAIWO ADETAYO,"=""22510949806""",15 OKE IRA OKO AFO,,"=""21095466""","=""45151643""","=""RCL45151643""",Personal Overdraft,2025-06-02 00:00:00,10000.00,32064.84,,,32064.84,NGN,93,Open,,Lost
UCHE IWU,,UMUERIM NEKEDE,"=""7039471730""","=""21434995""","=""39542214""","=""RCL39542214""",Personal Overdraft,2025-04-05 00:00:00,25000.00,0.00,,,0.00,NGN,0,Open,,Performing
MUHAMMAD MUSTAFA,,Jiddari bus stop,"=""2348085842228""","=""21437522""","=""PF60703""","=""A10570""",Personal fixed term loan,2024-01-08 00:00:00,32000.00,0.00,,0.00,34082.40,NGN,0,Closed,2024-01-11 00:00:00,Performing
AZEEZ ESHO,,EBUTTE OKITIPUPA Okitipupa Ondo State,,"=""21441082""","=""11417424""","=""RCL11417424""",Personal Overdraft,2024-11-20 00:00:00,78000.00,0.00,,,0.00,NGN,0,Open,,Performing
CHINEDU NNAMANI,"=""22175128303""",Enugu  Onitsha Expy Ogbunike 434101 Nkpor Anambra Nigeria,,"=""21693816""","=""1453248""","=""RCL1453248""",Personal Overdraft,2024-06-11 00:00:00,300000.00,115469.84,,115470.00,28012.59,NGN,2,Open,,Watchlist
MARVELOUS OMEYE,,LATE OMEYE HYACINTHS COMP,,"=""21699739""","=""42464833""","=""13085533""",Personal fixed term loan,2024-02-27 00:00:00,10000.00,0.00,,0.00,7835.00,NGN,0,Closed,2024-05-18 00:00:00,Performing
OLAMIDE OYEKOYA,"=""22217416083""",ORI OKUTA OFF BABA WHITE OGIJO,,"=""21703372""","=""42675598""","=""12155036""",Personal fixed term loan,2023-11-17 00:00:00,20000.00,0.00,,0.00,26800.00,NGN,0,Closed,2023-12-17 00:00:00,Performing
CHIEMELIE ILEKUBA,,ILEKUBA IFEANYI COMPOUND UMUDIAGU ICHI,,"=""21725311""","=""42536798""","=""RCL42536798""",Personal Overdraft,2025-01-22 00:00:00,225000.00,0.00,,,0.00,NGN,0,Open,,Performing
ADEYEMI OLUWASEUN Adejoke,,Z 109 IJOFI STREET ILESA,,"=""21773557""","=""20342017""","=""RCL20342017""",Personal Overdraft,2025-01-30 00:00:00,25000.00,66805.29,,,66805.29,NGN,90,Open,,
CHINWE ONYEJI,"=""22276130319""",4 ANIBEST UNITY ESTATE OJOKOR IKORODU,,"=""21831759""","=""43019374""","=""10202456""",Personal fixed term loan,2023-05-07 00:00:00,30000.00,0.00,,0.00,37500.00,NGN,0,Closed,2023-06-06 00:00:00,Performing
CHINWE ONYEJI,"=""22276130319""",4 ANIBEST UNITY ESTATE OJOKOR IKORODU,,"=""21831759""","=""43019374""","=""10938561""",Personal fixed term loan,2023-07-21 00:00:00,50000.00,0.00,,0.00,59850.00,NGN,0,Closed,2023-08-05 00:00:00,Performing
CHINWE ONYEJI,"=""22276130319""",4 ANIBEST UNITY ESTATE OJOKOR IKORODU,,"=""21831759""","=""43019374""","=""11088305""",Personal fixed term loan,2023-08-05 00:00:00,50000.00,0.00,,0.00,59850.00,NGN,0,Closed,2023-09-04 00:00:00,Performing
CHINWE ONYEJI,"=""22276130319""",4 ANIBEST UNITY ESTATE OJOKOR IKORODU,,"=""21831759""","=""43019374""","=""11504088""",Personal fixed term loan,2023-09-16 00:00:00,50000.00,0.00,,0.00,59850.00,NGN,0,Closed,2023-10-18 00:00:00,Performing
CHINWE ONYEJI,"=""22276130319""",4 ANIBEST UNITY ESTATE OJOKOR IKORODU,,"=""21831759""","=""43019374""","=""11795004""",Personal fixed term loan,2023-10-13 00:00:00,50000.00,0.00,,0.00,65750.00,NGN,0,Closed,2023-11-12 00:00:00,Performing
CHINWE ONYEJI,"=""22276130319""",4 ANIBEST UNITY ESTATE OJOKOR IKORODU,,"=""21831759""","=""43019374""","=""12093961""",Personal fixed term loan,2023-11-11 00:00:00,60000.00,0.00,,0.00,76200.00,NGN,0,Closed,2023-12-11 00:00:00,Performing
AGOWIKE IFEYINWA IFEYINWA,,5 EBINPEJO STREET OBANIKORO,,"=""20797344""","=""40506110""","=""RCL40506110""",Personal Overdraft,2025-02-20 00:00:00,105000.00,0.00,,,0.00,NGN,0,Open,,Performing
IHEZIE CHUKWUDI CHUKWUDI,,Not Available,,"=""20806799""","=""16778859""","=""RCL16778859""",Personal Overdraft,2024-04-12 00:00:00,300000.00,536559.68,,,536559.68,NGN,93,Open,,
ZAINAB AKINSOLA,,14 OGUNYEMI STREET AYEGBAMI SAGAMU,,"=""20942212""","=""25872440""","=""RCL25872440""",Personal Overdraft,2024-11-28 00:00:00,300000.00,382425.87,,382425.87,145649.42,NGN,61,Open,,Doubtful
AYENI FEMI Joseph,"=""22620094858""",6 adsms street dada estate,,"=""21066630""","=""38455075""","=""RCL38455075""",Personal Overdraft,2025-01-25 00:00:00,10000.00,39610.29,,,39610.29,NGN,93,Open,,
David Grace Medese,"=""22244632823""",ZONE 3 28 AGO OGUNGBE,,"=""21408386""","=""36584814""","=""RCL36584814""",Personal Overdraft,2025-01-21 00:00:00,40000.00,79671.14,,,79671.14,NGN,95,Open,,
MERCY EBONG,"=""22422738408""",21 OYEDIRAN STREET OGBA BSTOP IKEJA LAGO,,"=""21447216""","=""42112374""","=""13573937""",Personal fixed term loan,2024-04-17 00:00:00,10000.00,0.00,,0.00,13600.00,NGN,0,Closed,2024-05-17 00:00:00,Performing
SONIA ORIDJE,"=""22638870062""",4A BASIL WUSU STREET ADALOKO OJO LAGOS,,"=""21465181""","=""41989255""","=""RCL41989255""",,2024-09-11 00:00:00,65000.00,0.00,,0.00,4349.21,NGN,0,Open,,Performing
TAJUDEEN AKINLADE,"=""22416191194""",60 ONE ACCORD STR AYETORO BSTOP OTTA OGUN STATE,,"=""21686902""","=""39232266""","=""13664446""",Personal fixed term loan,2024-04-27 00:00:00,10000.00,0.00,,0.00,13600.00,NGN,0,Closed,2024-05-27 00:00:00,Performing
Alaba Mariam Odu,,No 25 Oba Daudu Street Ojo,,"=""21787290""","=""45112503""","=""RCL45112503""",Personal Overdraft,2025-05-21 00:00:00,90000.00,0.00,,,0.00,NGN,0,Open,,Performing
GODWIN JEMEGAH,"=""22555264850""",73 MILLER MOORE ROAD OKE ARO IFO,,"=""21823561""","=""42623234""","=""10147134""",Personal fixed term loan,2023-05-02 00:00:00,2500.00,0.00,,0.00,3175.00,NGN,0,Closed,2023-06-01 00:00:00,Performing
GODWIN JEMEGAH,"=""22555264850""",73 MILLER MOORE ROAD OKE ARO IFO,,"=""21823561""","=""42623234""","=""10379278""",Personal fixed term loan,2023-05-24 00:00:00,2500.00,0.00,,0.00,3012.50,NGN,0,Closed,2023-06-30 00:00:00,Performing
GODWIN JEMEGAH,"=""22555264850""",73 MILLER MOORE ROAD OKE ARO IFO,,"=""21823561""","=""42623234""","=""11044519""",Personal fixed term loan,2023-08-01 00:00:00,1500.00,0.00,,0.00,1875.00,NGN,0,Closed,2023-08-31 00:00:00,Performing
GODWIN JEMEGAH,"=""22555264850""",73 MILLER MOORE ROAD OKE ARO IFO,,"=""21823561""","=""42623234""","=""12248139""",Personal fixed term loan,2023-11-27 00:00:00,10000.00,0.00,,0.00,12450.00,NGN,0,Closed,2023-12-12 00:00:00,Performing
GODWIN JEMEGAH,"=""22555264850""",73 MILLER MOORE ROAD OKE ARO IFO,,"=""21823561""","=""42623234""","=""12680610""",Personal fixed term loan,2024-01-12 00:00:00,17500.00,0.00,,0.00,21787.50,NGN,0,Closed,2024-01-27 00:00:00,Performing
CHIJIOKE OSAKWE,"=""22576082909""",18 CLUB 40 STREET ENYINBA BUS STOP IKWERRE,,"=""21825212""","=""43382764""","=""10349206""",Personal fixed term loan,2023-05-21 00:00:00,5000.00,0.00,,0.00,5750.00,NGN,0,Closed,2023-06-05 00:00:00,Performing
AJADI GBOLABO,,NO 9 AJISOLA STREET IRE AKARI ESTATE IBADANOYO STATE,,"=""21835572""","=""1404712""","=""RCL1404712""",Personal Overdraft,2024-02-12 00:00:00,450000.00,0.00,,0.00,0.00,NGN,0,Open,,Performing
MUSA BASHIR,,MAILINGADDRESS1,"=""07068129930""","=""21835967""","=""24326091""","=""RCL24326091""",Personal Overdraft,2025-04-16 00:00:00,20000.00,44095.10,,0.00,16000.00,NGN,96,Open,,Lost
RICHARD ADEBAYO,"=""22426026945""",PLOT 11 GBOLASERE OROGUN IBADAN,,"=""21838192""","=""43395131""","=""RCL43395131""",Personal Overdraft,2024-08-21 00:00:00,165000.00,0.00,,,0.00,NGN,0,Open,,Performing
adedeji Samson damilare,"=""22192622240""",MILLIONAIRES QUATERS LAFIA,,"=""21381935""","=""44029707""","=""RCL44029707""",Personal Overdraft,2024-12-24 00:00:00,185000.00,303565.08,,,303565.08,NGN,96,Open,,Lost
MUHAMMAD RABIU SANI,,No 40 Angwan Tiv Lafia Near National Hotel,"=""08031172120""","=""21420864""","=""PF66497""","=""A3338""",Personal fixed term loan,2023-11-17 00:00:00,40000.00,35576.67,,35576.67,35576.70,NGN,1002,Open,2023-11-21 00:00:00,Lost
SEYE OGUNBODE,,16 KENHILO STREET AJANGBADI,,"=""21449730""","=""42098623""","=""RCL42098623""",Personal Overdraft,2024-06-07 00:00:00,98412.84,109010.97,,109011.00,100525.96,NGN,63,Open,,Doubtful
LAZARUS UGWUOKE,"=""22358056346""",UGWUOWO LIVINUS COMPOUNDUGWUANYANWU OBIMO,,"=""21479716""","=""38523311""","=""11943045""",Personal fixed term loan,2023-10-28 00:00:00,5000.00,0.00,,0.00,6650.00,NGN,0,Closed,2023-11-12 00:00:00,Performing
MICHAEL OYENIRAN,"=""22595374713""",18 OKUTA ROAD BARIGA LAGOS,,"=""21719756""","=""42844997""","=""11712897""",Personal fixed term loan,2023-10-06 00:00:00,5000.00,0.00,,0.00,6275.00,NGN,0,Closed,2023-10-21 00:00:00,Performing
DAMILOLA TAIWO,"=""22171346637""",PLOT41 JUDRIL LIADI STREET MAGODOLAGOS STATE,,"=""21726628""","=""42420773""","=""9946525""",Personal fixed term loan,2023-04-12 00:00:00,60000.00,0.00,,0.00,26220.00,NGN,0,Open,2023-07-11 00:00:00,Lost
OBUOKAM AMADI,"=""22334311447""",10 CIRCULAR RD OFF PIPELINE RD RUMUODOMAYA,,"=""21727804""","=""42868259""","=""RCL42868259""",Personal Overdraft,2024-10-26 00:00:00,300000.00,0.00,,,0.00,NGN,0,Open,,Performing
PRECIOUS ADEROMOSE,"=""22418244036""",GIDANDAYA ESTATE OROZOLIVING FAITH JUNCTION FCT NGN,,"=""21727875""","=""42806588""","=""11232836""",Personal fixed term loan,2023-08-20 00:00:00,15000.00,0.00,,0.00,19500.00,NGN,0,Closed,2023-09-19 00:00:00,Performing
PRECIOUS ADEROMOSE,"=""22418244036""",GIDANDAYA ESTATE OROZOLIVING FAITH JUNCTION FCT NGN,,"=""21727875""","=""42806588""","=""12301073""",Personal fixed term loan,2023-12-02 00:00:00,5000.00,0.00,,0.00,6185.00,NGN,0,Closed,2023-12-17 00:00:00,Performing
PRECIOUS ADEROMOSE,"=""22418244036""",GIDANDAYA ESTATE OROZOLIVING FAITH JUNCTION FCT NGN,,"=""21727875""","=""42806588""","=""13569823""",Personal fixed term loan,2024-04-17 00:00:00,10000.00,0.00,,0.00,7197.00,NGN,0,Closed,2024-06-16 00:00:00,Performing
PRECIOUS ADEROMOSE,"=""22418244036""",GIDANDAYA ESTATE OROZOLIVING FAITH JUNCTION FCT NGN,,"=""21727875""","=""42806588""","=""14132565""",Personal fixed term loan,2024-06-18 00:00:00,12500.00,0.00,,0.00,16305.00,NGN,0,Closed,2024-07-18 00:00:00,Performing
FAVOUR CHUKWUJINDU,"=""22579433294""",NO 13 ZEBJOY STRRETOPPOSITE OJO BARRACKSTEDI,,"=""21823322""","=""43056537""","=""10214727""",Personal fixed term loan,2023-05-08 00:00:00,10000.00,0.00,,0.00,11500.00,NGN,0,Closed,2023-05-23 00:00:00,Performing
KHALID SURAJUDEEN,"=""22709889160""",Nigeria,,"=""21831250""","=""43153276""","=""10330767""",Personal fixed term loan,2023-05-19 00:00:00,7500.00,0.00,,0.00,8625.00,NGN,0,Closed,2023-06-03 00:00:00,Performing
JAMES OLUDARE,"=""22409905207""",47 ADEBOYE STREET PAKO BUS STOP BARIGA,,"=""21836462""","=""4320518""","=""10431915""",Personal fixed term loan,2023-05-29 00:00:00,35000.00,0.00,,0.00,44450.00,NGN,0,Closed,2023-06-28 00:00:00,Performing
JAMES OLUDARE,"=""22409905207""",47 ADEBOYE STREET PAKO BUS STOP BARIGA,,"=""21836462""","=""4320518""","=""11756532""",Personal fixed term loan,2023-10-10 00:00:00,5000.00,0.00,,0.00,6650.00,NGN,0,Closed,2023-11-09 00:00:00,Performing
JAMES OLUDARE,"=""22409905207""",47 ADEBOYE STREET PAKO BUS STOP BARIGA,,"=""21836462""","=""4320518""","=""12280239""",Personal fixed term loan,2023-11-30 00:00:00,5000.00,0.00,,0.00,6650.00,NGN,0,Closed,2023-12-30 00:00:00,Performing
JAMES OLUDARE,"=""22409905207""",47 ADEBOYE STREET PAKO BUS STOP BARIGA,,"=""21836462""","=""4320518""","=""12593316""",Personal fixed term loan,2024-01-02 00:00:00,5000.00,0.00,,0.00,6650.00,NGN,0,Closed,2024-02-01 00:00:00,Performing
SOLA SURAJU,"=""22307046185""",1 APATA  STREET  OGBA,,"=""20678638""","=""34753182""","=""RCL34753182""",Personal Overdraft,2024-10-14 00:00:00,52500.00,10475.04,,0.00,11638.93,NGN,0,Open,,Performing
BASHIRU HAMMED OLADIMEJI,"=""22409756940""",OLONDE COMP BEHIND MOUNTAIN OF FIRE CHURCH PAPA AJAO AREA,"=""08109153503""","=""20769776""","=""4345213""","=""RCL4345213""",Personal Overdraft,2025-01-10 00:00:00,10000.00,6400.00,,,6400.00,NGN,0,Open,,Performing
ABIOLA DEBORAH DEBORAH,"=""22477545077""",172 abiola street ntabo ijoko,,"=""20801437""","=""40755000""","=""RCL40755000""",Personal Overdraft,2024-09-21 00:00:00,48750.00,46980.67,,,46980.67,NGN,61,Open,,Doubtful
Dakwak Josephine manasseh,,NO 12 OLASEBIKAN STREET LOLA BUS STOP BEFORE THE BEL,"=""08141843784""","=""21295374""","=""43914902""","=""RCL43914902""",,2025-02-03 00:00:00,405600.00,150334.01,,,150334.01,NGN,0,Open,,Performing
Amake Paulina Udie,,2 CHIEF IDOWU STREET OKE IRA KEKERE AJAH 6 39,,"=""21318621""","=""52499829""","=""RCL52499829""",Personal Overdraft,2025-05-31 00:00:00,125000.00,45009.91,,0.00,0.00,NGN,0,Open,,Performing
oluyi kemisola Rofiat,"=""22542047213""",AOCOED OTTO IJANIKIN,,"=""21374660""","=""45007044""","=""RCL45007044""",Personal Overdraft,2024-12-20 00:00:00,135000.00,124679.31,,,124679.31,NGN,92,Open,,Lost
onaolapo Samson bukola,"=""22310054344""",26LAGOSOGUNDIMU OTO LAGOSLAGOS,,"=""21397139""","=""38204596""","=""RCL38204596""",Personal Overdraft,2024-05-25 00:00:00,46416.55,19018.74,,,19018.74,NGN,96,Open,,Lost
UZONDU OGBONNA,"=""22448980391""",IHUOGWU AMAOKWE ISHIAGU EBONYI,,"=""21470813""","=""41549597""","=""RCL41549597""",Personal Overdraft,2024-07-14 00:00:00,180000.00,148247.45,,,148247.45,NGN,96,Open,,Lost
ibrahim umar bilya,"=""22483914401""",14 15 Prince Alaba Oniru road,,"=""21623297""","=""PF92303""","=""A21966""",Personal fixed term loan,2024-04-04 00:00:00,1372000.00,1714814.10,,1714814.10,1714814.10,NGN,837,Open,2024-06-03 00:00:00,Lost
JESSICA JIMOH,"=""22738934673""",13 JOHN IBUOYE STR IPAJA BSTP LAGOS,,"=""21675865""","=""39278514""","=""12129141""",Personal fixed term loan,2023-11-15 00:00:00,20000.00,0.00,,0.00,24900.00,NGN,0,Closed,2023-12-23 00:00:00,Performing
ARINZE ISHIWU,"=""22336138516""",ISHIWU JOSEPHS COMP,,"=""21725363""","=""42330710""","=""12687174""",Personal fixed term loan,2024-01-12 00:00:00,7500.00,0.00,,0.00,9975.00,NGN,0,Closed,2024-02-11 00:00:00,Performing
adaobi atuanya,,15 salaudeen anike street era,,"=""21728013""","=""9106616""","=""RCL9106616""",Personal Overdraft,2024-07-29 00:00:00,140608.00,254205.95,,0.00,153155.78,NGN,97,Open,,Lost
GLORIA OLUMBA,"=""22222317360""",8 OMONIYI STREETAMUKOKOSARIIGANMU,,"=""21736111""","=""42383693""","=""9949873""",Personal fixed term loan,2023-04-13 00:00:00,17500.00,0.00,,0.00,22225.00,NGN,0,Open,2023-05-13 00:00:00,Lost
OLADAPO OMOTOSO,"=""22166118735""",NO 45IREAKARI ESTATE 1AKURE,,"=""21828563""","=""43582030""","=""RCL43582030""",Personal Overdraft,2024-07-27 00:00:00,90000.00,170972.69,,852.03,170972.69,NGN,123,Open,,Lost
MICHAEL ABIOYE,"=""22190466800""",20 ABIGEAL OLALEYE STREET MARTINS BUS STOP,,"=""21835661""","=""42925923""","=""RCL42925923""",Personal Overdraft,2024-08-18 00:00:00,195000.00,0.00,,,0.00,NGN,0,Open,,Performing
kouadio affrey,"=""22661968626""",Ebute Ipakodo Ikorodu,,"=""21835928""","=""43132089""","=""RCL43132089""",Personal Overdraft,2024-04-27 00:00:00,80000.00,235315.69,,928.07,235315.69,NGN,91,Open,,Lost
WASIU AWONAIKE,"=""22292133602""",IFEOLUWA ESTATE SOLU TOWN IFO,,"=""21836097""","=""42561974""","=""10208307""",Personal fixed term loan,2023-05-07 00:00:00,35000.00,0.00,,0.00,43750.00,NGN,0,Closed,2023-06-06 00:00:00,Performing
WASIU AWONAIKE,"=""22292133602""",IFEOLUWA ESTATE SOLU TOWN IFO,,"=""21836097""","=""42561974""","=""13340728""",Personal fixed term loan,2024-03-26 00:00:00,25000.00,0.00,,0.00,32875.00,NGN,0,Closed,2024-04-25 00:00:00,Performing
RASHEED NUHU,,1 SHOW LABOUR STREET IKORODU LAGOS,,"=""20667770""","=""39962466""","=""RCL39962466""",Personal Overdraft,2024-08-25 00:00:00,30325.05,27686.08,,,27686.08,NGN,62,Open,,Doubtful
AMINAT ABDUL AZEEZ,,IJEBU ODE,,"=""20671851""","=""931551""","=""RCL931551""",Personal Overdraft,2024-10-23 00:00:00,125000.00,2251.63,,0.00,40092.00,NGN,0,Open,,Performing
MOTUNRAYO OYEYIPO,,adigbe,,"=""20672777""","=""40092792""","=""RCL40092792""",Personal Overdraft,2024-12-15 00:00:00,120000.00,131271.25,,131271.00,26010.00,NGN,33,Open,,Sub standard
Abisola Sangolade,"=""22715910302""",1 ADELOVE STREET ADESEUN AGBOWO BSTOP IBADAN,"=""07069968975""","=""20722119""","=""39180093""","=""13116804""",Personal fixed term loan,2024-03-02 00:00:00,5000.00,0.00,,0.00,6750.00,NGN,0,Closed,2024-04-01 00:00:00,Performing
ADEWALE OLUWASEGUN,,8 CHURCH CLOSE IDIIROKO IKORODU,,"=""20751196""","=""42053314""","=""RCL42053314""",Personal Overdraft,2025-04-02 00:00:00,15000.00,42646.02,,,42646.02,NGN,90,Open,,
Ekori blessing Blessing,,Unpainted bungalow with blue roof and no gate at ifie comm,,"=""20787626""","=""40752941""","=""RCL40752941""",Personal Overdraft,2024-06-10 00:00:00,78082.99,106557.50,,106558.00,72250.00,NGN,33,Open,,Sub standard
MATTHEW CHRISTOPHER,,NEW NYANYA ANGWAN HAUSAWA KARU LGC NASARAWA STATE,,"=""20921027""","=""41229493""","=""RCL41229493""",Personal Overdraft,2024-05-17 00:00:00,141121.62,196124.29,,196124.29,174490.63,NGN,65,Open,,Doubtful
PRECIOUS JOSEPH,"=""22622998514""",66 Victoria island Eti Osa Lagos,,"=""20928687""","=""41353825""","=""RCL41353825""",Personal Overdraft,2024-05-02 00:00:00,103950.00,147118.54,,643.85,147118.54,NGN,91,Open,,Lost
NOMSOO  UDUWE,,10 NEW STREET KWATA ZAWAN PLATEAU STATE Jos South Plateau,,"=""20970329""","=""9494261""","=""RCL9494261""",Personal Overdraft,2025-03-02 00:00:00,120000.00,41570.89,,,41570.89,NGN,0,Open,,Performing
adegoke mike,"=""22266912729""",NO 18 OMOLAYO AKOBO OJURIN IBADAN,,"=""21333372""","=""8852996""","=""RCL8852996""",Personal Overdraft,2025-01-17 00:00:00,15000.00,58757.18,,,58757.18,NGN,95,Open,,
kolawole kolawole funke,"=""22311169638""",OLAOSAN VIA ALAKIA IBADAN Egbeda Oyo State,,"=""21334389""","=""11320679""","=""RCL11320679""",Personal Overdraft,2025-04-13 00:00:00,60000.00,27147.71,,0.00,6073.50,NGN,0,Open,,Performing
ADENIKE AMUSA,"=""22573461693""",4 TOWNHALL ROAD IGBOYE EPE LAGOS,,"=""21484473""","=""41576567""","=""RCL41576567""",Personal Overdraft,2024-10-07 00:00:00,125000.00,0.00,,0.00,0.00,NGN,0,Open,,Performing
SAMUEL ISAAC,"=""22256130038""",17 OLO STREET OMAGBA PHASE 1 ONITSHA,"=""2348063985074""","=""21682564""","=""42366531""","=""RCL42366531""",Personal Overdraft,2024-08-24 00:00:00,160000.00,13489.87,,0.00,0.00,NGN,0,Open,,Open
OLUWATOMI OLAWOYIN,,ALAKIA JINARERE AREA IBADAN Egbeda Oyo State,,"=""21711548""","=""837985""","=""RCL837985""",Personal Overdraft,2024-08-20 00:00:00,200000.00,220405.16,,220405.00,66166.60,NGN,2,Open,,Watchlist
JOSEPHAT NWOBODO,,15 AWOYEMI CLOSE OFF OGUNLANA SURULERE,,"=""21714401""","=""41595592""","=""RCL41595592""",Personal Overdraft,2025-01-10 00:00:00,130000.00,0.00,,0.00,0.00,NGN,0,Open,,Performing
QUEEN okonkwo,"=""22187029823""",194 egbe road ori oke bus stop ejigbo,,"=""21727544""","=""42421811""","=""RCL42421811""",Personal Overdraft,2024-09-13 00:00:00,2500.00,3.43,,3.43,2.48,NGN,96,Open,,Lost
Egharevba Aize,"=""22507213330""",11 OMORODION STREET OFF UPPER SAKPONBA,,"=""21738773""","=""7937333""","=""RCL7937333""",Personal Overdraft,2024-10-29 00:00:00,160000.00,0.00,,,0.00,NGN,0,Open,,Performing
RUKAYAT SUBAIR,,FUNAAB ALABATA  ABEOKUTA,,"=""21834034""","=""42735285""","=""RCL42735285""",Personal Overdraft,2024-08-16 00:00:00,75000.00,114023.12,,,114023.12,NGN,61,Open,,Doubtful
UCHE OKENNE,"=""22534264196""",10 MBODO ROAD ALUU,,"=""21735423""","=""42360125""","=""10765751""",Personal fixed term loan,2023-07-02 00:00:00,15000.00,0.00,,0.00,18225.00,NGN,0,Closed,2023-07-17 00:00:00,Performing
UCHE OKENNE,"=""22534264196""",10 MBODO ROAD ALUU,,"=""21735423""","=""42360125""","=""10788148""",Personal fixed term loan,2023-07-04 00:00:00,15000.00,0.00,,0.00,18225.00,NGN,0,Closed,2023-07-26 00:00:00,Performing
UCHE OKENNE,"=""22534264196""",10 MBODO ROAD ALUU,,"=""21735423""","=""42360125""","=""11500977""",Personal fixed term loan,2023-09-16 00:00:00,12500.00,0.00,,0.00,19950.00,NGN,0,Closed,2023-10-01 00:00:00,Performing
UCHE OKENNE,"=""22534264196""",10 MBODO ROAD ALUU,,"=""21735423""","=""42360125""","=""11655103""",Personal fixed term loan,2023-10-01 00:00:00,2500.00,0.00,,0.00,9975.00,NGN,0,Closed,2023-10-31 00:00:00,Performing
UCHE OKENNE,"=""22534264196""",10 MBODO ROAD ALUU,,"=""21735423""","=""42360125""","=""11873389""",Personal fixed term loan,2023-10-21 00:00:00,5000.00,0.00,,0.00,6650.00,NGN,0,Closed,2023-11-20 00:00:00,Performing
UCHE OKENNE,"=""22534264196""",10 MBODO ROAD ALUU,,"=""21735423""","=""42360125""","=""11985087""",Personal fixed term loan,2023-11-01 00:00:00,7500.00,0.00,,0.00,9975.00,NGN,0,Closed,2023-12-01 00:00:00,Performing
UCHE OKENNE,"=""22534264196""",10 MBODO ROAD ALUU,,"=""21735423""","=""42360125""","=""12288190""",Personal fixed term loan,2023-12-01 00:00:00,22500.00,0.00,,0.00,56525.00,NGN,0,Closed,2023-12-31 00:00:00,Performing
UCHE OKENNE,"=""22534264196""",10 MBODO ROAD ALUU,,"=""21735423""","=""42360125""","=""12599900""",Personal fixed term loan,2024-01-03 00:00:00,1500.00,0.00,,0.00,1867.50,NGN,0,Closed,2024-01-18 00:00:00,Performing
UCHE OKENNE,"=""22534264196""",10 MBODO ROAD ALUU,,"=""21735423""","=""42360125""","=""12610581""",Personal fixed term loan,2024-01-04 00:00:00,10000.00,0.00,,0.00,16313.00,NGN,0,Closed,2024-02-03 00:00:00,Performing
UCHE OKENNE,"=""22534264196""",10 MBODO ROAD ALUU,,"=""21735423""","=""42360125""","=""12852610""",Personal fixed term loan,2024-02-01 00:00:00,10000.00,0.00,,0.00,13127.00,NGN,0,Closed,2024-03-02 00:00:00,Performing
TAOFEEK JIMOH,"=""22269310980""",K11 FASKERE STREET KAKURI KADUNA,,"=""21824098""","=""41163323""","=""RCL41163323""",Personal Overdraft,2024-07-06 00:00:00,11250.00,0.00,,,0.00,NGN,0,Open,,Performing
MAYOKUN OYEWUMI,,NO 30 CHARITY ESTATE ALAPATA ARULOGUN OJOO,,"=""21824637""","=""42319257""","=""RCL42319257""",Personal Overdraft,2024-11-25 00:00:00,300000.00,377642.53,,,377642.53,NGN,62,Open,,
ESTHER NWOAHA,"=""22632984248""",16 RUMUOKORO ROAD RUMUOKORO JUNCTION RIVERS PHC,,"=""21825924""","=""43250902""","=""10300146""",Personal fixed term loan,2023-05-16 00:00:00,15000.00,0.00,,0.00,17250.00,NGN,0,Closed,2023-05-31 00:00:00,Performing
MERCY ORI,"=""22540865596""",irewole estate no 5 otta Ogun state,,"=""21826594""","=""43555907""","=""10420801""",Personal fixed term loan,2023-05-28 00:00:00,40000.00,0.00,,0.00,50800.00,NGN,0,Closed,2023-06-27 00:00:00,Performing
OLUWASEUN ADEMOLA,,8 SANYAOLU STREETLAGOSOLOWORA,,"=""21833594""","=""43300685""","=""RCL43300685""",Personal Overdraft,2024-10-15 00:00:00,230000.00,371875.30,,,371875.30,NGN,96,Open,,Lost
KWAGHNA DEKERA,,AKPAGHER MBATIAV Gboko Benue State,,"=""21835133""","=""6187736""","=""RCL6187736""",Personal Overdraft,2024-05-20 00:00:00,99225.00,79720.64,,79720.64,79720.64,NGN,65,Open,,Doubtful
JEREMIAH joshua,,plot 19c iche mike ejezie street lekki phase 1,,"=""21835685""","=""42601357""","=""RCL42601357""",Personal Overdraft,2024-07-11 00:00:00,83796.76,139394.17,,139394.00,71227.24,NGN,94,Open,,Lost
TOBI OLADIRAN,"=""22697754206""",OBADORE AREA GBONGAN OSUN STATE,"=""08130208339""","=""21838619""","=""43480354""","=""10389388""",Personal fixed term loan,2023-05-25 00:00:00,7500.00,0.00,,0.00,8850.00,NGN,0,Closed,2023-06-09 00:00:00,Performing
blessing IKEONU,"=""22327594833""",1 ADUKE THOMOS STREET OFF ISHER BS IJEGUN ROAD IKOTUN,,"=""21836701""","=""43167778""","=""10261994""",Personal fixed term loan,2023-05-12 00:00:00,7500.00,0.00,,0.00,9525.00,NGN,0,Closed,2023-06-11 00:00:00,Performing
blessing IKEONU,"=""22327594833""",1 ADUKE THOMOS STREET OFF ISHER BS IJEGUN ROAD IKOTUN,,"=""21836701""","=""43167778""","=""10807813""",Personal fixed term loan,2023-07-06 00:00:00,17500.00,0.00,,0.00,22750.00,NGN,0,Closed,2023-08-05 00:00:00,Performing
blessing IKEONU,"=""22327594833""",1 ADUKE THOMOS STREET OFF ISHER BS IJEGUN ROAD IKOTUN,,"=""21836701""","=""43167778""","=""11070205""",Personal fixed term loan,2023-08-04 00:00:00,17500.00,0.00,,0.00,22750.00,NGN,0,Closed,2023-09-03 00:00:00,Performing
blessing IKEONU,"=""22327594833""",1 ADUKE THOMOS STREET OFF ISHER BS IJEGUN ROAD IKOTUN,,"=""21836701""","=""43167778""","=""11353493""",Personal fixed term loan,2023-09-01 00:00:00,15000.00,0.00,,0.00,19500.00,NGN,0,Closed,2023-10-01 00:00:00,Performing
blessing IKEONU,"=""22327594833""",1 ADUKE THOMOS STREET OFF ISHER BS IJEGUN ROAD IKOTUN,,"=""21836701""","=""43167778""","=""11637685""",Personal fixed term loan,2023-09-29 00:00:00,20000.00,0.00,,0.00,26000.00,NGN,0,Closed,2023-10-29 00:00:00,Performing
blessing IKEONU,"=""22327594833""",1 ADUKE THOMOS STREET OFF ISHER BS IJEGUN ROAD IKOTUN,,"=""21836701""","=""43167778""","=""12172251""",Personal fixed term loan,2023-11-19 00:00:00,15000.00,0.00,,0.00,18975.00,NGN,0,Closed,2023-12-19 00:00:00,Performing
blessing IKEONU,"=""22327594833""",1 ADUKE THOMOS STREET OFF ISHER BS IJEGUN ROAD IKOTUN,,"=""21836701""","=""43167778""","=""12457045""",Personal fixed term loan,2023-12-17 00:00:00,25000.00,0.00,,0.00,31875.00,NGN,0,Closed,2024-01-16 00:00:00,Performing
blessing IKEONU,"=""22327594833""",1 ADUKE THOMOS STREET OFF ISHER BS IJEGUN ROAD IKOTUN,,"=""21836701""","=""43167778""","=""12715344""",Personal fixed term loan,2024-01-16 00:00:00,50000.00,0.00,,0.00,62500.00,NGN,0,Closed,2024-02-15 00:00:00,Performing
blessing IKEONU,"=""22327594833""",1 ADUKE THOMOS STREET OFF ISHER BS IJEGUN ROAD IKOTUN,,"=""21836701""","=""43167778""","=""13006311""",Personal fixed term loan,2024-02-18 00:00:00,30000.00,0.00,,0.00,39381.00,NGN,0,Closed,2024-03-19 00:00:00,Performing
blessing IKEONU,"=""22327594833""",1 ADUKE THOMOS STREET OFF ISHER BS IJEGUN ROAD IKOTUN,,"=""21836701""","=""43167778""","=""13263845""",Personal fixed term loan,2024-03-18 00:00:00,50000.00,0.00,,0.00,63000.00,NGN,0,Closed,2024-04-17 00:00:00,Performing
blessing IKEONU,"=""22327594833""",1 ADUKE THOMOS STREET OFF ISHER BS IJEGUN ROAD IKOTUN,,"=""21836701""","=""43167778""","=""13571763""",Personal fixed term loan,2024-04-17 00:00:00,50000.00,0.00,,0.00,65145.00,NGN,0,Closed,2024-05-17 00:00:00,Performing
blessing IKEONU,"=""22327594833""",1 ADUKE THOMOS STREET OFF ISHER BS IJEGUN ROAD IKOTUN,,"=""21836701""","=""43167778""","=""13853612""",Personal fixed term loan,2024-05-17 00:00:00,50000.00,0.00,,0.00,78858.00,NGN,0,Closed,2024-06-16 00:00:00,Performing
blessing IKEONU,"=""22327594833""",1 ADUKE THOMOS STREET OFF ISHER BS IJEGUN ROAD IKOTUN,,"=""21836701""","=""43167778""","=""14124288""",Personal fixed term loan,2024-06-16 00:00:00,50000.00,0.00,,0.00,66125.00,NGN,0,Closed,2024-07-16 00:00:00,Performing
blessing IKEONU,"=""22327594833""",1 ADUKE THOMOS STREET OFF ISHER BS IJEGUN ROAD IKOTUN,,"=""21836701""","=""43167778""","=""14372314""",Personal fixed term loan,2024-07-15 00:00:00,50000.00,0.00,,0.00,64875.00,NGN,0,Closed,2024-08-14 00:00:00,Performing
blessing IKEONU,"=""22327594833""",1 ADUKE THOMOS STREET OFF ISHER BS IJEGUN ROAD IKOTUN,,"=""21836701""","=""43167778""","=""14600412""",Personal fixed term loan,2024-08-10 00:00:00,50000.00,0.00,,0.00,63125.00,NGN,0,Closed,2024-09-09 00:00:00,Performing
OKUNADE MICHAEL MICHAEL,,34 ARIYO AVENU OJODO ABIODUN LAGOS,,"=""20794235""","=""40622417""","=""RCL40622417""",Personal Overdraft,2024-11-17 00:00:00,225000.00,0.00,,,0.00,NGN,0,Open,,Performing
AHMED MUSA,,CAMP 3 BLOCK 214 ROOM 3 OJO CANTONMENT,,"=""20927810""","=""41357674""","=""RCL41357674""",Personal Overdraft,2024-08-07 00:00:00,200000.00,87624.06,,87624.06,85768.65,NGN,0,Open,,Performing
JAMES YAKUBU,,HWOLSHE COCIN HWOLSHE RING RD NBC JOS,,"=""20940519""","=""33742256""","=""RCL33742256""",Personal Overdraft,2025-01-24 00:00:00,275000.00,438987.10,,438987.10,55998.16,NGN,91,Open,,Lost
BLESSING OLERHIME,"=""22543468390""",NO 1 NBC ROAD EBUTE IKORODU LAGOS,,"=""20944528""","=""41211156""","=""RCL41211156""",Personal Overdraft,2024-10-16 00:00:00,20000.00,422.50,,0.00,1577.88,NGN,0,Open,,Performing
jummai allibalogun,,11 joseph syngle close off james robertson masha,,"=""20970437""","=""41142625""","=""RCL41142625""",Personal Overdraft,2025-07-15 00:00:00,25000.00,28106.64,,28106.64,0.00,NGN,6,Open,,Watchlist
Daniel Meshach Hamma,,64 CRESCENT6 AVENUEGWARINPA ABUJA,,"=""21042669""","=""38900932""","=""15001198""",Personal fixed term loan,2024-09-23 00:00:00,12500.00,0.00,,0.00,16875.00,NGN,0,Closed,,Performing
Daniel Meshach Hamma,,64 CRESCENT6 AVENUEGWARINPA ABUJA,,"=""21042669""","=""38900932""","=""15074310""",Personal fixed term loan,2024-10-02 00:00:00,30000.00,0.00,,0.00,38565.00,NGN,0,Closed,,Performing
Daniel Meshach Hamma,,64 CRESCENT6 AVENUEGWARINPA ABUJA,,"=""21042669""","=""38900932""","=""15228858""",Personal fixed term loan,2024-10-23 00:00:00,40000.00,0.00,,0.00,53440.00,NGN,0,Closed,2024-11-22 00:00:00,Performing
SULAIMON ABDULSALAM,"=""22437908964""",NO 3 TEMIDIRE STREET IJOKO OGUN STATENO3 LAWAL COURT STREE,,"=""21717445""","=""42616892""","=""10742975""",Personal fixed term loan,2023-06-30 00:00:00,10000.00,0.00,,0.00,6270.00,NGN,0,Closed,2023-08-29 00:00:00,Performing
SULAIMON ABDULSALAM,"=""22437908964""",NO 3 TEMIDIRE STREET IJOKO OGUN STATENO3 LAWAL COURT STREE,,"=""21717445""","=""42616892""","=""11333781""",Personal fixed term loan,2023-08-30 00:00:00,10000.00,0.00,,0.00,11830.00,NGN,0,Closed,2023-09-29 00:00:00,Performing
SULAIMON ABDULSALAM,"=""22437908964""",NO 3 TEMIDIRE STREET IJOKO OGUN STATENO3 LAWAL COURT STREE,,"=""21717445""","=""42616892""","=""11850591""",Personal fixed term loan,2023-10-19 00:00:00,5000.00,0.00,,0.00,2149.00,NGN,0,Closed,2024-01-17 00:00:00,Performing
SULAIMON ABDULSALAM,"=""22437908964""",NO 3 TEMIDIRE STREET IJOKO OGUN STATENO3 LAWAL COURT STREE,,"=""21717445""","=""42616892""","=""12422177""",Personal fixed term loan,2023-12-14 00:00:00,10000.00,0.00,,0.00,10910.00,NGN,0,Closed,2024-03-13 00:00:00,Performing
SULAIMON ABDULSALAM,"=""22437908964""",NO 3 TEMIDIRE STREET IJOKO OGUN STATENO3 LAWAL COURT STREE,,"=""21717445""","=""42616892""","=""13157019""",Personal fixed term loan,2024-03-06 00:00:00,15000.00,0.00,,0.00,9922.00,NGN,0,Closed,2024-07-04 00:00:00,Performing
SULAIMON ABDULSALAM,"=""22437908964""",NO 3 TEMIDIRE STREET IJOKO OGUN STATENO3 LAWAL COURT STREE,,"=""21717445""","=""42616892""","=""14038154""",Personal fixed term loan,2024-06-07 00:00:00,20000.00,0.00,,0.00,13500.00,NGN,0,Closed,2024-08-06 00:00:00,Performing
SAMUEL RAPHAEL,"=""22485849824""",6F42 V7 Isolu Nigeria,,"=""21830694""","=""43085163""","=""10226825""",Personal fixed term loan,2023-05-09 00:00:00,15000.00,0.00,,0.00,19350.00,NGN,0,Closed,2023-06-08 00:00:00,Performing
SIMEON AHANGBA AZENDA,"=""22572592893""",NO 10 KONTAGORA CLOSE AREA3 GARKI,"=""09034043231""","=""21850214""","=""46129212""","=""RCL46129212""",Personal Overdraft,2024-10-08 00:00:00,135000.00,305773.98,,305774.00,0.00,NGN,33,Open,,Sub standard
JULIET CHUKWUEMEKA O,"=""22258347597""",6 OMORAKA TEDI OJO LAGOS,,"=""21867029""","=""46059487""","=""RCL46059487""",Personal Overdraft,2025-03-03 00:00:00,365000.00,342430.69,,,342430.69,NGN,0,Open,,Performing
BAJOMO OLUWADAMILOLA OLUWADAMILOLA,"=""22452347540""",11 AREMU BARUWA STREET KETU,,"=""20815782""","=""40687030""","=""RCL40687030""",,2024-05-13 00:00:00,62500.00,54600.00,,,54600.00,NGN,0,Open,,Performing
Osinachi Precious precious,"=""22496975914""",5 ATAN STREET OLUKOSI BUS STOP SHA SHA,,"=""21055474""","=""43680728""","=""10826474""",Personal fixed term loan,2023-07-08 00:00:00,5000.00,0.00,,0.00,6500.00,NGN,0,Closed,2023-08-07 00:00:00,Performing
Osinachi Precious precious,"=""22496975914""",5 ATAN STREET OLUKOSI BUS STOP SHA SHA,,"=""21055474""","=""43680728""","=""11096148""",Personal fixed term loan,2023-08-06 00:00:00,5000.00,0.00,,0.00,25300.00,NGN,0,Closed,2023-09-05 00:00:00,Performing
Osinachi Precious precious,"=""22496975914""",5 ATAN STREET OLUKOSI BUS STOP SHA SHA,,"=""21055474""","=""43680728""","=""11487905""",Personal fixed term loan,2023-09-15 00:00:00,10000.00,0.00,,0.00,13150.00,NGN,0,Closed,2023-10-15 00:00:00,Performing
Osinachi Precious precious,"=""22496975914""",5 ATAN STREET OLUKOSI BUS STOP SHA SHA,,"=""21055474""","=""43680728""","=""12057263""",Personal fixed term loan,2023-11-08 00:00:00,10000.00,0.00,,0.00,13150.00,NGN,0,Closed,2023-12-08 00:00:00,Performing
Tenumah Jackson,"=""22299162610""",18 nelson williams street,,"=""21347281""","=""44475489""","=""RCL44475489""",Personal Overdraft,2024-10-09 00:00:00,120000.00,244417.60,,,244417.60,NGN,91,Open,,Lost
Akabuaku Ngozi,"=""22361489067""",75 EZEAGU LANE OJO ROAD AJEGUNLE APAPA LAGOS,,"=""21739972""","=""46391348""","=""RCL46391348""",Personal Overdraft,2024-11-29 00:00:00,120000.00,168558.75,,168558.75,116050.00,NGN,65,Open,,Doubtful
VICTOR SMITH,,8 ALAFIA STR BEMBO APATA ONIGELE BUS STOP IBADAN,,"=""21825945""","=""43069765""","=""10244647""",Personal fixed term loan,2023-05-11 00:00:00,15000.00,0.00,,0.00,17700.00,NGN,0,Closed,2023-06-02 00:00:00,Performing
ADEOYE ADENIRAN,,34 MURI OJORA STR OJA BSTOP AMUKOKO,,"=""21937208""","=""43026910""","=""10787848""",Personal fixed term loan,2023-07-04 00:00:00,12500.00,0.00,,0.00,16250.00,NGN,0,Closed,2023-08-03 00:00:00,Performing
ADEOYE ADENIRAN,,34 MURI OJORA STR OJA BSTOP AMUKOKO,,"=""21937208""","=""43026910""","=""10999257""",Personal fixed term loan,2023-07-27 00:00:00,30000.00,0.00,,0.00,21900.00,NGN,0,Closed,2023-09-25 00:00:00,Performing
ADEOYE ADENIRAN,,34 MURI OJORA STR OJA BSTOP AMUKOKO,,"=""21937208""","=""43026910""","=""11311396""",Personal fixed term loan,2023-08-28 00:00:00,30000.00,0.00,,0.00,21720.00,NGN,0,Closed,2023-11-03 00:00:00,Performing
ADEOYE ADENIRAN,,34 MURI OJORA STR OJA BSTOP AMUKOKO,,"=""21937208""","=""43026910""","=""11690976""",Personal fixed term loan,2023-10-04 00:00:00,25000.00,0.00,,0.00,33500.00,NGN,0,Closed,2023-11-03 00:00:00,Performing
ADEOYE ADENIRAN,,34 MURI OJORA STR OJA BSTOP AMUKOKO,,"=""21937208""","=""43026910""","=""11965016""",Personal fixed term loan,2023-10-30 00:00:00,25000.00,0.00,,0.00,33500.00,NGN,0,Closed,2023-11-29 00:00:00,Performing
ADEOYE ADENIRAN,,34 MURI OJORA STR OJA BSTOP AMUKOKO,,"=""21937208""","=""43026910""","=""12458751""",Personal fixed term loan,2023-12-18 00:00:00,12500.00,0.00,,0.00,16750.00,NGN,0,Closed,2024-01-17 00:00:00,Performing
ADEOYE ADENIRAN,,34 MURI OJORA STR OJA BSTOP AMUKOKO,,"=""21937208""","=""43026910""","=""12826822""",Personal fixed term loan,2024-01-29 00:00:00,10000.00,0.00,,0.00,12550.00,NGN,0,Closed,2024-02-13 00:00:00,Performing
ADEOYE ADENIRAN,,34 MURI OJORA STR OJA BSTOP AMUKOKO,,"=""21937208""","=""43026910""","=""12968863""",Personal fixed term loan,2024-02-14 00:00:00,20000.00,0.00,,0.00,25536.00,NGN,0,Closed,2024-03-15 00:00:00,Performing
ADEOYE ADENIRAN,,34 MURI OJORA STR OJA BSTOP AMUKOKO,,"=""21937208""","=""43026910""","=""13495163""",Personal fixed term loan,2024-04-09 00:00:00,15000.00,0.00,,0.00,19566.00,NGN,0,Closed,2024-05-09 00:00:00,Performing
FLORENCEFUNMILOLA ARIORI,"=""22262670649""",12 ATMAX STR PHASE 2 KUBWA,,"=""20685589""","=""39112924""","=""12148296""",Personal fixed term loan,2023-11-16 00:00:00,15000.00,0.00,,0.00,18825.00,NGN,0,Closed,2023-12-01 00:00:00,Performing
FLORENCEFUNMILOLA ARIORI,"=""22262670649""",12 ATMAX STR PHASE 2 KUBWA,,"=""20685589""","=""39112924""","=""13309733""",Personal fixed term loan,2024-03-23 00:00:00,45000.00,0.00,,0.00,53073.00,NGN,0,Closed,2024-04-07 00:00:00,Performing
FLORENCEFUNMILOLA ARIORI,"=""22262670649""",12 ATMAX STR PHASE 2 KUBWA,,"=""20685589""","=""39112924""","=""13752103""",Personal fixed term loan,2024-05-06 00:00:00,60000.00,0.00,,0.00,44838.00,NGN,0,Closed,2024-07-05 00:00:00,Performing
NKECHINYERE IKECHUKWU,"=""22549917405""",NO 5 NWANCHUKWU DRIVE RUKPOKWU,,"=""20690513""","=""39898730""","=""RCL39898730""",Personal Overdraft,2024-07-31 00:00:00,283545.64,0.00,,0.00,0.00,NGN,0,Open,,Performing
OGBU CHIJIOKE CHIJIOKE,"=""22439545491""",OGBU COMPOUND UMUGWE STREET AFTER NDAM SECONDARY SCHOOL BE,,"=""20797530""","=""40566521""","=""RCL40566521""",Personal Overdraft,2024-11-14 00:00:00,95000.00,16915.00,,16915.00,16915.00,NGN,65,Open,,Doubtful
WILLIAMS STELLA STELLA,"=""22143059062""",17 JI MUJIDAT ALATISE STREET OFF JEMTOK STR AGO OKOTA,,"=""20819767""","=""40533010""","=""RCL40533010""",Personal Overdraft,2024-10-06 00:00:00,80000.00,0.00,,0.00,27000.00,NGN,0,Open,,Performing
CHINYERE ILEREH,,NO 8 OLAYINKA STREETOPEBI,,"=""20970824""","=""38883337""","=""9209072""",Personal fixed term loan,2023-01-19 00:00:00,50000.00,0.00,,0.00,19667.00,NGN,0,Closed,2023-04-21 00:00:00,Performing
OLUWAFEMI JOSEPH kehinde,"=""22519517000""",Idris Olayinka street Agufoye Ikorodu Lagos state,,"=""21093013""","=""43675131""","=""10470378""",Personal fixed term loan,2023-06-02 00:00:00,5000.00,0.00,,0.00,5900.00,NGN,0,Closed,2023-06-17 00:00:00,Performing
OLUWAFEMI JOSEPH kehinde,"=""22519517000""",Idris Olayinka street Agufoye Ikorodu Lagos state,,"=""21093013""","=""43675131""","=""10754589""",Personal fixed term loan,2023-07-01 00:00:00,5000.00,0.00,,0.00,6250.00,NGN,0,Closed,2023-07-31 00:00:00,Performing
Abdullahi Emmanuel,"=""22312596196""",BEHIND POLICE STATION MADALLA,,"=""21531844""","=""41584232""","=""RCL41584232""",Personal Overdraft,2025-01-31 00:00:00,10000.00,14148.95,,,14148.95,NGN,0,Open,,Performing
IFEOMA SAKUTU,"=""22661185636""",25 SHERIFAT MALOMO STR ALASIA,,"=""21686846""","=""42513492""","=""RCL42513492""",Personal Overdraft,2024-08-15 00:00:00,130000.00,0.00,,,0.00,NGN,0,Open,,Performing
ADETOKUNBO OYINDASOLA,"=""22180251559""",1 OLOHUNESAN STREET BARIGA,"=""08027126205""","=""21714913""","=""42489991""","=""RCL42489991""",Personal Overdraft,2024-11-13 00:00:00,210000.00,264124.83,,,264124.83,NGN,92,Open,,Lost
NANMAN DALEP,,CLOSE TO COCOIN CHURCH GURA TOPP RAYFIED JOS,,"=""21829040""","=""43615757""","=""RCL43615757""",,2025-06-29 00:00:00,40000.00,44600.00,,,44600.00,NGN,7,Open,,Watchlist
ABDULSAMAD ADELEKE,"=""22533848043""",Nigeria,"=""07089001854""","=""21830836""","=""43374387""","=""10419527""",Personal fixed term loan,2023-05-28 00:00:00,30000.00,0.00,,0.00,38400.00,NGN,0,Closed,2023-06-27 00:00:00,Performing
ABDULSAMAD ADELEKE,"=""22533848043""",Nigeria,"=""07089001854""","=""21830836""","=""43374387""","=""10867192""",Personal fixed term loan,2023-07-13 00:00:00,15000.00,0.00,,0.00,18225.00,NGN,0,Closed,2023-08-26 00:00:00,Performing
ADEGITE OBARINDE,"=""22144020450""",21 Oladele StreetDominion EstateThe BellsOtta,,"=""21837164""","=""43487291""","=""10400867""",Personal fixed term loan,2023-05-26 00:00:00,30000.00,0.00,,0.00,38400.00,NGN,0,Closed,2023-08-31 00:00:00,Performing
MAGDALENE OKORO,"=""22640285830""",19 IGWURUTA ROAD PORT HARCOURT,,"=""21939217""","=""43316223""","=""11145109""",Personal fixed term loan,2023-08-11 00:00:00,5000.00,0.00,,0.00,6375.00,NGN,0,Closed,2023-09-10 00:00:00,Performing
JUNIOR OHRE,"=""22706378281""",125 36 New Ogorode Rd Sapele Delta,"=""08145426879""","=""20685508""","=""38957614""","=""RCL38957614""",Personal Overdraft,2024-12-09 00:00:00,3750.00,11569.63,,,11569.63,NGN,96,Open,,Lost
EMMANUEL ELECHI,"=""22467937071""",EZZAMA  Ezza South Ebonyi State,,"=""20702216""","=""8214689""","=""RCL8214689""",Personal Overdraft,2024-10-16 00:00:00,204608.80,176887.82,,,176887.82,NGN,36,Open,,Sub standard
Sanmi Ayodeji,,13 No 13 balogun mushin Lagos Mushin Lagos,,"=""20724761""","=""8350323""","=""RCL8350323""",Personal Overdraft,2025-01-17 00:00:00,10000.00,41329.88,,,41329.88,NGN,95,Open,,
ADEBOWALE ADEDOYIN ADEDOYIN,"=""22162691377""",40 GBEMI OTOLORIN CRESCENT ARIGBAJI IFO OGUN STATE,,"=""20795919""","=""8006327""","=""RCL8006327""",Personal Overdraft,2024-07-19 00:00:00,300000.00,67361.51,,,67361.51,NGN,0,Open,,Performing
SUNDAY OLAJIDE,"=""22279002004""",Lajo Street Igbogbo Offin Ikorodu,,"=""20933966""","=""40915751""","=""RCL40915751""",Personal Overdraft,2024-11-26 00:00:00,13283.15,0.00,,,0.00,NGN,0,Open,,Performing
BLESSING SUNDAY,"=""22435615262""",ROOM 003 FEMALE HOSTEL AURTHUR JAVIS UNIVERSITY,,"=""20942058""","=""41154626""","=""RCL41154626""",Personal Overdraft,2024-12-10 00:00:00,80000.00,0.00,,,0.00,NGN,0,Open,,Performing
daniel oluwakemi,"=""22385002754""",291 Ikorodu Road Debasco Inn Idiroko Kosofe Lagos State,"=""08160819550""","=""21397854""","=""55037027""","=""RCL55037027""",,2025-01-26 00:00:00,10000.00,2621.44,,,2621.44,NGN,0,Open,,Performing
joy bello,,GRA SURULERE KABBA,,"=""21443924""","=""41748657""","=""RCL41748657""",Personal Overdraft,2024-08-08 00:00:00,140000.00,250571.52,,,250571.52,NGN,91,Open,,Lost
VICTORIA UDOH,"=""22441674080""",22 OBIDIANSO STREET MILE 2 OJOTO JUNCTIONPHARCOURT,,"=""21680682""","=""42851466""","=""11238802""",Personal fixed term loan,2023-08-21 00:00:00,10000.00,0.00,,0.00,12500.00,NGN,0,Closed,2023-09-20 00:00:00,Performing
VICTORIA UDOH,"=""22441674080""",22 OBIDIANSO STREET MILE 2 OJOTO JUNCTIONPHARCOURT,,"=""21680682""","=""42851466""","=""11569108""",Personal fixed term loan,2023-09-22 00:00:00,15000.00,0.00,,0.00,17955.00,NGN,0,Closed,2023-10-22 00:00:00,Performing
VICTORIA UDOH,"=""22441674080""",22 OBIDIANSO STREET MILE 2 OJOTO JUNCTIONPHARCOURT,,"=""21680682""","=""42851466""","=""13294925""",Personal fixed term loan,2024-03-22 00:00:00,25000.00,0.00,,0.00,32610.00,NGN,0,Closed,2024-04-21 00:00:00,Performing
GERALD OMEJE,,ALOR UNO NSUKKA,,"=""21729352""","=""41877089""","=""RCL41877089""",Personal Overdraft,2025-01-23 00:00:00,54140.44,42657.60,,,42657.60,NGN,1,Open,,
FAITH MADAMIDOLA,"=""22542446249""",5 ADEKAMBI STR APATA BS,,"=""21831468""","=""42869871""","=""10161058""",Personal fixed term loan,2023-05-03 00:00:00,15000.00,0.00,,0.00,17700.00,NGN,0,Closed,2023-05-18 00:00:00,Performing
SULIYAT ADELEKE,"=""22538464725""",16 OLAYINKA STREET LIASU BSTOP EGBE LGA,,"=""21838129""","=""43354597""","=""10338528""",Personal fixed term loan,2023-05-20 00:00:00,20000.00,0.00,,0.00,25800.00,NGN,0,Closed,2023-06-19 00:00:00,Performing
SULIYAT ADELEKE,"=""22538464725""",16 OLAYINKA STREET LIASU BSTOP EGBE LGA,,"=""21838129""","=""43354597""","=""10836899""",Personal fixed term loan,2023-07-10 00:00:00,17500.00,0.00,,0.00,22750.00,NGN,0,Closed,2023-08-09 00:00:00,Performing
OLUWABUNMI AMOO,"=""22293492038""",58 IDOANI STREETEGBEDA,,"=""21940546""","=""38906971""","=""11053348""",Personal fixed term loan,2023-08-02 00:00:00,25000.00,0.00,,0.00,13733.00,NGN,0,Closed,2023-11-30 00:00:00,Performing
OLUWABUNMI AMOO,"=""22293492038""",58 IDOANI STREETEGBEDA,,"=""21940546""","=""38906971""","=""13216295""",Personal fixed term loan,2024-03-13 00:00:00,10000.00,0.00,,0.00,13600.00,NGN,0,Closed,2024-04-12 00:00:00,Performing
OLAIDE AKINDELE,,8 Olajide Street Mushin Lagos,,"=""20672666""","=""40361907""","=""RCL40361907""",Personal Overdraft,2024-08-17 00:00:00,300000.00,291147.85,,,291147.85,NGN,62,Open,,Doubtful
Kings Billy,"=""22181625391""",9 OSAYIMARE STREET OFF UPPER SILUKO RD EGOR QTRS,,"=""20725371""","=""1595927""","=""RCL1595927""",Personal Overdraft,2025-01-24 00:00:00,15000.00,25334.71,,,25334.71,NGN,62,Open,,
PAUL MERCY ALADI,,13 Iwalesi street giddon bus stop IgalamelaOdolu Kogi,"=""07039675234""","=""20731043""","=""42099786""","=""14603890""",Personal fixed term loan,2024-08-10 00:00:00,5000.00,0.00,,0.00,6750.00,NGN,0,Closed,2024-09-09 00:00:00,Performing
PAUL MERCY ALADI,,13 Iwalesi street giddon bus stop IgalamelaOdolu Kogi,"=""07039675234""","=""20731043""","=""42099786""","=""14843985""",Personal fixed term loan,2024-09-06 00:00:00,10000.00,0.00,,0.00,13600.00,NGN,0,Closed,2024-09-21 00:00:00,Performing
PAUL MERCY ALADI,,13 Iwalesi street giddon bus stop IgalamelaOdolu Kogi,"=""07039675234""","=""20731043""","=""42099786""","=""14967783""",Personal fixed term loan,2024-09-19 00:00:00,12500.00,0.00,,0.00,33250.00,NGN,0,Closed,2024-10-04 00:00:00,Performing
PAUL MERCY ALADI,,13 Iwalesi street giddon bus stop IgalamelaOdolu Kogi,"=""07039675234""","=""20731043""","=""42099786""","=""15085028""",Personal fixed term loan,2024-10-03 00:00:00,30000.00,0.00,,0.00,40500.00,NGN,0,Closed,2024-11-02 00:00:00,Performing
Lucky Isokpan Samuel,"=""22328848931""",42 AIYEGBAJEJE STREET OGOLONTO  Ikorodu Lagos State,,"=""21025898""","=""21277499""","=""RCL21277499""",Personal Overdraft,2024-10-25 00:00:00,300000.00,0.00,,,0.00,NGN,0,Open,,Performing
Olamide Babatunde Ayinla,"=""22560178094""",BAMIMORE COMPOUNDapinnite areaALONG AJEGUNLE SAKI,,"=""21094391""","=""44621451""","=""RCL44621451""",Personal Overdraft,2025-01-14 00:00:00,25000.00,99153.51,,,99153.51,NGN,97,Open,,
obi okafor loveth,"=""22279880853""",1NEW LAGOS ROADBENIN CITY Oredo Edo State,,"=""21414654""","=""19555671""","=""RCL19555671""",Personal Overdraft,2024-10-05 00:00:00,200000.00,0.00,,,0.00,NGN,0,Open,,
HAMMED AJIDAGBA,,Not Available,,"=""21431972""","=""13923462""","=""RCL13923462""",Personal Overdraft,2024-04-08 00:00:00,25000.00,0.00,,,0.00,NGN,0,Open,,Performing
ABIGAIL AKAEME,,NO 12 IFITE UKPO STREET,,"=""21480049""","=""42058562""","=""RCL42058562""",Personal Overdraft,2024-01-09 00:00:00,63106.44,50699.22,,50699.00,0.00,NGN,63,Open,,Doubtful
ADEYEMI SHITTU YUSUF,"=""22431591151""",,,"=""21543060""","=""12571423""","=""RCL12571423""",Personal Overdraft,2024-05-16 00:00:00,202800.00,0.00,,,0.00,NGN,0,Open,,Performing
VINCENT MICHAEL,"=""22348703616""",BEHIND LAMBABA BERGER QUARRY MPAPE HILLS ABUJA,,"=""21829195""","=""43189096""","=""10271079""",Personal fixed term loan,2023-05-13 00:00:00,22500.00,0.00,,0.00,29025.00,NGN,0,Closed,2023-06-12 00:00:00,Performing
JANE BASSEY,,ROAD 523 NO 24 TRANS EKULU PHASE 1,,"=""21836260""","=""43257485""","=""RCL43257485""",Personal Overdraft,2024-08-26 00:00:00,57500.00,59455.00,,,59455.00,NGN,0,Open,,
IJEOMA OSUHON,,6 OLUWATOYIN CLOSE AKIODE OJODU LAGOS Ikeja Lagos State,,"=""21836267""","=""1398440""","=""RCL1398440""",Personal Overdraft,2025-03-28 00:00:00,275000.00,519762.05,,519762.05,313246.83,NGN,90,Open,,Lost
MERCY OJEME,"=""22195061475""",Assalamualaikum kaduna,"=""07031155377""","=""21837211""","=""43162117""","=""10263162""",Personal fixed term loan,2023-05-12 00:00:00,5000.00,0.00,,0.00,6500.00,NGN,0,Closed,2023-06-11 00:00:00,Performing
CHIGOZIE ORJI,,NO 15 NWABUEZE STREET EMENEENUGU EASTEnugu State,,"=""21954310""","=""43434622""","=""RCL43434622""",Personal Overdraft,2024-12-27 00:00:00,245000.00,379511.55,,,379511.55,NGN,93,Open,,
ELOM ONYEKACHI ONYEKACHI,"=""22504121852""",Not Available,,"=""20820000""","=""13740820""","=""RCL13740820""",Personal Overdraft,2024-11-20 00:00:00,30000.00,16980.59,,0.00,0.00,NGN,0,Open,,Performing
CHIBUNDU EUGENE EUGENE,"=""22442316864""",PrimaryAddressLine1,,"=""20828526""","=""14531512""","=""RCL14531512""",Personal Overdraft,2024-01-07 00:00:00,200000.00,334108.62,,,334108.62,NGN,91,Open,,Lost
GOLDEN HALLIDAY,"=""22463811670""",NO 10 MARCULEY ROAD BONNY,,"=""20888577""","=""45797520""","=""RCL45797520""",,2024-03-05 00:00:00,129792.00,116110.80,,,116110.80,NGN,0,Open,,Performing
ABBAH EDWIN OKPOTU,"=""22506599097""",33 alhaja ramota Banire Lagos,"=""09152825154""","=""21535804""","=""43259772""","=""10308917""",Personal fixed term loan,2023-05-17 00:00:00,15000.00,0.00,,0.00,17250.00,NGN,0,Closed,2023-06-01 00:00:00,Performing
SOLOMON TALIATU,"=""22454891290""",23BAKORO STREET EWU OLOJA OGIJO SAGAMU OGUN,,"=""21702835""","=""42804289""","=""10779927""",Personal fixed term loan,2023-07-04 00:00:00,17500.00,0.00,,0.00,21262.50,NGN,0,Closed,2023-07-19 00:00:00,Performing
SOLOMON TALIATU,"=""22454891290""",23BAKORO STREET EWU OLOJA OGIJO SAGAMU OGUN,,"=""21702835""","=""42804289""","=""10991047""",Personal fixed term loan,2023-07-27 00:00:00,27500.00,0.00,,0.00,20075.00,NGN,0,Closed,2023-09-25 00:00:00,Performing
Ajisefinni Funmilayo,,ACCESS BANK PLC HEAD OFFICE LAGOS,"=""2348066255910""","=""21738182""","=""41668436""","=""RCL41668436""",Personal Overdraft,2024-10-30 00:00:00,77954.02,56886.63,,,56886.63,NGN,7,Open,,Watchlist
SOLOMON OGBONNA,"=""22259047636""",OMBI I NASARAWA STATE POLYTECHNIC LAFIA,,"=""21824177""","=""43153190""","=""RCL43153190""",Personal Overdraft,2024-05-28 00:00:00,145000.00,149229.94,,,149229.94,NGN,106,Open,,Lost
ONOTHOME AGBARAGU,,NO 1EDAFIOGHOR DRIVEOFF JOSEPH ATORI STREETUDU ROADOVWIAN,,"=""21837128""","=""43215463""","=""10281487""",Personal fixed term loan,2023-05-14 00:00:00,40000.00,0.00,,0.00,49800.00,NGN,0,Closed,2023-06-13 00:00:00,Performing
ONOTHOME AGBARAGU,,NO 1EDAFIOGHOR DRIVEOFF JOSEPH ATORI STREETUDU ROADOVWIAN,,"=""21837128""","=""43215463""","=""10867128""",Personal fixed term loan,2023-07-13 00:00:00,40000.00,0.00,,0.00,29000.00,NGN,0,Closed,2023-09-11 00:00:00,Performing
ONOTHOME AGBARAGU,,NO 1EDAFIOGHOR DRIVEOFF JOSEPH ATORI STREETUDU ROADOVWIAN,,"=""21837128""","=""43215463""","=""11139587""",Personal fixed term loan,2023-08-10 00:00:00,200000.00,0.00,,0.00,101200.00,NGN,0,Closed,2023-11-08 00:00:00,Performing
ABDULATEEF OLOYEDE,"=""22650171347""",NO 3 EHI STREET,,"=""21939246""","=""41724948""","=""RCL41724948""",Personal Overdraft,2024-04-28 00:00:00,85000.00,132987.93,,565.18,132987.93,NGN,91,Open,,Lost
OLUWATIMILEHIN FOLORUNSHO,"=""22715086005""",54 SURULERE STREET SANGO POLY ROAD BUS STOPIBADAN,,"=""21940409""","=""43293250""","=""10970628""",Personal fixed term loan,2023-07-25 00:00:00,5000.00,0.00,,0.00,6075.00,NGN,0,Closed,2023-08-09 00:00:00,Performing
MIRACLE MMADUKA,"=""22505835875""",5 ADEWALESEA SIDE BADORE AJAH LAGOS,,"=""21956147""","=""43061761""","=""13452598""",Personal fixed term loan,2024-04-05 00:00:00,10000.00,0.00,,0.00,13600.00,NGN,0,Closed,2024-05-17 00:00:00,Performing
MIRACLE MMADUKA,"=""22505835875""",5 ADEWALESEA SIDE BADORE AJAH LAGOS,,"=""21956147""","=""43061761""","=""14089598""",Personal fixed term loan,2024-06-12 00:00:00,10000.00,0.00,,0.00,13600.00,NGN,0,Closed,2024-07-12 00:00:00,Performing
MIRACLE MMADUKA,"=""22505835875""",5 ADEWALESEA SIDE BADORE AJAH LAGOS,,"=""21956147""","=""43061761""","=""14336898""",Personal fixed term loan,2024-07-11 00:00:00,20000.00,0.00,,0.00,26280.00,NGN,0,Closed,2024-08-10 00:00:00,Performing
DANIEL WOKOMA,"=""22192675549""",38 URUALLA STREET MILE DIOBU,,"=""21963724""","=""920940""","=""RCL920940""",Personal Overdraft,2024-05-25 00:00:00,131250.00,125799.23,,,125799.23,NGN,3,Open,,Watchlist
SEGUN OLASUPO,,14 AIYETORO OLANIPEKUN STREETMAYA VILLAGE,,"=""21730140""","=""42854309""","=""13387487""",Personal fixed term loan,2024-03-30 00:00:00,10000.00,0.00,,0.00,13600.00,NGN,0,Closed,2024-04-29 00:00:00,Performing
SEGUN OLASUPO,,14 AIYETORO OLANIPEKUN STREETMAYA VILLAGE,,"=""21730140""","=""42854309""","=""13696542""",Personal fixed term loan,2024-04-30 00:00:00,10000.00,0.00,,0.00,13600.00,NGN,0,Closed,2024-06-13 00:00:00,Performing
SEGUN OLASUPO,,14 AIYETORO OLANIPEKUN STREETMAYA VILLAGE,,"=""21730140""","=""42854309""","=""14097988""",Personal fixed term loan,2024-06-13 00:00:00,10000.00,0.00,,0.00,13600.00,NGN,0,Closed,2024-07-13 00:00:00,Performing
SEGUN OLASUPO,,14 AIYETORO OLANIPEKUN STREETMAYA VILLAGE,,"=""21730140""","=""42854309""","=""14359864""",Personal fixed term loan,2024-07-13 00:00:00,10000.00,0.00,,0.00,13600.00,NGN,0,Closed,2024-07-28 00:00:00,Performing
Kanene Nnandi Moses,,2 JOY CHI CHI CRECENT OFF AGRIC ROAD NNEBISI,,"=""21764005""","=""28698985""","=""RCL28698985""",Personal Overdraft,2024-09-07 00:00:00,131969.25,156253.74,,,156253.74,NGN,61,Open,,Doubtful
AISHAT AISHAT,,38 RENECON ROAD MACAULEYIKORODU MACAULEY,,"=""21831888""","=""37616880""","=""10203956""",Personal fixed term loan,2023-05-07 00:00:00,10000.00,0.00,,0.00,11125.00,NGN,0,Closed,2023-05-22 00:00:00,Performing
AISHAT AISHAT,,38 RENECON ROAD MACAULEYIKORODU MACAULEY,,"=""21831888""","=""37616880""","=""11258521""",Personal fixed term loan,2023-08-23 00:00:00,25000.00,0.00,,0.00,30375.00,NGN,0,Closed,2023-09-07 00:00:00,Performing
AISHAT AISHAT,,38 RENECON ROAD MACAULEYIKORODU MACAULEY,,"=""21831888""","=""37616880""","=""13830101""",Personal fixed term loan,2024-05-15 00:00:00,30000.00,0.00,,0.00,22328.00,NGN,0,Closed,2024-07-14 00:00:00,Performing
FRIDAY IGWE,"=""22235903439""",1 PROGRESS STR OFF SIFOR IYANA IYESI OTA OGUN,,"=""20684872""","=""40045711""","=""RCL40045711""",Personal Overdraft,2024-08-09 00:00:00,165979.21,192902.85,,192902.85,162649.95,NGN,65,Open,,Doubtful
TIMOTHY CEPHAS CEPHAS,,NO 5 GALADIMA STREET UMAKAMA SABO TASHA KADUNA,,"=""20819606""","=""40419799""","=""RCL40419799""",Personal Overdraft,2024-11-19 00:00:00,120000.00,0.00,,,0.00,NGN,0,Open,,
OBINIYI DAVID DAVID,,NO 6 IKELETADO STREET AFROMEDIA OJO LAGOS,,"=""20821320""","=""39931132""","=""RCL39931132""",Personal Overdraft,2024-01-09 00:00:00,260000.00,0.00,,0.00,0.00,NGN,0,Open,,Performing
sani shuaibu Abdullahi,"=""22341326005""",Shop 35 yam zone market borokiri phc,"=""2349063226169""","=""21336992""","=""PF71612""","=""A8364""",Personal fixed term loan,2023-12-22 00:00:00,40000.00,0.00,,0.00,12034.40,NGN,0,Closed,2023-12-26 00:00:00,Performing
Johnson Abah Abraham,"=""22178123233""",18 PIPELINE ROAD OFF EKORO ROAD ALEGBA ABULE EGBA,,"=""21374623""","=""37952891""","=""15559302""",Personal fixed term loan,2024-12-06 00:00:00,10000.00,0.00,,0.00,13500.00,NGN,0,Closed,2025-01-05 00:00:00,Performing
Johnson Abah Abraham,"=""22178123233""",18 PIPELINE ROAD OFF EKORO ROAD ALEGBA ABULE EGBA,,"=""21374623""","=""37952891""","=""15741584""",Personal fixed term loan,2024-12-31 00:00:00,20000.00,0.00,,0.00,26240.00,NGN,0,Closed,2025-01-30 00:00:00,Performing
Johnson Abah Abraham,"=""22178123233""",18 PIPELINE ROAD OFF EKORO ROAD ALEGBA ABULE EGBA,,"=""21374623""","=""37952891""","=""15913767""",Personal fixed term loan,2025-01-25 00:00:00,10000.00,0.00,,0.00,14750.00,NGN,0,Closed,2025-02-24 00:00:00,Performing
GODSON OKELUE,"=""22410438716""",OKELUE STEPHEN COMPOUND OKPUNOETITI OBA,,"=""21475562""","=""41822846""","=""RCL41822846""",Personal Overdraft,2024-06-30 00:00:00,208000.00,0.00,,,0.00,NGN,0,Open,,Performing
YEMISI YUSUF,"=""22221147128""",17 MOJOYINOLA STREET BARIGA,,"=""21836718""","=""43266529""","=""10314757""",Personal fixed term loan,2023-05-18 00:00:00,35000.00,0.00,,0.00,44800.00,NGN,0,Closed,2023-06-17 00:00:00,Performing
HALIMAT OLADUNJOYE,"=""22179435421""",NO3 ADEYIGA STREET IKOSI KETULAGOS,,"=""21838328""","=""43589330""","=""10432324""",Personal fixed term loan,2023-05-29 00:00:00,20000.00,0.00,,0.00,23000.00,NGN,0,Closed,2023-06-13 00:00:00,Performing
HALIMAT OLADUNJOYE,"=""22179435421""",NO3 ADEYIGA STREET IKOSI KETULAGOS,,"=""21838328""","=""43589330""","=""10809526""",Personal fixed term loan,2023-07-06 00:00:00,190000.00,0.00,,0.00,96267.00,NGN,0,Closed,2023-10-04 00:00:00,Performing
BLESSING OMONIGHO USIFOHOAMEN,"=""22338189608""",17 MAIN SCHOOL ROAD EKET AKS,,"=""20645006""","=""54252422""","=""RCL54252422""",Personal Overdraft,2024-11-04 00:00:00,20000.00,0.00,,0.00,0.00,NGN,0,Open,,Performing
EZUGWU FELIX FELIX,"=""22451964890""",C87PQF Lagos Nigeria,,"=""20792173""","=""40558412""","=""RCL40558412""",Personal Overdraft,2025-02-23 00:00:00,245000.00,281252.88,,,281252.88,NGN,62,Open,,Doubtful
FRANCIS NWABUIKE NWOKA,"=""22224840550""",UZOWURU ALEX COMPOUNDIKENGA OGIDIANAMBRA STATE,,"=""20877140""","=""48359741""","=""RCL48359741""",Personal Overdraft,2025-03-17 00:00:00,35000.00,27624.00,,,27624.00,NGN,0,Open,,Performing
FAVOUR NWAFOR,,Wuse Abuja Nigeria,,"=""20943233""","=""13424069""","=""RCL13424069""",Personal Overdraft,2024-06-05 00:00:00,181250.00,152999.51,,,152999.51,NGN,0,Open,,Performing
ESTHER EMMANUEL,,34 OGIDAN STREETOFF ALAKE BUS STOPIDIMU ROADIKOTUN,"=""08039201818""","=""20971240""","=""41068989""","=""RCL41068989""",Personal Overdraft,2025-04-14 00:00:00,50000.00,0.00,,0.00,0.00,NGN,0,Open,,Performing
Mary Asiya okon,"=""22210174285""",68 ASARI ESO LAYOUT CALABAR,,"=""21025284""","=""28143384""","=""RCL28143384""",Personal Overdraft,2024-10-31 00:00:00,24363.84,49.35,,,49.35,NGN,26,Open,,Watchlist
ope taofeek olasunkanmi,"=""22396733320""",17 JOHN WHITE CLOSE DALEMO ALAKUKO ALAGBADO LAGOS,,"=""21140062""","=""2226335""","=""RCL2226335""",Personal Overdraft,2025-01-02 00:00:00,20000.00,70603.28,,,70603.28,NGN,90,Open,,
Okereke Ikechukwu Peter,"=""22180160266""",32 DOVA STREET EKPOMA,,"=""21208923""","=""54845882""","=""RCL54845882""",Personal Overdraft,2025-05-06 00:00:00,30000.00,0.00,,,0.00,NGN,0,Open,,Performing
JUDE UGWU,,48 OWERRI ROAD ELELE,,"=""21440787""","=""41851509""","=""RCL41851509""",Personal Overdraft,2024-10-04 00:00:00,300000.00,450078.73,,,450078.73,NGN,61,Open,,Doubtful
JEROME EFFIONG,"=""22383891835""",NO 16 NSEFIK EYO STREET EKET,,"=""21458675""","=""35051017""","=""RCL35051017""",Personal Overdraft,2024-12-17 00:00:00,245000.00,0.00,,0.00,21936.35,NGN,0,Open,,Performing
Alade Adesina Emmanuel,,NO 18 ONIGARI GRA ADO EKITI,,"=""21739356""","=""51488774""","=""RCL51488774""",,2025-05-29 00:00:00,40000.00,21250.00,,,21250.00,NGN,0,Open,,Performing
MARTIN ADINDU,"=""22326360767""",38 MGBUODOHIA RUMUOLUMENI,"=""09050932679""","=""21823345""","=""42624068""","=""RCL42624068""",Personal Overdraft,2024-12-23 00:00:00,50200.88,73686.16,,,73686.16,NGN,93,Open,,Lost
VICTOR AYUBA,"=""22477178259""",X5 RUSAU STR RUSAU MARKETPANKSHIN LGA JOS Jos PLATEAU NIGE,,"=""21825222""","=""43450828""","=""10376336""",Personal fixed term loan,2023-05-24 00:00:00,2500.00,0.00,,0.00,2875.00,NGN,0,Closed,2023-06-08 00:00:00,Performing
DAMILARE OLAGUNJU,"=""22735110962""",Oshogbo,"=""08106419793""","=""21948675""","=""37479358""","=""10940753""",Personal fixed term loan,2023-07-21 00:00:00,17500.00,0.00,,0.00,22750.00,NGN,0,Closed,2023-08-20 00:00:00,Performing
WASIU AWONAIKE,"=""22292133602""",IFEOLUWA ESTATE SOLU TOWN IFO,,"=""21836097""","=""42561974""","=""13655473""",Personal fixed term loan,2024-04-26 00:00:00,30000.00,0.00,,0.00,39450.00,NGN,0,Closed,2024-05-26 00:00:00,Performing
WASIU AWONAIKE,"=""22292133602""",IFEOLUWA ESTATE SOLU TOWN IFO,,"=""21836097""","=""42561974""","=""14076824""",Personal fixed term loan,2024-06-11 00:00:00,40000.00,0.00,,0.00,52176.00,NGN,0,Closed,2024-07-11 00:00:00,Performing
WASIU AWONAIKE,"=""22292133602""",IFEOLUWA ESTATE SOLU TOWN IFO,,"=""21836097""","=""42561974""","=""14470848""",Personal fixed term loan,2024-07-26 00:00:00,25000.00,0.00,,0.00,32610.00,NGN,0,Closed,2024-08-25 00:00:00,Performing
WASIU AWONAIKE,"=""22292133602""",IFEOLUWA ESTATE SOLU TOWN IFO,,"=""21836097""","=""42561974""","=""15132197""",Personal fixed term loan,2024-10-09 00:00:00,10000.00,0.00,,0.00,14500.00,NGN,0,Closed,2024-11-08 00:00:00,Performing
WASIU AWONAIKE,"=""22292133602""",IFEOLUWA ESTATE SOLU TOWN IFO,,"=""21836097""","=""42561974""","=""15629368""",Personal fixed term loan,2024-12-15 00:00:00,25000.00,0.00,,0.00,33750.00,NGN,0,Closed,2025-01-14 00:00:00,Performing
WASIU AWONAIKE,"=""22292133602""",IFEOLUWA ESTATE SOLU TOWN IFO,,"=""21836097""","=""42561974""","=""15928585""",Personal fixed term loan,2025-01-27 00:00:00,10000.00,0.00,,0.00,14750.00,NGN,0,Closed,2025-02-26 00:00:00,Performing
OLUWAMAYOWA OLAPADE,"=""22549613044""",1 OPEERE STREET NEW GARAGE BSTOP OLUYOLE,,"=""21825028""","=""43384426""","=""12854994""",Personal fixed term loan,2024-02-01 00:00:00,30000.00,0.00,,0.00,9540.00,NGN,0,Closed,2024-05-31 00:00:00,Performing
SEYIFUNMI AJILA,"=""22457518800""",01 OGUNMOLA LANE OKITIPUPA,,"=""21826417""","=""43274067""","=""10372416""",Personal fixed term loan,2023-05-23 00:00:00,7500.00,0.00,,0.00,8625.00,NGN,0,Closed,2023-06-07 00:00:00,Performing
EGELESTELA MUSA,,NO 30 BELLO M YUSUF CLOSE JABI ABUJA,,"=""21838802""","=""43277298""","=""RCL43277298""",Personal Overdraft,2025-01-30 00:00:00,50000.00,102675.07,,,102675.07,NGN,90,Open,,
GLORY ARIWA O,"=""22370678140""",PLOT B56 GENERAL SANI ABACHA DRIVE SABURI ABUJA,,"=""21864330""","=""57293802""","=""RCL57293802""",,2025-03-08 00:00:00,95000.00,0.00,,,0.00,NGN,0,Open,,Performing
EDITH BLACKSON,"=""22477928933""",HOUSE NO 10 OPPOSITE CHURCH OF GOD MISSION MACCOBA  PHASE,,"=""21937717""","=""43385074""","=""15263141""",Personal fixed term loan,2024-10-28 00:00:00,10000.00,0.00,,0.00,27200.00,NGN,0,Closed,2024-11-12 00:00:00,Performing
EDITH BLACKSON,"=""22477928933""",HOUSE NO 10 OPPOSITE CHURCH OF GOD MISSION MACCOBA  PHASE,,"=""21937717""","=""43385074""","=""15295492""",Personal fixed term loan,2024-11-01 00:00:00,10000.00,0.00,,0.00,13600.00,NGN,0,Closed,2024-12-01 00:00:00,Performing
UMOH BASIMA BASIMA,,100 ETE IKOT ABASI,,"=""20806403""","=""40298688""","=""RCL40298688""",,2024-07-14 00:00:00,300000.00,341200.00,,,341200.00,NGN,0,Open,,Performing
ODULARU TEMITOPE TEMITOPE,,Nigeria,,"=""20814572""","=""40132684""","=""RCL40132684""",Personal Overdraft,2024-09-26 00:00:00,200000.00,304081.94,,,304081.94,NGN,92,Open,,Lost
URADU VINCENT VINCENT,"=""22345116196""",32 HUTTON AVE,,"=""20823522""","=""40651399""","=""RCL40651399""",Personal Overdraft,2025-01-05 00:00:00,215000.00,104031.06,,0.00,0.00,NGN,0,Open,,Performing
ADEOSUN DORCAS DORCAS,"=""22692813289""",PrimaryAddressLine1,,"=""20826547""","=""37439362""","=""11738760""",Personal fixed term loan,2023-10-08 00:00:00,5000.00,0.00,,0.00,6144.00,NGN,0,Closed,2023-11-07 00:00:00,Performing
ADEOSUN DORCAS DORCAS,"=""22692813289""",PrimaryAddressLine1,,"=""20826547""","=""37439362""","=""12024441""",Personal fixed term loan,2023-11-04 00:00:00,20000.00,0.00,,0.00,26100.00,NGN,0,Closed,2023-12-04 00:00:00,Performing
ADEOSUN DORCAS DORCAS,"=""22692813289""",PrimaryAddressLine1,,"=""20826547""","=""37439362""","=""12543911""",Personal fixed term loan,2023-12-27 00:00:00,15000.00,0.00,,0.00,17805.00,NGN,0,Closed,2024-01-11 00:00:00,Performing
ADEOSUN DORCAS DORCAS,"=""22692813289""",PrimaryAddressLine1,,"=""20826547""","=""37439362""","=""12635521""",Personal fixed term loan,2024-01-06 00:00:00,50000.00,0.00,,0.00,23394.00,NGN,0,Closed,2024-04-05 00:00:00,Performing
ADEOSUN DORCAS DORCAS,"=""22692813289""",PrimaryAddressLine1,,"=""20826547""","=""37439362""","=""13992063""",Personal fixed term loan,2024-06-02 00:00:00,20000.00,0.00,,0.00,13150.00,NGN,0,Closed,2024-08-01 00:00:00,Performing
Isangedighi Okon Ati,,NO 5 FAKOYA STREET OFF AJUWON,"=""08101716649""","=""21346803""","=""9080894""","=""RCL9080894""",,2025-04-13 00:00:00,52000.00,20480.00,,,20480.00,NGN,0,Open,,Performing
ogundola gabriel oladamola,"=""22444207595""",19 Sango Ado Odo Ota Ogun,,"=""21366306""","=""16014867""","=""RCL16014867""",Personal Overdraft,2025-03-02 00:00:00,10000.00,31788.58,,,31788.58,NGN,90,Open,,
ELIZABETH AYODELE,,59 AINA ROAD KETU AGILITI LAGOS,,"=""21471045""","=""41469755""","=""RCL41469755""",Personal Overdraft,2024-08-31 00:00:00,140000.00,59101.90,,,59101.90,NGN,0,Open,,Performing
TAOFEEK JEBE,"=""22451010526""",25 ALOF STREET ADENIJI LAGOS ISLAND,,"=""21684091""","=""37108593""","=""11597174""",Personal fixed term loan,2023-09-25 00:00:00,7500.00,0.00,,0.00,10050.00,NGN,0,Closed,2023-10-25 00:00:00,Performing
MADONNA OLAGOKE,"=""22731313208""",AJAH ST,"=""2349112030879""","=""21729684""","=""41704604""","=""RCL41704604""",Personal Overdraft,2024-02-09 00:00:00,693329.00,0.00,,0.00,688063.49,NGN,0,Open,,Lost
JOSEPH AHMED,,OLD NEPA ROAD OFF HIGH COURT SULEJA,,"=""21835429""","=""42420875""","=""RCL42420875""",Personal Overdraft,2024-07-17 00:00:00,100000.00,72896.67,,,72896.67,NGN,0,Open,,Performing
EZEMNADINDU ECHEM,"=""22712917212""",EBONYI VOICE,,"=""21955415""","=""23059663""","=""RCL23059663""",Personal Overdraft,2024-10-03 00:00:00,275000.00,464371.00,,,464371.00,NGN,91,Open,,Lost
KELVIN AGODA,,8 IMUWAHAN STREET OFF GAIUS IDUBOR AVENUE OFF CAPIONA BENI,,"=""21436064""","=""41889690""","=""RCL41889690""",Personal Overdraft,2024-11-07 00:00:00,75000.00,128153.90,,,128153.90,NGN,61,Open,,Doubtful
ESTHER ADEYEYE,,U41A IDASA STREET ILESA,,"=""21451008""","=""21765190""","=""RCL21765190""",Personal Overdraft,2024-08-18 00:00:00,150000.00,293986.81,,,293986.81,NGN,91,Open,,Lost
ROSELINE ABUENEKWU,,17 ESADO STREET OLODI APAPA,,"=""21481401""","=""41908604""","=""RCL41908604""",Personal Overdraft,2024-07-15 00:00:00,405600.00,327135.16,,0.00,305412.99,NGN,0,Open,,Performing
GOLDEN THOMPSON,"=""22474498059""",19 WELI STREET OKPORO IST ARTILERY PHC,,"=""21693118""","=""42580794""","=""11247843""",Personal fixed term loan,2023-08-22 00:00:00,5000.00,0.00,,0.00,6500.00,NGN,0,Closed,2023-09-21 00:00:00,Performing
SUNDAY TALE,,1 IDAGBONE QUARTERS IREWON IJEBU,,"=""21702533""","=""42766831""","=""RCL42766831""",Personal Overdraft,2024-09-15 00:00:00,130000.00,0.00,,,0.00,NGN,0,Open,,Performing
CHUKWUJEKWU NWAFOR,"=""22487818729""",NKWELLE VILLAGE AWKUZU NWAFOR S COMPOUND,,"=""21711153""","=""33866677""","=""RCL33866677""",Personal Overdraft,2024-12-24 00:00:00,300000.00,0.00,,0.00,0.00,NGN,0,Open,,Performing
NNAMDI IFEOLA,,45 CRAFT ROAD ROAD OGALE ELEME,,"=""21832345""","=""43094806""","=""RCL43094806""",Personal Overdraft,2024-07-12 00:00:00,120000.00,30046.80,,30047.00,162379.32,NGN,2,Open,,Watchlist
GABRIEL UGWOKE,,UGWOKE GODWINS COMPAMAOGBUGWU VILLAGEOBIMO,,"=""21837662""","=""43102444""","=""10367034""",Personal fixed term loan,2023-05-23 00:00:00,20000.00,0.00,,0.00,25400.00,NGN,0,Closed,2023-06-22 00:00:00,Performing
GABRIEL UGWOKE,,UGWOKE GODWINS COMPAMAOGBUGWU VILLAGEOBIMO,,"=""21837662""","=""43102444""","=""11324837""",Personal fixed term loan,2023-08-29 00:00:00,22500.00,0.00,,0.00,29250.00,NGN,0,Closed,2023-10-19 00:00:00,Performing
GABRIEL UGWOKE,,UGWOKE GODWINS COMPAMAOGBUGWU VILLAGEOBIMO,,"=""21837662""","=""43102444""","=""11863936""",Personal fixed term loan,2023-10-20 00:00:00,20000.00,0.00,,0.00,26000.00,NGN,0,Closed,2023-11-19 00:00:00,Performing
MERCY BABAFEMIGABRIEL,"=""22657492203""",JOSEPH AYO BABALOLA UNIVERSITY OSUN,,"=""21964368""","=""43410072""","=""10558070""",Personal fixed term loan,2023-06-10 00:00:00,1500.00,0.00,,0.00,1795.50,NGN,0,Closed,2023-06-25 00:00:00,Performing
MERCY BABAFEMIGABRIEL,"=""22657492203""",JOSEPH AYO BABALOLA UNIVERSITY OSUN,,"=""21964368""","=""43410072""","=""11351930""",Personal fixed term loan,2023-09-01 00:00:00,10000.00,0.00,,0.00,4434.00,NGN,0,Closed,2023-11-30 00:00:00,Performing
USMAN YERO,"=""22459682846""",27 Onoh Cres GRA 400102 Enugu Nigeria,"=""8039610185""","=""21701879""","=""37392508""","=""11385832""",Personal fixed term loan,2023-09-04 00:00:00,25000.00,0.00,,0.00,17838.00,NGN,0,Closed,2023-12-03 00:00:00,Performing
USMAN YERO,"=""22459682846""",27 Onoh Cres GRA 400102 Enugu Nigeria,"=""8039610185""","=""21701879""","=""37392508""","=""12320186""",Personal fixed term loan,2023-12-04 00:00:00,50000.00,0.00,,0.00,25917.00,NGN,0,Closed,2024-06-08 00:00:00,Performing
IGE OJO,"=""22463317969""",2 ADAJA STREET USO ONDO STATE,,"=""21715434""","=""36425509""","=""RCL36425509""",Personal Overdraft,2024-10-08 00:00:00,99225.00,0.00,,,0.00,NGN,0,Open,,Performing
THERESA UKAH,"=""22404489373""",17 ANIKANTAMO STR ADENIJI ADELE BSTOP LAGOS ISLAND,,"=""21718025""","=""42373376""","=""10250140""",Personal fixed term loan,2023-05-11 00:00:00,60000.00,0.00,,0.00,70800.00,NGN,0,Closed,2023-06-09 00:00:00,Performing
THERESA UKAH,"=""22404489373""",17 ANIKANTAMO STR ADENIJI ADELE BSTOP LAGOS ISLAND,,"=""21718025""","=""42373376""","=""10605052""",Personal fixed term loan,2023-06-15 00:00:00,80000.00,0.00,,0.00,98400.00,NGN,0,Closed,2023-08-19 00:00:00,Performing
THERESA UKAH,"=""22404489373""",17 ANIKANTAMO STR ADENIJI ADELE BSTOP LAGOS ISLAND,,"=""21718025""","=""42373376""","=""11375698""",Personal fixed term loan,2023-09-03 00:00:00,80000.00,0.00,,0.00,39174.00,NGN,0,Closed,2023-12-02 00:00:00,Performing
THERESA UKAH,"=""22404489373""",17 ANIKANTAMO STR ADENIJI ADELE BSTOP LAGOS ISLAND,,"=""21718025""","=""42373376""","=""9921362""",Personal fixed term loan,2023-04-10 00:00:00,22500.00,0.00,,0.00,29025.00,NGN,0,Open,2023-05-10 00:00:00,Lost
KERENHAPPUCH OGBITI,"=""22505434261""",NO 08 CHIEF AMOS STREET MARKET JUNCTION PHC,,"=""21825970""","=""42805052""","=""10223137""",Personal fixed term loan,2023-05-09 00:00:00,10000.00,0.00,,0.00,12700.00,NGN,0,Closed,2023-06-08 00:00:00,Performing
PRECIOUS OSILEM,"=""22499873811""",NO 2 JABEZ ST JOHNS P HRIVERS STATE,,"=""21836067""","=""43148329""","=""10259551""",Personal fixed term loan,2023-05-12 00:00:00,5000.00,0.00,,0.00,6450.00,NGN,0,Closed,2023-06-11 00:00:00,Performing
PRECIOUS OSILEM,"=""22499873811""",NO 2 JABEZ ST JOHNS P HRIVERS STATE,,"=""21836067""","=""43148329""","=""11189331""",Personal fixed term loan,2023-08-15 00:00:00,15000.00,0.00,,0.00,18225.00,NGN,0,Closed,2023-08-30 00:00:00,Performing
PRECIOUS OSILEM,"=""22499873811""",NO 2 JABEZ ST JOHNS P HRIVERS STATE,,"=""21836067""","=""43148329""","=""12649991""",Personal fixed term loan,2024-01-08 00:00:00,10000.00,0.00,,0.00,13300.00,NGN,0,Closed,2024-02-07 00:00:00,Performing
PRECIOUS OSILEM,"=""22499873811""",NO 2 JABEZ ST JOHNS P HRIVERS STATE,,"=""21836067""","=""43148329""","=""13096689""",Personal fixed term loan,2024-02-29 00:00:00,12500.00,0.00,,0.00,16625.00,NGN,0,Closed,2024-03-15 00:00:00,Performing
PRECIOUS OSILEM,"=""22499873811""",NO 2 JABEZ ST JOHNS P HRIVERS STATE,,"=""21836067""","=""43148329""","=""13282002""",Personal fixed term loan,2024-03-20 00:00:00,22500.00,0.00,,0.00,16212.00,NGN,0,Closed,2024-05-19 00:00:00,Performing
CLETUS BEAGE,"=""22333097157""",10 TOBI  STREETM OMOKU,,"=""21837327""","=""42500164""","=""RCL42500164""",Personal Overdraft,2024-08-06 00:00:00,35000.00,20.00,,0.00,0.00,NGN,0,Open,,Performing
Asobi Obinna,"=""22285054181""",67 KUNAI STREET SABON TASHAKADUNA OR POBOX,,"=""21745693""","=""38960007""","=""RCL38960007""",Personal Overdraft,2024-09-06 00:00:00,7384000.00,2952590.71,,,2952590.71,NGN,61,Open,,Doubtful
obot Ekomobong okon,,5 NWANKWO LANE OFF UMUAHIA ROAD,"=""07030082254""","=""21754755""","=""43835188""","=""10531247""",Personal fixed term loan,2023-06-08 00:00:00,1500.00,0.00,,0.00,675.00,NGN,0,Closed,2023-09-06 00:00:00,Performing
UCHE OKEKE,,NO 4 OLD ROAD NEKEDE,,"=""21826110""","=""39916524""","=""RCL39916524""",Personal Overdraft,2025-01-23 00:00:00,20000.00,22294.17,,,22294.17,NGN,62,Open,,
UCHE NKEMAKOLAM,,112 BY AFAM ROAD,,"=""21836088""","=""27234724""","=""RCL27234724""",Personal Overdraft,2024-06-25 00:00:00,,,,,,NGN,,Closed,,Lost
blessing IKEONU,"=""22327594833""",1 ADUKE THOMOS STREET OFF ISHER BS IJEGUN ROAD IKOTUN,,"=""21836701""","=""43167778""","=""14844702""",Personal fixed term loan,2024-09-06 00:00:00,50000.00,0.00,,0.00,60000.00,NGN,0,Closed,2024-10-06 00:00:00,Performing
omolara olanike,,11  onabanjo street oworoshoki lagos,,"=""21943544""","=""43489453""","=""RCL43489453""",Personal Overdraft,2025-03-27 00:00:00,80000.00,9983.73,,0.00,42140.10,NGN,0,Open,,Performing
DAVID MADUEKE,"=""22717444331""",20 PASCHAL LANE ASABA,"=""09131379789""","=""21956154""","=""43086781""","=""RCL43086781""",Personal Overdraft,2024-07-25 00:00:00,60000.00,93097.39,,645.21,97897.39,NGN,190,Open,,Lost
KAUSARAT OLANIYI,"=""22558446756""",Nigeria,,"=""21957406""","=""43591009""","=""11315468""",Personal fixed term loan,2023-08-29 00:00:00,10000.00,0.00,,0.00,13000.00,NGN,0,Closed,2023-11-13 00:00:00,Performing
KAUSARAT OLANIYI,"=""22558446756""",Nigeria,,"=""21957406""","=""43591009""","=""12311452""",Personal fixed term loan,2023-12-03 00:00:00,5000.00,0.00,,0.00,6500.00,NGN,0,Closed,2024-01-02 00:00:00,Performing
AMBROSE OLUSOYA,"=""22439095006""",BLUE BUNGALOW OPP ROYAL COLLEGE MASAKA,,"=""21951029""","=""42942186""","=""RCL42942186""",Personal Overdraft,2025-03-01 00:00:00,28750.00,3922.64,,,3922.64,NGN,62,Open,,Doubtful
FAVOUR ENYISON,"=""22547794086""",25 ADEMOLA STREET OKOKO,,"=""21827491""","=""43300189""","=""12487221""",Personal fixed term loan,2023-12-21 00:00:00,20000.00,0.00,,0.00,23740.00,NGN,0,Closed,2024-01-20 00:00:00,Performing
FAVOUR ENYISON,"=""22547794086""",25 ADEMOLA STREET OKOKO,,"=""21827491""","=""43300189""","=""12768529""",Personal fixed term loan,2024-01-22 00:00:00,35000.00,0.00,,0.00,41055.00,NGN,0,Closed,2024-02-21 00:00:00,Performing
FAVOUR ENYISON,"=""22547794086""",25 ADEMOLA STREET OKOKO,,"=""21827491""","=""43300189""","=""12970325""",Personal fixed term loan,2024-02-14 00:00:00,90000.00,0.00,,0.00,111492.00,NGN,0,Closed,2024-04-05 00:00:00,Performing
NELSON OKONKWO,"=""22678126147""",CLOSE 6 PLOT 2 CHEVINA ESTATE,,"=""21832559""","=""43219112""","=""10283676""",Personal fixed term loan,2023-05-15 00:00:00,7500.00,0.00,,0.00,9525.00,NGN,0,Closed,2023-07-27 00:00:00,Performing
NELSON OKONKWO,"=""22678126147""",CLOSE 6 PLOT 2 CHEVINA ESTATE,,"=""21832559""","=""43219112""","=""10947564""",Personal fixed term loan,2023-07-22 00:00:00,5000.00,0.00,,0.00,6375.00,NGN,0,Closed,2023-08-21 00:00:00,Performing
NELSON OKONKWO,"=""22678126147""",CLOSE 6 PLOT 2 CHEVINA ESTATE,,"=""21832559""","=""43219112""","=""11211263""",Personal fixed term loan,2023-08-18 00:00:00,25000.00,0.00,,0.00,32500.00,NGN,0,Closed,2023-11-11 00:00:00,Performing
NELSON OKONKWO,"=""22678126147""",CLOSE 6 PLOT 2 CHEVINA ESTATE,,"=""21832559""","=""43219112""","=""12642175""",Personal fixed term loan,2024-01-07 00:00:00,10000.00,0.00,,0.00,13400.00,NGN,0,Closed,,Performing
GLORY ETTEFIA,"=""22154079486""",17 ABBIS STR MENDA MARYLAND,,"=""21834953""","=""42576545""","=""10323790""",Personal fixed term loan,2023-05-18 00:00:00,22500.00,0.00,,0.00,25875.00,NGN,0,Closed,2023-06-02 00:00:00,Performing
GLORY ETTEFIA,"=""22154079486""",17 ABBIS STR MENDA MARYLAND,,"=""21834953""","=""42576545""","=""14717269""",Personal fixed term loan,2024-08-23 00:00:00,90000.00,0.00,,0.00,47286.00,NGN,0,Closed,2024-11-21 00:00:00,Performing
BENITOR AMEH,"=""22399951350""",30 DAMANGAZA STREET CLOSE TO REDEEM CHURCH OF GOD GUDU,,"=""21958950""","=""43168479""","=""11178429""",Personal fixed term loan,2023-08-14 00:00:00,5000.00,0.00,,0.00,6500.00,NGN,0,Closed,2023-09-13 00:00:00,Performing
BENITOR AMEH,"=""22399951350""",30 DAMANGAZA STREET CLOSE TO REDEEM CHURCH OF GOD GUDU,,"=""21958950""","=""43168479""","=""11725232""",Personal fixed term loan,2023-10-07 00:00:00,10000.00,0.00,,0.00,13400.00,NGN,0,Closed,2023-11-06 00:00:00,Performing
BENITOR AMEH,"=""22399951350""",30 DAMANGAZA STREET CLOSE TO REDEEM CHURCH OF GOD GUDU,,"=""21958950""","=""43168479""","=""12203052""",Personal fixed term loan,2023-11-22 00:00:00,5000.00,0.00,,0.00,6700.00,NGN,0,Closed,2023-12-22 00:00:00,Performing
NAMSO MICHAEL,"=""22366512456""",23 ISALE EBUTE STR ADOLANGBASA AJAH  LEKKI ADO ROUNDABOUT,,"=""21729068""","=""36415706""","=""10917970""",Personal fixed term loan,2023-07-19 00:00:00,17500.00,0.00,,0.00,42525.00,NGN,0,Closed,2023-08-03 00:00:00,Performing
EZEKIEL FRANK SUYO,"=""22509384519""",JAMES COMP KKINGDOM GRACE STR JULIUS BERGER RABT BS SW,,"=""21768763""","=""43971131""","=""10583689""",Personal fixed term loan,2023-06-13 00:00:00,7500.00,0.00,,0.00,8850.00,NGN,0,Closed,2023-06-28 00:00:00,Performing
CHOSEN ADEJOH,"=""22622765754""",Nigeria,,"=""21823312""","=""42903395""","=""10148752""",Personal fixed term loan,2023-05-02 00:00:00,5000.00,0.00,,0.00,5750.00,NGN,0,Closed,2023-05-17 00:00:00,Performing
NWANNE BABUNDO,,9 FORSTYHE STR LAGOS ISLAND Lagos Island Lagos State,,"=""21824392""","=""11555923""","=""RCL11555923""",Personal Overdraft,2024-12-22 00:00:00,80000.00,92787.98,,,92787.98,NGN,67,Open,,
OPEYEMI AYANDA,"=""22509121705""",LIBRARY AND INFORMATION SCIENCE FEDERAL POLYTECHNIC OFFA,,"=""21826267""","=""43438423""","=""RCL43438423""",Personal Overdraft,2024-05-31 00:00:00,200000.00,0.00,,,0.00,NGN,0,Open,,Performing
JANET MICHEALS,"=""22371277265""",1B TEJUMOLA STREET ALAFIA AJEGUNLE,,"=""21831905""","=""42823076""","=""10184571""",Personal fixed term loan,2023-05-05 00:00:00,22500.00,0.00,,0.00,25875.00,NGN,0,Closed,2023-05-20 00:00:00,Performing
SUZAINAT ADEBIYI,"=""22508523843""",PRINCE ADENIJI HOUSE OSOGBO ROAD OKE EJIGBO POLARIS BANK L,,"=""21833331""","=""39356088""","=""10294389""",Personal fixed term loan,2023-05-16 00:00:00,35000.00,0.00,,0.00,43750.00,NGN,0,Closed,2023-06-15 00:00:00,Performing
TEMITOPE OKIN,"=""22624259765""",kichuguya chawai ungwan kawu,,"=""21839707""","=""42964650""","=""10177734""",Personal fixed term loan,2023-05-04 00:00:00,30000.00,0.00,,0.00,35400.00,NGN,0,Closed,2023-05-26 00:00:00,Performing
ADEDAYO BOLARINWA,"=""22420856410""",12 ORIRE STROFF ADEBAYO ADOEKITI,,"=""21938869""","=""43086414""","=""11215373""",Personal fixed term loan,2023-08-18 00:00:00,130000.00,0.00,,0.00,76075.00,NGN,0,Closed,2023-11-16 00:00:00,Performing
DEBORAH ISAAC,"=""22444518516""",2ONIYANRIN SANUSI ESTATEKETU,,"=""21960834""","=""43573080""","=""10934358""",Personal fixed term loan,2023-07-20 00:00:00,35000.00,0.00,,0.00,45500.00,NGN,0,Closed,2023-09-02 00:00:00,Performing
DEBORAH ISAAC,"=""22444518516""",2ONIYANRIN SANUSI ESTATEKETU,,"=""21960834""","=""43573080""","=""11394550""",Personal fixed term loan,2023-09-05 00:00:00,40000.00,0.00,,0.00,28820.00,NGN,0,Closed,2024-01-15 00:00:00,Performing
DEBORAH ISAAC,"=""22444518516""",2ONIYANRIN SANUSI ESTATEKETU,,"=""21960834""","=""43573080""","=""12751453""",Personal fixed term loan,2024-01-20 00:00:00,80000.00,0.00,,0.00,41888.00,NGN,0,Closed,2024-04-19 00:00:00,Performing
TOBI OLADIRAN,"=""22697754206""",OBADORE AREA GBONGAN OSUN STATE,"=""08130208339""","=""21838619""","=""43480354""","=""10813091""",Personal fixed term loan,2023-07-07 00:00:00,60000.00,0.00,,0.00,43290.00,NGN,0,Closed,2023-09-12 00:00:00,Performing
TOBI OLADIRAN,"=""22697754206""",OBADORE AREA GBONGAN OSUN STATE,"=""08130208339""","=""21838619""","=""43480354""","=""11613838""",Personal fixed term loan,2023-09-27 00:00:00,20000.00,0.00,,0.00,24300.00,NGN,0,Closed,2023-10-12 00:00:00,Performing
TOBI OLADIRAN,"=""22697754206""",OBADORE AREA GBONGAN OSUN STATE,"=""08130208339""","=""21838619""","=""43480354""","=""11728890""",Personal fixed term loan,2023-10-07 00:00:00,27500.00,0.00,,0.00,35750.00,NGN,0,Closed,2023-11-06 00:00:00,Performing
OLUWABUNMI MARTINS,,A180ILUPEJUELEGA A180ILUPEJUELEGA  ABEOKUTA,,"=""21959843""","=""41261088""","=""RCL41261088""",Personal Overdraft,2024-07-29 00:00:00,75000.00,0.00,,,0.00,NGN,0,Open,,Performing
EMMANUEL ERIKIGWE,"=""22618327445""",8 Lamidi Ariyo St Ilasamaja 102214 Lagos Nigeria,,"=""21944382""","=""42849489""","=""10856884""",Personal fixed term loan,2023-07-12 00:00:00,1500.00,0.00,,0.00,1822.50,NGN,0,Closed,2023-07-27 00:00:00,Performing
EMMANUEL ERIKIGWE,"=""22618327445""",8 Lamidi Ariyo St Ilasamaja 102214 Lagos Nigeria,,"=""21944382""","=""42849489""","=""10861625""",Personal fixed term loan,2023-07-12 00:00:00,12500.00,0.00,,0.00,15187.50,NGN,0,Closed,2023-07-27 00:00:00,Performing
EMMANUEL ERIKIGWE,"=""22618327445""",8 Lamidi Ariyo St Ilasamaja 102214 Lagos Nigeria,,"=""21944382""","=""42849489""","=""10861652""",Personal fixed term loan,2023-07-12 00:00:00,12500.00,0.00,,0.00,15187.50,NGN,0,Closed,2023-07-27 00:00:00,Performing
EMMANUEL ERIKIGWE,"=""22618327445""",8 Lamidi Ariyo St Ilasamaja 102214 Lagos Nigeria,,"=""21944382""","=""42849489""","=""12610184""",Personal fixed term loan,2024-01-04 00:00:00,25000.00,0.00,,0.00,31125.00,NGN,0,Closed,2024-01-19 00:00:00,Performing
EMMANUEL ERIKIGWE,"=""22618327445""",8 Lamidi Ariyo St Ilasamaja 102214 Lagos Nigeria,,"=""21944382""","=""42849489""","=""13004072""",Personal fixed term loan,2024-02-17 00:00:00,10000.00,0.00,,0.00,19691.00,NGN,0,Closed,2024-03-03 00:00:00,Performing
OLUWABUNMI AMOO,"=""22293492038""",58 IDOANI STREETEGBEDA,,"=""21940546""","=""38906971""","=""13625783""",Personal fixed term loan,2024-04-23 00:00:00,10000.00,0.00,,0.00,7835.00,NGN,0,Closed,2024-06-22 00:00:00,Performing
MAGDALENE OKORO,"=""22640285830""",19 IGWURUTA ROAD PORT HARCOURT,,"=""21939217""","=""43316223""","=""11814643""",Personal fixed term loan,2023-10-15 00:00:00,5000.00,0.00,,0.00,5715.00,NGN,0,Closed,2023-10-30 00:00:00,Performing
HIKMAT YEKINI,"=""22719740712""",SW4 298 AKURO STREET OKE ADO BUS STOP,,"=""21956443""","=""43170910""","=""10763994""",Personal fixed term loan,2023-07-02 00:00:00,5000.00,0.00,,0.00,5985.00,NGN,0,Closed,2023-07-17 00:00:00,Performing
HIKMAT YEKINI,"=""22719740712""",SW4 298 AKURO STREET OKE ADO BUS STOP,,"=""21956443""","=""43170910""","=""13371679""",Personal fixed term loan,2024-03-29 00:00:00,12500.00,0.00,,0.00,15993.75,NGN,0,Closed,2024-04-28 00:00:00,Performing
Okonkwo Jonathan,,6 OMOREGIE STREET OFF UPPER MISSION EXTENTION ROAD BENIN C,,"=""21992983""","=""39151772""","=""RCL39151772""",Personal Overdraft,2025-04-23 00:00:00,50000.00,112863.58,,112863.58,27300.96,NGN,90,Open,,Lost
FATIMO YEKINI,,17 KABIYESI STR OTUN OBA ITIRE MUSHIN LAGOS,,"=""21829107""","=""43210141""","=""10280701""",Personal fixed term loan,2023-05-14 00:00:00,25000.00,0.00,,0.00,31250.00,NGN,0,Closed,2023-06-13 00:00:00,Performing
FATIMO YEKINI,,17 KABIYESI STR OTUN OBA ITIRE MUSHIN LAGOS,,"=""21829107""","=""43210141""","=""10815650""",Personal fixed term loan,2023-07-07 00:00:00,20000.00,0.00,,0.00,26000.00,NGN,0,Closed,2023-08-06 00:00:00,Performing
FATIMO YEKINI,,17 KABIYESI STR OTUN OBA ITIRE MUSHIN LAGOS,,"=""21829107""","=""43210141""","=""11359230""",Personal fixed term loan,2023-09-02 00:00:00,50000.00,0.00,,0.00,63750.00,NGN,0,Closed,2023-10-02 00:00:00,Performing
FATIMO YEKINI,,17 KABIYESI STR OTUN OBA ITIRE MUSHIN LAGOS,,"=""21829107""","=""43210141""","=""11619766""",Personal fixed term loan,2023-09-27 00:00:00,60000.00,0.00,,0.00,78300.00,NGN,0,Closed,2023-10-27 00:00:00,Performing
FATIMO YEKINI,,17 KABIYESI STR OTUN OBA ITIRE MUSHIN LAGOS,,"=""21829107""","=""43210141""","=""11915126""",Personal fixed term loan,2023-10-25 00:00:00,60000.00,0.00,,0.00,44079.00,NGN,0,Closed,2023-12-24 00:00:00,Performing
FATIMO YEKINI,,17 KABIYESI STR OTUN OBA ITIRE MUSHIN LAGOS,,"=""21829107""","=""43210141""","=""12361723""",Personal fixed term loan,2023-12-08 00:00:00,100000.00,0.00,,0.00,72860.00,NGN,0,Closed,2024-02-06 00:00:00,Performing
CHIKAIKE EZEADIM,"=""22237374813""",ACCESS BANK PLC HEAD OFFICE LAGOS,,"=""21836839""","=""43523825""","=""10406023""",Personal fixed term loan,2023-05-27 00:00:00,20000.00,0.00,,0.00,23600.00,NGN,0,Closed,2023-06-11 00:00:00,Performing
ENDURANCE ANTHONY,"=""22164293700""",6 BALOGUN STREET ADDO ROAD AJAH Eti Osa Lagos State,"=""2347067615912""","=""21937387""","=""43245169""","=""RCL43245169""",Personal Overdraft,2024-10-23 00:00:00,210000.00,264413.10,,,264413.10,NGN,62,Open,,Doubtful
Okpoko Okpokosunday,,CONSOLIDATED BREW AWOOMAMMA,,"=""21978762""","=""43844993""","=""RCL43844993""",,2025-06-30 00:00:00,40000.00,45733.40,,,45733.40,NGN,7,Open,,Watchlist
ISHAKU SAIDU,"=""22481224775""",52 AGUNGI AJIRAN ROAD LEKKI ETIOSA,,"=""21736848""","=""42601070""","=""10762642""",Personal fixed term loan,2023-07-02 00:00:00,17500.00,0.00,,0.00,22750.00,NGN,0,Closed,2023-08-01 00:00:00,Performing
ISHAKU SAIDU,"=""22481224775""",52 AGUNGI AJIRAN ROAD LEKKI ETIOSA,,"=""21736848""","=""42601070""","=""11269344""",Personal fixed term loan,2023-08-24 00:00:00,10000.00,0.00,,0.00,12150.00,NGN,0,Closed,2023-09-08 00:00:00,Performing
ISHAKU SAIDU,"=""22481224775""",52 AGUNGI AJIRAN ROAD LEKKI ETIOSA,,"=""21736848""","=""42601070""","=""11406477""",Personal fixed term loan,2023-09-07 00:00:00,20000.00,0.00,,0.00,24340.00,NGN,0,Closed,2023-09-22 00:00:00,Performing
ISHAKU SAIDU,"=""22481224775""",52 AGUNGI AJIRAN ROAD LEKKI ETIOSA,,"=""21736848""","=""42601070""","=""12199247""",Personal fixed term loan,2023-11-22 00:00:00,20000.00,0.00,,0.00,24900.00,NGN,0,Closed,2023-12-07 00:00:00,Performing
MOSHEDAT ADEAGBO,,ODO EJAEDE,,"=""21831087""","=""43016014""","=""10199698""",Personal fixed term loan,2023-05-06 00:00:00,5000.00,0.00,,0.00,6350.00,NGN,0,Closed,2023-06-05 00:00:00,Performing
SAMSON ILOEGBUNAM,,ANGWAN POLICE MASAKA,,"=""21834413""","=""43536993""","=""RCL43536993""",Personal Overdraft,2025-05-21 00:00:00,300000.00,0.00,,0.00,0.00,NGN,0,Open,,Performing
ZAINAB BELLO,"=""22513321120""",NO 24 AKINOLU PALACE ENOWA LAGOS NIGERIA,,"=""21836500""","=""43466654""","=""10382827""",Personal fixed term loan,2023-05-24 00:00:00,20000.00,0.00,,0.00,23000.00,NGN,0,Closed,2023-06-08 00:00:00,Performing
DAMILARE OYELOLA,"=""22377697388""",5 Rebecca str,,"=""21955988""","=""36306205""","=""13570921""",Personal fixed term loan,2024-04-17 00:00:00,10000.00,0.00,,0.00,7835.00,NGN,0,Closed,2024-07-02 00:00:00,Performing
OMOLARA WAHEED,,13B SINARI DARANIJO STREET VICTORIA ISLAND,,"=""21959688""","=""42894222""","=""10720074""",Personal fixed term loan,2023-06-27 00:00:00,35000.00,0.00,,0.00,44625.00,NGN,0,Closed,2023-07-27 00:00:00,Performing
JAMES OLUDARE,"=""22409905207""",47 ADEBOYE STREET PAKO BUS STOP BARIGA,,"=""21836462""","=""4320518""","=""13642806""",Personal fixed term loan,2024-04-24 00:00:00,10000.00,0.00,,0.00,14500.00,NGN,0,Closed,2024-05-24 00:00:00,Performing
DEBORAH YOHANNA,"=""22552068035""",LANGHAI CLOSE TO CHRIST APOSTOLIC CHURCH,,"=""21958078""","=""43335072""","=""RCL43335072""",Personal Overdraft,2025-04-23 00:00:00,40000.00,95572.25,,95572.25,47325.00,NGN,90,Open,,Lost
OLUWOLE OLANIYI,,ONDO ROAD ROUND ABOUT ILE IFE,,"=""21733425""","=""42616385""","=""RCL42616385""",Personal Overdraft,2024-12-13 00:00:00,120000.00,42515.28,,,42515.28,NGN,0,Open,,Performing
FELIX IZEVBOKUN,"=""22275383213""",10 ONAIWU STREET OFF OWINA STREET BENIN,,"=""21831852""","=""43177152""","=""RCL43177152""",,2025-08-05 00:00:00,48569.80,17689.52,,17690.00,44176.04,NGN,2,Open,,Watchlist
MIRACLE NWALA,"=""22506663840""",2 OZOUBA ROAD CHOBA JUNCTION PORT HARCOURT,,"=""21835488""","=""42788157""","=""10139797""",Personal fixed term loan,2023-05-01 00:00:00,35000.00,0.00,,0.00,41300.00,NGN,0,Closed,2023-05-16 00:00:00,Performing
MIRACLE NWALA,"=""22506663840""",2 OZOUBA ROAD CHOBA JUNCTION PORT HARCOURT,,"=""21835488""","=""42788157""","=""11117397""",Personal fixed term loan,2023-08-08 00:00:00,10000.00,0.00,,0.00,11970.00,NGN,0,Closed,2023-08-23 00:00:00,Performing
MIRACLE NWALA,"=""22506663840""",2 OZOUBA ROAD CHOBA JUNCTION PORT HARCOURT,,"=""21835488""","=""42788157""","=""12543706""",Personal fixed term loan,2023-12-27 00:00:00,15000.00,0.00,,0.00,18825.00,NGN,0,Closed,2024-01-11 00:00:00,Performing
MIRACLE NWALA,"=""22506663840""",2 OZOUBA ROAD CHOBA JUNCTION PORT HARCOURT,,"=""21835488""","=""42788157""","=""12729532""",Personal fixed term loan,2024-01-17 00:00:00,10000.00,0.00,,0.00,12370.00,NGN,0,Closed,2024-02-01 00:00:00,Performing
MIRACLE NWALA,"=""22506663840""",2 OZOUBA ROAD CHOBA JUNCTION PORT HARCOURT,,"=""21835488""","=""42788157""","=""12990923""",Personal fixed term loan,2024-02-16 00:00:00,10000.00,0.00,,0.00,31920.00,NGN,0,Closed,2024-03-02 00:00:00,Performing
ADEBOWALE BADEMOSI,"=""22210999350""",30 Akinjobi Street,"=""09093964141""","=""21954783""","=""43122633""","=""10822810""",Personal fixed term loan,2023-07-08 00:00:00,17500.00,0.00,,0.00,21262.50,NGN,0,Closed,2023-07-23 00:00:00,Performing
ADEBOWALE BADEMOSI,"=""22210999350""",30 Akinjobi Street,"=""09093964141""","=""21954783""","=""43122633""","=""10947322""",Personal fixed term loan,2023-07-22 00:00:00,15000.00,0.00,,0.00,18225.00,NGN,0,Closed,2023-08-06 00:00:00,Performing
ADEBOWALE BADEMOSI,"=""22210999350""",30 Akinjobi Street,"=""09093964141""","=""21954783""","=""43122633""","=""11238341""",Personal fixed term loan,2023-08-21 00:00:00,25000.00,0.00,,0.00,32500.00,NGN,0,Closed,2023-09-20 00:00:00,Performing
ADEBOWALE BADEMOSI,"=""22210999350""",30 Akinjobi Street,"=""09093964141""","=""21954783""","=""43122633""","=""13461887""",Personal fixed term loan,2024-04-06 00:00:00,27500.00,0.00,,0.00,35568.50,NGN,0,Closed,2024-05-06 00:00:00,Performing
ADEBOWALE BADEMOSI,"=""22210999350""",30 Akinjobi Street,"=""09093964141""","=""21954783""","=""43122633""","=""13774220""",Personal fixed term loan,2024-05-08 00:00:00,27500.00,0.00,,0.00,35871.00,NGN,0,Closed,2024-06-07 00:00:00,Performing
ADEBOWALE BADEMOSI,"=""22210999350""",30 Akinjobi Street,"=""09093964141""","=""21954783""","=""43122633""","=""14100202""",Personal fixed term loan,2024-06-14 00:00:00,40000.00,0.00,,0.00,23600.00,NGN,0,Closed,2024-09-12 00:00:00,Performing
ABDULLLAHI YAQUBA,"=""22655948333""",N0 13 ENGR Dama Abdullahi extension GRA area Gusau Zamfara,"=""2349049502680""","=""21970999""","=""PF71242""","=""A18214""",Personal fixed term loan,2024-03-02 00:00:00,3375000.00,4636802.68,,4636802.68,4608677.70,NGN,898,Open,2024-05-31 00:00:00,Lost
EZEKIEL OKHUE,"=""22430129900""",ACCESS BANK PLC HEAD OFFICE LAGOS,,"=""21964528""","=""42943089""","=""11196097""",Personal fixed term loan,2023-08-16 00:00:00,10000.00,0.00,,0.00,12500.00,NGN,0,Closed,2023-09-15 00:00:00,Performing
EZEKIEL OKHUE,"=""22430129900""",ACCESS BANK PLC HEAD OFFICE LAGOS,,"=""21964528""","=""42943089""","=""12253912""",Personal fixed term loan,2023-11-28 00:00:00,35000.00,0.00,,0.00,44625.00,NGN,0,Closed,2023-12-28 00:00:00,Performing
EZEKIEL OKHUE,"=""22430129900""",ACCESS BANK PLC HEAD OFFICE LAGOS,,"=""21964528""","=""42943089""","=""12724310""",Personal fixed term loan,2024-01-17 00:00:00,25000.00,0.00,,0.00,32500.00,NGN,0,Closed,2024-02-16 00:00:00,Performing
EZEKIEL OKHUE,"=""22430129900""",ACCESS BANK PLC HEAD OFFICE LAGOS,,"=""21964528""","=""42943089""","=""13212731""",Personal fixed term loan,2024-03-12 00:00:00,22500.00,0.00,,0.00,27769.50,NGN,0,Closed,2024-03-27 00:00:00,Performing
EZEKIEL OKHUE,"=""22430129900""",ACCESS BANK PLC HEAD OFFICE LAGOS,,"=""21964528""","=""42943089""","=""13349183""",Personal fixed term loan,2024-03-27 00:00:00,35000.00,0.00,,0.00,45545.50,NGN,0,Closed,2024-04-26 00:00:00,Performing
EZEKIEL OKHUE,"=""22430129900""",ACCESS BANK PLC HEAD OFFICE LAGOS,,"=""21964528""","=""42943089""","=""13486706""",Personal fixed term loan,2024-04-09 00:00:00,45000.00,0.00,,0.00,57861.00,NGN,0,Closed,2024-05-09 00:00:00,Performing
EZEKIEL OKHUE,"=""22430129900""",ACCESS BANK PLC HEAD OFFICE LAGOS,,"=""21964528""","=""42943089""","=""13773797""",Personal fixed term loan,2024-05-08 00:00:00,40000.00,0.00,,0.00,52572.00,NGN,0,Closed,2024-06-07 00:00:00,Performing
EZEKIEL OKHUE,"=""22430129900""",ACCESS BANK PLC HEAD OFFICE LAGOS,,"=""21964528""","=""42943089""","=""14037239""",Personal fixed term loan,2024-06-07 00:00:00,50000.00,0.00,,0.00,67500.00,NGN,0,Closed,2024-07-07 00:00:00,Performing
Yekini Temitope,"=""22391996663""",17 SOREMI STREET ABULE EGBA BUS STOP ALIMOSHO LAGOS,,"=""21997968""","=""44050656""","=""10945948""",Personal fixed term loan,2023-07-22 00:00:00,5000.00,0.00,,0.00,6500.00,NGN,0,Closed,2023-08-21 00:00:00,Performing
Yekini Temitope,"=""22391996663""",17 SOREMI STREET ABULE EGBA BUS STOP ALIMOSHO LAGOS,,"=""21997968""","=""44050656""","=""11177091""",Personal fixed term loan,2023-08-14 00:00:00,5000.00,0.00,,0.00,6500.00,NGN,0,Closed,2023-09-13 00:00:00,Performing
OMOWUNMI BUSARI,"=""22669724857""",NO 35 PAPA ADOGBA MONATAN IBADAN,,"=""21960401""","=""43186942""","=""RCL43186942""",Personal Overdraft,2024-11-11 00:00:00,30000.00,0.00,,,0.00,NGN,0,Open,,Performing
UGOCHUKWU NWOKEAFOR,"=""22508894998""",UMUIKE LOWA,,"=""21939846""","=""43574685""","=""RCL43574685""",Personal Overdraft,2024-11-29 00:00:00,135000.00,0.00,,0.00,15904.00,NGN,0,Open,,Performing
FORGIVE JOHN,,BLOCK 14 AREA A IN NYANYA,,"=""21957370""","=""43249861""","=""RCL43249861""",,2025-05-17 00:00:00,20000.00,14880.00,,,14880.00,NGN,0,Open,,Performing
IZIEGBE OKOOBOH,"=""22274756531""",13 ISAAC MAKINDE STROFF AIT RDALAGBADOLAGOS STATE,,"=""20702314""","=""37039028""","=""RCL37039028""",Personal Overdraft,2025-07-15 00:00:00,30000.00,0.00,,,0.00,NGN,0,Open,,Performing
IDIONG REBECCA REBECCA,,ABUJA BUS STOP OPPOSITE BAPTIST CHURCH MGBIRICHI OHAJ EGBE,,"=""20809621""","=""40514052""","=""RCL40514052""",Personal Overdraft,2025-03-19 00:00:00,164228.40,200949.00,,,200949.00,NGN,36,Open,,
BALOGUN ADEWALE ADEWALE,"=""22526716210""",5DAVIDS AVENUEGBERIGBE ELEPE BUS STOPIJEDE,,"=""20816720""","=""39729646""","=""RCL39729646""",Personal Overdraft,2024-08-07 00:00:00,275000.00,0.00,,0.00,0.00,NGN,0,Open,,Open
EBELECHUKWU OFILI,"=""22579229183""",SAKA TINUBU ST,,"=""20932200""","=""41284547""","=""RCL41284547""",Personal Overdraft,2025-01-14 00:00:00,80000.00,0.00,,,0.00,NGN,0,Open,,Performing
NATHAN BITRUS NATHAN,,NO 71 BOLE STREET NASARAWO,"=""2349130902230""","=""21015798""","=""PF64269""","=""A7045""",Personal fixed term loan,2023-12-14 00:00:00,122500.00,138349.65,,138349.65,136099.60,NGN,964,Open,2023-12-29 00:00:00,Lost
OGUNBONA OLADIPO TIMOTHY,"=""22234662917""",21 CLEMENT PELE TREET GREENLAND ES TATE OGOMBO,"=""08035058457""","=""21488138""","=""40633305""","=""RCL40633305""",Personal Overdraft,2024-11-25 00:00:00,300000.00,0.00,,0.00,0.00,NGN,0,Open,,Performing
ADEBUSOYE OGUNDE,"=""22220461335""",12 INABERE STREETISLAND,,"=""21679385""","=""42495333""","=""11616977""",Personal fixed term loan,2023-09-27 00:00:00,10000.00,0.00,,0.00,13400.00,NGN,0,Closed,2023-10-27 00:00:00,Performing
ADEBUSOYE OGUNDE,"=""22220461335""",12 INABERE STREETISLAND,,"=""21679385""","=""42495333""","=""11939160""",Personal fixed term loan,2023-10-27 00:00:00,10000.00,0.00,,0.00,13400.00,NGN,0,Closed,2023-11-26 00:00:00,Performing
ADEBUSOYE OGUNDE,"=""22220461335""",12 INABERE STREETISLAND,,"=""21679385""","=""42495333""","=""11968426""",Personal fixed term loan,2023-10-31 00:00:00,22500.00,0.00,,0.00,56475.00,NGN,0,Closed,2023-11-15 00:00:00,Performing
LINUS ELIMHINHE,"=""22202684198""",NO 1 BACK OF IHUMUDUMU PRY SCH EKPOMA,,"=""21679516""","=""42445275""","=""RCL42445275""",Personal Overdraft,2024-04-08 00:00:00,145000.00,0.00,,,0.00,NGN,0,Open,,Performing
VICTORIA NKECHIKWU,"=""22144143922""",9 ADARANIJO STREET EGBEDA,,"=""21833853""","=""43161411""","=""RCL43161411""",Personal Overdraft,2024-12-08 00:00:00,80000.00,1917.85,,,1917.85,NGN,96,Open,,Lost
OLUSOLA OBALANA,"=""22224624062""",12 Akintola St Iwaya 100001 Lagos Nigeria,,"=""21839143""","=""43483766""","=""10392340""",Personal fixed term loan,2023-05-25 00:00:00,7500.00,0.00,,0.00,9675.00,NGN,0,Closed,2023-06-24 00:00:00,Performing
HILLARY ORAKA,"=""22483787647""",21 OMACHI CRESCENT RUMUIDARA PHC,,"=""21957462""","=""43110421""","=""11099034""",Personal fixed term loan,2023-08-07 00:00:00,17500.00,0.00,,0.00,21262.50,NGN,0,Closed,2023-08-22 00:00:00,Performing
HILLARY ORAKA,"=""22483787647""",21 OMACHI CRESCENT RUMUIDARA PHC,,"=""21957462""","=""43110421""","=""11229740""",Personal fixed term loan,2023-08-20 00:00:00,17500.00,0.00,,0.00,42525.00,NGN,0,Closed,2023-09-04 00:00:00,Performing
SAMUEL IGBOWE,"=""22177296686""",100 AERODROME CLOSE OFF BY TRADE FAIR COMPLEX BENIN,,"=""21829192""","=""43103815""","=""11252024""",Personal fixed term loan,2023-08-22 00:00:00,25000.00,0.00,,0.00,32500.00,NGN,0,Closed,2023-09-21 00:00:00,Performing
SAMUEL IGBOWE,"=""22177296686""",100 AERODROME CLOSE OFF BY TRADE FAIR COMPLEX BENIN,,"=""21829192""","=""43103815""","=""12488605""",Personal fixed term loan,2023-12-21 00:00:00,15000.00,0.00,,0.00,18825.00,NGN,0,Closed,2024-01-05 00:00:00,Performing
ITUNU ORIOYE,"=""22514368706""",44 ADEDEJI STREET SURULERE,,"=""21830156""","=""42247202""","=""10215956""",Personal fixed term loan,2023-05-08 00:00:00,5000.00,0.00,,0.00,6450.00,NGN,0,Closed,2023-06-07 00:00:00,Performing
YUSROH TIJANI,"=""22693499282""",21 ODUOROJA ST MEIRAN,,"=""21830272""","=""43133738""","=""10247020""",Personal fixed term loan,2023-05-11 00:00:00,10000.00,0.00,,0.00,12700.00,NGN,0,Closed,2023-06-10 00:00:00,Performing
juliet njoku,"=""22558282750""",plot cr9mcc  uratta roadowerri imo state,,"=""21833006""","=""43226243""","=""10287455""",Personal fixed term loan,2023-05-15 00:00:00,35000.00,0.00,,0.00,43750.00,NGN,0,Closed,2023-06-14 00:00:00,Performing
ABDULGANIY AKOREDE,"=""22342471265""",Not Available,,"=""21839392""","=""16590490""","=""RCL16590490""",Personal Overdraft,2024-10-14 00:00:00,150000.00,162294.62,,162295.00,110841.37,NGN,33,Open,,Sub standard
ROTIMI OGUNNI,"=""22534606295""",25 AJIBOLA STREET ISOKAN BUS STOP ALIMOSHO,,"=""21964301""","=""37058344""","=""11944516""",Personal fixed term loan,2023-10-28 00:00:00,5000.00,0.00,,0.00,6225.00,NGN,0,Closed,2023-11-12 00:00:00,Performing
ALIYU KAWU,,SY 22 NAIBI STREET,,"=""21836959""","=""43451992""","=""10376818""",Personal fixed term loan,2023-05-24 00:00:00,40000.00,0.00,,0.00,46000.00,NGN,0,Closed,2023-06-08 00:00:00,Performing
ALIYU KAWU,,SY 22 NAIBI STREET,,"=""21836959""","=""43451992""","=""11563154""",Personal fixed term loan,2023-09-22 00:00:00,27500.00,0.00,,0.00,20521.00,NGN,0,Closed,2023-11-21 00:00:00,Performing
ALIYU KAWU,,SY 22 NAIBI STREET,,"=""21836959""","=""43451992""","=""12126186""",Personal fixed term loan,2023-11-14 00:00:00,17500.00,0.00,,0.00,23275.00,NGN,0,Closed,2023-12-14 00:00:00,Performing
ALIYU KAWU,,SY 22 NAIBI STREET,,"=""21836959""","=""43451992""","=""12431416""",Personal fixed term loan,2023-12-15 00:00:00,22500.00,0.00,,0.00,29925.00,NGN,0,Closed,2024-01-14 00:00:00,Performing
ALIYU KAWU,,SY 22 NAIBI STREET,,"=""21836959""","=""43451992""","=""12727804""",Personal fixed term loan,2024-01-17 00:00:00,200000.00,0.00,,0.00,105934.00,NGN,0,Closed,2024-04-16 00:00:00,Performing
ALIYU KAWU,,SY 22 NAIBI STREET,,"=""21836959""","=""43451992""","=""13531845""",Personal fixed term loan,2024-04-13 00:00:00,45000.00,0.00,,0.00,56830.50,NGN,0,Closed,2024-05-13 00:00:00,Performing
ALIYU KAWU,,SY 22 NAIBI STREET,,"=""21836959""","=""43451992""","=""13764467""",Personal fixed term loan,2024-05-07 00:00:00,60000.00,0.00,,0.00,45375.00,NGN,0,Closed,2024-07-06 00:00:00,Performing
BRIGHT BAZUNU,,5 BABATUNDE MARTINS,,"=""21838219""","=""43498617""","=""RCL43498617""",Personal Overdraft,2024-10-16 00:00:00,290430.53,79029.48,,79029.48,79029.48,NGN,35,Open,,Sub standard
FATIMAH ALIDU,,35 ABIODUN OGUNLAYE STREETSOLOMADE,,"=""21948592""","=""43031094""","=""10935060""",Personal fixed term loan,2023-07-20 00:00:00,25000.00,0.00,,0.00,29425.00,NGN,0,Closed,2023-08-04 00:00:00,Performing
FATIMAH ALIDU,,35 ABIODUN OGUNLAYE STREETSOLOMADE,,"=""21948592""","=""43031094""","=""11061014""",Personal fixed term loan,2023-08-03 00:00:00,50000.00,0.00,,0.00,35900.00,NGN,0,Closed,2023-10-02 00:00:00,Performing
FATIMAH ALIDU,,35 ABIODUN OGUNLAYE STREETSOLOMADE,,"=""21948592""","=""43031094""","=""11063139""",Personal fixed term loan,2023-08-03 00:00:00,50000.00,0.00,,0.00,35675.00,NGN,0,Closed,2023-10-02 00:00:00,Performing
FATIMAH ALIDU,,35 ABIODUN OGUNLAYE STREETSOLOMADE,,"=""21948592""","=""43031094""","=""11366993""",Personal fixed term loan,2023-09-02 00:00:00,30000.00,0.00,,0.00,21900.00,NGN,0,Closed,2023-11-01 00:00:00,Performing
SARAH OMOTAYO,,07 LAWAL STREET EPE LAGOS ST,,"=""21958034""","=""42980655""","=""11169890""",Personal fixed term loan,2023-08-14 00:00:00,5000.00,0.00,,0.00,6500.00,NGN,0,Closed,2023-09-13 00:00:00,Performing
SARAH OMOTAYO,,07 LAWAL STREET EPE LAGOS ST,,"=""21958034""","=""42980655""","=""12320556""",Personal fixed term loan,2023-12-04 00:00:00,5000.00,0.00,,0.00,6500.00,NGN,0,Closed,2024-01-03 00:00:00,Performing
SARAH OMOTAYO,,07 LAWAL STREET EPE LAGOS ST,,"=""21958034""","=""42980655""","=""12621499""",Personal fixed term loan,2024-01-05 00:00:00,10000.00,0.00,,0.00,13000.00,NGN,0,Closed,2024-02-04 00:00:00,Performing
SARAH OMOTAYO,,07 LAWAL STREET EPE LAGOS ST,,"=""21958034""","=""42980655""","=""15458806""",Personal fixed term loan,2024-11-23 00:00:00,10000.00,0.00,,0.00,13600.00,NGN,0,Closed,2024-12-23 00:00:00,Performing
DAMILOLA OLABODE,"=""22605977954""",44 SAFORITI OROGUN IBADAN,,"=""21824574""","=""42884078""","=""10335395""",Personal fixed term loan,2023-05-20 00:00:00,17500.00,0.00,,0.00,8855.00,NGN,0,Closed,2023-08-18 00:00:00,Performing
BLESSING ABAYOMI,"=""22620701433""",G63WRC Lagos Nigeria,,"=""21831186""","=""42651929""","=""10247067""",Personal fixed term loan,2023-05-11 00:00:00,5000.00,0.00,,0.00,5750.00,NGN,0,Closed,2023-05-26 00:00:00,Performing
Fatimoh ADEKUNBI,,4 Erinkintola street off martins mushin Lagos,,"=""21837226""","=""43464790""","=""RCL43464790""",Personal Overdraft,2024-10-16 00:00:00,10000.00,19552.86,,,19552.86,NGN,91,Open,,Lost
EMMANUEL IGHODARO,,28 AIDEYAN STREET OFF IHAMA ROAD GRA BENIN CITY,"=""08068161065""","=""21941307""","=""43125079""","=""RCL43125079""",Personal Overdraft,2024-11-21 00:00:00,300000.00,0.00,,0.00,0.00,NGN,0,Open,,Performing
LILIAN PATRIC,"=""22385395768""",15 AKPORUME STREETKPOLOKORWARRI,,"=""21834537""","=""43254631""","=""10298421""",Personal fixed term loan,2023-05-16 00:00:00,35000.00,0.00,,0.00,41300.00,NGN,0,Closed,2023-05-31 00:00:00,Performing
BABATUNDE ABDULRAHMAN,,KISSAYIP B BEFORE METHODIST CHURCH,"=""2348068364829""","=""21835920""","=""42980640""","=""RCL42980640""",Personal Overdraft,2024-06-08 00:00:00,312000.00,601407.60,,601408.00,0.00,NGN,94,Open,,Lost
TORIOLA OGUNWOLU,,37 OLANREWAJU STREET THE BELLS OTA OTA Ogun State NG,,"=""21947634""","=""43341727""","=""10833580""",Personal fixed term loan,2023-07-09 00:00:00,17500.00,0.00,,0.00,21262.50,NGN,0,Closed,2023-07-24 00:00:00,Performing
Henry Chukwuemeka Elvis,,KERKER FOBUR RD JOS,,"=""21988744""","=""7817463""","=""RCL7817463""",Personal Overdraft,2025-03-05 00:00:00,6250.00,0.00,,,0.00,NGN,0,Open,,Performing
CHRISTIANAH IYANDA,"=""22554313245""",2OLUYEMI ERINOSHO STRCOUNTY BUS STOPOGBALAGOS,,"=""21827524""","=""43424181""","=""12364124""",Personal fixed term loan,2023-12-08 00:00:00,350000.00,0.00,,0.00,49901.25,NGN,0,Closed,2024-12-02 00:00:00,Performing
MAXIMUS AUSTINE,"=""22654228489""",GREGORY UNIVERSITY STAFF QUARTERS,,"=""21835195""","=""43246059""","=""RCL43246059""",Personal Overdraft,2024-09-08 00:00:00,200000.00,20787.42,,,20787.42,NGN,96,Open,,Lost
JOSHUA ADEPOJU,"=""22525996068""",6 ABIOYE ST ABIOYE BS EGAN LAGOS,,"=""21939110""","=""39206544""","=""10793485""",Personal fixed term loan,2023-07-05 00:00:00,15000.00,0.00,,0.00,18225.00,NGN,0,Closed,2023-07-20 00:00:00,Performing
JOSHUA ADEPOJU,"=""22525996068""",6 ABIOYE ST ABIOYE BS EGAN LAGOS,,"=""21939110""","=""39206544""","=""11641745""",Personal fixed term loan,2023-09-30 00:00:00,7500.00,0.00,,0.00,9202.50,NGN,0,Closed,2023-10-15 00:00:00,Performing
JOSHUA ADEPOJU,"=""22525996068""",6 ABIOYE ST ABIOYE BS EGAN LAGOS,,"=""21939110""","=""39206544""","=""12217248""",Personal fixed term loan,2023-11-23 00:00:00,35000.00,0.00,,0.00,46550.00,NGN,0,Closed,2023-12-23 00:00:00,Performing
Badmus Ajibola,"=""22427721681""",124 AGO TAYLOR STR ABIMBOLA AREA FATIMA BSTOP ODO ONA,,"=""21978982""","=""3904619""","=""11005047""",Personal fixed term loan,2023-07-28 00:00:00,7500.00,0.00,,0.00,9675.00,NGN,0,Closed,2023-08-27 00:00:00,Performing
BALQIS SANNI,,22B ZION STREET ORILE BUS STOP IWO ODUORE,,"=""21831940""","=""43204333""","=""10276777""",Personal fixed term loan,2023-05-14 00:00:00,22500.00,0.00,,0.00,25875.00,NGN,0,Closed,2023-05-29 00:00:00,Performing
TOBILOBA DAMILARE,"=""22437011035""",05 KASUMU CRESCENTOSHOBU BSTOP AGEGE,,"=""21835317""","=""43300245""","=""10316872""",Personal fixed term loan,2023-05-18 00:00:00,7500.00,0.00,,0.00,8625.00,NGN,0,Closed,2023-06-02 00:00:00,Performing
ERICA ADELE,,1 OGUNSOLA STREET OFF AROWOLO STREET ABULE EGBA,,"=""21835652""","=""43364704""","=""10342483""",Personal fixed term loan,2023-05-20 00:00:00,10000.00,0.00,,0.00,11800.00,NGN,0,Closed,2023-06-04 00:00:00,Performing
ERICA ADELE,,1 OGUNSOLA STREET OFF AROWOLO STREET ABULE EGBA,,"=""21835652""","=""43364704""","=""10727929""",Personal fixed term loan,2023-06-28 00:00:00,10000.00,0.00,,0.00,11770.00,NGN,0,Closed,2023-07-13 00:00:00,Performing
ERICA ADELE,,1 OGUNSOLA STREET OFF AROWOLO STREET ABULE EGBA,,"=""21835652""","=""43364704""","=""10905780""",Personal fixed term loan,2023-07-17 00:00:00,17500.00,0.00,,0.00,20247.50,NGN,0,Closed,2023-08-01 00:00:00,Performing
ERICA ADELE,,1 OGUNSOLA STREET OFF AROWOLO STREET ABULE EGBA,,"=""21835652""","=""43364704""","=""11186770""",Personal fixed term loan,2023-08-15 00:00:00,45000.00,0.00,,0.00,54450.00,NGN,0,Closed,2023-09-14 00:00:00,Performing
ABIODUN DEHINBO,"=""22210631094""",40 OLORUNSOGO,,"=""21946950""","=""43298443""","=""RCL43298443""",Personal Overdraft,2024-08-17 00:00:00,29767.50,17473.44,,0.00,23240.24,NGN,92,Open,,Lost
OLAYINKA AKINNOLAJU,"=""22388469831""",03 OGOOLUWA ARAROMI GIWA OKE ARO OGUN,,"=""21954962""","=""42898938""","=""12614052""",Personal fixed term loan,2024-01-04 00:00:00,10000.00,0.00,,0.00,13400.00,NGN,0,Closed,2024-02-03 00:00:00,Performing
OLAYINKA AKINNOLAJU,"=""22388469831""",03 OGOOLUWA ARAROMI GIWA OKE ARO OGUN,,"=""21954962""","=""42898938""","=""12787285""",Personal fixed term loan,2024-01-24 00:00:00,17500.00,0.00,,0.00,23450.00,NGN,0,Closed,2024-02-23 00:00:00,Performing
OLAYINKA AKINNOLAJU,"=""22388469831""",03 OGOOLUWA ARAROMI GIWA OKE ARO OGUN,,"=""21954962""","=""42898938""","=""13041603""",Personal fixed term loan,2024-02-22 00:00:00,40000.00,0.00,,0.00,54000.00,NGN,0,Closed,2024-03-23 00:00:00,Performing
OLAYINKA AKINNOLAJU,"=""22388469831""",03 OGOOLUWA ARAROMI GIWA OKE ARO OGUN,,"=""21954962""","=""42898938""","=""13331096""",Personal fixed term loan,2024-03-25 00:00:00,12500.00,0.00,,0.00,23625.00,NGN,0,Closed,2024-04-24 00:00:00,Performing
OLAYINKA AKINNOLAJU,"=""22388469831""",03 OGOOLUWA ARAROMI GIWA OKE ARO OGUN,,"=""21954962""","=""42898938""","=""13658771""",Personal fixed term loan,2024-04-26 00:00:00,12500.00,0.00,,0.00,16875.00,NGN,0,Closed,2024-05-26 00:00:00,Performing
OLAYINKA AKINNOLAJU,"=""22388469831""",03 OGOOLUWA ARAROMI GIWA OKE ARO OGUN,,"=""21954962""","=""42898938""","=""13717593""",Personal fixed term loan,2024-05-02 00:00:00,40000.00,0.00,,0.00,60563.00,NGN,0,Closed,2024-06-01 00:00:00,Performing
GBADEGESHIN ODUGBOSE,"=""22438737804""",1 ADAMS SHODEINDE CLOSEIGBOGBO,,"=""21962134""","=""43126567""","=""10842355""",Personal fixed term loan,2023-07-10 00:00:00,17500.00,0.00,,0.00,22750.00,NGN,0,Closed,2023-08-09 00:00:00,Performing
OMOWUNMI SHOFELA,"=""22350470731""",41 AGANGA WILLIAM STR HARUNA BSTP OGBA,,"=""21833072""","=""43330915""","=""10368197""",Personal fixed term loan,2023-05-23 00:00:00,20000.00,0.00,,0.00,23000.00,NGN,0,Closed,2023-06-07 00:00:00,Performing
OMOWUNMI SHOFELA,"=""22350470731""",41 AGANGA WILLIAM STR HARUNA BSTP OGBA,,"=""21833072""","=""43330915""","=""10823835""",Personal fixed term loan,2023-07-08 00:00:00,30000.00,0.00,,0.00,39000.00,NGN,0,Closed,2023-08-07 00:00:00,Performing
Mathew Ebiega,,NIGERIAN POLICE ACADEMY WUDIL NIGERIAN POLICE ACADEMY WUDI,,"=""21835118""","=""27406698""","=""RCL27406698""",Personal Overdraft,2025-03-04 00:00:00,115000.00,85770.68,,,85770.68,NGN,0,Open,,Performing
KYERMUN AUDUMICHAEL,"=""22145992172""",PLATEAU STATE POLYTECHNIC STAFF QTRS JOS,,"=""21838728""","=""39740492""","=""RCL39740492""",Personal Overdraft,2024-05-13 00:00:00,137500.00,0.00,,,0.00,NGN,0,Open,,Performing
Anya Paul,,NO 16 OLATUNJI IDOWU TARRED ROAD AGO OKOTA ISOLO LAGOS,,"=""21992314""","=""8486043""","=""RCL8486043""",Personal Overdraft,2024-10-31 00:00:00,300000.00,0.00,,0.00,0.00,NGN,0,Open,,Performing
ORUESE ADJOGRI,"=""22463576782""",NO 13 OTERI STREET OKPARA,,"=""21736834""","=""42725516""","=""RCL42725516""",Personal Overdraft,2024-07-29 00:00:00,80000.00,109998.59,,109999.00,0.00,NGN,94,Open,,Lost
Edaferobo Emmanuel Iluoghene,,KINGDOM  HALL  STREET PTI UTI RD  EFFURUN DELTA STATE,,"=""21764731""","=""699674""","=""RCL699674""",Personal Overdraft,2024-10-15 00:00:00,185000.00,40117.40,,0.00,85826.63,NGN,0,Open,,Performing
JOMA OMONIGHO,"=""22497385822""",6 ARANTA STREET AFTER SEVEN BUS STOP PORT HARCOURT,,"=""21827898""","=""43439184""","=""10376308""",Personal fixed term loan,2023-05-24 00:00:00,7500.00,0.00,,0.00,8850.00,NGN,0,Closed,2023-06-08 00:00:00,Performing
JOMA OMONIGHO,"=""22497385822""",6 ARANTA STREET AFTER SEVEN BUS STOP PORT HARCOURT,,"=""21827898""","=""43439184""","=""12314181""",Personal fixed term loan,2023-12-03 00:00:00,5000.00,0.00,,0.00,6700.00,NGN,0,Closed,2023-12-18 00:00:00,Performing
MOSES ANIMASHAUN,,18 AJULO CLOSE KOLA BS AIYETORO,,"=""21834594""","=""42995930""","=""10191377""",Personal fixed term loan,2023-05-05 00:00:00,5000.00,0.00,,0.00,6250.00,NGN,0,Closed,2023-06-04 00:00:00,Performing
MOSES ANIMASHAUN,,18 AJULO CLOSE KOLA BS AIYETORO,,"=""21834594""","=""42995930""","=""10594812""",Personal fixed term loan,2023-06-14 00:00:00,5000.00,0.00,,0.00,5885.00,NGN,0,Closed,2023-06-29 00:00:00,Performing
NIKE ABU,"=""22579084687""",9 OGUNDELE STREET WAREWA OGUN STATE,,"=""21836523""","=""43615246""","=""10443551""",Personal fixed term loan,2023-05-30 00:00:00,7500.00,0.00,,0.00,9675.00,NGN,0,Closed,2023-06-29 00:00:00,Performing
JOY ONYINYECHI EKPENYONG,"=""22632594395""",THE PASTOR I C S COMPOUND 79DOUGLAS ROAD OWERRIImo State,"=""2349024132181""","=""21848551""","=""PF23618""","=""A8873""",Personal fixed term loan,2023-12-27 00:00:00,40000.00,47013.85,,47013.85,43013.80,NGN,963,Open,2023-12-30 00:00:00,Lost
FAVOUR AKUJOBI,"=""22535076871""",NO 2 KEN OKOLI STREET AWKADEPARTMENT OF ELECTRONICS  COMPU,,"=""21945804""","=""43557075""","=""10822570""",Personal fixed term loan,2023-07-08 00:00:00,2500.00,0.00,,0.00,9563.00,NGN,0,Closed,2023-07-23 00:00:00,Performing
ojobo odunayo christiana,"=""22576226349""",22 OLAORE STREET AGBADO CROSSI,,"=""21995898""","=""42456592""","=""15174023""",Personal fixed term loan,2024-10-15 00:00:00,5000.00,0.00,,0.00,13340.00,NGN,0,Closed,,Performing
ojobo odunayo christiana,"=""22576226349""",22 OLAORE STREET AGBADO CROSSI,,"=""21995898""","=""42456592""","=""15229762""",Personal fixed term loan,2024-10-23 00:00:00,17500.00,0.00,,0.00,24045.00,NGN,0,Closed,2024-11-22 00:00:00,Performing
Nongu Godwin,,NO7 BASEL KGWENBER STREET UNUNI AGRIC ROAD NORTHBANK,,"=""21997583""","=""50829153""","=""RCL50829153""",Personal Overdraft,2025-02-03 00:00:00,265000.00,0.00,,0.00,0.00,NGN,0,Open,,Performing
