Name,BankVerificationNumber,Address,HomeTelephoneNumber,FirstCentralReferenceNo,customerid,AccountNo,TypeOfAccount,DateAccountOpened,OpeningBalanceAmt,CurrentBalanceAmt,CurrentBalanceDebitInd,AmountOverdue,InstalmentAmount,Currency,MonthsInArrears,AccountStatusCode,ClosedDate,loanclassification
JANET MAREN AMOS,"=""22283203750""",GWARANDOK VILLAGE OPPOSITE WHITE HOUSE Plateau State,,"=""22011387""","=""52069327""","=""RCL52069327""",Personal Overdraft,2024-11-28 00:00:00,15000.00,0.00,,0.00,0.00,NGN,0,Open,,Performing
IBRAHIM UMAR Faruk,"=""22729143033""",Plot No 60 off ahmadu road dogon ice samaru zaria Kaduna s,"=""2349166370178""","=""22017230""","=""PF73808""","=""A11809""",Personal fixed term loan,2024-01-16 00:00:00,40000.00,0.00,,0.00,43082.50,NGN,0,Closed,2024-01-19 00:00:00,Performing
ISONG EMMANUEL EDET,"=""22153452626""",25 ADEWALE ADENANYA STR OFF ODUNSI STR BARIGA LAGOS,,"=""22017381""","=""42915557""","=""RCL42915557""",Personal Overdraft,2024-12-11 00:00:00,300000.00,293400.59,,,293400.59,NGN,85,Open,,Doubtful
EKWEMALOR CHIDINMA VICTORIA,,9 ILAJE STREET KIRIKIRI TOWN LAGOS STATE,"=""09136465778""","=""22049095""","=""40788665""","=""RCL40788665""",Personal Overdraft,2025-04-24 00:00:00,185000.00,166500.00,,,166500.00,NGN,0,Open,,
Gideon Isaac Ameh,"=""22741385903""",NO 16 MAIANGWAN ROAD ROMI KADUNA,"=""09070605893""","=""22069735""","=""46191098""","=""RCL46191098""",Personal Overdraft,2025-01-25 00:00:00,10000.00,39618.29,,,39618.29,NGN,93,Open,,
Aliyu Isah Abubakar,"=""22535313428""",C4C101 MUAZU ALIYUS RES UND ST MAITUMBI MINNA,"=""2348146307519""","=""22075004""","=""36033795""","=""RCL36033795""",Personal Overdraft,2025-02-02 00:00:00,15000.00,56162.91,,,56162.91,NGN,90,Open,,
Abuchi Leeon Samuel,"=""22421897692""",NO 41 PARK ROAD GRA ONITSHA,"=""08128285897""","=""22075757""","=""37832615""","=""RCL37832615""",Personal Overdraft,2025-01-15 00:00:00,10000.00,37159.48,,,37159.48,NGN,97,Open,,
Olamilekan Rafiu Saheed,"=""22469037012""",50 Chokocho amadi counpand Etche Etche Rivers,"=""8032766506""","=""22078760""","=""44086749""","=""10896865""",Personal fixed term loan,2023-07-16 00:00:00,12500.00,0.00,,0.00,15187.50,NGN,0,Closed,2023-07-31 00:00:00,Performing
Olamilekan Rafiu Saheed,"=""22469037012""",50 Chokocho amadi counpand Etche Etche Rivers,"=""8032766506""","=""22078760""","=""44086749""","=""13489597""",Personal fixed term loan,2024-04-09 00:00:00,10000.00,0.00,,0.00,13600.00,NGN,0,Closed,2024-04-24 00:00:00,Performing
Olamilekan Rafiu Saheed,"=""22469037012""",50 Chokocho amadi counpand Etche Etche Rivers,"=""8032766506""","=""22078760""","=""44086749""","=""13931430""",Personal fixed term loan,2024-05-26 00:00:00,10000.00,0.00,,0.00,14500.00,NGN,0,Closed,2024-06-17 00:00:00,Performing
Kolos Mohammed Usman,"=""22472719424""",ANGWA BIRI MINNA,"=""2349130504561""","=""22079686""","=""46698528""","=""RCL46698528""",Personal Overdraft,2025-01-15 00:00:00,10000.00,34136.26,,,34136.26,NGN,97,Open,,
Ogodima Faith,"=""22649486481""",LEVIS COMPD OBELE STR SPORTS COMPLEX BSTOP OVOM YEN,"=""07037276483""","=""22079722""","=""37049418""","=""13386676""",Personal fixed term loan,2024-03-30 00:00:00,5000.00,0.00,,0.00,6750.00,NGN,0,Closed,2024-04-29 00:00:00,Performing
LAWAN USMAN,,UNGWAN BARDE SABON TASHA,"=""08031230034""","=""22085353""","=""PF95135""","=""A24372""",Personal fixed term loan,2024-04-23 00:00:00,239000.00,237407.10,,237407.10,235056.50,NGN,842,Open,2024-04-29 00:00:00,Lost
YUSUF TIJANI,,NO 9 ARAROMI QUARTERS IFO Ifo Ogun State,,"=""22086330""","=""12445689""","=""RCL12445689""",Personal Overdraft,2025-01-15 00:00:00,50000.00,125870.12,,,125870.12,NGN,90,Open,,Lost
OMODASOLA OLOJEDE,,OLUWAKEMI STREET GBEKUBA IBADAN,,"=""22086364""","=""43064795""","=""RCL43064795""",,2024-10-29 00:00:00,159677.86,0.00,,0.00,149822.45,NGN,0,Open,,Performing
TSOTSI SHITTA,,BESIDE ORBIT HOTEL AREA EXTENTION NYANNYA,"=""08135869486""","=""22086503""","=""43889654""","=""RCL43889654""",Personal Overdraft,2024-07-31 00:00:00,251866.71,201101.31,,,201101.31,NGN,32,Open,,Sub standard
EGUBERE OGAGA,,NO 3AKPOJOTOR STREETOFF SEDCOENERHEN,,"=""22086530""","=""43281855""","=""10551907""",Personal fixed term loan,2023-06-10 00:00:00,17500.00,0.00,,0.00,20650.00,NGN,0,Closed,2023-06-25 00:00:00,Performing
EGUBERE OGAGA,,NO 3AKPOJOTOR STREETOFF SEDCOENERHEN,,"=""22086530""","=""43281855""","=""10616698""",Personal fixed term loan,2023-06-16 00:00:00,27500.00,0.00,,0.00,35062.50,NGN,0,Closed,2023-07-16 00:00:00,Performing
EGUBERE OGAGA,,NO 3AKPOJOTOR STREETOFF SEDCOENERHEN,,"=""22086530""","=""43281855""","=""10829175""",Personal fixed term loan,2023-07-09 00:00:00,30000.00,0.00,,0.00,21720.00,NGN,0,Closed,2023-09-07 00:00:00,Performing
EGUBERE OGAGA,,NO 3AKPOJOTOR STREETOFF SEDCOENERHEN,,"=""22086530""","=""43281855""","=""11270610""",Personal fixed term loan,2023-08-24 00:00:00,45000.00,0.00,,0.00,57375.00,NGN,0,Closed,2023-09-23 00:00:00,Performing
EGUBERE OGAGA,,NO 3AKPOJOTOR STREETOFF SEDCOENERHEN,,"=""22086530""","=""43281855""","=""11523894""",Personal fixed term loan,2023-09-18 00:00:00,20000.00,0.00,,0.00,56700.00,NGN,0,Closed,2023-10-18 00:00:00,Performing
EGUBERE OGAGA,,NO 3AKPOJOTOR STREETOFF SEDCOENERHEN,,"=""22086530""","=""43281855""","=""11717206""",Personal fixed term loan,2023-10-06 00:00:00,5000.00,0.00,,0.00,16310.00,NGN,0,Closed,2024-01-04 00:00:00,Performing
UMAR GOMA,,22 ALBARKAWA ZARIA CITY,,"=""22086674""","=""41752973""","=""RCL41752973""",Personal Overdraft,2024-10-06 00:00:00,120000.00,215917.04,,,215917.04,NGN,91,Open,,Lost
ADEJOKE OLAJIDE,"=""22555007699""",17 AKOWO ESTATE APETE AWOTAN I,,"=""22086820""","=""44156935""","=""10658728""",Personal fixed term loan,2023-06-21 00:00:00,40000.00,0.00,,0.00,47200.00,NGN,0,Closed,2023-07-06 00:00:00,Performing
ONYEKACHI ONWUMERE,"=""22489183595""",29 LAMBE IKUDAISI STREET AKOWONJO EGBEDA LAGOS,"=""2348026181868""","=""22087253""","=""42312261""","=""RCL42312261""",Personal Overdraft,2024-12-16 00:00:00,300000.00,0.00,,,0.00,NGN,0,Open,,Performing
PETER NWABUEZE,,35 COKER ROAD ORILE IGANMU,,"=""22087320""","=""44048383""","=""RCL44048383""",Personal Overdraft,2025-02-07 00:00:00,300000.00,0.00,,,0.00,NGN,0,Open,,Performing
EMEKA UGWU,,UGWU OKWUDILIS COMPOUND EZANI MGBOKO AKU,,"=""22087722""","=""43896437""","=""10555919""",Personal fixed term loan,2023-06-10 00:00:00,10000.00,0.00,,0.00,12800.00,NGN,0,Closed,2023-07-10 00:00:00,Performing
EMEKA UGWU,,UGWU OKWUDILIS COMPOUND EZANI MGBOKO AKU,,"=""22087722""","=""43896437""","=""10983054""",Personal fixed term loan,2023-07-26 00:00:00,10000.00,0.00,,0.00,12300.00,NGN,0,Closed,2023-08-25 00:00:00,Performing
EMEKA UGWU,,UGWU OKWUDILIS COMPOUND EZANI MGBOKO AKU,,"=""22087722""","=""43896437""","=""14612978""",Personal fixed term loan,2024-08-11 00:00:00,10000.00,0.00,,0.00,12398.00,NGN,0,Closed,,Performing
GIFT  FEDELIS,,NO 92 ARATUMI ROAD ISASHI IBA NEW SITE,,"=""22087730""","=""35035751""","=""RCL35035751""",Personal Overdraft,2024-08-08 00:00:00,22717.78,0.00,,,0.00,NGN,0,Open,,Performing
dare ojo,,no 2 ajibade street,,"=""22087765""","=""533852""","=""RCL533852""",,2025-05-30 00:00:00,75000.00,88857.69,,0.00,86408.80,NGN,56,Open,,Sub standard
TAOFEEQAH LAWAL,,37 UNITY AVENUE OFFIN BS IKORODU LAGOS,,"=""22087785""","=""43891543""","=""RCL43891543""",Personal Overdraft,2025-03-01 00:00:00,312000.00,27518.00,,,27518.00,NGN,0,Open,,
Saaondo Aboh,,NO36 MISSION WARD NORTHBANK MAKURDI,,"=""22087831""","=""37097343""","=""RCL37097343""",Personal Overdraft,2024-07-08 00:00:00,300000.00,0.00,,0.00,0.00,NGN,0,Open,,Performing
DAVID OLAYIWOLA,"=""22533386556""",3 EMMANUEL CLOSE AHMADDIYA BSTOP LAGOS,,"=""22088116""","=""44083281""","=""10627676""",Personal fixed term loan,2023-06-18 00:00:00,40000.00,0.00,,0.00,50800.00,NGN,0,Closed,2023-07-25 00:00:00,Performing
DAVID OLAYIWOLA,"=""22533386556""",3 EMMANUEL CLOSE AHMADDIYA BSTOP LAGOS,,"=""22088116""","=""44083281""","=""10969461""",Personal fixed term loan,2023-07-24 00:00:00,27500.00,0.00,,0.00,35750.00,NGN,0,Closed,2023-08-23 00:00:00,Performing
DAVID OLAYIWOLA,"=""22533386556""",3 EMMANUEL CLOSE AHMADDIYA BSTOP LAGOS,,"=""22088116""","=""44083281""","=""11708848""",Personal fixed term loan,2023-10-05 00:00:00,45000.00,0.00,,0.00,56250.00,NGN,0,Closed,2023-11-19 00:00:00,Performing
DAVID OLAYIWOLA,"=""22533386556""",3 EMMANUEL CLOSE AHMADDIYA BSTOP LAGOS,,"=""22088116""","=""44083281""","=""12140358""",Personal fixed term loan,2023-11-16 00:00:00,50000.00,0.00,,0.00,61500.00,NGN,0,Closed,2024-01-13 00:00:00,Performing
PETER AKINYEMI,"=""22241931480""",Gongola off kushigoro,,"=""22088132""","=""5105338""","=""RCL5105338""",Personal Overdraft,2024-10-19 00:00:00,268963.52,414581.10,,0.00,248835.44,NGN,97,Open,,Lost
OGHALEOGHENE  ITEH,"=""22208265285""",18 ODOFIN STREET AMUKOKO,,"=""22088410""","=""44034499""","=""10615078""",Personal fixed term loan,2023-06-16 00:00:00,140000.00,0.00,,0.00,61180.00,NGN,0,Closed,2023-09-14 00:00:00,Performing
MARIA OSUAGWU,"=""22319163834""",IdiAraba Lagos Nigeria,,"=""22088454""","=""43991895""","=""10601754""",Personal fixed term loan,2023-06-15 00:00:00,60000.00,0.00,,0.00,26220.00,NGN,0,Closed,2023-09-13 00:00:00,Performing
MELODY MARTINS,,3 EYANE AVENNE OFF WIRRRN STREET BENIN CITY,,"=""22088641""","=""44079148""","=""RCL44079148""",Personal Overdraft,2024-06-11 00:00:00,115000.00,117761.91,,,117761.91,NGN,0,Open,,Performing
TEMITOPE OGUNBONA,"=""22430098916""",5 CLEMENT STREET GREEN LAND ESTATE OGOMBO AJAH LAGOS,,"=""22088703""","=""43762871""","=""10505085""",Personal fixed term loan,2023-06-05 00:00:00,40000.00,0.00,,0.00,47200.00,NGN,0,Closed,2023-06-20 00:00:00,Performing
TEMITOPE OGUNBONA,"=""22430098916""",5 CLEMENT STREET GREEN LAND ESTATE OGOMBO AJAH LAGOS,,"=""22088703""","=""43762871""","=""11822252""",Personal fixed term loan,2023-10-16 00:00:00,50000.00,0.00,,0.00,27184.00,NGN,0,Closed,2024-02-05 00:00:00,Performing
TEMITOPE OGUNBONA,"=""22430098916""",5 CLEMENT STREET GREEN LAND ESTATE OGOMBO AJAH LAGOS,,"=""22088703""","=""43762871""","=""13538412""",Personal fixed term loan,2024-04-14 00:00:00,100000.00,0.00,,0.00,59784.00,NGN,0,Closed,2024-07-20 00:00:00,Performing
TEMITOPE OGUNBONA,"=""22430098916""",5 CLEMENT STREET GREEN LAND ESTATE OGOMBO AJAH LAGOS,,"=""22088703""","=""43762871""","=""15597428""",Personal fixed term loan,2024-12-11 00:00:00,15000.00,0.00,,0.00,39900.00,NGN,0,Closed,2024-12-26 00:00:00,Performing
GODFREY,,Not Available,,"=""22088719""","=""14193108""","=""RCL14193108""",Personal Overdraft,2024-11-16 00:00:00,390000.00,339060.48,,,339060.48,NGN,0,Open,,Performing
ISRAEL KOLAWOLE,"=""22507236902""",back of elf filling station ilaro road ogun state,,"=""22088910""","=""44161789""","=""10657399""",Personal fixed term loan,2023-06-21 00:00:00,12500.00,0.00,,0.00,15875.00,NGN,0,Closed,2023-07-21 00:00:00,Performing
ISRAEL KOLAWOLE,"=""22507236902""",back of elf filling station ilaro road ogun state,,"=""22088910""","=""44161789""","=""14699546""",Personal fixed term loan,2024-08-21 00:00:00,20000.00,0.00,,0.00,26088.00,NGN,0,Closed,2024-09-20 00:00:00,Performing
JOHNBULL ANUFORO,,ANUFORS COMPOUND UMUELE EGBELU AGBAKA,,"=""22089416""","=""44355707""","=""RCL44355707""",,2024-07-08 00:00:00,260000.00,0.00,,0.00,0.00,NGN,0,Open,,Performing
DAVIDSON AGBEYEGBE,,45C EKUREDE ITSEKIRI RD WARRI DELTA STATE Uvwie Delta Stat,,"=""22089707""","=""2175507""","=""RCL2175507""",Personal Overdraft,2025-04-26 00:00:00,300000.00,311780.24,,,311780.24,NGN,0,Open,,Performing
FELICIA ANYAROGBU,,B CLOSE AWODO STRRET KUBWA VILLAGE KATAMPEABUJA,,"=""22098666""","=""43807214""","=""10520953""",Personal fixed term loan,2023-06-07 00:00:00,7500.00,0.00,,0.00,8625.00,NGN,0,Closed,2023-06-22 00:00:00,Performing
BENJAMIN KENNIS,"=""22651462680""",Dockyaroad Road Old Port Harcourt Twp Port Harcourt Nigeri,,"=""22098700""","=""44117237""","=""13300833""",Personal fixed term loan,2024-03-22 00:00:00,10000.00,0.00,,0.00,13600.00,NGN,0,Closed,2024-04-21 00:00:00,Performing
BENJAMIN KENNIS,"=""22651462680""",Dockyaroad Road Old Port Harcourt Twp Port Harcourt Nigeri,,"=""22098700""","=""44117237""","=""13569009""",Personal fixed term loan,2024-04-17 00:00:00,10000.00,0.00,,0.00,13600.00,NGN,0,Closed,2024-05-17 00:00:00,Performing
BENJAMIN KENNIS,"=""22651462680""",Dockyaroad Road Old Port Harcourt Twp Port Harcourt Nigeri,,"=""22098700""","=""44117237""","=""14067775""",Personal fixed term loan,2024-06-10 00:00:00,10000.00,0.00,,0.00,14500.00,NGN,0,Closed,2024-07-10 00:00:00,Performing
BENJAMIN KENNIS,"=""22651462680""",Dockyaroad Road Old Port Harcourt Twp Port Harcourt Nigeri,,"=""22098700""","=""44117237""","=""14247878""",Personal fixed term loan,2024-07-01 00:00:00,15000.00,0.00,,0.00,20250.00,NGN,0,Closed,2024-07-31 00:00:00,Performing
BENJAMIN KENNIS,"=""22651462680""",Dockyaroad Road Old Port Harcourt Twp Port Harcourt Nigeri,,"=""22098700""","=""44117237""","=""14509561""",Personal fixed term loan,2024-07-31 00:00:00,17500.00,0.00,,0.00,23625.00,NGN,0,Closed,2024-08-30 00:00:00,Performing
VICTOR IKECHUKWU,"=""22691660228""",No 3 alaaye street aaye,,"=""22099330""","=""43958141""","=""RCL43958141""",Personal Overdraft,2024-11-01 00:00:00,50000.00,0.00,,,0.00,NGN,0,Open,,Performing
SEUN DURODOLA,,14 ANUOLUWA CRESCENT PALACE BSTP BADA,,"=""22099730""","=""43809950""","=""10810693""",Personal fixed term loan,2023-07-07 00:00:00,5000.00,0.00,,0.00,6500.00,NGN,0,Closed,2023-08-06 00:00:00,Performing
JOY ITSUMAFE,"=""22453015992""",563 YUSUF ESAN STR OJA AMUKOKO IFELODUN,,"=""22100077""","=""44056952""","=""10617483""",Personal fixed term loan,2023-06-16 00:00:00,7500.00,0.00,,0.00,8850.00,NGN,0,Closed,2023-07-01 00:00:00,Performing
CONFIDENCE NWOGU,,6 AKANNI CLOSESARI IGANMUORILE,,"=""22100381""","=""43695065""","=""12584653""",Personal fixed term loan,2024-01-01 00:00:00,5000.00,0.00,,0.00,6700.00,NGN,0,Closed,2024-01-31 00:00:00,Performing
CONFIDENCE NWOGU,,6 AKANNI CLOSESARI IGANMUORILE,,"=""22100381""","=""43695065""","=""12876958""",Personal fixed term loan,2024-02-03 00:00:00,20000.00,0.00,,0.00,26088.00,NGN,0,Closed,2024-03-04 00:00:00,Performing
CONFIDENCE NWOGU,,6 AKANNI CLOSESARI IGANMUORILE,,"=""22100381""","=""43695065""","=""13113743""",Personal fixed term loan,2024-03-01 00:00:00,27500.00,0.00,,0.00,35414.50,NGN,0,Closed,2024-03-31 00:00:00,Performing
MUHAMMED SULEIMAN,,CC11 RAMAT CLOSE UNGWAN RIMI KADUNA,"=""08035049920""","=""22102125""","=""44276643""","=""RCL44276643""",Personal Overdraft,2024-07-14 00:00:00,175000.00,190402.29,,190402.00,156541.10,NGN,94,Open,,Lost
PATRICIA JONAH,"=""22553281110""",CAPTAIN BEN STREET IPAYE BUS STOP,,"=""22102213""","=""42614787""","=""RCL42614787""",Personal Overdraft,2024-10-17 00:00:00,195415.62,297472.42,,,297472.42,NGN,62,Open,,Doubtful
OGHENEWAIRE OJIGHO,,MATTHEW OJIGHO COMPOUND OTOKUTU DELTA STATE,,"=""22102659""","=""43416900""","=""10896300""",Personal fixed term loan,2023-07-16 00:00:00,5000.00,0.00,,0.00,6375.00,NGN,0,Closed,2023-09-05 00:00:00,Performing
OGHENEWAIRE OJIGHO,,MATTHEW OJIGHO COMPOUND OTOKUTU DELTA STATE,,"=""22102659""","=""43416900""","=""11117734""",Personal fixed term loan,2023-08-08 00:00:00,25000.00,0.00,,0.00,32500.00,NGN,0,Closed,2023-09-14 00:00:00,Performing
CHIJIOKE IHEONU,,NO6 PARAFA STREET IKORODU,,"=""22104097""","=""43269018""","=""RCL43269018""",Personal Overdraft,2025-02-15 00:00:00,25000.00,0.00,,0.00,10699.48,NGN,0,Open,,Open
AISHAT ETTI,"=""22426074841""",Ijora Lagos Nigeria,,"=""22104934""","=""43851723""","=""10781811""",Personal fixed term loan,2023-07-04 00:00:00,5000.00,0.00,,0.00,6075.00,NGN,0,Closed,2023-07-19 00:00:00,Performing
NSIKAK ALEXANDER,"=""22276853650""",AGALANGA COMMUNITY,,"=""22107521""","=""44066088""","=""14832227""",Personal fixed term loan,2024-09-04 00:00:00,10000.00,0.00,,0.00,13600.00,NGN,0,Closed,2024-10-04 00:00:00,Performing
NSIKAK ALEXANDER,"=""22276853650""",AGALANGA COMMUNITY,,"=""22107521""","=""44066088""","=""15468939""",Personal fixed term loan,2024-11-25 00:00:00,10000.00,0.00,,0.00,13600.00,NGN,0,Closed,2024-12-25 00:00:00,Performing
CONFIDENCE ONYEMACHI,"=""22421755866""",umunono Nibo,,"=""22108046""","=""43726392""","=""RCL43726392""",Personal Overdraft,2024-07-13 00:00:00,55000.00,0.00,,,0.00,NGN,0,Open,,Performing
JUSTINA CHUKWUMA,,RUKUBA ROADBESIDE CENTRAL HOTEL,,"=""22108350""","=""42864961""","=""10463271""",Personal fixed term loan,2023-06-01 00:00:00,7500.00,0.00,,0.00,9675.00,NGN,0,Closed,2023-07-01 00:00:00,Performing
ADEGOKE OLUWATOYIN,"=""22435934682""",5AKINYELE CLOSE PT BUSSTOP IPAJA,,"=""22108661""","=""43861408""","=""10848321""",Personal fixed term loan,2023-07-11 00:00:00,22500.00,0.00,,0.00,27337.50,NGN,0,Closed,2023-07-26 00:00:00,Performing
ADEGOKE OLUWATOYIN,"=""22435934682""",5AKINYELE CLOSE PT BUSSTOP IPAJA,,"=""22108661""","=""43861408""","=""11565721""",Personal fixed term loan,2023-09-22 00:00:00,5000.00,0.00,,0.00,6225.00,NGN,0,Closed,2023-10-07 00:00:00,Performing
ADEGOKE OLUWATOYIN,"=""22435934682""",5AKINYELE CLOSE PT BUSSTOP IPAJA,,"=""22108661""","=""43861408""","=""11846652""",Personal fixed term loan,2023-10-18 00:00:00,5000.00,0.00,,0.00,6650.00,NGN,0,Closed,2023-11-02 00:00:00,Performing
ADEGOKE OLUWATOYIN,"=""22435934682""",5AKINYELE CLOSE PT BUSSTOP IPAJA,,"=""22108661""","=""43861408""","=""12295378""",Personal fixed term loan,2023-12-01 00:00:00,5000.00,0.00,,0.00,6650.00,NGN,0,Closed,2023-12-16 00:00:00,Performing
ADEGOKE OLUWATOYIN,"=""22435934682""",5AKINYELE CLOSE PT BUSSTOP IPAJA,,"=""22108661""","=""43861408""","=""13206210""",Personal fixed term loan,2024-03-12 00:00:00,10000.00,0.00,,0.00,13600.00,NGN,0,Closed,2024-03-27 00:00:00,Performing
ADEGOKE OLUWATOYIN,"=""22435934682""",5AKINYELE CLOSE PT BUSSTOP IPAJA,,"=""22108661""","=""43861408""","=""13427134""",Personal fixed term loan,2024-04-03 00:00:00,40000.00,0.00,,0.00,48624.00,NGN,0,Closed,2024-04-18 00:00:00,Performing
NNABUIKE NWEBONYI,"=""22252809169""",3 EXTEND ORIA STREET RUMUOKWUTAPHC,,"=""22110489""","=""43957219""","=""13484265""",Personal fixed term loan,2024-04-08 00:00:00,10000.00,0.00,,0.00,13600.00,NGN,0,Closed,2024-05-08 00:00:00,Performing
NNABUIKE NWEBONYI,"=""22252809169""",3 EXTEND ORIA STREET RUMUOKWUTAPHC,,"=""22110489""","=""43957219""","=""13700265""",Personal fixed term loan,2024-05-01 00:00:00,10000.00,0.00,,0.00,13600.00,NGN,0,Closed,2024-05-31 00:00:00,Performing
NNABUIKE NWEBONYI,"=""22252809169""",3 EXTEND ORIA STREET RUMUOKWUTAPHC,,"=""22110489""","=""43957219""","=""13971561""",Personal fixed term loan,2024-05-31 00:00:00,10000.00,0.00,,0.00,13600.00,NGN,0,Closed,2024-06-30 00:00:00,Performing
NNABUIKE NWEBONYI,"=""22252809169""",3 EXTEND ORIA STREET RUMUOKWUTAPHC,,"=""22110489""","=""43957219""","=""14947787""",Personal fixed term loan,2024-09-17 00:00:00,10000.00,0.00,,0.00,13600.00,NGN,0,Closed,2024-10-17 00:00:00,Performing
NNABUIKE NWEBONYI,"=""22252809169""",3 EXTEND ORIA STREET RUMUOKWUTAPHC,,"=""22110489""","=""43957219""","=""15175613""",Personal fixed term loan,2024-10-15 00:00:00,22500.00,0.00,,0.00,29835.00,NGN,0,Closed,2024-11-14 00:00:00,Performing
NNABUIKE NWEBONYI,"=""22252809169""",3 EXTEND ORIA STREET RUMUOKWUTAPHC,,"=""22110489""","=""43957219""","=""15375442""",Personal fixed term loan,2024-11-12 00:00:00,27500.00,0.00,,0.00,35777.50,NGN,0,Closed,2024-12-12 00:00:00,Performing
SUNDAY ATANDA,"=""22239520399""",NO 9ASHESHE STREETJAKPA,,"=""22111338""","=""44146561""","=""10887295""",Personal fixed term loan,2023-07-15 00:00:00,17500.00,0.00,,0.00,22750.00,NGN,0,Closed,2023-08-14 00:00:00,Performing
SUNDAY ATANDA,"=""22239520399""",NO 9ASHESHE STREETJAKPA,,"=""22111338""","=""44146561""","=""11154018""",Personal fixed term loan,2023-08-12 00:00:00,15000.00,0.00,,0.00,18225.00,NGN,0,Closed,2023-08-27 00:00:00,Performing
SUNDAY ATANDA,"=""22239520399""",NO 9ASHESHE STREETJAKPA,,"=""22111338""","=""44146561""","=""11331652""",Personal fixed term loan,2023-08-30 00:00:00,25000.00,0.00,,0.00,30375.00,NGN,0,Closed,2023-09-14 00:00:00,Performing
SUNDAY ATANDA,"=""22239520399""",NO 9ASHESHE STREETJAKPA,,"=""22111338""","=""44146561""","=""12106792""",Personal fixed term loan,2023-11-13 00:00:00,17500.00,0.00,,0.00,21787.50,NGN,0,Closed,2023-11-28 00:00:00,Performing
SUNDAY ATANDA,"=""22239520399""",NO 9ASHESHE STREETJAKPA,,"=""22111338""","=""44146561""","=""12268360""",Personal fixed term loan,2023-11-29 00:00:00,20000.00,0.00,,0.00,49800.00,NGN,0,Closed,2023-12-14 00:00:00,Performing
FAVOUR ORJI,"=""22511901535""",4 CHURCH STREET OFF BAKARE CRESCENT OLAOGUN ESTATE AGBADO,,"=""22111808""","=""44072428""","=""RCL44072428""",Personal Overdraft,2024-07-25 00:00:00,135000.00,279703.09,,279703.00,0.00,NGN,94,Open,,Lost
FAVOUR AMAECHI,"=""22497886213""",21 IFELODUN STR SHASHA BST LAGOS,,"=""22112509""","=""43725265""","=""10492326""",Personal fixed term loan,2023-06-04 00:00:00,7500.00,0.00,,0.00,9675.00,NGN,0,Closed,2023-07-04 00:00:00,Performing
FAVOUR AMAECHI,"=""22497886213""",21 IFELODUN STR SHASHA BST LAGOS,,"=""22112509""","=""43725265""","=""10995051""",Personal fixed term loan,2023-07-27 00:00:00,80000.00,0.00,,0.00,55720.00,NGN,0,Closed,,Performing
ESTHER SHITTA,,1 SHITTA COMPOUND ABRAHAM ADESANYA BST OKUN AJAH,,"=""22112569""","=""39176539""","=""10856827""",Personal fixed term loan,2023-07-12 00:00:00,17500.00,0.00,,0.00,22750.00,NGN,0,Closed,2023-08-11 00:00:00,Performing
ESTHER SHITTA,,1 SHITTA COMPOUND ABRAHAM ADESANYA BST OKUN AJAH,,"=""22112569""","=""39176539""","=""11148309""",Personal fixed term loan,2023-08-11 00:00:00,15000.00,0.00,,0.00,18225.00,NGN,0,Closed,2023-08-26 00:00:00,Performing
ESTHER SHITTA,,1 SHITTA COMPOUND ABRAHAM ADESANYA BST OKUN AJAH,,"=""22112569""","=""39176539""","=""11413355""",Personal fixed term loan,2023-09-07 00:00:00,5000.00,0.00,,0.00,6600.00,NGN,0,Closed,2023-09-22 00:00:00,Performing
ESTHER SHITTA,,1 SHITTA COMPOUND ABRAHAM ADESANYA BST OKUN AJAH,,"=""22112569""","=""39176539""","=""12903210""",Personal fixed term loan,2024-02-06 00:00:00,22500.00,24698.00,,24698.00,54472.50,NGN,600,Open,2024-02-21 00:00:00,Lost
OREOLUWA OLAOYA,"=""22646902294""",GREAT AVENUE IDIAGBALUMO OTA,,"=""22113452""","=""43739887""","=""RCL43739887""",Personal Overdraft,2024-09-09 00:00:00,57200.00,1965.86,,0.00,0.00,NGN,0,Open,,Performing
Shobanke Kolawole,"=""22154260022""",164 MUSHIN ROAD ITIRE Surulere Lagos State Lagos State,,"=""22124125""","=""20307193""","=""RCL20307193""",Personal Overdraft,2024-12-13 00:00:00,75000.00,21628.25,,,21628.25,NGN,0,Open,,Performing
OLATUNDE HAMZAT,,8 GANIYU ALEJO STREET OKERIYA IKORODU,,"=""22126052""","=""44223806""","=""RCL44223806""",Personal Overdraft,2025-02-14 00:00:00,300000.00,0.00,,,0.00,NGN,0,Open,,Performing
ANUOLUWAPO ADEGBOLA,"=""22393822317""",2 AJANAORO STREET MOPOL JUCTION OGUN STATE,,"=""22126279""","=""44176931""","=""RCL44176931""",Personal Overdraft,2024-12-15 00:00:00,300000.00,0.00,,,0.00,NGN,0,Open,,
HOPE JOHN,"=""22467293623""",7OLUWASEUN STREET AGILITY KOSOFE KETU LAGOS,,"=""22126919""","=""43547270""","=""12725878""",Personal fixed term loan,2024-01-17 00:00:00,5000.00,0.00,,0.00,6700.00,NGN,0,Closed,2024-02-16 00:00:00,Performing
UBONG DAVID,"=""22287249477""",COMMUNITY SECONDRAY SCHOOL UMUEZE,"=""8030975993""","=""22128422""","=""44050397""","=""RCL44050397""",Personal Overdraft,2024-11-07 00:00:00,235000.00,2385.65,,,2385.65,NGN,0,Open,,Performing
PEACE EKPAH,"=""22418033290""",2A GALADIMA STREET ADO JUNCTION ADO KARU NASARAWA,,"=""22128598""","=""4568588""","=""RCL4568588""",Personal Overdraft,2025-03-17 00:00:00,185000.00,13498.40,,0.00,0.00,NGN,0,Open,,Performing
ADAM ABDULLAHI,"=""22473670582""",2729 MORIKAZ ROAD SOFUNDE BUS STOP ONIWAYA AGEGE LAGOS,,"=""22130578""","=""43958590""","=""10788689""",Personal fixed term loan,2023-07-04 00:00:00,22500.00,0.00,,0.00,29250.00,NGN,0,Closed,2023-08-03 00:00:00,Performing
ADAM ABDULLAHI,"=""22473670582""",2729 MORIKAZ ROAD SOFUNDE BUS STOP ONIWAYA AGEGE LAGOS,,"=""22130578""","=""43958590""","=""10998866""",Personal fixed term loan,2023-07-27 00:00:00,22500.00,0.00,,0.00,27337.50,NGN,0,Closed,2023-08-11 00:00:00,Performing
ADAM ABDULLAHI,"=""22473670582""",2729 MORIKAZ ROAD SOFUNDE BUS STOP ONIWAYA AGEGE LAGOS,,"=""22130578""","=""43958590""","=""11173145""",Personal fixed term loan,2023-08-14 00:00:00,30000.00,0.00,,0.00,39000.00,NGN,0,Closed,2023-09-13 00:00:00,Performing
ADAM ABDULLAHI,"=""22473670582""",2729 MORIKAZ ROAD SOFUNDE BUS STOP ONIWAYA AGEGE LAGOS,,"=""22130578""","=""43958590""","=""11726733""",Personal fixed term loan,2023-10-07 00:00:00,22500.00,0.00,,0.00,29250.00,NGN,0,Closed,2023-11-06 00:00:00,Performing
ADAM ABDULLAHI,"=""22473670582""",2729 MORIKAZ ROAD SOFUNDE BUS STOP ONIWAYA AGEGE LAGOS,,"=""22130578""","=""43958590""","=""12152511""",Personal fixed term loan,2023-11-17 00:00:00,22500.00,0.00,,0.00,29250.00,NGN,0,Closed,2023-12-17 00:00:00,Performing
SOPHIA WILLY,,No 173 behind jjc Effurun Sapele Road,"=""2349071466657""","=""22130616""","=""PF57671""","=""A18225""",Personal fixed term loan,2024-03-02 00:00:00,235000.00,325518.74,,325518.74,331127.70,NGN,870,Open,2024-05-01 00:00:00,Lost
IJEOMA,"=""22234779729""",8 REMILEKUN STREET OFF OGULANA DRIVE SURUL LAGOS,,"=""22132424""","=""42723040""","=""10848029""",Personal fixed term loan,2023-07-11 00:00:00,35000.00,0.00,,0.00,45500.00,NGN,0,Closed,2023-08-10 00:00:00,Performing
BOLUWATIFE OLADIMEJI,"=""22416486155""",12 IYAN,,"=""22132523""","=""44341468""","=""RCL44341468""",Personal Overdraft,2024-05-15 00:00:00,62500.00,2300.00,,,2300.00,NGN,0,Open,,Performing
IFEDAPOMOLA WILLIAMS,"=""22224822925""",49 OKEOLU STREETIPONRI,,"=""22132797""","=""43264049""","=""12919677""",Personal fixed term loan,2024-02-08 00:00:00,80000.00,0.00,,0.00,42843.00,NGN,0,Closed,2024-05-08 00:00:00,Performing
KHADIJAT ABUBAKAR,"=""22212048120""",OLD KASUWA TOMATOES,,"=""22134713""","=""43718440""","=""10994934""",Personal fixed term loan,2023-07-27 00:00:00,20000.00,0.00,,0.00,25500.00,NGN,0,Closed,2023-08-26 00:00:00,Performing
KHADIJAT ABUBAKAR,"=""22212048120""",OLD KASUWA TOMATOES,,"=""22134713""","=""43718440""","=""11050628""",Personal fixed term loan,2023-08-02 00:00:00,50000.00,0.00,,0.00,65000.00,NGN,0,Closed,2023-09-01 00:00:00,Performing
FUNKE SHAMONDA,"=""22557196021""",47B BOLA STREET KANO BUS STOP LAGOS MAINLAND,,"=""22134999""","=""44160772""","=""10936199""",Personal fixed term loan,2023-07-21 00:00:00,7500.00,0.00,,0.00,9112.50,NGN,0,Closed,2023-08-05 00:00:00,Performing
FUNKE SHAMONDA,"=""22557196021""",47B BOLA STREET KANO BUS STOP LAGOS MAINLAND,,"=""22134999""","=""44160772""","=""11076624""",Personal fixed term loan,2023-08-04 00:00:00,15000.00,0.00,,0.00,17955.00,NGN,0,Closed,2023-08-19 00:00:00,Performing
FUNKE SHAMONDA,"=""22557196021""",47B BOLA STREET KANO BUS STOP LAGOS MAINLAND,,"=""22134999""","=""44160772""","=""11216808""",Personal fixed term loan,2023-08-18 00:00:00,10000.00,0.00,,0.00,11970.00,NGN,0,Closed,2023-09-02 00:00:00,Performing
FUNKE SHAMONDA,"=""22557196021""",47B BOLA STREET KANO BUS STOP LAGOS MAINLAND,,"=""22134999""","=""44160772""","=""11369195""",Personal fixed term loan,2023-09-03 00:00:00,15000.00,0.00,,0.00,18225.00,NGN,0,Closed,2023-09-18 00:00:00,Performing
FUNKE SHAMONDA,"=""22557196021""",47B BOLA STREET KANO BUS STOP LAGOS MAINLAND,,"=""22134999""","=""44160772""","=""11668019""",Personal fixed term loan,2023-10-02 00:00:00,10000.00,0.00,,0.00,12370.00,NGN,0,Closed,2023-10-17 00:00:00,Performing
FUNKE SHAMONDA,"=""22557196021""",47B BOLA STREET KANO BUS STOP LAGOS MAINLAND,,"=""22134999""","=""44160772""","=""11862923""",Personal fixed term loan,2023-10-20 00:00:00,15000.00,0.00,,0.00,18000.00,NGN,0,Closed,2023-11-04 00:00:00,Performing
FUNKE SHAMONDA,"=""22557196021""",47B BOLA STREET KANO BUS STOP LAGOS MAINLAND,,"=""22134999""","=""44160772""","=""12084824""",Personal fixed term loan,2023-11-10 00:00:00,17500.00,0.00,,0.00,20685.00,NGN,0,Closed,2023-11-25 00:00:00,Performing
FUNKE SHAMONDA,"=""22557196021""",47B BOLA STREET KANO BUS STOP LAGOS MAINLAND,,"=""22134999""","=""44160772""","=""12180394""",Personal fixed term loan,2023-11-20 00:00:00,100000.00,0.00,,0.00,66940.00,NGN,0,Closed,2024-01-31 00:00:00,Performing
FUNKE SHAMONDA,"=""22557196021""",47B BOLA STREET KANO BUS STOP LAGOS MAINLAND,,"=""22134999""","=""44160772""","=""13018265""",Personal fixed term loan,2024-02-19 00:00:00,12500.00,0.00,,0.00,27563.00,NGN,0,Closed,2024-03-20 00:00:00,Performing
EMEKA UDEAGU,"=""22342913675""",SHOP 6 SOKARI GYM COMPLEX MARINE BASE,,"=""22136727""","=""43611083""","=""RCL43611083""",Personal Overdraft,2025-03-21 00:00:00,55000.00,118718.60,,118718.60,58526.02,NGN,90,Open,,Lost
RUKAYAT FOLARIN,"=""22145262831""",4,,"=""22136745""","=""43825025""","=""10805666""",Personal fixed term loan,2023-07-06 00:00:00,22500.00,0.00,,0.00,29250.00,NGN,0,Closed,2023-08-05 00:00:00,Performing
RUKAYAT FOLARIN,"=""22145262831""",4,,"=""22136745""","=""43825025""","=""11078217""",Personal fixed term loan,2023-08-04 00:00:00,20000.00,0.00,,0.00,26000.00,NGN,0,Closed,2023-09-03 00:00:00,Performing
RUKAYAT FOLARIN,"=""22145262831""",4,,"=""22136745""","=""43825025""","=""11378330""",Personal fixed term loan,2023-09-04 00:00:00,30000.00,0.00,,0.00,36450.00,NGN,0,Closed,2023-09-19 00:00:00,Performing
RUKAYAT FOLARIN,"=""22145262831""",4,,"=""22136745""","=""43825025""","=""11577239""",Personal fixed term loan,2023-09-23 00:00:00,30000.00,0.00,,0.00,39000.00,NGN,0,Closed,2023-10-23 00:00:00,Performing
RUKAYAT FOLARIN,"=""22145262831""",4,,"=""22136745""","=""43825025""","=""12021574""",Personal fixed term loan,2023-11-04 00:00:00,30000.00,0.00,,0.00,39000.00,NGN,0,Closed,2023-12-04 00:00:00,Performing
RUKAYAT FOLARIN,"=""22145262831""",4,,"=""22136745""","=""43825025""","=""12363327""",Personal fixed term loan,2023-12-08 00:00:00,30000.00,0.00,,0.00,39000.00,NGN,0,Closed,2024-01-07 00:00:00,Performing
RUKAYAT FOLARIN,"=""22145262831""",4,,"=""22136745""","=""43825025""","=""12756572""",Personal fixed term loan,2024-01-20 00:00:00,30000.00,0.00,,0.00,39000.00,NGN,0,Closed,2024-02-19 00:00:00,Performing
RUKAYAT FOLARIN,"=""22145262831""",4,,"=""22136745""","=""43825025""","=""13896124""",Personal fixed term loan,2024-05-22 00:00:00,50000.00,0.00,,0.00,65470.00,NGN,0,Closed,2024-06-21 00:00:00,Performing
CHISOM EZEONWUKO,,1 CHRUCH STREET ILUFE OJO,,"=""22138491""","=""42949664""","=""RCL42949664""",Personal Overdraft,2025-01-23 00:00:00,3183.53,174.65,,,174.65,NGN,0,Open,,Performing
GLORY OVIE,"=""22309365604""",NO 16UTI STREETOFF AKA AVENUE ROADSWARRI,,"=""22138508""","=""43314401""","=""11190151""",Personal fixed term loan,2023-08-15 00:00:00,27500.00,0.00,,0.00,34375.00,NGN,0,Closed,2023-09-14 00:00:00,Performing
GLORY OVIE,"=""22309365604""",NO 16UTI STREETOFF AKA AVENUE ROADSWARRI,,"=""22138508""","=""43314401""","=""11513693""",Personal fixed term loan,2023-09-17 00:00:00,90000.00,0.00,,0.00,114300.00,NGN,0,Closed,2023-10-17 00:00:00,Performing
GLORY OVIE,"=""22309365604""",NO 16UTI STREETOFF AKA AVENUE ROADSWARRI,,"=""22138508""","=""43314401""","=""11830798""",Personal fixed term loan,2023-10-17 00:00:00,40000.00,0.00,,0.00,21770.00,NGN,0,Closed,2024-01-15 00:00:00,Performing
AISHAT SANUSI,"=""22609937192""",ADEGBITE COOKER IBOGUN IFO,,"=""22139569""","=""38371304""","=""10919983""",Personal fixed term loan,2023-07-19 00:00:00,15000.00,0.00,,0.00,18225.00,NGN,0,Closed,2023-08-03 00:00:00,Performing
DEUGU IGBAVENDA IGNATIUS,"=""22474215715""",37 IYAGBEMI STREET IDOTUN IbejuLekki Lagos State,,"=""22144367""","=""17766877""","=""RCL17766877""",Personal Overdraft,2025-03-18 00:00:00,20000.00,39887.29,,,39887.29,NGN,36,Open,,
HOPESON EWEH,"=""22326916977""",LUCKY IKENGA COMPOUND OMSELEOMUNWE IGWURUITA PORT HARCOURT,,"=""22156510""","=""38098551""","=""RCL38098551""",Personal Overdraft,2024-12-22 00:00:00,300000.00,9000.00,,,9000.00,NGN,0,Open,,Performing
TAIWO OLAWALE OMOTAYO,"=""22445527292""",Nigeria,,"=""22204984""","=""36342014""","=""11152918""",Personal fixed term loan,2023-08-12 00:00:00,7500.00,0.00,,0.00,9675.00,NGN,0,Closed,2023-09-11 00:00:00,Performing
TAIWO OLAWALE OMOTAYO,"=""22445527292""",Nigeria,,"=""22204984""","=""36342014""","=""11311533""",Personal fixed term loan,2023-08-28 00:00:00,22500.00,0.00,,0.00,29250.00,NGN,0,Closed,2023-09-27 00:00:00,Performing
TAIWO OLAWALE OMOTAYO,"=""22445527292""",Nigeria,,"=""22204984""","=""36342014""","=""11395400""",Personal fixed term loan,2023-09-06 00:00:00,22500.00,0.00,,0.00,29250.00,NGN,0,Closed,2023-10-27 00:00:00,Performing
Odukoya Awawu,,37 ODUNLAMI STREET ONIPANU BUS STOP SHOMOLU,,"=""22214048""","=""43766636""","=""10507383""",Personal fixed term loan,2023-06-05 00:00:00,7500.00,0.00,,0.00,8625.00,NGN,0,Closed,2023-06-20 00:00:00,Performing
Odukoya Awawu,,37 ODUNLAMI STREET ONIPANU BUS STOP SHOMOLU,,"=""22214048""","=""43766636""","=""10903634""",Personal fixed term loan,2023-07-17 00:00:00,10000.00,0.00,,0.00,12650.00,NGN,0,Closed,2023-08-16 00:00:00,Performing
Odukoya Awawu,,37 ODUNLAMI STREET ONIPANU BUS STOP SHOMOLU,,"=""22214048""","=""43766636""","=""11266082""",Personal fixed term loan,2023-08-23 00:00:00,30000.00,0.00,,0.00,36300.00,NGN,0,Closed,2023-09-22 00:00:00,Performing
IRONUO BARTHOLOMEW,,489V2MG Aba 450102 Aba Abia Nigeria,,"=""22214324""","=""43718415""","=""RCL43718415""",Personal Overdraft,2024-07-13 00:00:00,90000.00,183175.66,,183175.66,143795.78,NGN,252,Open,,Lost
GBADAMOSI IBRAHEEM,"=""22543442262""",No 4 Igemo street Aramoko Ekiti state,,"=""22217229""","=""21011113""","=""RCL21011113""",Personal Overdraft,2025-02-10 00:00:00,10000.00,0.00,,,0.00,NGN,0,Open,,Performing
ogbogu daniel chukwunwike,"=""22456670505""",Fred onyamali street Okpanam delta state,"=""2348162401145""","=""22217470""","=""PF60839""","=""A21357""",Personal fixed term loan,2024-03-30 00:00:00,758000.00,0.00,,0.00,254301.20,NGN,0,Closed,2024-05-30 00:00:00,Performing
Ahmadu Yusuf,"=""22581667429""",Number 1 omodende street off moricas Road agege Lagos,"=""2349024134900""","=""22232089""","=""PF36924""","=""A28414""",Personal fixed term loan,2024-06-10 00:00:00,24000.00,25972.28,,25972.28,25972.30,NGN,799,Open,2024-06-17 00:00:00,Lost
ONUAMA ONYINYECHI DIVINE,"=""22638171789""",12 ECHENDU LANE RUMUAHOLU TJUNCTION PH,,"=""22238360""","=""43589432""","=""10874840""",Personal fixed term loan,2023-07-14 00:00:00,20000.00,0.00,,0.00,26000.00,NGN,0,Closed,2023-08-20 00:00:00,Performing
ONUAMA ONYINYECHI DIVINE,"=""22638171789""",12 ECHENDU LANE RUMUAHOLU TJUNCTION PH,,"=""22238360""","=""43589432""","=""11244380""",Personal fixed term loan,2023-08-21 00:00:00,10000.00,0.00,,0.00,11970.00,NGN,0,Closed,2023-09-05 00:00:00,Performing
ONUAMA ONYINYECHI DIVINE,"=""22638171789""",12 ECHENDU LANE RUMUAHOLU TJUNCTION PH,,"=""22238360""","=""43589432""","=""11428103""",Personal fixed term loan,2023-09-09 00:00:00,25000.00,0.00,,0.00,31875.00,NGN,0,Closed,2023-10-09 00:00:00,Performing
ONUAMA ONYINYECHI DIVINE,"=""22638171789""",12 ECHENDU LANE RUMUAHOLU TJUNCTION PH,,"=""22238360""","=""43589432""","=""11801467""",Personal fixed term loan,2023-10-14 00:00:00,25000.00,0.00,,0.00,29925.00,NGN,0,Closed,2023-10-29 00:00:00,Performing
OLANIYI WALIYAT OYINDAMOLA,"=""22507190583""",46IFESOWAPO STREET AKEYO ODU AREAMUSLIM IBADAN OYO,,"=""22240735""","=""43444439""","=""12126886""",Personal fixed term loan,2023-11-14 00:00:00,5000.00,0.00,,0.00,6075.00,NGN,0,Closed,2023-11-29 00:00:00,Performing
AYOKA PRECIOUS ADAUGO,"=""22574659185""",NO 217 OLD EXP RD BY URATTA ABA,,"=""22241566""","=""43447637""","=""RCL43447637""",Personal Overdraft,2024-06-20 00:00:00,70000.00,89726.60,,408.56,89726.60,NGN,121,Open,,Lost
IGWE PAUL CHIMAOBI,"=""22364850620""",ETAJERUO STREETNEW LAY OUTEFFURUN,,"=""22243022""","=""44140664""","=""11054491""",Personal fixed term loan,2023-08-02 00:00:00,10000.00,0.00,,0.00,12750.00,NGN,0,Closed,2023-09-01 00:00:00,Performing
IGWE PAUL CHIMAOBI,"=""22364850620""",ETAJERUO STREETNEW LAY OUTEFFURUN,,"=""22243022""","=""44140664""","=""11361328""",Personal fixed term loan,2023-09-02 00:00:00,5000.00,0.00,,0.00,6375.00,NGN,0,Closed,2023-10-02 00:00:00,Performing
IGWE PAUL CHIMAOBI,"=""22364850620""",ETAJERUO STREETNEW LAY OUTEFFURUN,,"=""22243022""","=""44140664""","=""11732596""",Personal fixed term loan,2023-10-08 00:00:00,5000.00,0.00,,0.00,6700.00,NGN,0,Closed,2023-11-07 00:00:00,Performing
IGWE PAUL CHIMAOBI,"=""22364850620""",ETAJERUO STREETNEW LAY OUTEFFURUN,,"=""22243022""","=""44140664""","=""12274055""",Personal fixed term loan,2023-11-29 00:00:00,5000.00,0.00,,0.00,6700.00,NGN,0,Closed,2023-12-29 00:00:00,Performing
IGWE PAUL CHIMAOBI,"=""22364850620""",ETAJERUO STREETNEW LAY OUTEFFURUN,,"=""22243022""","=""44140664""","=""12787646""",Personal fixed term loan,2024-01-24 00:00:00,10000.00,0.00,,0.00,13400.00,NGN,0,Closed,2024-02-23 00:00:00,Performing
IGWE PAUL CHIMAOBI,"=""22364850620""",ETAJERUO STREETNEW LAY OUTEFFURUN,,"=""22243022""","=""44140664""","=""13388793""",Personal fixed term loan,2024-03-30 00:00:00,15000.00,0.00,,0.00,20250.00,NGN,0,Closed,2024-04-29 00:00:00,Performing
OJAMOMI VICTORIA TEMITAYO,"=""22384205679""",7 EFON ALAYE STREET AKESAN LAGOS,,"=""22244061""","=""43947422""","=""11078509""",Personal fixed term loan,2023-08-04 00:00:00,22500.00,0.00,,0.00,27337.50,NGN,0,Closed,2023-08-19 00:00:00,Performing
OJAMOMI VICTORIA TEMITAYO,"=""22384205679""",7 EFON ALAYE STREET AKESAN LAGOS,,"=""22244061""","=""43947422""","=""12953895""",Personal fixed term loan,2024-02-12 00:00:00,15000.00,0.00,,0.00,18105.00,NGN,0,Closed,2024-02-27 00:00:00,Performing
OMOTE GODSTIME,"=""22619369819""",OMOTE ISAAC COMPOUND ITOJE STREET AGBARAH DELTA STATE,,"=""22244396""","=""43899347""","=""RCL43899347""",Personal Overdraft,2024-08-07 00:00:00,781.25,0.00,,,0.00,NGN,0,Open,,Performing
TAIWO ALAYO OLUWASEUN,"=""22272990940""",3 SANNI BALOGUN STREET ABULE EGBA,,"=""22245020""","=""43477328""","=""14676524""",Personal fixed term loan,2024-08-18 00:00:00,10000.00,0.00,,0.00,13600.00,NGN,0,Closed,2024-09-17 00:00:00,Performing
AJU ROSEMARY VIVIAN,"=""22499733427""",thera annex,"=""2349166520604""","=""22245155""","=""42565049""","=""11098765""",Personal fixed term loan,2023-08-07 00:00:00,17500.00,0.00,,0.00,22750.00,NGN,0,Closed,2023-09-06 00:00:00,Performing
AJU ROSEMARY VIVIAN,"=""22499733427""",thera annex,"=""2349166520604""","=""22245155""","=""42565049""","=""11359478""",Personal fixed term loan,2023-09-02 00:00:00,35000.00,0.00,,0.00,45500.00,NGN,0,Closed,2023-10-02 00:00:00,Performing
AJU ROSEMARY VIVIAN,"=""22499733427""",thera annex,"=""2349166520604""","=""22245155""","=""42565049""","=""11689488""",Personal fixed term loan,2023-10-04 00:00:00,15000.00,0.00,,0.00,20100.00,NGN,0,Closed,2023-11-03 00:00:00,Performing
ADELIYI TAIWO COMFORT,,12 BALOGUN STR ADURA ALAGBADO,,"=""22245241""","=""43875020""","=""11113692""",Personal fixed term loan,2023-08-08 00:00:00,20000.00,0.00,,0.00,25500.00,NGN,0,Closed,2023-09-07 00:00:00,Performing
ADELIYI TAIWO COMFORT,,12 BALOGUN STR ADURA ALAGBADO,,"=""22245241""","=""43875020""","=""12866244""",Personal fixed term loan,2024-02-02 00:00:00,20000.00,0.00,,0.00,26254.00,NGN,0,Closed,2024-03-03 00:00:00,Performing
ADELIYI TAIWO COMFORT,,12 BALOGUN STR ADURA ALAGBADO,,"=""22245241""","=""43875020""","=""12958160""",Personal fixed term loan,2024-02-12 00:00:00,27500.00,0.00,,0.00,35629.00,NGN,0,Closed,2024-03-13 00:00:00,Performing
ADELIYI TAIWO COMFORT,,12 BALOGUN STR ADURA ALAGBADO,,"=""22245241""","=""43875020""","=""13217878""",Personal fixed term loan,2024-03-13 00:00:00,22500.00,0.00,,0.00,29535.75,NGN,0,Closed,2024-04-12 00:00:00,Performing
ADELIYI TAIWO COMFORT,,12 BALOGUN STR ADURA ALAGBADO,,"=""22245241""","=""43875020""","=""13494704""",Personal fixed term loan,2024-04-09 00:00:00,30000.00,0.00,,0.00,39429.00,NGN,0,Closed,2024-05-09 00:00:00,Performing
ADELIYI TAIWO COMFORT,,12 BALOGUN STR ADURA ALAGBADO,,"=""22245241""","=""43875020""","=""14341082""",Personal fixed term loan,2024-07-11 00:00:00,35000.00,0.00,,0.00,45654.00,NGN,0,Closed,2024-08-10 00:00:00,Performing
ADELIYI TAIWO COMFORT,,12 BALOGUN STR ADURA ALAGBADO,,"=""22245241""","=""43875020""","=""14967042""",Personal fixed term loan,2024-09-19 00:00:00,10000.00,0.00,,0.00,14500.00,NGN,0,Closed,2024-10-19 00:00:00,Performing
ADESHINA OREOLUWA OYINKANSOLA,"=""22499034678""",Nigeria,,"=""22245248""","=""43924916""","=""10892618""",Personal fixed term loan,2023-07-16 00:00:00,17500.00,0.00,,0.00,21262.50,NGN,0,Closed,2023-07-31 00:00:00,Performing
EGUWANUKWU MOSES IFEANYI,"=""22432329362""",18 CHURCH STR OPEKI BSTOP ALIMOSHO LGA,,"=""22246370""","=""43373327""","=""14384367""",Personal fixed term loan,2024-07-16 00:00:00,10000.00,0.00,,0.00,13600.00,NGN,0,Closed,2024-07-31 00:00:00,Performing
EGUWANUKWU MOSES IFEANYI,"=""22432329362""",18 CHURCH STR OPEKI BSTOP ALIMOSHO LGA,,"=""22246370""","=""43373327""","=""14425163""",Personal fixed term loan,2024-07-21 00:00:00,60000.00,0.00,,0.00,74388.00,NGN,0,Closed,2024-08-20 00:00:00,Performing
EGUWANUKWU MOSES IFEANYI,"=""22432329362""",18 CHURCH STR OPEKI BSTOP ALIMOSHO LGA,,"=""22246370""","=""43373327""","=""14456393""",Personal fixed term loan,2024-07-25 00:00:00,35000.00,0.00,,0.00,45269.00,NGN,0,Closed,2024-08-24 00:00:00,Performing
EGUWANUKWU MOSES IFEANYI,"=""22432329362""",18 CHURCH STR OPEKI BSTOP ALIMOSHO LGA,,"=""22246370""","=""43373327""","=""14493335""",Personal fixed term loan,2024-07-29 00:00:00,35000.00,0.00,,0.00,45269.00,NGN,0,Closed,2024-08-28 00:00:00,Performing
EGUWANUKWU MOSES IFEANYI,"=""22432329362""",18 CHURCH STR OPEKI BSTOP ALIMOSHO LGA,,"=""22246370""","=""43373327""","=""14730226""",Personal fixed term loan,2024-08-24 00:00:00,40000.00,0.00,,0.00,23600.00,NGN,0,Closed,2024-11-22 00:00:00,Performing
ODEH ABIGAIL AGBANYA,"=""22627923474""",MARARABA,,"=""22247028""","=""44312483""","=""RCL44312483""",Personal Overdraft,2024-09-27 00:00:00,40000.00,48774.09,,,48774.09,NGN,61,Open,,Doubtful
JOHN EMMANUELLA ONYINYECHI,"=""22630244164""",16 RUMUOKANI STREET OZUOBA AFTER SEVEN BUSSTOP RIVERS,,"=""22247230""","=""44027819""","=""12976823""",Personal fixed term loan,2024-02-14 00:00:00,10000.00,0.00,,0.00,13600.00,NGN,0,Closed,2024-03-15 00:00:00,Performing
UCHENDU SAMUEL ONYEBUCHI,"=""22424111447""",NO 38 AMAOBI STREET OGIDI,,"=""22247496""","=""39544316""","=""RCL39544316""",Personal Overdraft,2024-06-11 00:00:00,65000.00,97279.73,,97279.73,77274.84,NGN,96,Open,,Lost
IBEABUCHI ADAMMA PRINCESS,"=""22494621103""",31 IGWURUTA ROAD IGWURUTA JUNCTION,,"=""22247591""","=""43455077""","=""10797417""",Personal fixed term loan,2023-07-05 00:00:00,10000.00,0.00,,0.00,18900.00,NGN,0,Closed,2023-08-19 00:00:00,Performing
IBEABUCHI ADAMMA PRINCESS,"=""22494621103""",31 IGWURUTA ROAD IGWURUTA JUNCTION,,"=""22247591""","=""43455077""","=""11430809""",Personal fixed term loan,2023-09-09 00:00:00,15000.00,0.00,,0.00,19425.00,NGN,0,Closed,2023-10-09 00:00:00,Performing
IBEABUCHI ADAMMA PRINCESS,"=""22494621103""",31 IGWURUTA ROAD IGWURUTA JUNCTION,,"=""22247591""","=""43455077""","=""11716223""",Personal fixed term loan,2023-10-06 00:00:00,1500.00,0.00,,0.00,1840.50,NGN,0,Closed,2023-10-21 00:00:00,Performing
IBEABUCHI ADAMMA PRINCESS,"=""22494621103""",31 IGWURUTA ROAD IGWURUTA JUNCTION,,"=""22247591""","=""43455077""","=""11752169""",Personal fixed term loan,2023-10-10 00:00:00,15000.00,0.00,,0.00,37800.00,NGN,0,Closed,2023-11-09 00:00:00,Performing
IBEABUCHI ADAMMA PRINCESS,"=""22494621103""",31 IGWURUTA ROAD IGWURUTA JUNCTION,,"=""22247591""","=""43455077""","=""12055938""",Personal fixed term loan,2023-11-07 00:00:00,20000.00,0.00,,0.00,25400.00,NGN,0,Closed,2023-12-07 00:00:00,Performing
IBEABUCHI ADAMMA PRINCESS,"=""22494621103""",31 IGWURUTA ROAD IGWURUTA JUNCTION,,"=""22247591""","=""43455077""","=""12438013""",Personal fixed term loan,2023-12-15 00:00:00,15000.00,0.00,,0.00,18300.00,NGN,0,Closed,2024-01-14 00:00:00,Performing
IBEABUCHI ADAMMA PRINCESS,"=""22494621103""",31 IGWURUTA ROAD IGWURUTA JUNCTION,,"=""22247591""","=""43455077""","=""12539072""",Personal fixed term loan,2023-12-27 00:00:00,30000.00,0.00,,0.00,39150.00,NGN,0,Closed,2024-01-26 00:00:00,Performing
NATHAN SOLOMON,,4 ABIJADE STREET IKATE,,"=""22248706""","=""41589839""","=""RCL41589839""",Personal Overdraft,2024-03-11 00:00:00,200000.00,275764.65,,,275764.65,NGN,92,Open,,Lost
ABDULLAHI SULAIMON,"=""22602723835""",AYEGUN OLEYO IBADAN,,"=""22249808""","=""44158539""","=""10915798""",Personal fixed term loan,2023-07-18 00:00:00,5000.00,0.00,,0.00,6500.00,NGN,0,Closed,2023-08-17 00:00:00,Performing
AUDU SIMON,"=""22180301108""",19B ALAROMY STREET OGUDU,"=""7025233336""","=""22252922""","=""13200297""","=""RCL13200297""",Personal Overdraft,2024-06-25 00:00:00,183902.65,179621.75,,,179621.75,NGN,0,Open,,
TIMILEYIN OJO,"=""22498543098""",OAU STAFF QUATERS Ife Central Osun State,,"=""22254641""","=""33786231""","=""RCL33786231""",Personal Overdraft,2025-04-27 00:00:00,25000.00,0.00,,,0.00,NGN,0,Open,,Performing
SHARAFA HAMZAT,"=""22325907026""",15 AKOJU STREET 2 STOREY BUSSTOP BARUWA IPAJA,,"=""22254697""","=""36811386""","=""10916981""",Personal fixed term loan,2023-07-19 00:00:00,10000.00,0.00,,0.00,12750.00,NGN,0,Closed,2023-08-18 00:00:00,Performing
SHARAFA HAMZAT,"=""22325907026""",15 AKOJU STREET 2 STOREY BUSSTOP BARUWA IPAJA,,"=""22254697""","=""36811386""","=""11490369""",Personal fixed term loan,2023-09-15 00:00:00,20000.00,0.00,,0.00,23440.00,NGN,0,Closed,2023-09-30 00:00:00,Performing
SHARAFA HAMZAT,"=""22325907026""",15 AKOJU STREET 2 STOREY BUSSTOP BARUWA IPAJA,,"=""22254697""","=""36811386""","=""12220509""",Personal fixed term loan,2023-11-24 00:00:00,20000.00,0.00,,0.00,24900.00,NGN,0,Closed,2023-12-09 00:00:00,Performing
IBRAHIM KEHINDE,"=""22404690928""",18 LUTHER STREET LAGOS ISLAND,,"=""22254704""","=""42132006""","=""10859132""",Personal fixed term loan,2023-07-12 00:00:00,17500.00,0.00,,0.00,22750.00,NGN,0,Closed,2023-08-11 00:00:00,Performing
IBRAHIM KEHINDE,"=""22404690928""",18 LUTHER STREET LAGOS ISLAND,,"=""22254704""","=""42132006""","=""11008059""",Personal fixed term loan,2023-07-28 00:00:00,17500.00,0.00,,0.00,22750.00,NGN,0,Closed,2023-08-27 00:00:00,Performing
IBRAHIM KEHINDE,"=""22404690928""",18 LUTHER STREET LAGOS ISLAND,,"=""22254704""","=""42132006""","=""11205511""",Personal fixed term loan,2023-08-17 00:00:00,17500.00,0.00,,0.00,22750.00,NGN,0,Closed,2023-09-16 00:00:00,Performing
IBRAHIM KEHINDE,"=""22404690928""",18 LUTHER STREET LAGOS ISLAND,,"=""22254704""","=""42132006""","=""11669855""",Personal fixed term loan,2023-10-02 00:00:00,5000.00,0.00,,0.00,6700.00,NGN,0,Closed,2023-11-01 00:00:00,Performing
IBRAHIM KEHINDE,"=""22404690928""",18 LUTHER STREET LAGOS ISLAND,,"=""22254704""","=""42132006""","=""12046984""",Personal fixed term loan,2023-11-07 00:00:00,5000.00,0.00,,0.00,6700.00,NGN,0,Closed,2023-12-07 00:00:00,Performing
IBRAHIM KEHINDE,"=""22404690928""",18 LUTHER STREET LAGOS ISLAND,,"=""22254704""","=""42132006""","=""12172332""",Personal fixed term loan,2023-11-19 00:00:00,5000.00,0.00,,0.00,6700.00,NGN,0,Closed,2023-12-19 00:00:00,Performing
adizat adaji,"=""22472586444""",ONITUERE ST ST,,"=""22255150""","=""44011086""","=""10905541""",Personal fixed term loan,2023-07-17 00:00:00,7500.00,0.00,,0.00,8827.50,NGN,0,Closed,2023-08-08 00:00:00,Performing
adizat adaji,"=""22472586444""",ONITUERE ST ST,,"=""22255150""","=""44011086""","=""11245186""",Personal fixed term loan,2023-08-21 00:00:00,15000.00,0.00,,0.00,17430.00,NGN,0,Closed,2023-09-12 00:00:00,Performing
adizat adaji,"=""22472586444""",ONITUERE ST ST,,"=""22255150""","=""44011086""","=""11485571""",Personal fixed term loan,2023-09-14 00:00:00,15000.00,0.00,,0.00,18075.00,NGN,0,Closed,2023-10-14 00:00:00,Performing
adizat adaji,"=""22472586444""",ONITUERE ST ST,,"=""22255150""","=""44011086""","=""11742476""",Personal fixed term loan,2023-10-09 00:00:00,40000.00,0.00,,0.00,48800.00,NGN,0,Closed,2023-11-22 00:00:00,Performing
adizat adaji,"=""22472586444""",ONITUERE ST ST,,"=""22255150""","=""44011086""","=""12532032""",Personal fixed term loan,2023-12-26 00:00:00,40000.00,0.00,,0.00,120700.00,NGN,0,Closed,2024-01-25 00:00:00,Performing
adizat adaji,"=""22472586444""",ONITUERE ST ST,,"=""22255150""","=""44011086""","=""13419859""",Personal fixed term loan,2024-04-02 00:00:00,12500.00,0.00,,0.00,16875.00,NGN,0,Closed,2024-05-02 00:00:00,Performing
adizat adaji,"=""22472586444""",ONITUERE ST ST,,"=""22255150""","=""44011086""","=""13931522""",Personal fixed term loan,2024-05-26 00:00:00,20000.00,0.00,,0.00,14340.00,NGN,0,Closed,2024-07-25 00:00:00,Performing
RABIAT ADELEKO,"=""22291885319""",30 GIWA STREET OFF ONIPANU RD AGBADO,,"=""22255680""","=""43845585""","=""10886801""",Personal fixed term loan,2023-07-15 00:00:00,15000.00,0.00,,0.00,19500.00,NGN,0,Closed,2023-08-14 00:00:00,Performing
RABIAT ADELEKO,"=""22291885319""",30 GIWA STREET OFF ONIPANU RD AGBADO,,"=""22255680""","=""43845585""","=""11134867""",Personal fixed term loan,2023-08-10 00:00:00,70000.00,0.00,,0.00,34324.00,NGN,0,Closed,2023-12-08 00:00:00,Performing
BENJAMIN OJO,,3 OLAOSEBIKAN STREETSHOMOLU,,"=""22256834""","=""43625385""","=""10790376""",Personal fixed term loan,2023-07-05 00:00:00,10000.00,0.00,,0.00,13000.00,NGN,0,Closed,2023-08-04 00:00:00,Performing
BENJAMIN OJO,,3 OLAOSEBIKAN STREETSHOMOLU,,"=""22256834""","=""43625385""","=""11092469""",Personal fixed term loan,2023-08-06 00:00:00,20000.00,0.00,,0.00,26000.00,NGN,0,Closed,2023-09-05 00:00:00,Performing
BENJAMIN OJO,,3 OLAOSEBIKAN STREETSHOMOLU,,"=""22256834""","=""43625385""","=""11511420""",Personal fixed term loan,2023-09-17 00:00:00,10000.00,0.00,,0.00,24250.00,NGN,0,Closed,2023-10-17 00:00:00,Performing
BENJAMIN OJO,,3 OLAOSEBIKAN STREETSHOMOLU,,"=""22256834""","=""43625385""","=""11668371""",Personal fixed term loan,2023-10-02 00:00:00,50000.00,0.00,,0.00,63500.00,NGN,0,Closed,2023-11-01 00:00:00,Performing
BENJAMIN OJO,,3 OLAOSEBIKAN STREETSHOMOLU,,"=""22256834""","=""43625385""","=""12032922""",Personal fixed term loan,2023-11-05 00:00:00,25000.00,0.00,,0.00,29825.00,NGN,0,Closed,2023-12-05 00:00:00,Performing
BENJAMIN OJO,,3 OLAOSEBIKAN STREETSHOMOLU,,"=""22256834""","=""43625385""","=""12322666""",Personal fixed term loan,2023-12-04 00:00:00,22500.00,0.00,,0.00,26842.50,NGN,0,Closed,2024-01-03 00:00:00,Performing
RITA EBUK,,CONSUMER1 COMPOUNDCLOSE 7 COURT ESTATE ELIMGBURivers State,,"=""22258517""","=""43531221""","=""12441294""",Personal fixed term loan,2023-12-16 00:00:00,25000.00,0.00,,0.00,33250.00,NGN,0,Closed,2024-01-15 00:00:00,Performing
WISDOM NMAH,"=""22524256859""",2 IGBOGO ROAD CHOBA TEJOD PHARMACY BUS STOP PHC,,"=""22258565""","=""44173332""","=""10849971""",Personal fixed term loan,2023-07-11 00:00:00,10000.00,0.00,,0.00,13000.00,NGN,0,Closed,2023-08-10 00:00:00,Performing
MERCY OGIDI,"=""22338499987""",DUTSE BAUPMA AFTER BRIDGE  Bwari FCT,,"=""22258833""","=""530466""","=""RCL530466""",Personal Overdraft,2025-05-05 00:00:00,80000.00,0.00,,,0.00,NGN,0,Open,,
MARIAM ABDULGANIYU,"=""22536803340""",NO 19 INUKOKO STRT LAGBE JAMONIYA IB,,"=""22259826""","=""43899433""","=""RCL43899433""",Personal Overdraft,2024-09-24 00:00:00,8375.04,0.00,,,0.00,NGN,0,Open,,Performing
TEMITOPE TEMITOPE,"=""22205936490""",2 WURAOLA AFEEZ STREET OLORI AKUTE,,"=""22261033""","=""43959568""","=""RCL43959568""",Personal Overdraft,2024-11-27 00:00:00,23848.32,28056.76,,,28056.76,NGN,62,Open,,Doubtful
ABIODUN JOSEPH,"=""22294312575""",Nigeria,"=""2348135599010""","=""22261123""","=""44147500""","=""11486463""",Personal fixed term loan,2023-09-14 00:00:00,20000.00,0.00,,0.00,24900.00,NGN,0,Closed,2023-09-29 00:00:00,Performing
MARIAM AKANJI,"=""22556788681""",5857 OLUYOLE STR AROWOSHAYE ODO OBA IBADAN OLUYOLE OYO,,"=""22261590""","=""43816990""","=""10845132""",Personal fixed term loan,2023-07-11 00:00:00,2500.00,0.00,,0.00,3250.00,NGN,0,Closed,2023-08-10 00:00:00,Performing
olanrewaju idowu,"=""22355488119""",Ariyo Street,,"=""22261664""","=""44157889""","=""10772206""",Personal fixed term loan,2023-07-03 00:00:00,15000.00,0.00,,0.00,18225.00,NGN,0,Closed,2023-07-18 00:00:00,Performing
olanrewaju idowu,"=""22355488119""",Ariyo Street,,"=""22261664""","=""44157889""","=""10881861""",Personal fixed term loan,2023-07-14 00:00:00,17500.00,0.00,,0.00,21262.50,NGN,0,Closed,2023-07-29 00:00:00,Performing
olanrewaju idowu,"=""22355488119""",Ariyo Street,,"=""22261664""","=""44157889""","=""11001655""",Personal fixed term loan,2023-07-28 00:00:00,17500.00,0.00,,0.00,21262.50,NGN,0,Closed,2023-08-27 00:00:00,Performing
olanrewaju idowu,"=""22355488119""",Ariyo Street,,"=""22261664""","=""44157889""","=""11288151""",Personal fixed term loan,2023-08-26 00:00:00,25000.00,0.00,,0.00,32500.00,NGN,0,Closed,2023-10-02 00:00:00,Performing
olanrewaju idowu,"=""22355488119""",Ariyo Street,,"=""22261664""","=""44157889""","=""11673222""",Personal fixed term loan,2023-10-02 00:00:00,20000.00,0.00,,0.00,26600.00,NGN,0,Closed,2023-11-08 00:00:00,Performing
olanrewaju idowu,"=""22355488119""",Ariyo Street,,"=""22261664""","=""44157889""","=""12061169""",Personal fixed term loan,2023-11-08 00:00:00,50000.00,0.00,,0.00,66500.00,NGN,0,Closed,2023-12-15 00:00:00,Performing
olanrewaju idowu,"=""22355488119""",Ariyo Street,,"=""22261664""","=""44157889""","=""12439526""",Personal fixed term loan,2023-12-15 00:00:00,40000.00,0.00,,0.00,21440.00,NGN,0,Closed,2024-03-14 00:00:00,Performing
olanrewaju idowu,"=""22355488119""",Ariyo Street,,"=""22261664""","=""44157889""","=""13869994""",Personal fixed term loan,2024-05-19 00:00:00,50000.00,0.00,,0.00,37250.00,NGN,0,Closed,2024-07-18 00:00:00,Performing
olanrewaju idowu,"=""22355488119""",Ariyo Street,,"=""22261664""","=""44157889""","=""14420868""",Personal fixed term loan,2024-07-20 00:00:00,50000.00,0.00,,0.00,38075.00,NGN,0,Closed,2024-09-18 00:00:00,Performing
SAMUEL DARAMOLA,,112 d road jrafaith city igbesa ogun state,,"=""22262569""","=""43784983""","=""RCL43784983""",Personal Overdraft,2024-12-09 00:00:00,300000.00,0.00,,,0.00,NGN,0,Open,,Performing
UCHE OHUKA,"=""22477044673""",63 IFEANYICHUKWU NWAG STREET OFF INFANT JESUSASABA,,"=""22263240""","=""43816480""","=""10880364""",Personal fixed term loan,2023-07-14 00:00:00,25000.00,0.00,,0.00,32500.00,NGN,0,Closed,2023-08-13 00:00:00,Performing
UCHE OHUKA,"=""22477044673""",63 IFEANYICHUKWU NWAG STREET OFF INFANT JESUSASABA,,"=""22263240""","=""43816480""","=""11098211""",Personal fixed term loan,2023-08-07 00:00:00,27500.00,0.00,,0.00,35750.00,NGN,0,Closed,2023-09-06 00:00:00,Performing
JOY GOLDEN,"=""22199626102""",AARE BOLUSOGO STREET ARADAGUN BADAGRY,,"=""22264514""","=""44098021""","=""RCL44098021""",Personal Overdraft,2024-06-29 00:00:00,75000.00,132162.87,,,132162.87,NGN,91,Open,,Lost
EZEKIEL JACKSON,,921 IKOTA ESTATEAJAH LAGOS,,"=""22265332""","=""44081338""","=""10754890""",Personal fixed term loan,2023-07-01 00:00:00,5000.00,0.00,,0.00,6075.00,NGN,0,Closed,2023-07-16 00:00:00,Performing
EZEKIEL JACKSON,,921 IKOTA ESTATEAJAH LAGOS,,"=""22265332""","=""44081338""","=""10814488""",Personal fixed term loan,2023-07-07 00:00:00,5000.00,0.00,,0.00,6075.00,NGN,0,Closed,2023-07-22 00:00:00,Performing
IFIOK DOMINIC,"=""22523927561""",24 IKOYTA ESTATE IKOTA 2ND GATE LEKKI ETI OSA LAGOS,,"=""22266097""","=""43831672""","=""10985371""",Personal fixed term loan,2023-07-26 00:00:00,30000.00,0.00,,0.00,38250.00,NGN,0,Closed,2023-08-25 00:00:00,Performing
IFIOK DOMINIC,"=""22523927561""",24 IKOYTA ESTATE IKOTA 2ND GATE LEKKI ETI OSA LAGOS,,"=""22266097""","=""43831672""","=""11185765""",Personal fixed term loan,2023-08-15 00:00:00,30000.00,0.00,,0.00,23067.00,NGN,0,Closed,2023-11-13 00:00:00,Performing
IFIOK DOMINIC,"=""22523927561""",24 IKOYTA ESTATE IKOTA 2ND GATE LEKKI ETI OSA LAGOS,,"=""22266097""","=""43831672""","=""11853118""",Personal fixed term loan,2023-10-19 00:00:00,20000.00,0.00,,0.00,26300.00,NGN,0,Closed,2023-11-18 00:00:00,Performing
PATIENCE ADAMS,"=""22520505685""",17 TUDUN KAURI ROAD SAFETY JUNCTION,,"=""22266318""","=""44285041""","=""RCL44285041""",Personal Overdraft,2024-08-10 00:00:00,135000.00,111271.87,,,111271.87,NGN,96,Open,,Lost
JULIET APOLLOS,"=""22497947992""",11 RUKPOKWU ROAD RUKPOKWU MARKET JUNCTPHC RVST,,"=""22266358""","=""43439347""","=""10974189""",Personal fixed term loan,2023-07-25 00:00:00,5000.00,0.00,,0.00,6300.00,NGN,0,Closed,2023-08-24 00:00:00,Performing
ADEBOLA GBOYEGA,,11 MATTHEW STREET POLY ROAD Ado Ekiti Ekiti State,,"=""22269065""","=""6033191""","=""RCL6033191""",Personal Overdraft,2024-10-31 00:00:00,168189.70,162071.63,,162072.00,163324.90,NGN,2,Open,,Watchlist
Abdullahi Abdullafees,"=""22741024107""",NO 65 OLORODE STREET JAPO ADIGBE ABK KOLOBO ABEOKUTA,"=""2349158471911""","=""22270148""","=""PF90480""","=""A25437""",Personal fixed term loan,2024-05-06 00:00:00,34000.00,0.00,,0.00,37353.60,NGN,0,Closed,2024-05-21 00:00:00,Performing
Solomon Christopher,,SAMUEL ADOU COMPOUND KADO VILLAGE,"=""08141962474""","=""22270512""","=""40091191""","=""RCL40091191""",Personal Overdraft,2025-04-15 00:00:00,25000.00,19033.42,,,19033.42,NGN,0,Open,,
Viho Bose Hannah,,NO 24 RABIAT OGEDENGBE STREET IGANDO LAGOS,"=""08034985002""","=""22272500""","=""45639740""","=""RCL45639740""",,2025-03-22 00:00:00,35000.00,38247.24,,38247.24,16443.20,NGN,91,Open,,Lost
Adeyeye Adekunle,"=""22603525203""",EFUN STREET,"=""09054772228""","=""22280633""","=""39142300""","=""RCL39142300""",Personal Overdraft,2025-01-18 00:00:00,10000.00,40918.07,,,40918.07,NGN,95,Open,,
Quadri Jimoh Ishola,"=""22216467677""",4JI ADEJUWON AVENUE ILUPEJU,"=""08028266929""","=""22281224""","=""36239932""","=""15779295""",Personal fixed term loan,2025-01-06 00:00:00,10000.00,0.00,,0.00,13500.00,NGN,0,Closed,2025-02-05 00:00:00,Performing
Nwaji Celestine,"=""22636509818""",NWAJI STEPHEN COMPOUND NDIERUKWU NDIEZE IZZI LGA,"=""09036117394""","=""22281337""","=""27844657""","=""RCL27844657""",Personal Overdraft,2025-01-25 00:00:00,7306.80,9472.38,,,9472.38,NGN,0,Open,,Performing
Mustapha Toheeb Olasunkanmi,"=""22402776648""",5 JEROLA STRTELEDALASE BSTOPIJOKO SANGONIGERIA,"=""09128385781""","=""22281803""","=""44061665""","=""10618454""",Personal fixed term loan,2023-06-17 00:00:00,7500.00,0.00,,0.00,8850.00,NGN,0,Closed,2023-07-02 00:00:00,Performing
EhiUujamhan Odalo,"=""22395848926""",NO 4 OBA OVORANMEN STREET WORKING AND HOUSING ESTATE GWARI,"=""08161846173""","=""22282604""","=""43256589""","=""10787902""",Personal fixed term loan,2023-07-04 00:00:00,30000.00,0.00,,0.00,35400.00,NGN,0,Closed,2023-08-02 00:00:00,Performing
EhiUujamhan Odalo,"=""22395848926""",NO 4 OBA OVORANMEN STREET WORKING AND HOUSING ESTATE GWARI,"=""08161846173""","=""22282604""","=""43256589""","=""11047162""",Personal fixed term loan,2023-08-01 00:00:00,200000.00,0.00,,0.00,97934.00,NGN,0,Closed,2023-10-30 00:00:00,Performing
EhiUujamhan Odalo,"=""22395848926""",NO 4 OBA OVORANMEN STREET WORKING AND HOUSING ESTATE GWARI,"=""08161846173""","=""22282604""","=""43256589""","=""11146171""",Personal fixed term loan,2023-08-11 00:00:00,200000.00,0.00,,0.00,95667.00,NGN,0,Closed,2024-03-03 00:00:00,Performing
EhiUujamhan Odalo,"=""22395848926""",NO 4 OBA OVORANMEN STREET WORKING AND HOUSING ESTATE GWARI,"=""08161846173""","=""22282604""","=""43256589""","=""12569565""",Personal fixed term loan,2023-12-30 00:00:00,190000.00,0.00,,0.00,99484.00,NGN,0,Closed,2024-08-12 00:00:00,Performing
EhiUujamhan Odalo,"=""22395848926""",NO 4 OBA OVORANMEN STREET WORKING AND HOUSING ESTATE GWARI,"=""08161846173""","=""22282604""","=""43256589""","=""14372321""",Personal fixed term loan,2024-07-15 00:00:00,200000.00,0.00,,0.00,106666.67,NGN,0,Closed,2024-10-13 00:00:00,Performing
FOLASHADE LAWALOLOKI,,E7904 ILUPEJU IDI OBI AGUGU,,"=""22282699""","=""43953698""","=""RCL43953698""",Personal Overdraft,2024-09-05 00:00:00,130800.13,184258.19,,,184258.19,NGN,96,Open,,Lost
NDUKA OGBUALULU,,GBAJI ROAD SEME,,"=""22283075""","=""41255969""","=""RCL41255969""",Personal Overdraft,2024-12-16 00:00:00,300000.00,80924.00,,,80924.00,NGN,0,Open,,Performing
ADESANYA ADELEYE,,0 HAUWA ZAKALE AVENUE OTUKPO OTURKPO,,"=""22283077""","=""42301445""","=""RCL42301445""",Personal Overdraft,2025-05-04 00:00:00,329070.42,33082.10,,33082.10,169650.00,NGN,91,Open,,Lost
philemon agbonifo,,no 2 captain bisong avenue agiga new layout igoli,,"=""22283134""","=""43385596""","=""10515163""",Personal fixed term loan,2023-06-06 00:00:00,20000.00,0.00,,0.00,23600.00,NGN,0,Closed,2023-06-21 00:00:00,Performing
philemon agbonifo,,no 2 captain bisong avenue agiga new layout igoli,,"=""22283134""","=""43385596""","=""12154060""",Personal fixed term loan,2023-11-17 00:00:00,10000.00,0.00,,0.00,12150.00,NGN,0,Closed,2023-12-17 00:00:00,Performing
PRINCE GOLD,"=""22309685177""",FG29668 Ibrahim Odofin St Lekki Penninsula II 106104 Lekki,,"=""22283559""","=""43999182""","=""10713607""",Personal fixed term loan,2023-06-26 00:00:00,5000.00,0.00,,0.00,5900.00,NGN,0,Closed,2023-07-11 00:00:00,Performing
PRINCE GOLD,"=""22309685177""",FG29668 Ibrahim Odofin St Lekki Penninsula II 106104 Lekki,,"=""22283559""","=""43999182""","=""10827154""",Personal fixed term loan,2023-07-08 00:00:00,20000.00,0.00,,0.00,25200.00,NGN,0,Closed,2023-08-07 00:00:00,Performing
PRINCE GOLD,"=""22309685177""",FG29668 Ibrahim Odofin St Lekki Penninsula II 106104 Lekki,,"=""22283559""","=""43999182""","=""11080616""",Personal fixed term loan,2023-08-05 00:00:00,25000.00,0.00,,0.00,30250.00,NGN,0,Closed,2023-09-04 00:00:00,Performing
PRINCE GOLD,"=""22309685177""",FG29668 Ibrahim Odofin St Lekki Penninsula II 106104 Lekki,,"=""22283559""","=""43999182""","=""11525830""",Personal fixed term loan,2023-09-18 00:00:00,15000.00,0.00,,0.00,17145.00,NGN,0,Closed,2023-10-03 00:00:00,Performing
PRINCE GOLD,"=""22309685177""",FG29668 Ibrahim Odofin St Lekki Penninsula II 106104 Lekki,,"=""22283559""","=""43999182""","=""12386595""",Personal fixed term loan,2023-12-10 00:00:00,30000.00,0.00,,0.00,35490.00,NGN,0,Closed,2024-01-09 00:00:00,Performing
PRINCE GOLD,"=""22309685177""",FG29668 Ibrahim Odofin St Lekki Penninsula II 106104 Lekki,,"=""22283559""","=""43999182""","=""13150572""",Personal fixed term loan,2024-03-05 00:00:00,10000.00,0.00,,0.00,11410.00,NGN,0,Closed,2024-03-20 00:00:00,Performing
PRINCE GOLD,"=""22309685177""",FG29668 Ibrahim Odofin St Lekki Penninsula II 106104 Lekki,,"=""22283559""","=""43999182""","=""13256769""",Personal fixed term loan,2024-03-18 00:00:00,20000.00,0.00,,0.00,40845.00,NGN,0,Closed,2024-04-17 00:00:00,Performing
ABIODUN OGUNLEYE,"=""22438806885""",9 OMOTOSHO STR OMOTOSHO ABULE EGBA ALIMOSHO LAGOS,,"=""22283635""","=""43664814""","=""10466103""",Personal fixed term loan,2023-06-01 00:00:00,7500.00,0.00,,0.00,9675.00,NGN,0,Closed,2023-07-01 00:00:00,Performing
ABIODUN OGUNLEYE,"=""22438806885""",9 OMOTOSHO STR OMOTOSHO ABULE EGBA ALIMOSHO LAGOS,,"=""22283635""","=""43664814""","=""12673835""",Personal fixed term loan,2024-01-11 00:00:00,7500.00,0.00,,0.00,9562.50,NGN,0,Closed,2024-02-10 00:00:00,Performing
ABIODUN OGUNLEYE,"=""22438806885""",9 OMOTOSHO STR OMOTOSHO ABULE EGBA ALIMOSHO LAGOS,,"=""22283635""","=""43664814""","=""13114557""",Personal fixed term loan,2024-03-01 00:00:00,30000.00,0.00,,0.00,36900.00,NGN,0,Closed,2024-03-31 00:00:00,Performing
ABIODUN OGUNLEYE,"=""22438806885""",9 OMOTOSHO STR OMOTOSHO ABULE EGBA ALIMOSHO LAGOS,,"=""22283635""","=""43664814""","=""13221292""",Personal fixed term loan,2024-03-13 00:00:00,100000.00,0.00,,0.00,79563.00,NGN,0,Closed,2024-05-12 00:00:00,Performing
ABIODUN OGUNLEYE,"=""22438806885""",9 OMOTOSHO STR OMOTOSHO ABULE EGBA ALIMOSHO LAGOS,,"=""22283635""","=""43664814""","=""13447806""",Personal fixed term loan,2024-04-05 00:00:00,70000.00,0.00,,0.00,92001.00,NGN,0,Closed,2024-05-05 00:00:00,Performing
ADEBOLA AYENI,"=""22235805670""",DEPT OF COMPUTER SCIENCE BOWEN UNIVERSITY IWO,"=""2349055902365""","=""22283939""","=""43902699""","=""RCL43902699""",Personal Overdraft,2024-05-17 00:00:00,88400.00,120697.46,,0.00,59311.55,NGN,0,Open,,Performing
JEREMIAH NNE,"=""22331509692""",1 ELESU ELESO STR IYANA ERA,,"=""22284789""","=""41170712""","=""RCL41170712""",Personal Overdraft,2025-01-28 00:00:00,300000.00,519073.54,,519073.54,226524.75,NGN,91,Open,,Lost
ADEBOLA BOLORUNDURO,"=""22258198094""",32 OLADIPUPO STROKOOBA AGEGE,,"=""22285079""","=""44029147""","=""10606086""",Personal fixed term loan,2023-06-15 00:00:00,7500.00,0.00,,0.00,8850.00,NGN,0,Closed,2023-06-30 00:00:00,Performing
OLUWAFUNMILAYO OLAOLUWA,,13SIJI OLADIJI STREETOTUNAKUTE,,"=""22285195""","=""44268019""","=""RCL44268019""",Personal Overdraft,2024-09-09 00:00:00,234000.00,251040.23,,0.00,0.00,NGN,0,Open,,Open
OYINDAMOLA AKINGBEHIN,"=""22551073087""",24 AYODELE STREET ADEKUNLE BS EBUTE METTA,,"=""22285332""","=""43746765""","=""10498763""",Personal fixed term loan,2023-06-05 00:00:00,7500.00,0.00,,0.00,8850.00,NGN,0,Closed,2023-06-20 00:00:00,Performing
VICTORIA EBINGHA,"=""22739508024""",SURULERE STREET,,"=""22285612""","=""43674327""","=""10470088""",Personal fixed term loan,2023-06-02 00:00:00,7500.00,0.00,,0.00,8850.00,NGN,0,Closed,2023-06-17 00:00:00,Performing
EMMANUEL YORKORI,"=""22190847395""",AKIAMA VILLAGEBONNY,,"=""22286048""","=""42939866""","=""10487776""",Personal fixed term loan,2023-06-03 00:00:00,20000.00,0.00,,0.00,25200.00,NGN,0,Closed,2023-07-03 00:00:00,Performing
EMMANUEL YORKORI,"=""22190847395""",AKIAMA VILLAGEBONNY,,"=""22286048""","=""42939866""","=""10892328""",Personal fixed term loan,2023-07-16 00:00:00,25000.00,0.00,,0.00,29925.00,NGN,0,Closed,2023-08-15 00:00:00,Performing
EMMANUEL YORKORI,"=""22190847395""",AKIAMA VILLAGEBONNY,,"=""22286048""","=""42939866""","=""10995881""",Personal fixed term loan,2023-07-27 00:00:00,60000.00,0.00,,0.00,73800.00,NGN,0,Closed,2023-08-26 00:00:00,Performing
EMMANUEL YORKORI,"=""22190847395""",AKIAMA VILLAGEBONNY,,"=""22286048""","=""42939866""","=""11091287""",Personal fixed term loan,2023-08-06 00:00:00,100000.00,0.00,,0.00,125000.00,NGN,0,Closed,2023-09-05 00:00:00,Performing
EMMANUEL YORKORI,"=""22190847395""",AKIAMA VILLAGEBONNY,,"=""22286048""","=""42939866""","=""11312054""",Personal fixed term loan,2023-08-28 00:00:00,100000.00,0.00,,0.00,125000.00,NGN,0,Closed,2023-09-27 00:00:00,Performing
ADAM ADESOKAN,"=""22527238269""",21 GBAGOBI AJELE STR AYETORO ITELE,,"=""22286059""","=""41703405""","=""RCL41703405""",Personal Overdraft,2024-06-05 00:00:00,250000.00,0.00,,,0.00,NGN,0,Open,,Performing
idris mohammed,,NEAR PRISON YARD DOKODZA VILLAGE BIDA,,"=""22286099""","=""43708658""","=""RCL43708658""",Personal Overdraft,2024-10-18 00:00:00,136530.25,80200.71,,,80200.71,NGN,0,Open,,Performing
DAMILOLA OKOLI,,6 rusewe estate ahmadiyya,,"=""22286228""","=""43653282""","=""RCL43653282""",Personal Overdraft,2024-10-22 00:00:00,350636.13,603722.36,,603722.00,310709.65,NGN,94,Open,,Lost
DEINKIDE EYEDOUDE,"=""22225519673""",4 SAMPHINO ROAD KPANSIA YENAGOA,,"=""22286320""","=""43380860""","=""10585318""",Personal fixed term loan,2023-06-13 00:00:00,7500.00,0.00,,0.00,8850.00,NGN,0,Closed,2023-06-28 00:00:00,Performing
SHEDRACK JOHN,"=""22527965992""",12 DUROWADE STREET AWOTILE OFF OAU,,"=""22286618""","=""43873673""","=""10565532""",Personal fixed term loan,2023-06-11 00:00:00,2500.00,0.00,,0.00,2950.00,NGN,0,Closed,2023-06-26 00:00:00,Performing
MICHEAL MAKINDE,,11 MILLIONAIARE QUARTERS 2 2 JUNCTION BWARI,,"=""22286710""","=""38895907""","=""RCL38895907""",Personal Overdraft,2024-12-05 00:00:00,188500.00,0.00,,0.00,196801.30,NGN,0,Open,,Performing
HELEN OGENYI,,19 YUSUF SAMARU,,"=""22286768""","=""36713206""","=""RCL36713206""",Personal Overdraft,2024-09-18 00:00:00,75000.00,132089.00,,,132089.00,NGN,61,Open,,Doubtful
TINA ANAYOCHUKWUAGBO,"=""22293429652""",PLOT 159ARMY POST HOUSING SCHEMEKURUDUABUJAFCT,,"=""22286886""","=""43804704""","=""10520110""",Personal fixed term loan,2023-06-07 00:00:00,30000.00,0.00,,0.00,38400.00,NGN,0,Closed,2023-07-14 00:00:00,Performing
Adegboyega Temitope Temi,"=""22214137031""",14 15 Prince Alaba Oniru Road Victoria Island,"=""8105377665""","=""22288738""","=""42912754""","=""10917405""",Personal fixed term loan,2023-07-19 00:00:00,5000.00,0.00,,0.00,6500.00,NGN,0,Closed,2023-08-18 00:00:00,Performing
Okpoebo Martins Chukwuemeka,"=""22569216210""",14 OKENZE STREET,"=""7042445410""","=""22314415""","=""44369620""","=""RCL44369620""",Personal Overdraft,2025-01-02 00:00:00,3750.00,5852.99,,5852.99,4290.85,NGN,52,Open,,Sub standard
SALIHU MAHMUD Wachiko,,F25 Ifesowapo streetAyegun zone 1off Fashade Egbeda L,"=""2349164950496""","=""22322251""","=""PF106316""","=""A31222""",Personal fixed term loan,2024-07-29 00:00:00,131456.00,0.00,,0.00,169300.00,NGN,0,Closed,,Performing
Iyamore Aghone,,NO 32 BAALE STREET IJORA BADIA,,"=""22331042""","=""46716613""","=""RCL46716613""",,2025-03-30 00:00:00,46800.00,0.00,,,0.00,NGN,0,Open,,Performing
Festus Edward,"=""22560887723""",11 KINGS KINGS STREET BACK OF WINNERS CHAPEL AUCHI ROAD,,"=""22332342""","=""39877037""","=""RCL39877037""",Personal Overdraft,2025-01-23 00:00:00,10000.00,0.00,,0.00,0.00,NGN,0,Open,,Performing
owie Stanley,,27 SMITH STREET ITIRE LAGOS IJESHA,,"=""22335674""","=""26019617""","=""RCL26019617""",Personal Overdraft,2025-01-17 00:00:00,300000.00,285062.18,,285062.00,304491.75,NGN,33,Open,,Sub standard
Nkemakolam Nnamdi Benjamin,,PURE AND INDUS CHEMISTRY DEPT UNN,"=""09039288327""","=""22346003""","=""2040930""","=""RCL2040930""",Personal Overdraft,2025-04-28 00:00:00,300000.00,108014.04,,,108014.04,NGN,0,Open,,Performing
Iwhi UFUOMA,"=""22512711991""",No18 sadiama express amassoma bayelsa state,"=""08109885167""","=""22346747""","=""36034576""","=""11000973""",Personal fixed term loan,2023-07-28 00:00:00,5000.00,0.00,,0.00,6000.00,NGN,0,Closed,2023-08-12 00:00:00,Performing
Samuel Adeyale Olumide,"=""22554634243""",AJASIN WAY,"=""07037274279""","=""22346874""","=""36751858""","=""11623983""",Personal fixed term loan,2023-09-28 00:00:00,2500.00,0.00,,0.00,3375.00,NGN,0,Closed,2023-10-28 00:00:00,Performing
Olorunnishola Kehinde Oluwatimilehin,"=""22522170203""",BLOCK 87 PLOT 43 FLAT 1 HOUSING ESTATE OJO LAGOS,"=""08133817558""","=""22347086""","=""44759202""","=""RCL44759202""",Personal Overdraft,2024-10-17 00:00:00,170000.00,0.00,,0.00,0.00,NGN,0,Open,,Performing
AHMAD ABDULKARIM,,Sabon gari market,"=""2347089333383""","=""22352769""","=""PF79561""","=""A20791""",Personal fixed term loan,2024-03-27 00:00:00,36000.00,40368.19,,40368.19,36768.20,NGN,872,Open,2024-03-30 00:00:00,Lost
Morah Chinedu VICTOR,,Near Stadium Kwado Katsina State,"=""08136340094""","=""22389524""","=""47597166""","=""RCL47597166""",Personal Overdraft,2025-02-02 00:00:00,165000.00,76213.72,,,76213.72,NGN,0,Open,,Performing
ABIDOYE ADENIYI,,14 OPP AB BANK RATIONAL BOOOKSHOP BUILDING,"=""08076537022""","=""22392321""","=""36507531""","=""RCL36507531""",Personal Overdraft,2025-03-17 00:00:00,200000.00,229186.70,,,229186.70,NGN,36,Open,,
JACOB MONDAY JOHN,"=""22493498342""",1 AYETEJU ESTATE AYETEJU BUS TOP IBEJU LEKKI,,"=""22422311""","=""39036798""","=""11281996""",Personal fixed term loan,2023-08-25 00:00:00,5000.00,0.00,,0.00,6150.00,NGN,0,Closed,2023-09-09 00:00:00,Performing
JACOB MONDAY JOHN,"=""22493498342""",1 AYETEJU ESTATE AYETEJU BUS TOP IBEJU LEKKI,,"=""22422311""","=""39036798""","=""11418704""",Personal fixed term loan,2023-09-08 00:00:00,5000.00,0.00,,0.00,6075.00,NGN,0,Closed,2023-09-23 00:00:00,Performing
JACOB MONDAY JOHN,"=""22493498342""",1 AYETEJU ESTATE AYETEJU BUS TOP IBEJU LEKKI,,"=""22422311""","=""39036798""","=""11573524""",Personal fixed term loan,2023-09-23 00:00:00,5000.00,0.00,,0.00,6275.00,NGN,0,Closed,2023-10-08 00:00:00,Performing
JACOB MONDAY JOHN,"=""22493498342""",1 AYETEJU ESTATE AYETEJU BUS TOP IBEJU LEKKI,,"=""22422311""","=""39036798""","=""11690910""",Personal fixed term loan,2023-10-04 00:00:00,17500.00,0.00,,0.00,21962.50,NGN,0,Closed,2023-10-19 00:00:00,Performing
JACOB MONDAY JOHN,"=""22493498342""",1 AYETEJU ESTATE AYETEJU BUS TOP IBEJU LEKKI,,"=""22422311""","=""39036798""","=""11799813""",Personal fixed term loan,2023-10-14 00:00:00,15000.00,0.00,,0.00,18825.00,NGN,0,Closed,2023-10-29 00:00:00,Performing
JACOB MONDAY JOHN,"=""22493498342""",1 AYETEJU ESTATE AYETEJU BUS TOP IBEJU LEKKI,,"=""22422311""","=""39036798""","=""11998941""",Personal fixed term loan,2023-11-02 00:00:00,7500.00,0.00,,0.00,10050.00,NGN,0,Closed,2023-11-17 00:00:00,Performing
JACOB MONDAY JOHN,"=""22493498342""",1 AYETEJU ESTATE AYETEJU BUS TOP IBEJU LEKKI,,"=""22422311""","=""39036798""","=""12548010""",Personal fixed term loan,2023-12-28 00:00:00,7500.00,0.00,,0.00,10050.00,NGN,0,Closed,2024-01-27 00:00:00,Performing
JACOB MONDAY JOHN,"=""22493498342""",1 AYETEJU ESTATE AYETEJU BUS TOP IBEJU LEKKI,,"=""22422311""","=""39036798""","=""12797322""",Personal fixed term loan,2024-01-25 00:00:00,20000.00,0.00,,0.00,25100.00,NGN,0,Closed,2024-02-09 00:00:00,Performing
JACOB MONDAY JOHN,"=""22493498342""",1 AYETEJU ESTATE AYETEJU BUS TOP IBEJU LEKKI,,"=""22422311""","=""39036798""","=""13436648""",Personal fixed term loan,2024-04-04 00:00:00,35000.00,0.00,,0.00,41520.50,NGN,0,Closed,2024-04-19 00:00:00,Performing
ARAOYINBO OPEYEMI JOSHUA,,no 7 adegoke street oniyan the bells ota ota Ado OdoOta O,,"=""22423081""","=""1842079""","=""RCL1842079""",Personal Overdraft,2024-09-10 00:00:00,20000.00,0.00,,,0.00,NGN,0,Open,,Performing
Yusuf Auwal,,Shinkafi road,"=""08137177696""","=""22432417""","=""PF32859""","=""A17143""",Personal fixed term loan,2024-02-21 00:00:00,20000.00,0.00,,0.00,31599.70,NGN,0,Closed,2024-03-07 00:00:00,Performing
ESEBONU SARAH,"=""22351129052""",Nigeria,,"=""22469654""","=""13693087""","=""RCL13693087""",Personal Overdraft,2025-03-17 00:00:00,10000.00,34808.26,,34808.26,11472.38,NGN,90,Open,,Lost
SAMSON ROSEMARY,,PLOT 163 GBAZANGO KUBWA ABUJA,,"=""22470566""","=""53180505""","=""RCL53180505""",,2025-04-04 00:00:00,50000.00,62131.19,,62131.19,49678.09,NGN,16,Open,,Watchlist
ikediashi David isioma,,House 28 Ogbeutu Issele,,"=""22475339""","=""20423932""","=""RCL20423932""",Personal Overdraft,2025-01-18 00:00:00,5000.00,13217.12,,0.00,5570.58,NGN,94,Open,,Lost
Etele Stephanie,,RIVER ROADEKETE WATER SIDE,,"=""22475758""","=""44075557""","=""13006294""",Personal fixed term loan,2024-02-18 00:00:00,7500.00,0.00,,0.00,10125.00,NGN,0,Closed,2024-04-30 00:00:00,Performing
Lookman Philips,,KM 7 ASABABENIN EXPRESS WAY ASABA,"=""08023723159""","=""22476397""","=""50970360""","=""RCL50970360""",Personal Overdraft,2024-11-29 00:00:00,120000.00,85560.00,,,85560.00,NGN,0,Open,,Performing
Oyekunle Abosede blessing,,50 pedro street,,"=""22476737""","=""42804884""","=""11186042""",Personal fixed term loan,2023-08-15 00:00:00,7500.00,0.00,,0.00,9675.00,NGN,0,Closed,2023-09-14 00:00:00,Performing
Oyekunle Abosede blessing,,50 pedro street,,"=""22476737""","=""42804884""","=""11473816""",Personal fixed term loan,2023-09-13 00:00:00,17500.00,0.00,,0.00,23275.00,NGN,0,Closed,2023-10-13 00:00:00,Performing
Oyekunle Abosede blessing,,50 pedro street,,"=""22476737""","=""42804884""","=""11776665""",Personal fixed term loan,2023-10-12 00:00:00,15000.00,0.00,,0.00,18675.00,NGN,0,Closed,2023-10-27 00:00:00,Performing
Ogunjinmi Damilola,,AGBOWO EXPRESS WAY IREPODUN STREET IWO ROAD OJOO EXPRESS W,"=""08062818872""","=""22476897""","=""46706640""","=""RCL46706640""",Personal Overdraft,2025-01-30 00:00:00,260000.00,152544.00,,,152544.00,NGN,0,Open,,Performing
Akunna ogechukwu meriam,,NO 3 REV GBAKIS STREET BARRACK,,"=""22477114""","=""41696281""","=""RCL41696281""",Personal Overdraft,2025-01-27 00:00:00,10000.00,38751.21,,,38751.21,NGN,93,Open,,
Gogo Vivian chinasa,"=""22467989968""",Nigeria,,"=""22478455""","=""43089022""","=""10816828""",Personal fixed term loan,2023-07-07 00:00:00,7500.00,0.00,,0.00,9675.00,NGN,0,Closed,2023-08-21 00:00:00,Performing
Gogo Vivian chinasa,"=""22467989968""",Nigeria,,"=""22478455""","=""43089022""","=""11115542""",Personal fixed term loan,2023-08-08 00:00:00,17500.00,0.00,,0.00,22750.00,NGN,0,Closed,2023-10-09 00:00:00,Performing
EMMANUEL OMALE,"=""22714623500""",OKPES COMPOUND EKEH OLENGBECHO,,"=""22478790""","=""40645890""","=""RCL40645890""",Personal Overdraft,2024-09-15 00:00:00,536934.00,0.00,,0.00,733691.41,NGN,0,Open,,Lost
BENEDICT OKENWA,,Not Available,,"=""22480159""","=""14901171""","=""RCL14901171""",Personal Overdraft,2024-08-25 00:00:00,110000.00,14282.44,,0.00,15258.40,NGN,0,Open,,Performing
HANNAH TUWATON,"=""22334825232""",AKIAMA MONTIAN OF DELIVERANCE CHURCH BONNY ISLAND,,"=""22480747""","=""43822352""","=""10956722""",Personal fixed term loan,2023-07-23 00:00:00,7500.00,0.00,,0.00,9675.00,NGN,0,Closed,2023-08-22 00:00:00,Performing
MIRACLE MONDAY,"=""22401544244""",BUKAN SIDI BEHIND DUNAMIS CHURCH,,"=""22481431""","=""43234320""","=""RCL43234320""",Personal Overdraft,2024-08-18 00:00:00,52000.00,0.00,,,0.00,NGN,0,Open,,Performing
FAVOUR BOSS,"=""22572137986""",COURIS COMPD OKAKI ROAD OKAKI BUS STOP YENAGOA,,"=""22482316""","=""39156548""","=""10989341""",Personal fixed term loan,2023-07-26 00:00:00,5000.00,0.00,,0.00,6000.00,NGN,0,Closed,2023-08-10 00:00:00,Performing
JOSHUA MALACHY,,MALLAMAWA AREA UNITY NURSERY AND PRIMARY,,"=""22483187""","=""45096420""","=""RCL45096420""",Personal Overdraft,2024-07-27 00:00:00,16224.00,17273.36,,0.00,14601.60,NGN,5,Open,,Watchlist
SILVER ITUMA,"=""22474852525""",Greenfield estatekalu valley ago palace way,,"=""22483874""","=""44674847""","=""RCL44674847""",,2024-12-15 00:00:00,235000.00,0.00,,,0.00,NGN,0,Open,,Performing
KELECHI OKOCHA,,OWERRE NKWORJI,,"=""22483895""","=""44796154""","=""RCL44796154""",Personal Overdraft,2024-05-17 00:00:00,50700.00,51761.04,,0.00,36564.70,NGN,97,Open,,Lost
JOHN ENYA,"=""22198838333""",SW9 116A GADA APATA ODO ONA IBADAN,,"=""22484326""","=""44946948""","=""RCL44946948""",Personal Overdraft,2024-08-22 00:00:00,40000.00,22353.56,,,22353.56,NGN,91,Open,,Lost
MARY ARCHIBONG,,24C LINE EWET HOUSING ESTATEUYOUYOAKW,,"=""22484917""","=""44298845""","=""RCL44298845""",Personal Overdraft,2024-11-22 00:00:00,300000.00,422583.42,,0.00,263635.62,NGN,94,Open,,Lost
RONALD OKEKE,"=""22557667882""",PUBLIC WORKS QUARTERS GWARIPA LIFE CAMP ABUJASTAYBRIDGE HO,,"=""22485062""","=""43409820""","=""11005074""",Personal fixed term loan,2023-07-28 00:00:00,5000.00,0.00,,0.00,6500.00,NGN,0,Closed,2023-08-27 00:00:00,Performing
RONALD OKEKE,"=""22557667882""",PUBLIC WORKS QUARTERS GWARIPA LIFE CAMP ABUJASTAYBRIDGE HO,,"=""22485062""","=""43409820""","=""11247610""",Personal fixed term loan,2023-08-22 00:00:00,27500.00,0.00,,0.00,35750.00,NGN,0,Closed,2023-09-21 00:00:00,Performing
RONALD OKEKE,"=""22557667882""",PUBLIC WORKS QUARTERS GWARIPA LIFE CAMP ABUJASTAYBRIDGE HO,,"=""22485062""","=""43409820""","=""11555665""",Personal fixed term loan,2023-09-21 00:00:00,22500.00,0.00,,0.00,29250.00,NGN,0,Closed,2023-12-02 00:00:00,Performing
FELIX PAUL,"=""22546975356""",PAUL PULUVELESE COMPOUNDTOMBIA AMASSOMA ROAD ETEGWE,,"=""22486093""","=""37284460""","=""11235505""",Personal fixed term loan,2023-08-20 00:00:00,2500.00,0.00,,0.00,6000.00,NGN,0,Closed,2023-09-04 00:00:00,Performing
FAMOUS EBUNTA,,EBUNTA NJOKS COMPOUND BALEP VILLAGE,,"=""22486644""","=""44075671""","=""RCL44075671""",Personal Overdraft,2024-09-24 00:00:00,300000.00,344651.31,,,344651.31,NGN,92,Open,,Lost
VICTOR EYO,"=""22340815584""",90 ABAK ROADUYO,,"=""22487606""","=""45766071""","=""RCL45766071""",Personal Overdraft,2024-11-29 00:00:00,110000.00,0.00,,,0.00,NGN,0,Open,,Performing
NJIDEKA WATSON,,NO 37 AWKUZU STREET OMAGBA PHASE 1 ONITSHA,,"=""22487630""","=""45189914""","=""RCL45189914""",Personal Overdraft,2025-04-27 00:00:00,55000.00,60462.00,,,60462.00,NGN,1,Open,,
BLESSING MICHEAL,,29 New Road White Sand Isheri Osun,,"=""22487761""","=""45532886""","=""RCL45532886""",,2025-08-05 00:00:00,8956.09,7997.63,,,7997.63,NGN,7,Open,,Watchlist
CHINENYE UDECHUKWU,,18 LATIERELU PAKO AGUDA,,"=""22488660""","=""542116""","=""RCL542116""",Personal Overdraft,2025-01-04 00:00:00,20000.00,16000.00,,,16000.00,NGN,0,Open,,Performing
CHRISTIAN FREDRICK,"=""22516173197""",PRAISES COMP BRASS ROAD DE RICH PARH HOTEL TOMBIA,,"=""22489425""","=""36839659""","=""11104171""",Personal fixed term loan,2023-08-07 00:00:00,5000.00,0.00,,0.00,6650.00,NGN,0,Closed,2023-09-06 00:00:00,Performing
DANIEL YUSUF,"=""22389618908""",PLAT STATE POLYTECHNIC HWOLSHE FLAT 10A ZUMA STEEL RAYFILE,,"=""22489452""","=""42415229""","=""11310755""",Personal fixed term loan,2023-08-28 00:00:00,5000.00,0.00,,0.00,6650.00,NGN,0,Closed,2023-09-27 00:00:00,Performing
EMMANUEL ALEX,"=""22502913198""",ukwuador alor uno,,"=""22490110""","=""36812733""","=""11089635""",Personal fixed term loan,2023-08-05 00:00:00,5000.00,0.00,,0.00,6600.00,NGN,0,Closed,2023-09-04 00:00:00,Performing
TAMIYOH MONDAY,,TOM GANGARE KIBO RIYOM LOCAL GOVENMENT PLATEAU STATE,,"=""22491975""","=""35803331""","=""RCL35803331""",Personal Overdraft,2025-04-20 00:00:00,60000.00,22037.00,,,22037.00,NGN,0,Open,,
ASA CHAKA,"=""22177144637""",OPP CENTRAL MOSQUE BWARIFCTUNIVERSITY OF JOS,,"=""22492365""","=""39349643""","=""11043581""",Personal fixed term loan,2023-08-01 00:00:00,5000.00,0.00,,0.00,6000.00,NGN,0,Closed,2023-08-16 00:00:00,Performing
ASA CHAKA,"=""22177144637""",OPP CENTRAL MOSQUE BWARIFCTUNIVERSITY OF JOS,,"=""22492365""","=""39349643""","=""12313591""",Personal fixed term loan,2023-12-03 00:00:00,27500.00,0.00,,0.00,33192.50,NGN,0,Closed,2023-12-18 00:00:00,Performing
ASA CHAKA,"=""22177144637""",OPP CENTRAL MOSQUE BWARIFCTUNIVERSITY OF JOS,,"=""22492365""","=""39349643""","=""12630639""",Personal fixed term loan,2024-01-06 00:00:00,7500.00,0.00,,0.00,11930.00,NGN,0,Closed,2024-01-21 00:00:00,Performing
ASA CHAKA,"=""22177144637""",OPP CENTRAL MOSQUE BWARIFCTUNIVERSITY OF JOS,,"=""22492365""","=""39349643""","=""13081762""",Personal fixed term loan,2024-02-27 00:00:00,20000.00,0.00,,0.00,23084.00,NGN,0,Closed,2024-03-13 00:00:00,Performing
ASA CHAKA,"=""22177144637""",OPP CENTRAL MOSQUE BWARIFCTUNIVERSITY OF JOS,,"=""22492365""","=""39349643""","=""13488902""",Personal fixed term loan,2024-04-09 00:00:00,10000.00,0.00,,0.00,11340.00,NGN,0,Closed,2024-04-24 00:00:00,Performing
ASA CHAKA,"=""22177144637""",OPP CENTRAL MOSQUE BWARIFCTUNIVERSITY OF JOS,,"=""22492365""","=""39349643""","=""14037054""",Personal fixed term loan,2024-06-07 00:00:00,12500.00,0.00,,0.00,14175.00,NGN,0,Closed,2024-06-22 00:00:00,Performing
ASA CHAKA,"=""22177144637""",OPP CENTRAL MOSQUE BWARIFCTUNIVERSITY OF JOS,,"=""22492365""","=""39349643""","=""14229058""",Personal fixed term loan,2024-06-29 00:00:00,10000.00,0.00,,0.00,11340.00,NGN,0,Closed,2024-07-14 00:00:00,Performing
ASA CHAKA,"=""22177144637""",OPP CENTRAL MOSQUE BWARIFCTUNIVERSITY OF JOS,,"=""22492365""","=""39349643""","=""14367907""",Personal fixed term loan,2024-07-14 00:00:00,10000.00,0.00,,0.00,23204.00,NGN,0,Closed,2024-07-29 00:00:00,Performing
ASA CHAKA,"=""22177144637""",OPP CENTRAL MOSQUE BWARIFCTUNIVERSITY OF JOS,,"=""22492365""","=""39349643""","=""14541211""",Personal fixed term loan,2024-08-03 00:00:00,25000.00,0.00,,0.00,28350.00,NGN,0,Closed,2024-08-18 00:00:00,Performing
ASA CHAKA,"=""22177144637""",OPP CENTRAL MOSQUE BWARIFCTUNIVERSITY OF JOS,,"=""22492365""","=""39349643""","=""14790858""",Personal fixed term loan,2024-08-31 00:00:00,80000.00,0.00,,0.00,186912.00,NGN,0,Closed,2024-09-15 00:00:00,Performing
ANGWA FANDA,,ANGLICAN CHURCH SAMBAN GIDA KWOI,,"=""22492505""","=""36695565""","=""RCL36695565""",Personal Overdraft,2024-08-11 00:00:00,131657.40,214191.63,,,214191.63,NGN,92,Open,,Lost
KENNETH ONYEBUCHI,"=""22738696847""",24 AHOADA ROAD RIVERS STATE,,"=""22492859""","=""42652052""","=""10870959""",Personal fixed term loan,2023-07-13 00:00:00,2500.00,0.00,,0.00,6000.00,NGN,0,Closed,2023-07-28 00:00:00,Performing
ALIU AKINADE,"=""22531822120""",10 FARAYOLA STREET BODIJA BUS STOP IBADAN,,"=""22495735""","=""43458619""","=""10825970""",Personal fixed term loan,2023-07-08 00:00:00,5000.00,0.00,,0.00,6500.00,NGN,0,Closed,2023-08-07 00:00:00,Performing
ADEWALE IJA OLA,,Not Available,,"=""22497746""","=""15004216""","=""RCL15004216""",Personal Overdraft,2024-07-21 00:00:00,68411.02,81950.53,,81950.53,72930.46,NGN,65,Open,,Doubtful
OLUWAFEYIKEMI OWOSENI,"=""22705089319""",Jankwano Potiskum local government,,"=""22498289""","=""37439930""","=""10916133""",Personal fixed term loan,2023-07-19 00:00:00,2500.00,0.00,,0.00,3250.00,NGN,0,Closed,2023-09-08 00:00:00,Performing
OLUWAFEYIKEMI OWOSENI,"=""22705089319""",Jankwano Potiskum local government,,"=""22498289""","=""37439930""","=""11296697""",Personal fixed term loan,2023-08-27 00:00:00,2500.00,0.00,,0.00,2992.50,NGN,0,Closed,2023-09-11 00:00:00,Performing
OLUWAFEYIKEMI OWOSENI,"=""22705089319""",Jankwano Potiskum local government,,"=""22498289""","=""37439930""","=""11361729""",Personal fixed term loan,2023-09-02 00:00:00,1500.00,0.00,,0.00,1795.50,NGN,0,Closed,2023-09-17 00:00:00,Performing
SHOLA OMOTOYE,"=""22536594842""",66 1ST FEDERAL ROAD OFF MEDICAL STORE ROAD BENIN CITY,,"=""22498543""","=""45068156""","=""RCL45068156""",Personal Overdraft,2024-10-28 00:00:00,170000.00,0.00,,,0.00,NGN,0,Open,,Performing
EMMANUEL OGBOE,"=""22545508197""",16 OSASENAGA STR OFF MEDICASTORE RD BCITY,,"=""22498551""","=""45316214""","=""RCL45316214""",Personal Overdraft,2024-09-29 00:00:00,95000.00,154550.02,,,154550.02,NGN,61,Open,,Doubtful
bridget ajala,,127 oke ira road railway compound ebute metta lagos Lagos,,"=""22498659""","=""45388105""","=""RCL45388105""",Personal Overdraft,2024-06-13 00:00:00,206250.00,222573.21,,222573.00,165580.05,NGN,94,Open,,Lost
OSAMUYIMEN AKPAN,"=""22202840277""",Not Available,,"=""22498919""","=""5822256""","=""RCL5822256""",Personal Overdraft,2024-02-09 00:00:00,50000.00,18.57,,,18.57,NGN,93,Open,,Lost
GERALD ONUOHA,,NNEMERE MPAM,,"=""22499440""","=""36725460""","=""RCL36725460""",Personal Overdraft,2024-12-15 00:00:00,65000.00,104960.91,,104960.91,86979.31,NGN,65,Open,,Doubtful
CHIBUZOR AWU,,Umuebeh Emii Owerri North LGA,"=""2348105742432""","=""22499547""","=""45091468""","=""RCL45091468""",Personal Overdraft,2024-12-07 00:00:00,109200.00,163160.14,,163160.14,137571.81,NGN,65,Open,,Doubtful
NORAH LEMONWU,"=""22448833541""",23 DARAMOLA STREET EGBEDA BUS STOP EGBEDA ALIMOSHO,,"=""22499597""","=""42846683""","=""10836073""",Personal fixed term loan,2023-07-10 00:00:00,2500.00,0.00,,0.00,3250.00,NGN,0,Closed,2023-08-09 00:00:00,Performing
MOSES ANIUBULU,"=""22143726483""",37 ISHAGA STREET AMUKOKO LAGOS,,"=""22499995""","=""37043045""","=""10872772""",Personal fixed term loan,2023-07-14 00:00:00,5000.00,0.00,,0.00,6500.00,NGN,0,Closed,2023-08-13 00:00:00,Performing
MOSES ANIUBULU,"=""22143726483""",37 ISHAGA STREET AMUKOKO LAGOS,,"=""22499995""","=""37043045""","=""11205510""",Personal fixed term loan,2023-08-17 00:00:00,22500.00,0.00,,0.00,27337.50,NGN,0,Closed,2023-09-01 00:00:00,Performing
MOSES ANIUBULU,"=""22143726483""",37 ISHAGA STREET AMUKOKO LAGOS,,"=""22499995""","=""37043045""","=""11348543""",Personal fixed term loan,2023-09-01 00:00:00,35000.00,0.00,,0.00,45500.00,NGN,0,Closed,2023-10-01 00:00:00,Performing
OLUBORI OLADIPO,"=""22147691978""",ODOONA AKAKO,,"=""22500302""","=""44670668""","=""RCL44670668""",Personal Overdraft,2024-07-15 00:00:00,19873.83,14143.22,,14143.22,22648.20,NGN,4,Open,,Watchlist
ELIZABETH UKWENYA,"=""22212670301""",31 EZE OJUKWU STREET OKPANAM ROAD OPPOSITE BRIAN GROOM INT,,"=""22500372""","=""45279416""","=""RCL45279416""",Personal Overdraft,2024-10-06 00:00:00,140000.00,0.00,,0.00,0.00,NGN,0,Open,,Performing
UMAR SALIHU,"=""22582528189""",BUKUL KOFAR FADA,,"=""22500687""","=""43959653""","=""10918771""",Personal fixed term loan,2023-07-19 00:00:00,2500.00,0.00,,0.00,3000.00,NGN,0,Closed,2023-08-03 00:00:00,Performing
UMAR SALIHU,"=""22582528189""",BUKUL KOFAR FADA,,"=""22500687""","=""43959653""","=""10944570""",Personal fixed term loan,2023-07-21 00:00:00,2500.00,0.00,,0.00,3037.50,NGN,0,Closed,2023-08-05 00:00:00,Performing
UMAR SALIHU,"=""22582528189""",BUKUL KOFAR FADA,,"=""22500687""","=""43959653""","=""11108839""",Personal fixed term loan,2023-08-07 00:00:00,2500.00,0.00,,0.00,3037.50,NGN,0,Closed,2023-08-22 00:00:00,Performing
LAWRENCE PALLAM,,OPP TITI SCI AND TECHNICAL SCHOOL ANGI JUNCTION MASAKA NAS,,"=""22500925""","=""45462474""","=""RCL45462474""",Personal Overdraft,2024-11-08 00:00:00,210000.00,8413.30,,0.00,20017.37,NGN,188,Open,,Lost
MUJAHEED AMIN,"=""22358419895""",BA 40 SARKINMUKTAR AVENUE ZOO ROAD KANO,,"=""22501293""","=""35184959""","=""RCL35184959""",Personal Overdraft,2024-10-15 00:00:00,300000.00,196056.51,,,196056.51,NGN,0,Open,,Performing
HUSSAINI IBRAHIM,,huguma kofar fada,,"=""22501483""","=""35108524""","=""RCL35108524""",Personal Overdraft,2025-04-28 00:00:00,60000.00,94031.21,,94031.21,0.00,NGN,91,Open,,Lost
DESTINY AWUZIE,"=""22501716109""",27 SPIBATH ROAD AKWAHUMA,"=""08141341821""","=""22501794""","=""44419075""","=""RCL44419075""",,2024-11-22 00:00:00,275000.00,380555.06,,,380555.06,NGN,69,Closed,,Doubtful
GABRIEL AGENE,,MASAKA,,"=""22502477""","=""44771558""","=""RCL44771558""",Personal Overdraft,2024-10-14 00:00:00,60000.00,21197.62,,,21197.62,NGN,0,Open,,Performing
ABUBAKAR SANI,"=""22373710940""",unimaid maiduguri,,"=""22502646""","=""45623611""","=""RCL45623611""",Personal Overdraft,2024-07-18 00:00:00,125000.00,194902.16,,0.00,165171.26,NGN,92,Open,,Lost
DAVID JOHN,"=""22522431863""",73 ABU ROAD LEA SCH SABON LUGBE FCT ABUJA,,"=""22502681""","=""44033278""","=""10937415""",Personal fixed term loan,2023-07-21 00:00:00,5000.00,0.00,,0.00,6000.00,NGN,0,Closed,2023-08-05 00:00:00,Performing
DAVID JOHN,"=""22522431863""",73 ABU ROAD LEA SCH SABON LUGBE FCT ABUJA,,"=""22502681""","=""44033278""","=""11045432""",Personal fixed term loan,2023-08-01 00:00:00,5000.00,0.00,,0.00,6075.00,NGN,0,Closed,2023-08-16 00:00:00,Performing
DAVID JOHN,"=""22522431863""",73 ABU ROAD LEA SCH SABON LUGBE FCT ABUJA,,"=""22502681""","=""44033278""","=""11081776""",Personal fixed term loan,2023-08-05 00:00:00,5000.00,0.00,,0.00,6075.00,NGN,0,Closed,2023-08-20 00:00:00,Performing
DAVID JOHN,"=""22522431863""",73 ABU ROAD LEA SCH SABON LUGBE FCT ABUJA,,"=""22502681""","=""44033278""","=""11166205""",Personal fixed term loan,2023-08-13 00:00:00,5000.00,0.00,,0.00,5985.00,NGN,0,Closed,2023-08-28 00:00:00,Performing
DAVID JOHN,"=""22522431863""",73 ABU ROAD LEA SCH SABON LUGBE FCT ABUJA,,"=""22502681""","=""44033278""","=""11211716""",Personal fixed term loan,2023-08-18 00:00:00,5000.00,0.00,,0.00,11970.00,NGN,0,Closed,2023-09-02 00:00:00,Performing
AMADIN GUOBADIA,"=""22261794360""",90 BENIN AGBOR ROAD IKPOBA HILL,,"=""22502724""","=""44919457""","=""RCL44919457""",Personal Overdraft,2024-10-07 00:00:00,16250.00,31.40,,,31.40,NGN,93,Open,,Lost
CHIAMAKA NWACHUKWU,,N0 12 MBONU OJIKE OWERRI IMO STATE,,"=""22503961""","=""44607936""","=""RCL44607936""",,2024-09-07 00:00:00,300000.00,217905.69,,217905.69,217915.59,NGN,4,Open,,Watchlist
PERFECT OMIEIBI,"=""22537167043""",NO 19 PATTERSON STREET AZUABIE PHC,,"=""22504062""","=""44872874""","=""RCL44872874""",Personal Overdraft,2024-11-23 00:00:00,30000.00,27997.77,,,27997.77,NGN,152,Open,,
MORUFAT TAJUDEEN,"=""22691242446""",11 ISOEGESANYOIBADAN MUYEGFILLING IBADAN OYO,,"=""22504295""","=""36835684""","=""11264151""",Personal fixed term loan,2023-08-23 00:00:00,5000.00,0.00,,0.00,6500.00,NGN,0,Closed,2023-09-22 00:00:00,Performing
MORUFAT TAJUDEEN,"=""22691242446""",11 ISOEGESANYOIBADAN MUYEGFILLING IBADAN OYO,,"=""22504295""","=""36835684""","=""11762965""",Personal fixed term loan,2023-10-10 00:00:00,5000.00,0.00,,0.00,6500.00,NGN,0,Closed,2023-11-09 00:00:00,Performing
TAIYE OMOTEHINSE,"=""22478128598""",20 WHITE HOUSE STREET ILAJE BUS STOP AJAH,,"=""22504857""","=""43332396""","=""10864260""",Personal fixed term loan,2023-07-13 00:00:00,5000.00,0.00,,0.00,6500.00,NGN,0,Closed,2023-08-12 00:00:00,Performing
TAIYE OMOTEHINSE,"=""22478128598""",20 WHITE HOUSE STREET ILAJE BUS STOP AJAH,,"=""22504857""","=""43332396""","=""11224746""",Personal fixed term loan,2023-08-19 00:00:00,22500.00,0.00,,0.00,29250.00,NGN,0,Closed,2023-09-18 00:00:00,Performing
TAIYE OMOTEHINSE,"=""22478128598""",20 WHITE HOUSE STREET ILAJE BUS STOP AJAH,,"=""22504857""","=""43332396""","=""11731557""",Personal fixed term loan,2023-10-07 00:00:00,15000.00,0.00,,0.00,18825.00,NGN,0,Closed,2023-10-22 00:00:00,Performing
MONDAY ADETARAMI,"=""22703081681""",IRELE,,"=""22505220""","=""38915539""","=""11206484""",Personal fixed term loan,2023-08-17 00:00:00,5000.00,0.00,,0.00,6500.00,NGN,0,Closed,2023-09-16 00:00:00,Performing
CYNTHIA OKEKE,"=""22307029001""",GWAGWAABUJAFCT,,"=""22505456""","=""43686092""","=""10870040""",Personal fixed term loan,2023-07-13 00:00:00,30000.00,0.00,,0.00,38400.00,NGN,0,Closed,2023-09-02 00:00:00,Performing
ITUNUOLUWA ONI,"=""22463808292""",6 OLOOLA AVENUE,,"=""22505758""","=""44107276""","=""11222263""",Personal fixed term loan,2023-08-19 00:00:00,20000.00,0.00,,0.00,24200.00,NGN,0,Closed,2023-09-24 00:00:00,Performing
OLUWADAMILOLA EMMANUEL,,FED POLY BIDA,,"=""22506844""","=""45569610""","=""RCL45569610""",Personal Overdraft,2024-07-16 00:00:00,200000.00,389964.46,,,389964.46,NGN,91,Open,,Lost
ADETOUN ADEPOJU,"=""22476059049""",A2 GAMES VILLAGE APO BUS STOP ABUJA,,"=""22507124""","=""45653349""","=""RCL45653349""",Personal Overdraft,2024-02-10 00:00:00,300000.00,124183.52,,124183.52,124183.52,NGN,65,Open,,Doubtful
SAHEED MUNIRU,"=""22526595662""",2 POWERLINE STREET AJASA COMMAND ALIMOSHO LAGOS,,"=""22507335""","=""37911409""","=""11228515""",Personal fixed term loan,2023-08-19 00:00:00,5000.00,0.00,,0.00,6150.00,NGN,0,Closed,2023-09-03 00:00:00,Performing
JAMES FASORANTI,,46 AVENUESHAGARI VILLAGEAKURE,,"=""22507567""","=""13962765""","=""RCL13962765""",Personal Overdraft,2024-09-18 00:00:00,57200.00,81041.88,,,81041.88,NGN,92,Open,,Lost
DAUDA EMMANUEL,,ZARIA   RD,,"=""22508130""","=""45763253""","=""RCL45763253""",Personal Overdraft,2024-02-12 00:00:00,300000.00,280316.52,,,280316.52,NGN,90,Open,,
PRECIOUS OVIAWE,"=""22605643798""",13 GODWIN AGHO STREET OFF USEH SEC SCH ROAD OFF MORAT ST U,,"=""22508751""","=""37461213""","=""11231518""",Personal fixed term loan,2023-08-20 00:00:00,20000.00,0.00,,0.00,26000.00,NGN,0,Closed,2023-10-16 00:00:00,Performing
COLE AGHAMWONYI,,NO 47 EDORODION STREETOFF OGIDA QUARTERSBENIN CITY,,"=""22513654""","=""42847823""","=""11172665""",Personal fixed term loan,2023-08-14 00:00:00,5000.00,0.00,,0.00,6500.00,NGN,0,Closed,2023-09-20 00:00:00,Performing
COLE AGHAMWONYI,,NO 47 EDORODION STREETOFF OGIDA QUARTERSBENIN CITY,,"=""22513654""","=""42847823""","=""11513736""",Personal fixed term loan,2023-09-17 00:00:00,15000.00,0.00,,0.00,19500.00,NGN,0,Closed,2023-10-17 00:00:00,Performing
COLE AGHAMWONYI,,NO 47 EDORODION STREETOFF OGIDA QUARTERSBENIN CITY,,"=""22513654""","=""42847823""","=""11691458""",Personal fixed term loan,2023-10-04 00:00:00,15000.00,0.00,,0.00,18225.00,NGN,0,Closed,2023-10-19 00:00:00,Performing
COLE AGHAMWONYI,,NO 47 EDORODION STREETOFF OGIDA QUARTERSBENIN CITY,,"=""22513654""","=""42847823""","=""11844761""",Personal fixed term loan,2023-10-18 00:00:00,20000.00,0.00,,0.00,26000.00,NGN,0,Closed,2023-12-07 00:00:00,Performing
NAPOLEON ONAGHINOR,,17 ENABULE STREET OFF AGBALEGBE STREET ISIHOR QUARTERS,,"=""22513901""","=""45446464""","=""RCL45446464""",,2025-04-17 00:00:00,100000.00,0.00,,,0.00,NGN,0,Open,,Performing
OMODOLAPO ADETILOYE,"=""22148602517""",ZONE A ROAD A NO 8 IFELAJULO STREET AKOMEJI AREA OFF AKANR,,"=""22514281""","=""45342976""","=""RCL45342976""",Personal Overdraft,2024-11-09 00:00:00,33346.71,56935.77,,0.00,48250.47,NGN,92,Open,,Lost
RUKAYAT SALAUDEEN,,14 ALAHU LATEEF ZONE 2 OLOMI ACADEMY OLUYOLE Oluyole Oyo S,,"=""22514359""","=""11776384""","=""RCL11776384""",Personal Overdraft,2025-05-17 00:00:00,215000.00,348841.79,,348842.00,0.00,NGN,2,Open,,Watchlist
IFEANY IGWE,,NO 20 AYEGBAMI STREET ILISAN REMO,,"=""22514395""","=""965027""","=""RCL965027""",Personal Overdraft,2024-10-20 00:00:00,65000.00,117946.54,,,117946.54,NGN,92,Open,,Lost
AONDOAKAA MASHIN,"=""22394117531""",Not Available,,"=""22514431""","=""13544004""","=""RCL13544004""",Personal Overdraft,2024-10-15 00:00:00,185000.00,0.00,,,0.00,NGN,0,Open,,Performing
ZAHARADDIN ALIYU,"=""22446186218""",1 NUMAN ROADOPP OSITE TEMBER SHEP BSTOPYOLA,,"=""22515272""","=""36836324""","=""10876546""",Personal fixed term loan,2023-07-14 00:00:00,5000.00,0.00,,0.00,6500.00,NGN,0,Closed,2023-08-27 00:00:00,Performing
ZAHARADDIN ALIYU,"=""22446186218""",1 NUMAN ROADOPP OSITE TEMBER SHEP BSTOPYOLA,,"=""22515272""","=""36836324""","=""12404091""",Personal fixed term loan,2023-12-12 00:00:00,5000.00,0.00,,0.00,6075.00,NGN,0,Closed,2023-12-27 00:00:00,Performing
ZAHARADDIN ALIYU,"=""22446186218""",1 NUMAN ROADOPP OSITE TEMBER SHEP BSTOPYOLA,,"=""22515272""","=""36836324""","=""13712069""",Personal fixed term loan,2024-05-02 00:00:00,10000.00,0.00,,0.00,13600.00,NGN,0,Closed,2024-06-01 00:00:00,Performing
ZAHARADDIN ALIYU,"=""22446186218""",1 NUMAN ROADOPP OSITE TEMBER SHEP BSTOPYOLA,,"=""22515272""","=""36836324""","=""14566222""",Personal fixed term loan,2024-08-06 00:00:00,15000.00,0.00,,0.00,20250.00,NGN,0,Closed,2024-09-05 00:00:00,Performing
ABASS WAHEED,"=""22486871732""",RXQ74X Oyo Nigeria,,"=""22515921""","=""36835840""","=""11050975""",Personal fixed term loan,2023-08-02 00:00:00,5000.00,0.00,,0.00,6150.00,NGN,0,Closed,2023-08-17 00:00:00,Performing
SAMUEL OLUSESAN,"=""22608736138""",Nigeria,,"=""22518470""","=""43661901""","=""10799549""",Personal fixed term loan,2023-07-05 00:00:00,5000.00,0.00,,0.00,6500.00,NGN,0,Closed,2023-08-04 00:00:00,Performing
AFEEZ LAWAL,"=""22686395702""",22 NEW ROADOFUMWENGBE TOWNOKADA JUNCTIONBENIN LAGOS EXPRES,,"=""22520154""","=""44082147""","=""10798375""",Personal fixed term loan,2023-07-05 00:00:00,5000.00,0.00,,0.00,6500.00,NGN,0,Closed,2023-08-04 00:00:00,Performing
MUBARAK ADEBAYO,"=""22423563166""",NO 24  OLAREWAJU STREET OKE ITUBU MODAKEKE IFE,,"=""22520348""","=""45021495""","=""RCL45021495""",Personal Overdraft,2024-11-19 00:00:00,75000.00,124203.94,,0.00,79360.04,NGN,94,Open,,Lost
DEBORAH OLATUNBOSUN,"=""22719450675""",198OYEMEKUN ROADAKURE,,"=""22520899""","=""44765454""","=""RCL44765454""",Personal Overdraft,2024-10-29 00:00:00,105000.00,33205.63,,,33205.63,NGN,92,Open,,Lost
CHINWEIJE OKWUONU,,UMUOKOMIRIR OBEHIE ASA UKWA WEST,,"=""22521123""","=""44627575""","=""RCL44627575""",Personal Overdraft,2025-08-05 00:00:00,85000.00,61412.50,,,61412.50,NGN,0,Open,,Performing
ABRAHAM BAMIDELE,"=""22355958319""",27 TAIWO ONIMOLE STREET ONI IMOLE,,"=""22522181""","=""42605940""","=""10867962""",Personal fixed term loan,2023-07-13 00:00:00,30000.00,0.00,,0.00,38400.00,NGN,0,Closed,2023-08-12 00:00:00,Performing
ABRAHAM BAMIDELE,"=""22355958319""",27 TAIWO ONIMOLE STREET ONI IMOLE,,"=""22522181""","=""42605940""","=""11162142""",Personal fixed term loan,2023-08-13 00:00:00,22500.00,0.00,,0.00,27337.50,NGN,0,Closed,2023-08-28 00:00:00,Performing
WASIU OYETAYO,,Not Available,,"=""22522804""","=""16581865""","=""RCL16581865""",Personal Overdraft,2024-10-18 00:00:00,200000.00,0.00,,,0.00,NGN,0,Open,,Performing
RAFIAT ABDULSALAM,,NO4 OLORUNTOSIN STREET BEHIND WEMA BANK,,"=""22522961""","=""44432323""","=""RCL44432323""",,2025-02-23 00:00:00,5000.00,0.00,,,0.00,NGN,0,Open,,Performing
BOLA OLAWENNE,"=""22495199108""",NO 2 IWAJOWA STREET ADEYEMI ONDO,,"=""22523231""","=""44838408""","=""RCL44838408""",Personal Overdraft,2024-06-26 00:00:00,112500.00,85992.33,,,85992.33,NGN,91,Open,,Lost
FRIDAY ONOJA,"=""22543497039""",AKPANYA,,"=""22523792""","=""44167327""","=""RCL44167327""",,2025-02-17 00:00:00,150000.00,2388.89,,0.00,1718.26,NGN,0,Open,,Performing
oluwadamilare oyetola,"=""22370192019""",11 akeyemi street alapere ketu lagos,,"=""22524076""","=""45106665""","=""RCL45106665""",Personal Overdraft,2024-10-28 00:00:00,79388.58,123646.07,,123646.07,102469.04,NGN,65,Open,,Doubtful
RILIWAN RAJI,,43 BOUNDARY ROAD AJEGUNLE,,"=""22524318""","=""44283403""","=""RCL44283403""",,2025-04-25 00:00:00,25000.00,0.00,,,0.00,NGN,0,Open,,Performing
MOHAMMED MOSURO,,3 SAMUEL AFUAPE STREET SANGO OTTA,,"=""22524617""","=""45457052""","=""RCL45457052""",Personal Overdraft,2024-11-18 00:00:00,65000.00,122637.66,,,122637.66,NGN,93,Open,,Lost
ISAH EGIDENDA,"=""22244556143""",1ST 200 HOUSING UNIT LOKOJA,,"=""22524927""","=""1539381""","=""RCL1539381""",Personal Overdraft,2024-09-10 00:00:00,190000.00,0.00,,0.00,0.00,NGN,0,Open,,Performing
RUFI AHMED,"=""22284746955""",ABDULKADIR LAWAL OPP 1ST GATE FCE OKENE Okene Kogi State,,"=""22525035""","=""45306538""","=""RCL45306538""",Personal Overdraft,2025-07-02 00:00:00,125000.00,191215.12,,0.00,109237.18,NGN,97,Open,,Lost
MICHAEL IROEGBULAM,,UMUOKOROUKWU AMAKAMA OLOKORO UMUAHIA,,"=""22525783""","=""45026770""","=""RCL45026770""",Personal Overdraft,2024-10-14 00:00:00,245000.00,0.00,,,0.00,NGN,0,Open,,Performing
ANTHONIA MOREBISE,,NO 8 IJIGBA 1 OFF KAJOLA ODA ROAD AKURE,,"=""22525853""","=""38168606""","=""RCL38168606""",Personal Overdraft,2024-02-11 00:00:00,260000.00,0.00,,,0.00,NGN,0,Open,,Performing
YAKUBU ABDULLAHI,"=""22224542195""",BB9 IBRAHIM TAIWO ROAD TUDUN WADA,,"=""22526260""","=""35003122""","=""RCL35003122""",Personal Overdraft,2024-04-06 00:00:00,100000.00,192598.55,,898.83,192598.55,NGN,91,Open,,Lost
OLAMIDE ONAOLAPO,"=""22706010103""",28 OLADIMEJI STREET BOLAJI AYOBO ALIMOSHO LAGOS,"=""2347059488139""","=""22527059""","=""43996413""","=""10811350""",Personal fixed term loan,2023-07-07 00:00:00,5000.00,0.00,,0.00,6500.00,NGN,0,Closed,2023-08-06 00:00:00,Performing
OLAMIDE ONAOLAPO,"=""22706010103""",28 OLADIMEJI STREET BOLAJI AYOBO ALIMOSHO LAGOS,"=""2347059488139""","=""22527059""","=""43996413""","=""10952886""",Personal fixed term loan,2023-07-22 00:00:00,2500.00,0.00,,0.00,2992.50,NGN,0,Closed,2023-08-06 00:00:00,Performing
OLAMIDE ONAOLAPO,"=""22706010103""",28 OLADIMEJI STREET BOLAJI AYOBO ALIMOSHO LAGOS,"=""2347059488139""","=""22527059""","=""43996413""","=""11009792""",Personal fixed term loan,2023-07-28 00:00:00,2500.00,0.00,,0.00,6325.00,NGN,0,Closed,2023-09-11 00:00:00,Performing
OLAMIDE ONAOLAPO,"=""22706010103""",28 OLADIMEJI STREET BOLAJI AYOBO ALIMOSHO LAGOS,"=""2347059488139""","=""22527059""","=""43996413""","=""11315217""",Personal fixed term loan,2023-08-29 00:00:00,10000.00,0.00,,0.00,10344.00,NGN,0,Closed,2023-10-28 00:00:00,Performing
OLAMIDE ONAOLAPO,"=""22706010103""",28 OLADIMEJI STREET BOLAJI AYOBO ALIMOSHO LAGOS,"=""2347059488139""","=""22527059""","=""43996413""","=""11825244""",Personal fixed term loan,2023-10-16 00:00:00,30000.00,0.00,,0.00,16133.00,NGN,0,Closed,2024-01-14 00:00:00,Performing
FAVOUR DONATUS,"=""22513571462""",NO 17 OHANKU ROAD BY CAMEROON RD ABA,,"=""22527779""","=""42850090""","=""RCL42850090""",Personal Overdraft,2024-11-25 00:00:00,54458.54,54221.91,,,54221.91,NGN,1,Open,,
ADEMOLA LASISI,"=""22218159020""",33 JIMOH BALOGUN STR KETU,,"=""22528286""","=""45645946""","=""RCL45645946""",Personal Overdraft,2024-08-23 00:00:00,189669.56,223775.37,,0.00,143730.48,NGN,97,Open,,Lost
OLAWUNMI OLAIDE,"=""22430522406""",10 AKOGUN STREET ILE IFE LOSUN STATE,"=""07026165394""","=""22528334""","=""43450123""","=""11219960""",Personal fixed term loan,2023-08-18 00:00:00,7500.00,0.00,,0.00,9675.00,NGN,0,Closed,2023-09-17 00:00:00,Performing
OLAWUNMI OLAIDE,"=""22430522406""",10 AKOGUN STREET ILE IFE LOSUN STATE,"=""07026165394""","=""22528334""","=""43450123""","=""11395036""",Personal fixed term loan,2023-09-05 00:00:00,7500.00,0.00,,0.00,9750.00,NGN,0,Closed,2023-10-05 00:00:00,Performing
TEMITAYO ADEMOLA,,NO 7 DEMURIN STREET KETU LAGOS Akoko NorthEast Ondo State,,"=""22528606""","=""1449187""","=""RCL1449187""",,2025-06-27 00:00:00,80000.00,79040.00,,,79040.00,NGN,0,Open,,Performing
OLALEKAN ODUGBESAN,,PLOT 2 OLUWAGBENGA CLOSE DYNAMIC ESTATE OLAMBE,,"=""22529454""","=""45350352""","=""RCL45350352""",Personal Overdraft,2024-12-24 00:00:00,65000.00,58946.66,,,58946.66,NGN,32,Open,,
OLAJUMOKE FARUWA,,NO 18 ORELAJA LANE OFF ELEGUN STREET IJEBU ODEOGUN STATE,,"=""22530704""","=""45532421""","=""RCL45532421""",Personal Overdraft,2025-02-26 00:00:00,225000.00,0.00,,,0.00,NGN,0,Open,,Performing
SOLOMON ADEJOBI,"=""22143563873""",18JOHN BISAN STREET ADEYANAGBADO IJAIYE,,"=""22530765""","=""44552457""","=""RCL44552457""",Personal Overdraft,2024-08-11 00:00:00,175000.00,240106.26,,,240106.26,NGN,91,Open,,Lost
SUSSY JOHN,"=""22169752516""",IJEBU ODE NEW GUEST HOUSE,,"=""22531497""","=""42752117""","=""RCL42752117""",Personal Overdraft,2024-11-07 00:00:00,70000.00,0.00,,0.00,0.00,NGN,0,Open,,Open
EMMANUEL WANI,"=""22477419855""",120 JEREMIAH USENI ROAD NEW KUTUNKU GWAGWALAJA,,"=""22533597""","=""43674319""","=""11107858""",Personal fixed term loan,2023-08-07 00:00:00,5000.00,0.00,,0.00,6600.00,NGN,0,Closed,2023-09-06 00:00:00,Performing
MUIZ BELLO,"=""22466476018""",24 Owutu Isawo Rd Lagos Mainland 104101 Lagos Nigeria,,"=""22534035""","=""36275648""","=""11185337""",Personal fixed term loan,2023-08-15 00:00:00,5000.00,0.00,,0.00,6500.00,NGN,0,Closed,2023-09-14 00:00:00,Performing
FEMI OLOPE,,NO 8OLAJIGBA QUARTERSOFF AKUREILESHA ROADAKURE,,"=""22535684""","=""41668620""","=""RCL41668620""",Personal Overdraft,2025-06-23 00:00:00,40000.00,34740.00,,,34740.00,NGN,0,Open,,Performing
CHIDI NWADIKE,"=""22535123702""",9 NGWO STREET ABAKPA NIKE ENUGU,,"=""22540848""","=""45065520""","=""RCL45065520""",Personal Overdraft,2024-09-28 00:00:00,94500.00,138960.43,,,138960.43,NGN,91,Open,,Lost
ABIKE OLAMIDUN,"=""22235136493""",23A AYEGUNLE STREET AKURE,,"=""22541762""","=""42830059""","=""10773979""",Personal fixed term loan,2023-07-03 00:00:00,5000.00,0.00,,0.00,6500.00,NGN,0,Closed,2023-08-02 00:00:00,Performing
ABIKE OLAMIDUN,"=""22235136493""",23A AYEGUNLE STREET AKURE,,"=""22541762""","=""42830059""","=""11053253""",Personal fixed term loan,2023-08-02 00:00:00,10000.00,0.00,,0.00,13000.00,NGN,0,Closed,2023-09-01 00:00:00,Performing
ABIKE OLAMIDUN,"=""22235136493""",23A AYEGUNLE STREET AKURE,,"=""22541762""","=""42830059""","=""11355397""",Personal fixed term loan,2023-09-01 00:00:00,10000.00,0.00,,0.00,13000.00,NGN,0,Closed,2023-10-01 00:00:00,Performing
HAPPINESS UDEH,"=""22519422933""",15 AKINDOYA STREET MARIAN ESTATE IKOTUN,,"=""22543490""","=""42898010""","=""10767977""",Personal fixed term loan,2023-07-02 00:00:00,2500.00,0.00,,0.00,3000.00,NGN,0,Closed,2023-07-17 00:00:00,Performing
HAPPINESS UDEH,"=""22519422933""",15 AKINDOYA STREET MARIAN ESTATE IKOTUN,,"=""22543490""","=""42898010""","=""10786556""",Personal fixed term loan,2023-07-04 00:00:00,2500.00,0.00,,0.00,3037.50,NGN,0,Closed,2023-07-19 00:00:00,Performing
HAPPINESS UDEH,"=""22519422933""",15 AKINDOYA STREET MARIAN ESTATE IKOTUN,,"=""22543490""","=""42898010""","=""10795981""",Personal fixed term loan,2023-07-05 00:00:00,2500.00,0.00,,0.00,3037.50,NGN,0,Closed,2023-07-20 00:00:00,Performing
HAPPINESS UDEH,"=""22519422933""",15 AKINDOYA STREET MARIAN ESTATE IKOTUN,,"=""22543490""","=""42898010""","=""10808973""",Personal fixed term loan,2023-07-06 00:00:00,2500.00,0.00,,0.00,3250.00,NGN,0,Closed,2023-08-05 00:00:00,Performing
HAPPINESS UDEH,"=""22519422933""",15 AKINDOYA STREET MARIAN ESTATE IKOTUN,,"=""22543490""","=""42898010""","=""10880469""",Personal fixed term loan,2023-07-14 00:00:00,2500.00,0.00,,0.00,3037.50,NGN,0,Closed,2023-07-29 00:00:00,Performing
HAPPINESS UDEH,"=""22519422933""",15 AKINDOYA STREET MARIAN ESTATE IKOTUN,,"=""22543490""","=""42898010""","=""10916097""",Personal fixed term loan,2023-07-19 00:00:00,2500.00,0.00,,0.00,3037.50,NGN,0,Closed,2023-08-03 00:00:00,Performing
HAPPINESS UDEH,"=""22519422933""",15 AKINDOYA STREET MARIAN ESTATE IKOTUN,,"=""22543490""","=""42898010""","=""11056742""",Personal fixed term loan,2023-08-02 00:00:00,2500.00,0.00,,0.00,3187.50,NGN,0,Closed,2023-09-01 00:00:00,Performing
HAPPINESS UDEH,"=""22519422933""",15 AKINDOYA STREET MARIAN ESTATE IKOTUN,,"=""22543490""","=""42898010""","=""11350829""",Personal fixed term loan,2023-09-01 00:00:00,40000.00,0.00,,0.00,52000.00,NGN,0,Closed,2023-10-01 00:00:00,Performing
HAPPINESS UDEH,"=""22519422933""",15 AKINDOYA STREET MARIAN ESTATE IKOTUN,,"=""22543490""","=""42898010""","=""11796808""",Personal fixed term loan,2023-10-13 00:00:00,20000.00,0.00,,0.00,24300.00,NGN,0,Closed,2023-10-28 00:00:00,Performing
HAPPINESS UDEH,"=""22519422933""",15 AKINDOYA STREET MARIAN ESTATE IKOTUN,,"=""22543490""","=""42898010""","=""11966242""",Personal fixed term loan,2023-10-30 00:00:00,25000.00,0.00,,0.00,32500.00,NGN,0,Closed,2023-11-29 00:00:00,Performing
ESEH ASUQUO,,6 UCHE EZEKEOHA CLOSE IFAKO,,"=""22544631""","=""44998008""","=""RCL44998008""",Personal Overdraft,2024-10-16 00:00:00,83118.27,77720.34,,77720.34,83314.64,NGN,4,Open,,Watchlist
SHOLA ADENIYI,,62 SURULERE STREET  ONIKANGA  AYOBO,,"=""22544705""","=""21727960""","=""RCL21727960""",Personal Overdraft,2025-04-23 00:00:00,55000.00,68750.00,,,68750.00,NGN,1,Open,,
KELVIN ONOJA,"=""22330301288""",ONOJA OKEYS COMPUMUOPU AMACHALLAENUGU EZIKE,,"=""22545180""","=""38715524""","=""10769307""",Personal fixed term loan,2023-07-03 00:00:00,2500.00,0.00,,0.00,3000.00,NGN,0,Closed,2023-07-18 00:00:00,Performing
NELSON NWACHUKWU,"=""22354657743""",ANAM CRESCENT ODUKE ASABA,,"=""22545394""","=""38109820""","=""10928991""",Personal fixed term loan,2023-07-20 00:00:00,5000.00,0.00,,0.00,6000.00,NGN,0,Closed,2023-08-04 00:00:00,Performing
NELSON NWACHUKWU,"=""22354657743""",ANAM CRESCENT ODUKE ASABA,,"=""22545394""","=""38109820""","=""11050765""",Personal fixed term loan,2023-08-02 00:00:00,5000.00,0.00,,0.00,6075.00,NGN,0,Closed,2023-08-17 00:00:00,Performing
NELSON NWACHUKWU,"=""22354657743""",ANAM CRESCENT ODUKE ASABA,,"=""22545394""","=""38109820""","=""11186949""",Personal fixed term loan,2023-08-15 00:00:00,30000.00,0.00,,0.00,36450.00,NGN,0,Closed,2023-08-30 00:00:00,Performing
NELSON NWACHUKWU,"=""22354657743""",ANAM CRESCENT ODUKE ASABA,,"=""22545394""","=""38109820""","=""11322457""",Personal fixed term loan,2023-08-29 00:00:00,25000.00,0.00,,0.00,32500.00,NGN,0,Closed,2023-09-28 00:00:00,Performing
JULIUS ROBERT,,04 OTUMBA STREET LEKKI LAGOS,,"=""22545569""","=""1670688""","=""RCL1670688""",Personal Overdraft,2024-09-28 00:00:00,300000.00,0.00,,0.00,0.00,NGN,0,Open,,Performing
BROWN OMOWARE,,FLAT 564 ABESAN ESTATE IPAJA LAGOS,,"=""22545673""","=""44315172""","=""RCL44315172""",Personal Overdraft,2024-11-28 00:00:00,300000.00,0.00,,,0.00,NGN,0,Open,,Performing
JOSEPHINE AMENGAI,"=""22218606043""",NO 71 ABU KING  SHULUWA ROAD AKPEHE LOGO  2 MAKURDI,,"=""22546235""","=""44955168""","=""RCL44955168""",Personal Overdraft,2025-03-28 00:00:00,110000.00,167259.76,,167259.76,100558.38,NGN,90,Open,,Lost
EDITH EZEORA,"=""22578443377""",29 LOMUWA STREET PLEASURE BUSTOP,,"=""22546284""","=""45281261""","=""RCL45281261""",Personal Overdraft,2025-03-14 00:00:00,13337.78,11097.15,,,11097.15,NGN,0,Open,,
AYOBAMI ADESOYE,"=""22547202011""",9 ODO ONA ELEWE BS IBADAN,,"=""22546330""","=""43381829""","=""10777151""",Personal fixed term loan,2023-07-03 00:00:00,1500.00,0.00,,0.00,1800.00,NGN,0,Closed,2023-07-18 00:00:00,Performing
BEAUTY BROWN,,CBQ 34 FLAT13 IKEJA MILITARY CANTONMENT IKEJA,,"=""22546815""","=""45581112""","=""RCL45581112""",,2025-04-17 00:00:00,50000.00,83882.75,,,83882.75,NGN,45,Open,,Sub standard
Favour Emmanuel,"=""22408308249""",1 eremosele avenue langbasa town ajah,,"=""22546903""","=""28394650""","=""RCL28394650""",Personal Overdraft,2024-12-06 00:00:00,85000.00,37789.07,,37789.07,48777.19,NGN,0,Open,,Performing
RODOLPHE GNIMASSOU,"=""22719935572""",BEHIND TOWN HALL UGBOLOKPOSO,,"=""22547231""","=""42965676""","=""10862816""",Personal fixed term loan,2023-07-12 00:00:00,5000.00,0.00,,0.00,6000.00,NGN,0,Closed,2023-08-13 00:00:00,Performing
RODOLPHE GNIMASSOU,"=""22719935572""",BEHIND TOWN HALL UGBOLOKPOSO,,"=""22547231""","=""42965676""","=""13253752""",Personal fixed term loan,2024-03-17 00:00:00,10000.00,0.00,,0.00,13600.00,NGN,0,Closed,2024-04-01 00:00:00,Performing
RODOLPHE GNIMASSOU,"=""22719935572""",BEHIND TOWN HALL UGBOLOKPOSO,,"=""22547231""","=""42965676""","=""13408660""",Personal fixed term loan,2024-04-01 00:00:00,12500.00,0.00,,0.00,16875.00,NGN,0,Closed,2024-05-01 00:00:00,Performing
ULAETO ESHIET,"=""22445160765""",6 OGUNJOBI STREET PLAZA BUS STOP SANGO,,"=""22547594""","=""42153072""","=""11058900""",Personal fixed term loan,2023-08-02 00:00:00,5000.00,0.00,,0.00,6000.00,NGN,0,Closed,2023-08-17 00:00:00,Performing
ULAETO ESHIET,"=""22445160765""",6 OGUNJOBI STREET PLAZA BUS STOP SANGO,,"=""22547594""","=""42153072""","=""11133346""",Personal fixed term loan,2023-08-10 00:00:00,5000.00,0.00,,0.00,6500.00,NGN,0,Closed,2023-09-09 00:00:00,Performing
HANNAH ADENIRAN,"=""22526649930""",4 LADIPO AVENUE LONLO BUS STOP IJU ISHAGA,,"=""22548250""","=""44000361""","=""10795453""",Personal fixed term loan,2023-07-05 00:00:00,80000.00,0.00,,0.00,36000.00,NGN,0,Closed,2023-10-03 00:00:00,Performing
HANNAH ADENIRAN,"=""22526649930""",4 LADIPO AVENUE LONLO BUS STOP IJU ISHAGA,,"=""22548250""","=""44000361""","=""11570985""",Personal fixed term loan,2023-09-23 00:00:00,25000.00,0.00,,0.00,29925.00,NGN,0,Closed,2023-10-08 00:00:00,Performing
STEPHINE EMENIKE,"=""22623242007""",NO 22 ADIKPO STREET WADATA,,"=""22548462""","=""44833957""","=""RCL44833957""",Personal Overdraft,2024-11-18 00:00:00,25000.00,4250.00,,,4250.00,NGN,0,Open,,Performing
GODKNOWS TODO,"=""22185102029""",GODS KINGDOM MISSIONUDU ROAD,,"=""22548557""","=""38450953""","=""11190190""",Personal fixed term loan,2023-08-15 00:00:00,40000.00,0.00,,0.00,48400.00,NGN,0,Closed,2023-09-14 00:00:00,Performing
GODKNOWS TODO,"=""22185102029""",GODS KINGDOM MISSIONUDU ROAD,,"=""22548557""","=""38450953""","=""13364390""",Personal fixed term loan,2024-03-28 00:00:00,20000.00,0.00,,0.00,24374.00,NGN,0,Closed,2024-05-18 00:00:00,Performing
USMAN BALOGUN,"=""22592339470""",3 Eseosa Uwa Rd lakowe phase 2 105101 Lagos Nigeria,,"=""22548824""","=""42267459""","=""11114150""",Personal fixed term loan,2023-08-08 00:00:00,5000.00,0.00,,0.00,6650.00,NGN,0,Closed,2023-09-07 00:00:00,Performing
AZEEZ BISIRIYU,"=""22453847737""",30 OLUSHOLA FARONBI STR IKOTUN ALIMOSHO LAGOS,,"=""22549650""","=""5697514""","=""11266879""",Personal fixed term loan,2023-08-24 00:00:00,5000.00,0.00,,0.00,6150.00,NGN,0,Closed,2023-09-08 00:00:00,Performing
AZEEZ BISIRIYU,"=""22453847737""",30 OLUSHOLA FARONBI STR IKOTUN ALIMOSHO LAGOS,,"=""22549650""","=""5697514""","=""11425892""",Personal fixed term loan,2023-09-08 00:00:00,5000.00,0.00,,0.00,6650.00,NGN,0,Closed,2023-10-08 00:00:00,Performing
CHELTER OKEH,,Individual,,"=""22550374""","=""45341856""","=""RCL45341856""",Personal Overdraft,2024-10-25 00:00:00,101854.17,209017.39,,,209017.39,NGN,96,Open,,Lost
NWANYIEZE SUNDAY,"=""22603570533""",NO 56 RUMOWHA ENEKA,,"=""22552075""","=""37521582""","=""11183905""",Personal fixed term loan,2023-08-15 00:00:00,7500.00,0.00,,0.00,9900.00,NGN,0,Closed,2023-09-14 00:00:00,Performing
DANIEL MEZE,,22ND OWESSEI STREET KWALE,,"=""22552085""","=""24779751""","=""RCL24779751""",Personal Overdraft,2025-01-31 00:00:00,300000.00,96155.91,,0.00,154993.92,NGN,0,Open,,Performing
GBENGA EGBEBI,"=""22226503361""",708 OPEKI ROAD AKINYELE BSTOP IPAJA,,"=""22552739""","=""43194067""","=""11262884""",Personal fixed term loan,2023-08-23 00:00:00,5000.00,0.00,,0.00,6600.00,NGN,0,Closed,2023-09-22 00:00:00,Performing
OGHENEVWOKE IKPERHA,"=""22629357875""",REDEEMED STREET OFF UVIAMA ROAD AGBARHO,,"=""22553020""","=""45381591""","=""RCL45381591""",Personal Overdraft,2024-08-13 00:00:00,54450.90,102597.64,,,102597.64,NGN,91,Open,,Lost
CHRISTIAN AKA,"=""22216076862""",AMATA MGBOWO Nsukka Enugu State,,"=""22555364""","=""11627407""","=""RCL11627407""",Personal Overdraft,2024-09-26 00:00:00,190000.00,0.00,,0.00,0.00,NGN,0,Open,,Performing
BABATUNDE BODUNRIN,"=""22197198991""",Nigeria,,"=""22555376""","=""42450561""","=""11249368""",Personal fixed term loan,2023-08-22 00:00:00,7500.00,0.00,,0.00,9900.00,NGN,0,Closed,2023-09-21 00:00:00,Performing
BABATUNDE BODUNRIN,"=""22197198991""",Nigeria,,"=""22555376""","=""42450561""","=""11653510""",Personal fixed term loan,2023-10-01 00:00:00,10000.00,0.00,,0.00,13400.00,NGN,0,Closed,2023-10-31 00:00:00,Performing
BABATUNDE BODUNRIN,"=""22197198991""",Nigeria,,"=""22555376""","=""42450561""","=""11989347""",Personal fixed term loan,2023-11-01 00:00:00,10000.00,0.00,,0.00,13400.00,NGN,0,Closed,2023-12-01 00:00:00,Performing
NELSON SUNDAY,"=""22424337757""",LEMNA ROAD 8MILES CALABAR OKON EKANEM COMPOUND,,"=""22555596""","=""42696336""","=""10788511""",Personal fixed term loan,2023-07-04 00:00:00,5000.00,0.00,,0.00,6000.00,NGN,0,Closed,2023-07-19 00:00:00,Performing
EMMANUEL OGUNTUGA,,31 OBALODU STREET OFF COKER ROAD ILUPEJU MUSHIN LAGOS MAIN,,"=""22555597""","=""704634""","=""RCL704634""",Personal Overdraft,2025-05-24 00:00:00,300000.00,0.00,,,0.00,NGN,0,Open,,Performing
AHMED ABOLARINWA,"=""22426108537""",F59R9JJ Ojo 102101 Lagos Nigeria,,"=""22556233""","=""37220204""","=""10891938""",Personal fixed term loan,2023-07-16 00:00:00,5000.00,0.00,,0.00,6000.00,NGN,0,Closed,2023-07-31 00:00:00,Performing
SARAH KALABIRI,"=""22588984637""",NO 49 CHRISTIAN DAVID ROADIJEGUN EGBASATELLITE TOWN,,"=""22558597""","=""42262763""","=""10793593""",Personal fixed term loan,2023-07-05 00:00:00,5000.00,0.00,,0.00,6500.00,NGN,0,Closed,2023-08-04 00:00:00,Performing
ESTHER ADEYEMI,"=""22496516786""",35,,"=""22558610""","=""43782142""","=""10923037""",Personal fixed term loan,2023-07-19 00:00:00,5000.00,0.00,,0.00,6500.00,NGN,0,Closed,2023-08-18 00:00:00,Performing
ADEYINKA ADEBOWALE,"=""22493912279""",OLAOLUWA FAPOUNDA STREETMACAULLAY BAYEKU IKORODU,,"=""22559564""","=""37856725""","=""10867148""",Personal fixed term loan,2023-07-13 00:00:00,5000.00,0.00,,0.00,6000.00,NGN,0,Closed,2023-07-28 00:00:00,Performing
OLUSOLA ALIADE,,IDI AJE ALASE IBADAN,,"=""22559666""","=""45225248""","=""RCL45225248""",Personal Overdraft,2024-11-30 00:00:00,35338.14,50670.41,,,50670.41,NGN,19,Open,,Watchlist
SUNDAY AUGUSTINE,,12 ADEFAYE STREET IGBO EFON LEKKI LAGOS,"=""2348084312368""","=""22559991""","=""44537436""","=""RCL44537436""",Personal Overdraft,2024-10-18 00:00:00,120000.00,211521.17,,211521.17,124913.38,NGN,138,Open,,Lost
RAHMAN OSENI,"=""22331913998""",12 ADENLE STREET OKUNOLA ROAD EGBEDA LAGOS,,"=""22560015""","=""44664145""","=""RCL44664145""",Personal Overdraft,2024-09-28 00:00:00,57479.37,6500.36,,6500.36,6500.36,NGN,65,Open,,Doubtful
KEHINDE SIJUADE,,1 VERENABLE ADETAYO SIJUADE STREETILEIFEIFEDAPO AREA OKEOG,,"=""22560390""","=""3451524""","=""RCL3451524""",Personal Overdraft,2025-06-02 00:00:00,105000.00,158922.42,,158922.42,134005.86,NGN,65,Open,,Doubtful
KAZEEM BADMUS,"=""22191934766""",BLK 1 FLAT I andD ILEWE META ESTATE ISOLO,,"=""22560541""","=""44758920""","=""RCL44758920""",Personal Overdraft,2025-04-26 00:00:00,300000.00,0.00,,0.00,131000.00,NGN,0,Open,,Performing
ALLBETTER AGBOR,"=""22504025260""",24 BAALE STR MOBA ILAJE BSTOP AJAH,,"=""22562045""","=""43678636""","=""10866890""",Personal fixed term loan,2023-07-13 00:00:00,20000.00,0.00,,0.00,25800.00,NGN,0,Closed,2023-08-12 00:00:00,Performing
ALLBETTER AGBOR,"=""22504025260""",24 BAALE STR MOBA ILAJE BSTOP AJAH,,"=""22562045""","=""43678636""","=""11295547""",Personal fixed term loan,2023-08-26 00:00:00,10000.00,0.00,,0.00,13000.00,NGN,0,Closed,2023-09-25 00:00:00,Performing
ALLBETTER AGBOR,"=""22504025260""",24 BAALE STR MOBA ILAJE BSTOP AJAH,,"=""22562045""","=""43678636""","=""11676331""",Personal fixed term loan,2023-10-03 00:00:00,17500.00,0.00,,0.00,22750.00,NGN,0,Closed,2023-11-02 00:00:00,Performing
ALLBETTER AGBOR,"=""22504025260""",24 BAALE STR MOBA ILAJE BSTOP AJAH,,"=""22562045""","=""43678636""","=""13131566""",Personal fixed term loan,2024-03-03 00:00:00,10000.00,0.00,,0.00,13600.00,NGN,0,Closed,2024-04-02 00:00:00,Performing
ALLBETTER AGBOR,"=""22504025260""",24 BAALE STR MOBA ILAJE BSTOP AJAH,,"=""22562045""","=""43678636""","=""13428330""",Personal fixed term loan,2024-04-03 00:00:00,20000.00,0.00,,0.00,26286.00,NGN,0,Closed,2024-05-03 00:00:00,Performing
ALLBETTER AGBOR,"=""22504025260""",24 BAALE STR MOBA ILAJE BSTOP AJAH,,"=""22562045""","=""43678636""","=""13789041""",Personal fixed term loan,2024-05-10 00:00:00,20000.00,0.00,,0.00,26058.00,NGN,0,Closed,2024-06-09 00:00:00,Performing
JASON ELOGBO,,1 LIASU STR IYANA ERA,,"=""22562667""","=""43946701""","=""RCL43946701""",Personal Overdraft,2025-05-02 00:00:00,45000.00,55972.62,,,55972.62,NGN,93,Open,,
DAVID AZODOGBEHOU,"=""22272771404""",9 ALEXANDRA CLOSE IKOYI,,"=""22562708""","=""44502045""","=""RCL44502045""",Personal Overdraft,2024-11-10 00:00:00,75000.00,35354.70,,,35354.70,NGN,61,Open,,Doubtful
CHIDIEBERE AGIDE,"=""22450267738""",2 UGBOREGIN STR ODOGUNYAN BSTOP IKORODU,,"=""22562847""","=""44069415""","=""10989878""",Personal fixed term loan,2023-07-26 00:00:00,50000.00,0.00,,0.00,59000.00,NGN,0,Closed,2023-08-10 00:00:00,Performing
CHIDIEBERE AGIDE,"=""22450267738""",2 UGBOREGIN STR ODOGUNYAN BSTOP IKORODU,,"=""22562847""","=""44069415""","=""11649293""",Personal fixed term loan,2023-09-30 00:00:00,50000.00,0.00,,0.00,36980.00,NGN,0,Closed,2023-11-29 00:00:00,Performing
CHIDIEBERE AGIDE,"=""22450267738""",2 UGBOREGIN STR ODOGUNYAN BSTOP IKORODU,,"=""22562847""","=""44069415""","=""12434115""",Personal fixed term loan,2023-12-15 00:00:00,50000.00,0.00,,0.00,59500.00,NGN,0,Closed,2023-12-30 00:00:00,Performing
CHIDIEBERE AGIDE,"=""22450267738""",2 UGBOREGIN STR ODOGUNYAN BSTOP IKORODU,,"=""22562847""","=""44069415""","=""12770666""",Personal fixed term loan,2024-01-22 00:00:00,50000.00,0.00,,0.00,62250.00,NGN,0,Closed,2024-02-06 00:00:00,Performing
PHILIP AJAYI,,24 RAIMI OGUNDIPE STREET OBAWOLE,,"=""22563827""","=""14525648""","=""RCL14525648""",Personal Overdraft,2024-09-23 00:00:00,78000.00,112224.34,,112224.34,94663.06,NGN,65,Open,,Doubtful
Ifeyinwa Mama,,19 SERRIKI STREEET BARIGA Enugu State nigeria Shomolu Lago,,"=""22563901""","=""27864296""","=""RCL27864296""",Personal Overdraft,2024-11-08 00:00:00,120000.00,40077.89,,0.00,28059.61,NGN,0,Open,,Performing
PATRICK OGUNSULIRE,,6 IKOSI ROAD OREGUN,,"=""22564524""","=""20314701""","=""RCL20314701""",Personal Overdraft,2025-02-26 00:00:00,365000.00,429237.57,,,429237.57,NGN,16,Open,,Watchlist
ETUKA OMALE,,14 AJISOLA OLADAPO STREET OPPOSITE OJO BARRACK LAGOS,,"=""22564588""","=""45343563""","=""RCL45343563""",Personal Overdraft,2025-02-15 00:00:00,83952.33,18000.00,,0.00,0.00,NGN,0,Open,,Performing
TOBILOBA ANIFOWOSE,"=""22448535186""",12 AKINLAGUN ST POWERLINE OKO OBA AGEGE LAGOS,,"=""22564962""","=""42195200""","=""11327745""",Personal fixed term loan,2023-08-30 00:00:00,2500.00,0.00,,0.00,3075.00,NGN,0,Closed,2023-09-14 00:00:00,Performing
TOBILOBA ANIFOWOSE,"=""22448535186""",12 AKINLAGUN ST POWERLINE OKO OBA AGEGE LAGOS,,"=""22564962""","=""42195200""","=""11434288""",Personal fixed term loan,2023-09-09 00:00:00,2500.00,0.00,,0.00,3087.50,NGN,0,Closed,2023-09-24 00:00:00,Performing
ABDULLAHI JUBRIN,"=""22499995117""",AJAH ST,,"=""22565353""","=""44097925""","=""11332066""",Personal fixed term loan,2023-08-30 00:00:00,5000.00,0.00,,0.00,6100.00,NGN,0,Closed,2023-09-14 00:00:00,Performing
ABDULLAHI JUBRIN,"=""22499995117""",AJAH ST,,"=""22565353""","=""44097925""","=""11481534""",Personal fixed term loan,2023-09-14 00:00:00,22500.00,0.00,,0.00,28237.50,NGN,0,Closed,2023-09-29 00:00:00,Performing
ABDULLAHI JUBRIN,"=""22499995117""",AJAH ST,,"=""22565353""","=""44097925""","=""11615368""",Personal fixed term loan,2023-09-27 00:00:00,45000.00,0.00,,0.00,60300.00,NGN,0,Closed,2023-10-27 00:00:00,Performing
JOSEPH AKINNIMI,"=""22660881575""",1 KAYINSOLA EGBEDINA STREET AMIKANLE ALAGBADO BS ALIMOSH,,"=""22567973""","=""43312636""","=""11108009""",Personal fixed term loan,2023-08-07 00:00:00,5000.00,0.00,,0.00,6500.00,NGN,0,Closed,2023-09-06 00:00:00,Performing
ANGELA ELETU,,19 ELETU STREET CONTAINER BUS STOP LAGOS,,"=""22569569""","=""43065932""","=""10803529""",Personal fixed term loan,2023-07-06 00:00:00,5000.00,0.00,,0.00,6000.00,NGN,0,Closed,2023-07-21 00:00:00,Performing
GIDEON UBONG,"=""22167035554""",BANIGO CLOSEMACAULEY COMMUNITYBONNY ISLAND,,"=""22569800""","=""43582337""","=""10935020""",Personal fixed term loan,2023-07-20 00:00:00,5000.00,0.00,,0.00,6500.00,NGN,0,Closed,2023-08-19 00:00:00,Performing
BABATUNDE OJUBANIRE,"=""22481494055""",19 MINISTRY OF COMMUNCATIO PT IPAJA ALIMOSHO LAGOS,,"=""22570102""","=""42186051""","=""11066701""",Personal fixed term loan,2023-08-03 00:00:00,2500.00,0.00,,0.00,3000.00,NGN,0,Closed,2023-08-18 00:00:00,Performing
MOJISOLA BENJAMIN,,101 IWAYA RD MAKOKO,,"=""22570288""","=""43900146""","=""RCL43900146""",Personal Overdraft,2024-03-10 00:00:00,105000.00,148257.57,,,148257.57,NGN,96,Open,,Lost
MERCY OKON,,ROAD 8 EGBATEDO OFF ALEXANDRA APATAIBADAN,,"=""22570877""","=""44614711""","=""RCL44614711""",,2025-07-17 00:00:00,30000.00,0.00,,0.00,0.00,NGN,0,Open,,Performing
JEREMIAH INALU,,31 ABIOLA OLANIYAN STREET AYOBO IPAJA,"=""08174720080""","=""22571434""","=""35475012""","=""RCL35475012""",Personal Overdraft,2024-10-22 00:00:00,125000.00,183614.95,,183614.95,131253.14,NGN,96,Open,,Lost
SIKIRU FADARE,"=""22200217514""",13 SHORETTRE STREET OTTA RD AGEGE,,"=""22571520""","=""43984954""","=""10821810""",Personal fixed term loan,2023-07-08 00:00:00,20000.00,0.00,,0.00,25800.00,NGN,0,Closed,2023-08-07 00:00:00,Performing
SIKIRU FADARE,"=""22200217514""",13 SHORETTRE STREET OTTA RD AGEGE,,"=""22571520""","=""43984954""","=""11102164""",Personal fixed term loan,2023-08-07 00:00:00,20000.00,0.00,,0.00,26000.00,NGN,0,Closed,2023-09-06 00:00:00,Performing
MICHAEL IBIAM,"=""22261111235""",AFIKPO HOUSING ESTATE AFIKPO,"=""2349036691789""","=""22571858""","=""PF31996""","=""A28422""",Personal fixed term loan,2024-06-10 00:00:00,24000.00,0.00,,0.00,19620.70,NGN,0,Closed,,Performing
GODSTIME ALFRED,"=""22582173783""",15 PIPELINE ROAD RUMUAGHOLU BUS STOP OBIOAKPOR,,"=""22572249""","=""44488960""","=""RCL44488960""",,2025-04-03 00:00:00,130000.00,0.00,,,0.00,NGN,0,Open,,Performing
JUDE SUMSHIK,"=""22425276257""",ALONG GSS MANGU ROAD  MANGU,,"=""22572869""","=""18434428""","=""RCL18434428""",Personal Overdraft,2024-09-24 00:00:00,300000.00,52573.65,,52573.65,0.00,NGN,114,Open,,Lost
COMFORT OKAFOR,"=""22266959948""",2 FIDELIS AVENUE OYIGBO,,"=""22573042""","=""11183510""","=""RCL11183510""",Personal Overdraft,2024-11-03 00:00:00,300000.00,134168.72,,0.00,0.00,NGN,0,Open,,Performing
GBEMISOLA ADEBAYO,"=""22627617720""",14 AKANDE STREET ABUJA OWODE I,,"=""22573063""","=""43949762""","=""10823873""",Personal fixed term loan,2023-07-08 00:00:00,5000.00,0.00,,0.00,6000.00,NGN,0,Closed,2023-07-23 00:00:00,Performing
GBEMISOLA ADEBAYO,"=""22627617720""",14 AKANDE STREET ABUJA OWODE I,,"=""22573063""","=""43949762""","=""10988131""",Personal fixed term loan,2023-07-26 00:00:00,20000.00,0.00,,0.00,26000.00,NGN,0,Closed,2023-08-25 00:00:00,Performing
VENESSA OKAFOR,"=""22627929085""",21 ADESABYA STREET IRAWO BSTOP IKORODU KOSOFE LAGOS,,"=""22573328""","=""44493980""","=""RCL44493980""",Personal Overdraft,2024-06-05 00:00:00,304200.00,0.00,,,0.00,NGN,0,Open,,Performing
IBISO HORSFALL,,NO 39 HORSFALL COMPOUND BUGUMA ASARI TORU RIVERS STATE,,"=""22573744""","=""43404241""","=""RCL43404241""",Personal Overdraft,2024-06-12 00:00:00,75712.00,62232.50,,,62232.50,NGN,0,Open,,Performing
ROBERT SOLOMON,,15 FER TOPO ARMY BARRACKS BADAGRY,,"=""22573895""","=""44866473""","=""RCL44866473""",Personal Overdraft,2024-06-28 00:00:00,125000.00,290729.54,,,290729.54,NGN,122,Open,,Lost
UCHENNA ANYANWU,,41 MORCCAS STREET AGEGE LAGOS,,"=""22574402""","=""45424728""","=""RCL45424728""",Personal Overdraft,2025-02-21 00:00:00,225000.00,174870.00,,,174870.00,NGN,0,Open,,Performing
VICTOR KINGSON,"=""22547809816""",42 WORDU ETCHE ROAD RUMUOSI ENEKA BUS STOP PHC,,"=""22575059""","=""44175273""","=""10845252""",Personal fixed term loan,2023-07-11 00:00:00,7500.00,0.00,,0.00,8850.00,NGN,0,Closed,2023-07-26 00:00:00,Performing
VICTOR KINGSON,"=""22547809816""",42 WORDU ETCHE ROAD RUMUOSI ENEKA BUS STOP PHC,,"=""22575059""","=""44175273""","=""11103010""",Personal fixed term loan,2023-08-07 00:00:00,15000.00,0.00,,0.00,19125.00,NGN,0,Closed,2023-09-06 00:00:00,Performing
VICTOR KINGSON,"=""22547809816""",42 WORDU ETCHE ROAD RUMUOSI ENEKA BUS STOP PHC,,"=""22575059""","=""44175273""","=""11311474""",Personal fixed term loan,2023-08-28 00:00:00,20000.00,0.00,,0.00,26000.00,NGN,0,Closed,2023-10-12 00:00:00,Performing
VICTOR KINGSON,"=""22547809816""",42 WORDU ETCHE ROAD RUMUOSI ENEKA BUS STOP PHC,,"=""22575059""","=""44175273""","=""12000485""",Personal fixed term loan,2023-11-02 00:00:00,12500.00,0.00,,0.00,15687.50,NGN,0,Closed,2023-11-17 00:00:00,Performing
VICTOR KINGSON,"=""22547809816""",42 WORDU ETCHE ROAD RUMUOSI ENEKA BUS STOP PHC,,"=""22575059""","=""44175273""","=""13406474""",Personal fixed term loan,2024-04-01 00:00:00,22500.00,0.00,,0.00,28728.00,NGN,0,Closed,2024-05-01 00:00:00,Performing
VICTOR KINGSON,"=""22547809816""",42 WORDU ETCHE ROAD RUMUOSI ENEKA BUS STOP PHC,,"=""22575059""","=""44175273""","=""13821710""",Personal fixed term loan,2024-05-14 00:00:00,22500.00,0.00,,0.00,29349.00,NGN,0,Closed,2024-06-13 00:00:00,Performing
VICTOR KINGSON,"=""22547809816""",42 WORDU ETCHE ROAD RUMUOSI ENEKA BUS STOP PHC,,"=""22575059""","=""44175273""","=""14097794""",Personal fixed term loan,2024-06-13 00:00:00,22500.00,0.00,,0.00,28975.50,NGN,0,Closed,2024-07-13 00:00:00,Performing
VICTOR KINGSON,"=""22547809816""",42 WORDU ETCHE ROAD RUMUOSI ENEKA BUS STOP PHC,,"=""22575059""","=""44175273""","=""14249915""",Personal fixed term loan,2024-07-01 00:00:00,22500.00,0.00,,0.00,29180.25,NGN,0,Closed,2024-07-31 00:00:00,Performing
USMAN ISAH,"=""22141980827""",5 fasasi iroko off popoola street ago palace,,"=""22575512""","=""38917332""","=""RCL38917332""",Personal Overdraft,2025-03-13 00:00:00,105000.00,165690.51,,0.00,94968.51,NGN,97,Open,,Lost
ONOME WILLIAMS,"=""22549099518""",Nigeria,,"=""22576327""","=""36580262""","=""10867679""",Personal fixed term loan,2023-07-13 00:00:00,5000.00,0.00,,0.00,6000.00,NGN,0,Closed,2023-07-28 00:00:00,Performing
AZEEZ AKEWUSHOLA,"=""22545692409""",11 BAILEY LANE ONHANU BARIGA SHOMOLU LAGOS,,"=""22576700""","=""43705522""","=""10785623""",Personal fixed term loan,2023-07-04 00:00:00,5000.00,0.00,,0.00,6500.00,NGN,0,Closed,2023-08-03 00:00:00,Performing
AZEEZ AKEWUSHOLA,"=""22545692409""",11 BAILEY LANE ONHANU BARIGA SHOMOLU LAGOS,,"=""22576700""","=""43705522""","=""10873880""",Personal fixed term loan,2023-07-14 00:00:00,5000.00,0.00,,0.00,6500.00,NGN,0,Closed,2023-08-13 00:00:00,Performing
HALIMA IDIRIS,"=""22600176596""",RPQH4R Filele Nigeria,,"=""22576970""","=""44782253""","=""RCL44782253""",Personal Overdraft,2024-12-11 00:00:00,15000.00,27884.24,,,27884.24,NGN,93,Open,,Lost
regain eyong,,afam power station river state,,"=""22577284""","=""44080542""","=""RCL44080542""",Personal Overdraft,2025-02-06 00:00:00,375000.00,0.00,,0.00,0.00,NGN,0,Open,,Performing
JOY DIRISU,,NO 21 YOLA STREET OSOSO,,"=""22577563""","=""45297388""","=""RCL45297388""",Personal Overdraft,2024-10-19 00:00:00,120000.00,0.00,,,0.00,NGN,0,Open,,Performing
MONSURAT GBOLAHAN,,BLK 251 FLAT 3 ABESAN ESTATE KEDA IPAJA LAGOS,,"=""22578522""","=""42854536""","=""11271887""",Personal fixed term loan,2023-08-24 00:00:00,17500.00,0.00,,0.00,21262.50,NGN,0,Closed,2023-09-08 00:00:00,Performing
MONSURAT GBOLAHAN,,BLK 251 FLAT 3 ABESAN ESTATE KEDA IPAJA LAGOS,,"=""22578522""","=""42854536""","=""11450308""",Personal fixed term loan,2023-09-11 00:00:00,20000.00,0.00,,0.00,26600.00,NGN,0,Closed,2023-10-11 00:00:00,Performing
MONSURAT GBOLAHAN,,BLK 251 FLAT 3 ABESAN ESTATE KEDA IPAJA LAGOS,,"=""22578522""","=""42854536""","=""11886721""",Personal fixed term loan,2023-10-22 00:00:00,10000.00,0.00,,0.00,12850.00,NGN,0,Closed,2023-11-21 00:00:00,Performing
MONSURAT GBOLAHAN,,BLK 251 FLAT 3 ABESAN ESTATE KEDA IPAJA LAGOS,,"=""22578522""","=""42854536""","=""12233402""",Personal fixed term loan,2023-11-25 00:00:00,10000.00,0.00,,0.00,11950.00,NGN,0,Closed,2023-12-25 00:00:00,Performing
MONSURAT GBOLAHAN,,BLK 251 FLAT 3 ABESAN ESTATE KEDA IPAJA LAGOS,,"=""22578522""","=""42854536""","=""12694949""",Personal fixed term loan,2024-01-13 00:00:00,20000.00,0.00,,0.00,23940.00,NGN,0,Closed,2024-01-28 00:00:00,Performing
peace onyeshinye,,plot 11 area a extention,,"=""22579280""","=""45091427""","=""RCL45091427""",Personal Overdraft,2025-03-17 00:00:00,60456.94,65982.04,,65982.04,72820.73,NGN,35,Open,,Sub standard
RAHMON IDOWU,,2 OGUNSESI STREET OFF WOLE CHURCH BUS STOP ALIMOSHO,,"=""22580416""","=""38126207""","=""11227471""",Personal fixed term loan,2023-08-19 00:00:00,5000.00,0.00,,0.00,6600.00,NGN,0,Closed,2023-09-18 00:00:00,Performing
RAHMON IDOWU,,2 OGUNSESI STREET OFF WOLE CHURCH BUS STOP ALIMOSHO,,"=""22580416""","=""38126207""","=""11460282""",Personal fixed term loan,2023-09-12 00:00:00,20000.00,0.00,,0.00,26600.00,NGN,0,Closed,2023-10-12 00:00:00,Performing
OKEBANUM OLUDI,"=""22390640291""",4 NNADI LANE ENEKA JUNCTION ENEKA OBIOAKPOR,,"=""22580841""","=""45466545""","=""RCL45466545""",Personal Overdraft,2024-05-26 00:00:00,170000.00,0.00,,,0.00,NGN,0,Open,,Performing
FAVOUR ABULOKWE,"=""22646801830""",1 NWORLU ASONYE AVENUE ENEKA JUNCTION PHC OBIOAKPOR RIVERS,,"=""22581887""","=""38174076""","=""11089738""",Personal fixed term loan,2023-08-05 00:00:00,10000.00,0.00,,0.00,12800.00,NGN,0,Closed,2023-09-04 00:00:00,Performing
FAVOUR ABULOKWE,"=""22646801830""",1 NWORLU ASONYE AVENUE ENEKA JUNCTION PHC OBIOAKPOR RIVERS,,"=""22581887""","=""38174076""","=""13211354""",Personal fixed term loan,2024-03-12 00:00:00,10000.00,0.00,,0.00,13600.00,NGN,0,Closed,2024-05-02 00:00:00,Performing
EFFONG DAN,"=""22379175646""",8 ABULE ODE COMMUNITY ILAJA BUS STOP ETI OSA,,"=""22582665""","=""38739364""","=""11316139""",Personal fixed term loan,2023-08-29 00:00:00,5000.00,0.00,,0.00,6650.00,NGN,0,Closed,2023-09-28 00:00:00,Performing
EFFONG DAN,"=""22379175646""",8 ABULE ODE COMMUNITY ILAJA BUS STOP ETI OSA,,"=""22582665""","=""38739364""","=""11888922""",Personal fixed term loan,2023-10-22 00:00:00,20000.00,0.00,,0.00,26600.00,NGN,0,Closed,2023-11-21 00:00:00,Performing
EFFONG DAN,"=""22379175646""",8 ABULE ODE COMMUNITY ILAJA BUS STOP ETI OSA,,"=""22582665""","=""38739364""","=""12644230""",Personal fixed term loan,2024-01-08 00:00:00,17500.00,0.00,,0.00,23275.00,NGN,0,Closed,2024-02-07 00:00:00,Performing
EFFONG DAN,"=""22379175646""",8 ABULE ODE COMMUNITY ILAJA BUS STOP ETI OSA,,"=""22582665""","=""38739364""","=""13180943""",Personal fixed term loan,2024-03-09 00:00:00,27500.00,0.00,,0.00,35629.00,NGN,0,Closed,2024-04-08 00:00:00,Performing
NICHOLAS AJANG,"=""22222161213""",HALL 4 UNIVERSITY OF CALABAR,,"=""22583384""","=""39849513""","=""RCL39849513""",Personal Overdraft,2024-09-09 00:00:00,312000.00,0.00,,,0.00,NGN,0,Open,,Performing
BURABARI FILIMA,"=""22399353567""",21 RUMUOSI EAST WEST ROADNIGERIA,,"=""22583668""","=""43686492""","=""10864788""",Personal fixed term loan,2023-07-13 00:00:00,450000.00,0.00,,0.00,80000.00,NGN,0,Closed,2024-04-08 00:00:00,Performing
HASSAN KOFFI,"=""22212763353""",,"=""08094414001""","=""22584724""","=""43498378""","=""10879931""",Personal fixed term loan,2023-07-14 00:00:00,5000.00,0.00,,0.00,6500.00,NGN,0,Closed,2023-08-13 00:00:00,Performing
ONYEKA EMMANUEL,"=""22527856621""",11 DISU ST IJEGUN IJEGUN LAGOS,,"=""22584726""","=""44095537""","=""10919075""",Personal fixed term loan,2023-07-19 00:00:00,7500.00,0.00,,0.00,17700.00,NGN,0,Closed,2023-08-03 00:00:00,Performing
OMALE UNWABA JOSEPH,,41 MISSION ROAD OKADAEDO STATE,"=""2348134854641""","=""22604165""","=""21172600""","=""RCL21172600""",Personal Overdraft,2025-04-17 00:00:00,45000.00,36000.00,,,36000.00,NGN,0,Open,,
Mercy Emmanuel Promise,"=""22712790545""",LOKOJA KOGI STATE,"=""9131778656""","=""22610705""","=""40439669""","=""RCL40439669""",Personal Overdraft,2025-05-02 00:00:00,10000.00,28182.59,,,28182.59,NGN,93,Open,,Lost
AHMAD UMAR,"=""22581514916""",NO 119 DORAYI KARAMA UNGUWAR BELLO LAYIN GIDAN PEPSI GWALE,,"=""22659145""","=""19061774""","=""RCL19061774""",Personal Overdraft,2024-06-21 00:00:00,160000.00,26164.29,,26164.00,0.00,NGN,2,Open,,Watchlist
PRECIOUS EHIGIATOR,,JOLLY BRPOWN HOSTEL EKOSODIN BENIN CITY,,"=""22662644""","=""46328397""","=""RCL46328397""",Personal Overdraft,2024-10-16 00:00:00,58385.00,15456.40,,15456.40,16697.56,NGN,4,Open,,Watchlist
NURUDEEN NASIRUDEEN,,4 Tokoka,"=""09029691901""","=""22665510""","=""39371216""","=""11486942""",Personal fixed term loan,2023-09-15 00:00:00,7500.00,0.00,,0.00,9975.00,NGN,0,Closed,2023-10-15 00:00:00,Performing
NURUDEEN NASIRUDEEN,,4 Tokoka,"=""09029691901""","=""22665510""","=""39371216""","=""11806505""",Personal fixed term loan,2023-10-14 00:00:00,17500.00,0.00,,0.00,23275.00,NGN,0,Closed,2023-11-13 00:00:00,Performing
NURUDEEN NASIRUDEEN,,4 Tokoka,"=""09029691901""","=""22665510""","=""39371216""","=""12313898""",Personal fixed term loan,2023-12-03 00:00:00,20000.00,0.00,,0.00,26600.00,NGN,0,Closed,2024-01-02 00:00:00,Performing
NURUDEEN NASIRUDEEN,,4 Tokoka,"=""09029691901""","=""22665510""","=""39371216""","=""12655322""",Personal fixed term loan,2024-01-09 00:00:00,17500.00,0.00,,0.00,23275.00,NGN,0,Closed,2024-02-08 00:00:00,Performing
NURUDEEN NASIRUDEEN,,4 Tokoka,"=""09029691901""","=""22665510""","=""39371216""","=""13006757""",Personal fixed term loan,2024-02-18 00:00:00,12500.00,0.00,,0.00,16408.75,NGN,0,Closed,2024-03-19 00:00:00,Performing
NURUDEEN NASIRUDEEN,,4 Tokoka,"=""09029691901""","=""22665510""","=""39371216""","=""13305300""",Personal fixed term loan,2024-03-22 00:00:00,17500.00,0.00,,0.00,21598.50,NGN,0,Closed,2024-04-06 00:00:00,Performing
CHINYERE EBOIGBE,"=""22344315046""",61 J EBOIGBE STREET OFF FIRST POWER LINE ISIOHOR,"=""9166369023""","=""22665967""","=""45425229""","=""RCL45425229""",Personal Overdraft,2024-09-28 00:00:00,37153.46,38591.96,,38591.96,35577.46,NGN,96,Open,,Lost
FAITH PHILIP,"=""22435443456""",150 RUMUNDURU OREIGWE PORT NHARCOURT,,"=""22666426""","=""44139219""","=""11541872""",Personal fixed term loan,2023-09-20 00:00:00,5000.00,0.00,,0.00,6650.00,NGN,0,Closed,2023-10-20 00:00:00,Performing
FAITH PHILIP,"=""22435443456""",150 RUMUNDURU OREIGWE PORT NHARCOURT,,"=""22666426""","=""44139219""","=""11814744""",Personal fixed term loan,2023-10-15 00:00:00,20000.00,0.00,,0.00,26800.00,NGN,0,Closed,2023-11-14 00:00:00,Performing
FAITH PHILIP,"=""22435443456""",150 RUMUNDURU OREIGWE PORT NHARCOURT,,"=""22666426""","=""44139219""","=""13086748""",Personal fixed term loan,2024-02-27 00:00:00,10000.00,0.00,,0.00,12934.00,NGN,0,Closed,2024-03-28 00:00:00,Performing
FAITH PHILIP,"=""22435443456""",150 RUMUNDURU OREIGWE PORT NHARCOURT,,"=""22666426""","=""44139219""","=""13553069""",Personal fixed term loan,2024-04-15 00:00:00,10000.00,0.00,,0.00,12878.00,NGN,0,Closed,2024-05-15 00:00:00,Performing
FAITH PHILIP,"=""22435443456""",150 RUMUNDURU OREIGWE PORT NHARCOURT,,"=""22666426""","=""44139219""","=""14098864""",Personal fixed term loan,2024-06-13 00:00:00,10000.00,0.00,,0.00,12878.00,NGN,0,Closed,2024-08-10 00:00:00,Performing
OLUWALOFUNMI AKANDE,"=""22450370003""",10 ELEWURA STREET CHALLENGE FELELE IBADAN Ibadan SouthEast,,"=""22667611""","=""35125863""","=""RCL35125863""",Personal Overdraft,2024-03-12 00:00:00,50000.00,25727.80,,,25727.80,NGN,0,Open,,Performing
THERESA ETERESA,,BACK OF FORTIS BANK KABUSA ABUJA,,"=""22668045""","=""45874385""","=""RCL45874385""",Personal Overdraft,2024-08-26 00:00:00,160997.84,304543.51,,0.00,183511.78,NGN,97,Open,,Lost
OFONIME UDOEKPO,"=""22340384686""",NO 41 KAREEM STREET OLOWORA,,"=""22668478""","=""45956625""","=""RCL45956625""",Personal Overdraft,2024-12-10 00:00:00,300000.00,73019.53,,0.00,188653.82,NGN,0,Open,,Open
FATIMO IBRAHIM,,13 OKEDO STREET SABO BSTOP SABO SAGAMU,,"=""22668854""","=""43940273""","=""11399676""",Personal fixed term loan,2023-09-06 00:00:00,7500.00,0.00,,0.00,9225.00,NGN,0,Closed,2023-09-21 00:00:00,Performing
FATIMO IBRAHIM,,13 OKEDO STREET SABO BSTOP SABO SAGAMU,,"=""22668854""","=""43940273""","=""11590393""",Personal fixed term loan,2023-09-25 00:00:00,17500.00,0.00,,0.00,21962.50,NGN,0,Closed,2023-10-10 00:00:00,Performing
FATIMO IBRAHIM,,13 OKEDO STREET SABO BSTOP SABO SAGAMU,,"=""22668854""","=""43940273""","=""11771196""",Personal fixed term loan,2023-10-11 00:00:00,20000.00,0.00,,0.00,26800.00,NGN,0,Closed,2023-11-10 00:00:00,Performing
FATIMO IBRAHIM,,13 OKEDO STREET SABO BSTOP SABO SAGAMU,,"=""22668854""","=""43940273""","=""12078177""",Personal fixed term loan,2023-11-10 00:00:00,27500.00,0.00,,0.00,34512.50,NGN,0,Closed,2023-11-25 00:00:00,Performing
HAMMED OSENI,,56 AROLEOBA COMPD OKEELETU OYO Oyo Oyo State,,"=""22669316""","=""4272353""","=""11407593""",Personal fixed term loan,2023-09-07 00:00:00,5000.00,0.00,,0.00,6150.00,NGN,0,Closed,2023-09-22 00:00:00,Performing
HAMMED OSENI,,56 AROLEOBA COMPD OKEELETU OYO Oyo Oyo State,,"=""22669316""","=""4272353""","=""11498953""",Personal fixed term loan,2023-09-16 00:00:00,5000.00,0.00,,0.00,6650.00,NGN,0,Closed,2023-10-16 00:00:00,Performing
OPEYEMI OLORUNYOMI,"=""22463905717""",2 AJIBADE STREET OLUWAGA BSTOP AYOBOIPAJA LAGOS,,"=""22669856""","=""37167267""","=""11377355""",Personal fixed term loan,2023-09-04 00:00:00,5000.00,0.00,,0.00,6150.00,NGN,0,Closed,2023-09-19 00:00:00,Performing
OPEYEMI OLORUNYOMI,"=""22463905717""",2 AJIBADE STREET OLUWAGA BSTOP AYOBOIPAJA LAGOS,,"=""22669856""","=""37167267""","=""11514012""",Personal fixed term loan,2023-09-17 00:00:00,20000.00,0.00,,0.00,26800.00,NGN,0,Closed,2023-10-17 00:00:00,Performing
RIDWAN YEKEEN,"=""22546767911""",wofun olodo Ibadan area,"=""2349138458540""","=""22670149""","=""PF101557""","=""A28808""",Personal fixed term loan,2024-06-14 00:00:00,4000.00,0.00,,0.00,3197.30,NGN,0,Closed,2024-06-19 00:00:00,Performing
DELIGHT ONYEJI,"=""22630678275""",39 IKE ROAD OKIGWE,,"=""22670579""","=""46479352""","=""RCL46479352""",Personal Overdraft,2024-07-14 00:00:00,120000.00,55800.00,,,55800.00,NGN,0,Open,,Performing
HAKEEM AFOLABI,,91 OLANIYI STREET NEW OKO OBA ABULE EGBA,,"=""22670631""","=""132176""","=""RCL132176""",Personal Overdraft,2024-12-30 00:00:00,180000.00,322983.20,,,322983.20,NGN,95,Open,,
ADEBAYO OLUBAJO,"=""22470385285""",Nigeria,,"=""22670697""","=""2270939""","=""RCL2270939""",Personal Overdraft,2024-10-27 00:00:00,300000.00,412463.92,,,412463.92,NGN,96,Open,,Lost
OLATUNJI OYEWOLE,"=""22319503368""",NO 319 IDIOGUN COMPOUND OFF OLOFA WAYOFFA,,"=""22672123""","=""46473193""","=""RCL46473193""",Personal Overdraft,2024-05-11 00:00:00,300000.00,294617.62,,,294617.62,NGN,0,Open,,Performing
DAMILOLA OLUWASEYI,,16 OKEAYO STREET ODOONA BS IBADAN,,"=""22672149""","=""42684707""","=""11360377""",Personal fixed term loan,2023-09-02 00:00:00,5000.00,0.00,,0.00,6600.00,NGN,0,Closed,2023-10-02 00:00:00,Performing
ADENIKE FALOLA,,NO8IREPODUN QUATERSARMY BARACK ILESE,,"=""22672805""","=""3046227""","=""RCL3046227""",Personal Overdraft,2025-05-25 00:00:00,165000.00,0.00,,,0.00,NGN,0,Open,,
SEUN AWODELE,,SW5 230 OSOBA STREET OKEADO,"=""2348033256846""","=""22673204""","=""PF51207""","=""A6450""",Personal fixed term loan,2023-12-10 00:00:00,100000.00,93071.68,,93071.68,93569.20,NGN,968,Open,2023-12-25 00:00:00,Lost
USMAN SALAMI,"=""22646566395""",Ade adepoju crescent ring road,,"=""22673916""","=""46396256""","=""RCL46396256""",Personal Overdraft,2024-05-10 00:00:00,35000.00,46924.47,,,46924.47,NGN,92,Open,,Lost
ADEDOTUN KESHIRO,"=""22494501896""",3 OJUORE STREET OLAYINKA JUNCTION IJEBU ODE OGUN,,"=""22674025""","=""45170363""","=""RCL45170363""",Personal Overdraft,2024-10-24 00:00:00,120000.00,181573.56,,,181573.56,NGN,61,Open,,Doubtful
OLUWASEUN JESUTOLA,,6 OPEIDUNNU STR EAGLE ESTATE AJEGUNLE ATAN OTA OTA Ogun St,,"=""22674733""","=""42593847""","=""11586435""",Personal fixed term loan,2023-09-24 00:00:00,5000.00,0.00,,0.00,6750.00,NGN,0,Closed,2023-10-24 00:00:00,Performing
OLUWASEUN JESUTOLA,,6 OPEIDUNNU STR EAGLE ESTATE AJEGUNLE ATAN OTA OTA Ogun St,,"=""22674733""","=""42593847""","=""11837429""",Personal fixed term loan,2023-10-17 00:00:00,17500.00,0.00,,0.00,22750.00,NGN,0,Closed,2023-11-16 00:00:00,Performing
OLUWASEUN JESUTOLA,,6 OPEIDUNNU STR EAGLE ESTATE AJEGUNLE ATAN OTA OTA Ogun St,,"=""22674733""","=""42593847""","=""12173552""",Personal fixed term loan,2023-11-19 00:00:00,17500.00,0.00,,0.00,22750.00,NGN,0,Closed,2023-12-19 00:00:00,Performing
OLUWASEUN JESUTOLA,,6 OPEIDUNNU STR EAGLE ESTATE AJEGUNLE ATAN OTA OTA Ogun St,,"=""22674733""","=""42593847""","=""12533345""",Personal fixed term loan,2023-12-26 00:00:00,17500.00,0.00,,0.00,22750.00,NGN,0,Closed,2024-02-15 00:00:00,Performing
OLUWASEUN JESUTOLA,,6 OPEIDUNNU STR EAGLE ESTATE AJEGUNLE ATAN OTA OTA Ogun St,,"=""22674733""","=""42593847""","=""12993415""",Personal fixed term loan,2024-02-16 00:00:00,22500.00,0.00,,0.00,29535.75,NGN,0,Closed,2024-04-01 00:00:00,Performing
CHINEDU NWOGU,,BLOCK A FLAT 2 BUCHI LANE OFF VICTORY AVENUE,"=""08037661543""","=""22675182""","=""46266086""","=""RCL46266086""",Personal Overdraft,2024-11-25 00:00:00,290000.00,336554.98,,,336554.98,NGN,96,Open,,Lost
GODSGRACE OSARENKHOE,"=""22672540084""",4 OLD ROAD OFF OKUREKPO PRIMARY SCHOOL,,"=""22677243""","=""43912396""","=""RCL43912396""",Personal Overdraft,2024-07-26 00:00:00,75000.00,0.00,,0.00,21969.54,NGN,0,Open,,Performing
GANIYAT GANDONU,,JA SANSUSAT HOUSE OGOGO STREET ASEKO IDIROKO,,"=""22680669""","=""46535747""","=""RCL46535747""",Personal Overdraft,2024-07-22 00:00:00,50000.00,75347.18,,,75347.18,NGN,61,Open,,Doubtful
MAGDALENE IMONISA,"=""22306532001""",Ogbeowelle quarter okpanam,"=""2348111225621""","=""22682026""","=""PF56307""","=""A28980""",Personal fixed term loan,2024-06-16 00:00:00,280000.00,0.00,,0.00,121744.90,NGN,0,Closed,,Performing
AFOKOGHENE ASHIGOR,,NO 47 RIVER ROAD UGBOROKE EFFURUN,,"=""22682750""","=""42771231""","=""RCL42771231""",,2025-06-13 00:00:00,50000.00,4229.12,,,4229.12,NGN,0,Open,,Performing
KEVINE MASAKUKU,,Not Available,,"=""22682906""","=""15598779""","=""RCL15598779""",Personal Overdraft,2024-10-30 00:00:00,75000.00,74310.13,,0.00,0.00,NGN,0,Open,,Performing
ONYEDIKACHI EZE,,7 AMANGWU STR AKPAKPA NIKE ENUGU STATE,,"=""22685234""","=""46062206""","=""RCL46062206""",Personal Overdraft,2024-01-09 00:00:00,65000.00,27067.38,,0.00,19935.50,NGN,0,Open,,Performing
CHIBUZOR UDEH,"=""22694651368""",UDEHS FAMILY COMPOUND OKWOJO NGWO UDI LOCAL GOVERNMENT ARE,,"=""22685236""","=""46114706""","=""RCL46114706""",Personal Overdraft,2024-09-28 00:00:00,120000.00,47314.44,,0.00,0.00,NGN,0,Open,,Performing
ANIETIE UDO,,NO 3 PARK ROAD ITAM,,"=""22687788""","=""46170963""","=""RCL46170963""",Personal Overdraft,2025-04-21 00:00:00,50000.00,146251.56,,146251.56,61357.00,NGN,92,Open,,Lost
TEMITOPE OLUWADAMILARE,"=""22302773347""",5 ADEGBOYEGA STREETORISUNBAFRE BUS STOPIKOTUN,,"=""22687917""","=""36157960""","=""11644906""",Personal fixed term loan,2023-09-30 00:00:00,5000.00,0.00,,0.00,6500.00,NGN,0,Closed,2023-10-30 00:00:00,Performing
QUADRI IBRAHIM,"=""22619962966""",13B FREEDOM CLOSE ADAMO IKORO,,"=""22689757""","=""38889122""","=""11582114""",Personal fixed term loan,2023-09-24 00:00:00,5000.00,0.00,,0.00,6250.00,NGN,0,Closed,2023-10-09 00:00:00,Performing
DAVID AGBOOLA,,12 OGU STR DOMOROSE OFF CASCO STREET,,"=""22690716""","=""46609301""","=""RCL46609301""",Personal Overdraft,2024-08-10 00:00:00,300000.00,510461.06,,,510461.06,NGN,92,Open,,Lost
NKECHI OKORO,,8 Unity valley,"=""08036804559""","=""22690805""","=""43998496""","=""RCL43998496""",Personal Overdraft,2025-07-15 00:00:00,55000.00,0.00,,,0.00,NGN,0,Open,,Performing
ONYINYE ONYISHI,"=""22172766221""",NO 1 NWOFIA STRINDEPENDENCE LAYOUTENUGU,,"=""22690826""","=""46247420""","=""RCL46247420""",,2025-06-13 00:00:00,100000.00,73975.00,,,73975.00,NGN,0,Open,,Performing
JOHN ADENIYI,,NO 43 MAKAJUOLA STREET OKEOJO AMUKOKO,,"=""22690904""","=""39172562""","=""RCL39172562""",Personal Overdraft,2025-03-17 00:00:00,230000.00,0.00,,,0.00,NGN,0,Open,,Performing
OLUSEYI ADESANYA,"=""22144292428""",FLAT 26 PALM VIEW HOUSING ESTATE FACE2 OKO OBA AGEGE,,"=""22691237""","=""46062829""","=""RCL46062829""",Personal Overdraft,2024-10-21 00:00:00,235000.00,20604.32,,,20604.32,NGN,0,Open,,
PRAISE VICTOR,"=""22639930343""",2 ABEOKUTA BABALEGBA BUSSTOP IKOTUN LAGOS,,"=""22691702""","=""44089600""","=""11379570""",Personal fixed term loan,2023-09-04 00:00:00,5000.00,0.00,,0.00,6450.00,NGN,0,Closed,2023-10-04 00:00:00,Performing
MAUTIN TOWOLAWI,,NO 87 ARADAKOH COMPOUND BOEKOH QTR BADAGRY,,"=""22691967""","=""43113961""","=""RCL43113961""",Personal Overdraft,2025-04-25 00:00:00,20000.00,24013.26,,,24013.26,NGN,1,Open,,
LINUS IMAJI,"=""22446670078""",Nigeria,,"=""22692492""","=""38246155""","=""11415536""",Personal fixed term loan,2023-09-07 00:00:00,5000.00,0.00,,0.00,6750.00,NGN,0,Closed,2023-10-07 00:00:00,Performing
EMMMANUEL JOEL,"=""22340629668""",NO 22 BUSSA STREET TELEVISION KADUNA STATE,,"=""22693677""","=""46031971""","=""RCL46031971""",Personal Overdraft,2024-10-09 00:00:00,60000.00,77144.21,,,77144.21,NGN,61,Open,,Doubtful
FAITH ADAISE,"=""22576474854""",HIGHTENSION ALETOELEME,"=""09112992358""","=""22693875""","=""45858904""","=""RCL45858904""",Personal Overdraft,2024-11-30 00:00:00,275000.00,492068.12,,0.00,37338.24,NGN,90,Open,,Lost
NYAKNO BROWN,"=""22146577103""",NO 26 PLOT 3 JEREMAIH UGWU STREET LEKKI PHASE 1,,"=""22694195""","=""36715338""","=""RCL36715338""",Personal Overdraft,2025-05-01 00:00:00,110000.00,14.40,,,14.40,NGN,90,Open,,
MISHACK OKAH,,NO 10 OLISAEMEKA STREET ABAKILIKI,,"=""22694447""","=""45886523""","=""RCL45886523""",Personal Overdraft,2025-02-26 00:00:00,43778.80,1888.60,,1888.60,43174.46,NGN,91,Open,,Lost
OGBONNAYA KALU,,5 ENUGU OZALLA STR ODUME OBOSI,,"=""22694715""","=""46071397""","=""RCL46071397""",Personal Overdraft,2024-11-18 00:00:00,,,,,,NGN,,Open,,Lost
RITA ONWUSOBALU,"=""22157979107""",NO 7 MICHAEL ORIJA STREET SALELITE TOWN LAGOA,,"=""22694948""","=""45947226""","=""RCL45947226""",Personal Overdraft,2024-05-16 00:00:00,50605.53,74479.32,,74479.00,48365.10,NGN,2,Open,,Watchlist
SULEIMAN YUSHAU,,NO A1 ABDULLAHI ROAD JAJI KADUNA,,"=""22695089""","=""45917257""","=""RCL45917257""",,2025-06-29 00:00:00,20000.00,28898.21,,28898.21,23789.93,NGN,21,Open,,Watchlist
KATE AMADI,"=""22449216712""",48 OLD TIMBER ROAD IGWURUTA PHC,,"=""22695554""","=""38996149""","=""11565483""",Personal fixed term loan,2023-09-22 00:00:00,5000.00,0.00,,0.00,6250.00,NGN,0,Closed,2023-10-07 00:00:00,Performing
KATE AMADI,"=""22449216712""",48 OLD TIMBER ROAD IGWURUTA PHC,,"=""22695554""","=""38996149""","=""11835342""",Personal fixed term loan,2023-10-17 00:00:00,10000.00,0.00,,0.00,12550.00,NGN,0,Closed,2023-11-01 00:00:00,Performing
CHARITY AMADI,"=""22516819398""",JAMES NDAWE COMPOUND OMUMAH IGWURUTA BACK OF MTN MASKIGWUR,,"=""22696154""","=""38485229""","=""11551686""",Personal fixed term loan,2023-09-21 00:00:00,7500.00,0.00,,0.00,9375.00,NGN,0,Closed,2023-10-06 00:00:00,Performing
CHUKWUEMEKA GODSON,"=""22604217655""",NO 7 ADAOZU UNITY CLOSE ELIOZU ROAD ELIOZU,,"=""22696636""","=""43392241""","=""11623092""",Personal fixed term loan,2023-09-28 00:00:00,5000.00,0.00,,0.00,6650.00,NGN,0,Closed,2023-10-28 00:00:00,Performing
AMARACHUKWU EZUMEZU,,NO 10 NWIGWE STREET GARKI ENUGU IN ENUGU STATE,,"=""22696874""","=""46310257""","=""RCL46310257""",Personal Overdraft,2025-06-23 00:00:00,120000.00,223403.66,,0.00,128353.00,NGN,97,Open,,Lost
RAYMOND CHUKWU,,7 ADADA STREET LOCATION,,"=""22697092""","=""46272934""","=""RCL46272934""",,2024-10-15 00:00:00,255150.00,0.00,,,0.00,NGN,0,Open,,Performing
DAVID RICHARD,"=""22752915131""",NO 7 CHIEF SHADRACK RIVERS,,"=""22698393""","=""42434295""","=""11452882""",Personal fixed term loan,2023-09-11 00:00:00,5000.00,0.00,,0.00,6600.00,NGN,0,Closed,2023-10-11 00:00:00,Performing
VICTOR AFFIAUDOH,"=""22331534052""",NYANYA AREA A BLOCK 35,,"=""22700324""","=""46080341""","=""RCL46080341""",Personal Overdraft,2024-11-15 00:00:00,225000.00,0.00,,0.00,50341.05,NGN,0,Open,,Performing
CHIBUEZE ONOJAH,,Individual,,"=""22701430""","=""15025249""","=""RCL15025249""",Personal Overdraft,2024-06-12 00:00:00,300000.00,534686.23,,,534686.23,NGN,92,Open,,Lost
NNENNA OFFOR,,GOSA AIRPORT ROAD ABUJA,,"=""22704549""","=""1296589""","=""RCL1296589""",Personal Overdraft,2025-02-01 00:00:00,5000.00,4034.76,,,4034.76,NGN,8,Open,,Watchlist
LOVINA UGWUANYI,"=""22265873979""",OBOLLO AFOR IN UDENU LGA,,"=""22706645""","=""46481417""","=""RCL46481417""",Personal Overdraft,2024-07-29 00:00:00,40000.00,0.00,,,0.00,NGN,116,Open,,Lost
Saidua Sani Peter,,ZONE B HOUSE NO 30 KADOKUCHI ABUJA,,"=""22712530""","=""3734969""","=""RCL3734969""",Personal Overdraft,2025-04-04 00:00:00,260000.00,244315.20,,,244315.20,NGN,1,Open,,
Okeowo Abosede,,17 AKOROHUNFAYO ST MILE 12 LAGOS,,"=""22713076""","=""46010777""","=""RCL46010777""",Personal Overdraft,2025-01-15 00:00:00,100000.00,0.00,,,0.00,NGN,0,Open,,Performing
Aruna Sadia,,9 OLUSANYA CLOSE ALAPERE KETU,"=""2349035543025""","=""22713886""","=""PF41921""","=""A3042""",Personal fixed term loan,2023-11-15 00:00:00,43000.00,32577.52,,32577.52,32577.50,NGN,993,Open,2023-11-30 00:00:00,Lost
ONOSEKEVWE FELIX ONOME,,OHA OREROKPE ROAD OPP SECOND TRANSF ORMER OHA,"=""08104319529""","=""22737260""","=""PF83024""","=""A26497""",Personal fixed term loan,2024-05-18 00:00:00,70000.00,37663.17,,37663.17,47663.10,NGN,785,Open,2024-07-17 00:00:00,Lost
ABOBI KINGSLEY EMMANUEL,"=""22191730328""",20 WILLIAM BASSEY STREET OFF WELLINGTON BASSEY STREET UYO,"=""08136329910""","=""22737639""","=""47278057""","=""RCL47278057""",Personal Overdraft,2025-01-24 00:00:00,275000.00,357750.43,,,357750.43,NGN,62,Open,,
ONMINYI JAMES,"=""22510265689""",AUDU WAR AVENUE,"=""2348083389204""","=""22752610""","=""PF44493""","=""A1775""",Personal fixed term loan,2023-11-03 00:00:00,60000.00,54263.67,,54263.67,59263.70,NGN,1015,Open,2023-11-08 00:00:00,Lost
tijani abiodun kamaldeen,,1 UNITY ESTATE HALLELUYA AREA OSOGBO,,"=""22770036""","=""48009974""","=""RCL48009974""",Personal Overdraft,2024-11-26 00:00:00,300000.00,364860.18,,,364860.18,NGN,32,Open,,
CHIDINMA ITSUOKOR,,IBIERES GARDENS,,"=""22784759""","=""46766396""","=""RCL46766396""",Personal Overdraft,2025-01-15 00:00:00,210000.00,18000.00,,,18000.00,NGN,0,Open,,Performing
OLABISI ALATISE,,40 OWODUNNI STREET IFO,,"=""22785437""","=""46899216""","=""RCL46899216""",Personal Overdraft,2025-05-06 00:00:00,30000.00,52537.19,,0.00,34350.00,NGN,97,Open,,Lost
OMEIZA MUHAMMED,"=""22315760101""",SW9 45 26 AKINSOYE OJUIRIN STREET FATIMOH B STP ODO ONA IB,,"=""22785633""","=""28723340""","=""RCL28723340""",Personal Overdraft,2024-08-20 00:00:00,182790.40,164149.21,,0.00,127360.02,NGN,0,Open,,Performing
DEBORAH EMMANUEL,"=""22655377669""",BLOCK C ROOM 2 EDIVISION POLICE BARRACK KULENDE SANGO,,"=""22785667""","=""42826688""","=""11734569""",Personal fixed term loan,2023-10-08 00:00:00,7500.00,0.00,,0.00,10125.00,NGN,0,Closed,2023-11-07 00:00:00,Performing
BLESSING EGEDE,"=""22219947598""",11 KEHINDE STREET IJEUN TITUN ABEOKUTA,,"=""22785750""","=""46678039""","=""RCL46678039""",Personal Overdraft,2025-02-21 00:00:00,8750.00,10188.74,,10188.74,5827.34,NGN,90,Open,,Lost
obiageli chukwu,,13 valley estate oof martins bus stop akute,,"=""22785971""","=""46723182""","=""RCL46723182""",,2025-08-04 00:00:00,43555.93,12122.34,,0.00,27385.02,NGN,0,Open,,Performing
SHAKIRAH SALAUDEEN,,FED LOWCOST GOMBE,,"=""22786142""","=""2450581""","=""RCL2450581""",Personal Overdraft,2024-07-25 00:00:00,53756.51,74439.35,,,74439.35,NGN,62,Open,,Doubtful
ALEX OJITE,,10 FASHOGBON EST DE BELLS BSTOP OTTA OGUN STATE,,"=""22786545""","=""36561239""","=""11925632""",Personal fixed term loan,2023-10-26 00:00:00,10000.00,0.00,,0.00,13400.00,NGN,0,Closed,2023-11-10 00:00:00,Performing
ALEX OJITE,,10 FASHOGBON EST DE BELLS BSTOP OTTA OGUN STATE,,"=""22786545""","=""36561239""","=""12059207""",Personal fixed term loan,2023-11-08 00:00:00,20000.00,0.00,,0.00,24740.00,NGN,0,Closed,2023-11-23 00:00:00,Performing
JOHN OKON,"=""22407132315""",5 MILLENIUM ESTATE LEKKI ETIOSA,,"=""22787650""","=""43233326""","=""11726893""",Personal fixed term loan,2023-10-07 00:00:00,5000.00,0.00,,0.00,6500.00,NGN,0,Closed,2023-11-06 00:00:00,Performing
JOHN OKON,"=""22407132315""",5 MILLENIUM ESTATE LEKKI ETIOSA,,"=""22787650""","=""43233326""","=""12022327""",Personal fixed term loan,2023-11-04 00:00:00,15000.00,0.00,,0.00,18675.00,NGN,0,Closed,2023-11-19 00:00:00,Performing
FRANCIS ATISELE,"=""22147948311""",20 ADE ONITIRIM STREET SURULERE,,"=""22788072""","=""45534032""","=""RCL45534032""",Personal Overdraft,2024-07-18 00:00:00,45000.00,24870.50,,24870.50,0.00,NGN,4,Open,,Watchlist
CHUKWUEBUKA ACHEBE,,23 ATUNRASE STREET OFF ISHAGA ROAD SURULERE LAGOS,,"=""22788089""","=""46932934""","=""RCL46932934""",Personal Overdraft,2024-10-27 00:00:00,139980.41,254256.44,,,254256.44,NGN,96,Open,,Lost
OLABANKE ALAO,"=""22399982415""",2 TAIWO CLOSE IJU ISHAGA,,"=""22788519""","=""46556532""","=""RCL46556532""",,2025-05-29 00:00:00,30000.00,0.00,,,0.00,NGN,0,Open,,Performing
BENJAMIN UKA,"=""22758055738""",27 ADEFARASIN STR IKORODU,,"=""22788854""","=""47337633""","=""12062342""",Personal fixed term loan,2023-11-08 00:00:00,60000.00,0.00,,0.00,33954.00,NGN,0,Closed,2024-02-06 00:00:00,Performing
MARY JOHN,"=""22661587487""",3 UYO RD,,"=""22789907""","=""47294556""","=""RCL47294556""",Personal Overdraft,2024-08-23 00:00:00,200000.00,323289.63,,,323289.63,NGN,61,Open,,Doubtful
IGWE CHINEDU,"=""22543405603""",MCV6F2 Umusedeli Nigeria,"=""2349031532688""","=""22794012""","=""5812215""","=""RCL5812215""",Personal Overdraft,2025-01-15 00:00:00,10000.00,35983.96,,35983.96,11817.21,NGN,92,Open,,Lost
MUHAMMAD ALIYU ABDULLAHI,"=""22707686064""",NO 250 OPP DAN DAWAKI POLICE STATION KN NEAR HAUSAWA KANO,"=""08029580045""","=""22805588""","=""PF98906""","=""A25337""",Personal fixed term loan,2024-05-04 00:00:00,263000.00,284658.55,,284658.55,284658.50,NGN,836,Open,2024-05-19 00:00:00,Lost
Saka Zayyad,"=""22563058337""",FLAT 189D SAE ONDO ESTATE AJAOKUTA,,"=""22829522""","=""28522039""","=""RCL28522039""",Personal Overdraft,2025-01-20 00:00:00,10000.00,27361.63,,,27361.63,NGN,67,Open,,
AMINAT ABIODUN,"=""22600572707""",NO12 ADEWALE STREET ALEKUWODO OSOGBO,,"=""22833807""","=""47301914""","=""RCL47301914""",Personal Overdraft,2024-12-18 00:00:00,235000.00,342658.58,,,342658.58,NGN,67,Open,,
IDOWU BADMUS,,35 JI OWOADE STREET ALAPERE KETU LAGOS,,"=""22834682""","=""47957380""","=""RCL47957380""",Personal Overdraft,2025-03-30 00:00:00,225000.00,67858.91,,,67858.91,NGN,0,Open,,Performing
ZAINAB OLAYEMI,"=""22522661989""",AFRO SCH,,"=""22835775""","=""46584122""","=""RCL46584122""",Personal Overdraft,2025-02-23 00:00:00,10000.00,16313.81,,,16313.81,NGN,67,Open,,
UCHECHUKWU AZUBUKO,"=""22348733411""",WELIS COMPOUND ELIOZU,,"=""22839585""","=""47455006""","=""RCL47455006""",Personal Overdraft,2024-02-08 00:00:00,140000.00,234286.71,,234286.71,171111.30,NGN,96,Open,,Lost
JOY EDOZIE,,30 OGUNSOLA STREET OJODU BERGER LAGOS STATE,,"=""22840245""","=""45505687""","=""RCL45505687""",Personal Overdraft,2024-09-21 00:00:00,19452.09,19175.67,,19176.00,0.00,NGN,94,Open,,Lost
MUSA ADAMU,"=""22434447608""",Rangaza kwanar annur,,"=""22840968""","=""36541709""","=""11645541""",Personal fixed term loan,2023-09-30 00:00:00,7500.00,0.00,,0.00,9000.00,NGN,0,Closed,2023-10-15 00:00:00,Performing
MUSA ADAMU,"=""22434447608""",Rangaza kwanar annur,,"=""22840968""","=""36541709""","=""11752058""",Personal fixed term loan,2023-10-10 00:00:00,30000.00,0.00,,0.00,39000.00,NGN,0,Closed,2023-11-09 00:00:00,Performing
MUSA ADAMU,"=""22434447608""",Rangaza kwanar annur,,"=""22840968""","=""36541709""","=""12077316""",Personal fixed term loan,2023-11-09 00:00:00,20000.00,0.00,,0.00,26000.00,NGN,0,Closed,2023-12-09 00:00:00,Performing
MUSA ADAMU,"=""22434447608""",Rangaza kwanar annur,,"=""22840968""","=""36541709""","=""12736919""",Personal fixed term loan,2024-01-18 00:00:00,50000.00,0.00,,0.00,26184.00,NGN,0,Closed,2024-06-13 00:00:00,Performing
Stella Owiriwa,,Flat 1 New Official Quaters Abakpa Baracks,,"=""22841263""","=""46307769""","=""RCL46307769""",Personal Overdraft,2024-12-19 00:00:00,120000.00,133288.22,,,133288.22,NGN,17,Open,,Watchlist
KENJY PARRYS,"=""22448531836""",NO 19KARIEN STREETOKUMAGBA LAY OUTWARRI,,"=""22841658""","=""38935025""","=""11844923""",Personal fixed term loan,2023-10-18 00:00:00,2500.00,0.00,,0.00,3250.00,NGN,0,Closed,2023-11-17 00:00:00,Performing
KENJY PARRYS,"=""22448531836""",NO 19KARIEN STREETOKUMAGBA LAY OUTWARRI,,"=""22841658""","=""38935025""","=""12703160""",Personal fixed term loan,2024-01-14 00:00:00,2500.00,0.00,,0.00,3350.00,NGN,0,Closed,2024-02-13 00:00:00,Performing
ANDREW UDORO,"=""22518655242""",51 OFUOMA TOWN OFUOMA,,"=""22843281""","=""40503112""","=""RCL40503112""",Personal Overdraft,2024-12-17 00:00:00,300000.00,499960.18,,,499960.18,NGN,95,Open,,
CHIKAMSO,"=""22581985819""",Not Available,,"=""22843600""","=""15918557""","=""RCL15918557""",Personal Overdraft,2025-01-08 00:00:00,30000.00,70147.01,,0.00,20000.00,NGN,93,Open,,Lost
CHIAMAKA WILLIAMS,"=""22656558931""",B6PHILLIP STREETOMAGHI JUNCT IONOBIAKPORPHC,,"=""22843652""","=""38745651""","=""12257003""",Personal fixed term loan,2023-11-28 00:00:00,5000.00,0.00,,0.00,6750.00,NGN,0,Closed,2023-12-28 00:00:00,Performing
CHIAMAKA WILLIAMS,"=""22656558931""",B6PHILLIP STREETOMAGHI JUNCT IONOBIAKPORPHC,,"=""22843652""","=""38745651""","=""12277892""",Personal fixed term loan,2023-11-30 00:00:00,5000.00,0.00,,0.00,6500.00,NGN,0,Closed,2023-12-30 00:00:00,Performing
EBIPADEI AMAKOROMO,"=""22349703390""",BRIGHT AMAKOROMO RESIDENCE OKOLOBIRI TOWN YENAGOA,,"=""22844194""","=""36415000""","=""11717553""",Personal fixed term loan,2023-10-06 00:00:00,7500.00,0.00,,0.00,9075.00,NGN,0,Closed,2023-10-21 00:00:00,Performing
HASSAN ABDUL,,EGBECHE ANKPA,,"=""22844425""","=""39298269""","=""RCL39298269""",Personal Overdraft,2024-07-05 00:00:00,167996.24,274810.65,,,274810.65,NGN,61,Open,,Doubtful
COMFORT OGBOMA,"=""22248789046""",NO 9 OKAKA ROAD YENAGOA BAYELSA STATE,,"=""22844800""","=""45756889""","=""RCL45756889""",Personal Overdraft,2024-08-24 00:00:00,40000.00,2297.56,,0.00,0.00,NGN,0,Open,,Open
AYUBA JOHN,"=""22310466017""",NEAR EXCELLENCE ACADEMY SABON GARI TUDUN WADA,,"=""22845725""","=""37990271""","=""RCL37990271""",,2025-08-05 00:00:00,4706.22,2702.79,,,2702.79,NGN,0,Open,,Performing
BLESSING AWOLOWO,"=""22714438397""",MONDAY BILLION COMPOND ELLU,,"=""22846109""","=""38612958""","=""RCL38612958""",Personal Overdraft,2025-04-30 00:00:00,25000.00,0.00,,,0.00,NGN,0,Open,,Performing
CHRISTAIN AICHIE,"=""22292948392""",5 CHIEF ABRAHAM CHIOMA STREET WOJI PHC,,"=""22846740""","=""46940653""","=""RCL46940653""",Personal Overdraft,2024-09-11 00:00:00,215000.00,3986.39,,,3986.39,NGN,0,Open,,Performing
CHUKWUEBUKA IBEANU,,NO 33 AMAZING LOVE CRESCENT TRANSEKULU,,"=""22846758""","=""46582684""","=""RCL46582684""",Personal Overdraft,2025-03-28 00:00:00,215000.00,0.00,,,0.00,NGN,0,Open,,
SELEKA SOTONYE,,NO 9 OKOLOBOS COMPOUND OKRIKA,,"=""22846895""","=""13161226""","=""RCL13161226""",Personal Overdraft,2024-12-08 00:00:00,20000.00,29482.43,,29482.00,16483.22,NGN,94,Open,,Lost
HENDRIS EZEJI,,NO 28 LONDONOPI STREET WARRI,,"=""22847140""","=""47147952""","=""RCL47147952""",Personal Overdraft,2024-10-16 00:00:00,30000.00,0.00,,,0.00,NGN,0,Open,,Performing
RICHARD OKECHUKWU,"=""22614728220""",NO 11 ODARAWERE STREET NTA,,"=""22847176""","=""22462815""","=""RCL22462815""",,2024-09-26 00:00:00,97500.00,0.00,,,0.00,NGN,0,Open,,Performing
JUSTICE OKEREKE,"=""22419516950""",UMUOBE OVOM 1 OGUDOROS COMPOUND,,"=""22848424""","=""25835468""","=""RCL25835468""",Personal Overdraft,2024-12-21 00:00:00,235000.00,39702.00,,0.00,0.00,NGN,0,Open,,Performing
SADIYA ABBA,"=""22514264323""",ABBA YAHAYA RESD BEHIND RCM PRIMARY SCHOOL WAMBA,,"=""22848778""","=""38272346""","=""12173136""",Personal fixed term loan,2023-11-19 00:00:00,2500.00,0.00,,0.00,3375.00,NGN,0,Closed,2023-12-19 00:00:00,Performing
SUNDAY ANI,"=""22581486828""",ANI HOUSE  LAFIA,,"=""22848781""","=""38954943""","=""RCL38954943""",Personal Overdraft,2025-02-13 00:00:00,30000.00,3093.92,,,3093.92,NGN,0,Open,,
NGOZI ANUMUDU,"=""22358550905""",NO 6 UMUOKWO STREET OGWASHI UKU,,"=""22849495""","=""47657900""","=""RCL47657900""",Personal Overdraft,2024-07-23 00:00:00,245000.00,435726.61,,,435726.61,NGN,91,Open,,Lost
OGECHUKWU NGWUEKE,,BEN CHIDI NWEKE COMP AGBANI IFITE,,"=""22849978""","=""46986123""","=""RCL46986123""",Personal Overdraft,2024-12-30 00:00:00,43487.59,0.00,,0.00,12337.22,NGN,0,Open,,Performing
KELLY ESELE,,NO 15 OVIOKHVWO STREET EKPAN EFFURUN,,"=""22850347""","=""522161""","=""RCL522161""",Personal Overdraft,2024-11-13 00:00:00,300000.00,269759.28,,,269759.28,NGN,0,Open,,Performing
MIRACLE BODO,"=""22454388008""",Nigeria,,"=""22850374""","=""36029613""","=""12191835""",Personal fixed term loan,2023-11-21 00:00:00,2500.00,0.00,,0.00,3375.00,NGN,0,Closed,2023-12-21 00:00:00,Performing
PETER EZEH,,NO 9 OGBEIDE STREET OFF EREDIAWA STR BENIN CITY Oredo Edo,,"=""22850642""","=""10598378""","=""RCL10598378""",Personal Overdraft,2025-03-19 00:00:00,130000.00,250186.99,,0.00,150800.35,NGN,97,Open,,Lost
REJOICE CHUKWUYEM,"=""22709218755""",NPA QUATERS BLK 17 FLAT B SITE 1 KUBWA,,"=""22851032""","=""46524319""","=""RCL46524319""",Personal Overdraft,2025-03-25 00:00:00,300000.00,322201.34,,,322201.34,NGN,32,Open,,
AMOS ODETOLA,,NO 16 OBA DAUDU STREET OJO,,"=""22852644""","=""48156993""","=""RCL48156993""",,2024-11-23 00:00:00,324480.00,0.00,,,0.00,NGN,0,Open,,Performing
EMETAROM EZEANI,,EZEANIS COMP UKPOMACHI VILLAGE AWKUZU,,"=""22853023""","=""45467392""","=""RCL45467392""",Personal Overdraft,2024-10-11 00:00:00,300000.00,0.00,,0.00,0.00,NGN,0,Open,,Performing
OYIWORDU MATTHEW,"=""22449100842""",BEFORE RAPHAL HOSPITAL JIKWOYI PHASE ABUJA,,"=""22853135""","=""47570507""","=""RCL47570507""",Personal Overdraft,2024-11-16 00:00:00,35000.00,54378.34,,0.00,46556.82,NGN,90,Open,,Lost
SARAH GARBA,"=""22395778889""",119 BLOCK AA NIGERIAN NAVY BARRACKS BOUNDARY AJEGUNLE,,"=""22855096""","=""36810257""","=""12140050""",Personal fixed term loan,2023-11-16 00:00:00,10000.00,0.00,,0.00,13200.00,NGN,0,Closed,2023-12-16 00:00:00,Performing
FARIDA YUSIF,,NO 12 KYARI MUHD ASOKORO,,"=""22857875""","=""42425506""","=""11881640""",Personal fixed term loan,2023-10-21 00:00:00,35000.00,0.00,,0.00,44450.00,NGN,0,Closed,2023-11-20 00:00:00,Performing
FARIDA YUSIF,,NO 12 KYARI MUHD ASOKORO,,"=""22857875""","=""42425506""","=""12061980""",Personal fixed term loan,2023-11-08 00:00:00,22500.00,0.00,,0.00,29362.50,NGN,0,Closed,2023-12-08 00:00:00,Performing
FARIDA YUSIF,,NO 12 KYARI MUHD ASOKORO,,"=""22857875""","=""42425506""","=""12285586""",Personal fixed term loan,2023-11-30 00:00:00,15000.00,0.00,,0.00,67293.00,NGN,0,Closed,2024-04-18 00:00:00,Performing
OGONNA ASOGWA,"=""22368299089""",ASOGWA BARTH COMP,,"=""22858055""","=""39207862""","=""11389971""",Personal fixed term loan,2023-09-05 00:00:00,10000.00,0.00,,0.00,12900.00,NGN,0,Closed,2023-10-05 00:00:00,Performing
OGONNA ASOGWA,"=""22368299089""",ASOGWA BARTH COMP,,"=""22858055""","=""39207862""","=""11789646""",Personal fixed term loan,2023-10-13 00:00:00,5000.00,0.00,,0.00,6500.00,NGN,0,Closed,2023-11-12 00:00:00,Performing
OGONNA ASOGWA,"=""22368299089""",ASOGWA BARTH COMP,,"=""22858055""","=""39207862""","=""11822539""",Personal fixed term loan,2023-10-16 00:00:00,17500.00,0.00,,0.00,22750.00,NGN,0,Closed,2023-11-15 00:00:00,Performing
OGONNA ASOGWA,"=""22368299089""",ASOGWA BARTH COMP,,"=""22858055""","=""39207862""","=""12097698""",Personal fixed term loan,2023-11-12 00:00:00,15000.00,0.00,,0.00,18225.00,NGN,0,Closed,2023-11-27 00:00:00,Performing
OGONNA ASOGWA,"=""22368299089""",ASOGWA BARTH COMP,,"=""22858055""","=""39207862""","=""12463451""",Personal fixed term loan,2023-12-18 00:00:00,5000.00,0.00,,0.00,6500.00,NGN,0,Closed,2024-01-17 00:00:00,Performing
OGONNA ASOGWA,"=""22368299089""",ASOGWA BARTH COMP,,"=""22858055""","=""39207862""","=""12705165""",Personal fixed term loan,2024-01-14 00:00:00,5000.00,0.00,,0.00,6500.00,NGN,0,Closed,2024-02-13 00:00:00,Performing
OGONNA ASOGWA,"=""22368299089""",ASOGWA BARTH COMP,,"=""22858055""","=""39207862""","=""12902264""",Personal fixed term loan,2024-02-06 00:00:00,10000.00,0.00,,0.00,13600.00,NGN,0,Closed,2024-03-07 00:00:00,Performing
OGONNA ASOGWA,"=""22368299089""",ASOGWA BARTH COMP,,"=""22858055""","=""39207862""","=""13260758""",Personal fixed term loan,2024-03-18 00:00:00,27500.00,0.00,,0.00,36099.25,NGN,0,Closed,2024-04-17 00:00:00,Performing
OGONNA ASOGWA,"=""22368299089""",ASOGWA BARTH COMP,,"=""22858055""","=""39207862""","=""13628312""",Personal fixed term loan,2024-04-23 00:00:00,25000.00,0.00,,0.00,32857.50,NGN,0,Closed,2024-05-23 00:00:00,Performing
OGONNA ASOGWA,"=""22368299089""",ASOGWA BARTH COMP,,"=""22858055""","=""39207862""","=""14013070""",Personal fixed term loan,2024-06-04 00:00:00,27500.00,0.00,,0.00,35829.75,NGN,0,Closed,2024-07-04 00:00:00,Performing
OGONNA ASOGWA,"=""22368299089""",ASOGWA BARTH COMP,,"=""22858055""","=""39207862""","=""15021635""",Personal fixed term loan,2024-09-26 00:00:00,12500.00,0.00,,0.00,16875.00,NGN,0,Closed,2024-10-26 00:00:00,Performing
CHEVE AKPAN,,5 UTANG LANE,,"=""22859592""","=""46753623""","=""RCL46753623""",Personal Overdraft,2025-03-27 00:00:00,135000.00,37287.34,,37287.34,23473.42,NGN,90,Open,,Lost
NAFISAT ISMAIL,,PLOT 1 BLOCK 5 ALALUBOSA GSS,,"=""22860209""","=""780205""","=""RCL780205""",,2025-03-08 00:00:00,40000.00,0.00,,,0.00,NGN,0,Open,,Performing
TAIWO KOLAWOLE,,3A BALOGUN STREETISHAGATEDOISOLO,,"=""22861214""","=""23688624""","=""RCL23688624""",Personal Overdraft,2025-04-05 00:00:00,70000.00,0.00,,,0.00,NGN,0,Open,,Performing
ELVIS IBE,"=""22409795747""",41 obafemi awolowo way,,"=""22861382""","=""46872653""","=""RCL46872653""",Personal Overdraft,2024-04-10 00:00:00,300000.00,303598.51,,0.00,0.00,NGN,0,Open,,Performing
AHMAD ABDULLAHI,,HOUSE 4 3RD AVENUE PHASE II GWARINPA ESTATE,,"=""22861843""","=""47576020""","=""RCL47576020""",Personal Overdraft,2024-08-29 00:00:00,43891.48,42619.75,,42620.00,21612.30,NGN,2,Open,,Watchlist
loveth ABASIRI,,2021 mateola stfestac townlagos,,"=""22862409""","=""46214790""","=""RCL46214790""",Personal Overdraft,2025-02-20 00:00:00,200000.00,246636.07,,,246636.07,NGN,36,Open,,
GODSPOWER MONDAY,"=""22306857032""",NO 12JAKPA ROADOFF OKOBIO STREET,,"=""22863325""","=""43166612""","=""12182356""",Personal fixed term loan,2023-11-20 00:00:00,1500.00,0.00,,0.00,2025.00,NGN,0,Closed,2023-12-20 00:00:00,Performing
IBUKUN OGUNDIMU,,03 IREWOLE STREET OLAMBE BUS STOPIFO  OGUN STATE,,"=""22863541""","=""36252697""","=""RCL36252697""",Personal Overdraft,2024-10-08 00:00:00,117875.94,101592.14,,,101592.14,NGN,93,Open,,Lost
SHAFII ALIYU,"=""22414281565""",Design logic estates,"=""2347067260336""","=""22863640""","=""PF39399""","=""A21854""",Personal fixed term loan,2024-04-03 00:00:00,633000.00,0.00,,0.00,432882.80,NGN,0,Closed,2024-07-02 00:00:00,Performing
PEACE PROMISE,"=""22504981940""",78 RUMUEWARA ROAD ELIMGBU TONY ESTATE PHC,,"=""22864015""","=""43173195""","=""12285549""",Personal fixed term loan,2023-11-30 00:00:00,2500.00,0.00,,0.00,3075.00,NGN,0,Closed,2023-12-15 00:00:00,Performing
PEACE PROMISE,"=""22504981940""",78 RUMUEWARA ROAD ELIMGBU TONY ESTATE PHC,,"=""22864015""","=""43173195""","=""14421076""",Personal fixed term loan,2024-07-21 00:00:00,10000.00,0.00,,0.00,13600.00,NGN,0,Closed,2024-08-20 00:00:00,Performing
SADIYAT ABDULLAHI,"=""22437923965""",5 SECOND POWERLINE OFF AUCHI ROAD BENI CITY,,"=""22864284""","=""41141919""","=""RCL41141919""",,2024-06-29 00:00:00,65000.00,0.00,,0.00,0.00,NGN,0,Open,,Performing
DAMILOLA ADEBAYO,"=""22711408243""",06 ALAWORO STREET ILEPO BUS STOP,,"=""22864872""","=""42938634""","=""12156898""",Personal fixed term loan,2023-11-17 00:00:00,5000.00,0.00,,0.00,6000.00,NGN,0,Closed,2023-12-02 00:00:00,Performing
JOHN OFILI,"=""22461832976""",03 WAHEED BELLO CLOSE RADIO BUSTOP ITAMAGA IKORODU LAGOS,,"=""22865537""","=""1086830""","=""RCL1086830""",Personal Overdraft,2025-01-18 00:00:00,110000.00,0.00,,0.00,0.00,NGN,0,Open,,Performing
STEVE AGBO,,NO 10 OSISIOMA STREET AMANGWU ABAKPA NIKE,,"=""22866266""","=""48028337""","=""RCL48028337""",Personal Overdraft,2024-11-22 00:00:00,99286.67,150501.59,,,150501.59,NGN,67,Open,,
oyira EGONG,"=""22398668361""",AGOI IBAMI IPARI WARD,,"=""22866791""","=""48141053""","=""RCL48141053""",Personal Overdraft,2024-09-25 00:00:00,110000.00,151199.59,,,151199.59,NGN,91,Open,,Lost
EFE amos,,5 ben attar street,,"=""22867232""","=""47455304""","=""RCL47455304""",Personal Overdraft,2024-10-05 00:00:00,210000.00,172331.61,,0.00,185259.93,NGN,0,Open,,Performing
damilola OLAMBIWONNINU,"=""22299071330""",16 princa adeyeye styreet iyana bodija ibadan,,"=""22867283""","=""45374436""","=""RCL45374436""",Personal Overdraft,2024-10-11 00:00:00,120000.00,0.00,,,0.00,NGN,0,Open,,Performing
EMMANUEL BABATUNDE,"=""22622610074""",20 ILARE CLOSE MAFOLUKU OSHODI,,"=""22867994""","=""46397499""","=""RCL46397499""",Personal Overdraft,2024-09-22 00:00:00,15600.00,0.00,,0.00,11.07,NGN,0,Open,,Performing
IDOKO ALBERT,,15 MOKOYA STREET OLODI APAPA LAGOS,,"=""22869100""","=""12946346""","=""RCL12946346""",Personal Overdraft,2025-01-04 00:00:00,50000.00,34860.29,,,34860.29,NGN,0,Open,,Performing
JOKE ROTIMI,"=""22234845299""",23 ODO STREET ETIOSA OBALENDE Eti Osa Lagos State,,"=""22870143""","=""4735396""","=""RCL4735396""",Personal Overdraft,2024-05-11 00:00:00,160000.00,4066.42,,4066.00,337.90,NGN,63,Open,,Doubtful
VERONICA ISIOGUJI,,2 ADELEYE STREET OPPOSITE OJO BARRACKS,,"=""22870896""","=""47923858""","=""RCL47923858""",,2024-04-12 00:00:00,160000.00,44575.14,,,44575.14,NGN,7,Open,,Watchlist
OLUWAFISAYOMI ANOGANE,,10 OLANIKE OJO STREET APAJE ALAGBADO,,"=""22871785""","=""47049157""","=""RCL47049157""",Personal Overdraft,2024-01-12 00:00:00,53693.20,28872.82,,,28872.82,NGN,0,Open,,Performing
john ayodele,"=""22518886945""",3CFAFUNMI STREET COMMAND BUS STOPALIMOSHO,,"=""22873292""","=""43829070""","=""11668857""",Personal fixed term loan,2023-10-02 00:00:00,5000.00,0.00,,0.00,6500.00,NGN,0,Closed,2023-11-01 00:00:00,Performing
john ayodele,"=""22518886945""",3CFAFUNMI STREET COMMAND BUS STOPALIMOSHO,,"=""22873292""","=""43829070""","=""11928520""",Personal fixed term loan,2023-10-26 00:00:00,25000.00,0.00,,0.00,33500.00,NGN,0,Closed,2023-11-25 00:00:00,Performing
john ayodele,"=""22518886945""",3CFAFUNMI STREET COMMAND BUS STOPALIMOSHO,,"=""22873292""","=""43829070""","=""13121044""",Personal fixed term loan,2024-03-02 00:00:00,10000.00,0.00,,0.00,13600.00,NGN,0,Closed,2024-04-01 00:00:00,Performing
EMMANUEL UGWU,,EKC ESTATE OLIDO ENUGU EZIKE,,"=""22875637""","=""47054178""","=""RCL47054178""",Personal Overdraft,2025-01-25 00:00:00,300000.00,492540.06,,492540.06,0.00,NGN,91,Open,,Lost
YEMISI ROBOT,"=""22485605772""",2 OWODO RD OGBOMBO BS AJAH,,"=""22875659""","=""39166886""","=""11406789""",Personal fixed term loan,2023-09-07 00:00:00,7500.00,0.00,,0.00,10125.00,NGN,0,Closed,2023-10-07 00:00:00,Performing
YEMISI ROBOT,"=""22485605772""",2 OWODO RD OGBOMBO BS AJAH,,"=""22875659""","=""39166886""","=""11662149""",Personal fixed term loan,2023-10-02 00:00:00,12500.00,0.00,,0.00,16437.50,NGN,0,Closed,2023-11-01 00:00:00,Performing
EMMANUEL PETER,"=""22581864543""",126 AGBOOLA ADEBAYO ROAD AJANGBADI BUSTOP OJO,,"=""22876905""","=""13162991""","=""RCL13162991""",Personal Overdraft,2024-06-06 00:00:00,127325.10,192961.95,,1136.13,192961.95,NGN,105,Open,,Lost
USMAN ABINBADE,"=""22593995833""",AJAH ST,,"=""22877298""","=""42432324""","=""11786086""",Personal fixed term loan,2023-10-12 00:00:00,2500.00,0.00,,0.00,3125.00,NGN,0,Closed,2023-10-27 00:00:00,Performing
USMAN ABINBADE,"=""22593995833""",AJAH ST,,"=""22877298""","=""42432324""","=""11801697""",Personal fixed term loan,2023-10-14 00:00:00,2500.00,0.00,,0.00,3112.50,NGN,0,Closed,2023-10-29 00:00:00,Performing
USMAN ABINBADE,"=""22593995833""",AJAH ST,,"=""22877298""","=""42432324""","=""11902124""",Personal fixed term loan,2023-10-24 00:00:00,45000.00,0.00,,0.00,33406.00,NGN,0,Closed,2023-12-23 00:00:00,Performing
USMAN ABINBADE,"=""22593995833""",AJAH ST,,"=""22877298""","=""42432324""","=""12735587""",Personal fixed term loan,2024-01-18 00:00:00,15000.00,0.00,,0.00,18675.00,NGN,0,Closed,2024-02-02 00:00:00,Performing
USMAN ABINBADE,"=""22593995833""",AJAH ST,,"=""22877298""","=""42432324""","=""12845856""",Personal fixed term loan,2024-01-31 00:00:00,17500.00,0.00,,0.00,21598.50,NGN,0,Closed,2024-02-15 00:00:00,Performing
ROSE MANKILIK,,BEHIND VOMVET QUARTERS HWOLSHE,,"=""22877774""","=""47334133""","=""RCL47334133""",Personal Overdraft,2024-11-22 00:00:00,200000.00,198281.65,,198281.65,150000.00,NGN,6,Open,,Watchlist
AYOBAMI FADAKITE,"=""22603529980""",NO 12 OLORUNTEDO STREET MAJIYAGBE LAYOUT IPAJA,,"=""22878104""","=""43093560""","=""RCL43093560""",Personal Overdraft,2024-11-29 00:00:00,165000.00,0.00,,,0.00,NGN,0,Open,,Performing
KEHINDE AZEEZ,"=""22424210715""",13 KUMUYI STREET MUSHIN LAGOS,,"=""22878225""","=""43913466""","=""11763696""",Personal fixed term loan,2023-10-10 00:00:00,5000.00,0.00,,0.00,6000.00,NGN,0,Closed,2023-10-25 00:00:00,Performing
BARTHOLOMEW ANTHONY,,BEHIND FMC JALINGO,,"=""22878251""","=""47639352""","=""RCL47639352""",,2024-11-15 00:00:00,61250.00,18514.72,,0.00,16306.75,NGN,0,Open,,Performing
ISAIAH YUSUF,,8 JI YEKINI LAWAL STR OFF VULCANIZER BS AKOWONJO,,"=""22878824""","=""18586319""","=""RCL18586319""",Personal Overdraft,2024-01-10 00:00:00,300000.00,0.00,,0.00,15240.00,NGN,0,Open,,Open
PETER ADEGBOYE,,LOW COST AREA ODO AMO IKIRUN Ifelodun Osun State,,"=""22879210""","=""10965098""","=""RCL10965098""",Personal Overdraft,2024-08-18 00:00:00,12055.11,12178.08,,,12178.08,NGN,7,Open,,Watchlist
VICTOR SAMAILA,"=""22543951256""",OPPOSITE ARMY BARRACKS TAKUM Takum Taraba State,,"=""22879245""","=""17421803""","=""RCL17421803""",Personal Overdraft,2024-08-22 00:00:00,78000.00,152064.18,,152064.00,0.00,NGN,94,Open,,Lost
LUCKY OSUMAH,,IYAGBUEGIE QUARTERS AYUA UZAIRUE,,"=""22879435""","=""46812096""","=""RCL46812096""",Personal Overdraft,2024-09-21 00:00:00,300000.00,560930.11,,,560930.11,NGN,96,Open,,Lost
GIDEON IFEBHOR,"=""22142744800""",BLOCK 644 FLAT 6 ABESAN ESTATE IPAJA,,"=""22879961""","=""1878372""","=""RCL1878372""",Personal Overdraft,2024-01-08 00:00:00,195000.00,20782.21,,,20782.21,NGN,91,Open,,Lost
JUSTINE UKAEGBU,"=""22349029717""",amorie ubulu oruwest,,"=""22880079""","=""47396164""","=""RCL47396164""",Personal Overdraft,2024-07-28 00:00:00,90000.00,32133.64,,,32133.64,NGN,96,Open,,Lost
OYINDAMOLA FALOLA,,7 AJUWON CLOSE ARIJE,,"=""22880526""","=""4210071""","=""11707530""",Personal fixed term loan,2023-10-05 00:00:00,30000.00,0.00,,0.00,39300.00,NGN,0,Closed,2023-11-04 00:00:00,Performing
OYINDAMOLA FALOLA,,7 AJUWON CLOSE ARIJE,,"=""22880526""","=""4210071""","=""11893405""",Personal fixed term loan,2023-10-23 00:00:00,35000.00,0.00,,0.00,45500.00,NGN,0,Closed,2023-11-22 00:00:00,Performing
OYINDAMOLA FALOLA,,7 AJUWON CLOSE ARIJE,,"=""22880526""","=""4210071""","=""12084946""",Personal fixed term loan,2023-11-10 00:00:00,50000.00,0.00,,0.00,36025.00,NGN,0,Closed,2024-02-08 00:00:00,Performing
OYINDAMOLA FALOLA,,7 AJUWON CLOSE ARIJE,,"=""22880526""","=""4210071""","=""12436123""",Personal fixed term loan,2023-12-15 00:00:00,90000.00,0.00,,0.00,78560.00,NGN,0,Closed,2024-05-04 00:00:00,Performing
NWABUAKWU ODILI,,15 ILAMOYE STROFF ADESHINA  STR IJESHATEDO SURULERE,,"=""22880804""","=""40833692""","=""RCL40833692""",Personal Overdraft,2024-08-12 00:00:00,60000.00,112819.07,,,112819.07,NGN,93,Open,,Lost
OLAWUNMI OLASEHINDE,"=""22176454164""",7 OMOLE STREETEGBEDA,,"=""22882002""","=""36767238""","=""12062870""",Personal fixed term loan,2023-11-08 00:00:00,30000.00,0.00,,0.00,35910.00,NGN,0,Closed,2023-12-08 00:00:00,Performing
OLAWUNMI OLASEHINDE,"=""22176454164""",7 OMOLE STREETEGBEDA,,"=""22882002""","=""36767238""","=""12433245""",Personal fixed term loan,2023-12-15 00:00:00,50000.00,0.00,,0.00,67500.00,NGN,0,Closed,2024-01-14 00:00:00,Performing
ISAAC CHUKWU,,DEEPER LFIE JUNCTION MADALLA,"=""08161937834""","=""22882431""","=""PF25003""","=""A22067""",Personal fixed term loan,2024-04-05 00:00:00,28000.00,24675.13,,24675.13,24675.10,NGN,859,Open,2024-04-12 00:00:00,Lost
ADELEKE ONI,,8B OWIE AVENUE OFF GUOBADIA STREET OFF ETETE ROAD GRA BENI,,"=""22882820""","=""45108938""","=""RCL45108938""",,2025-05-04 00:00:00,275000.00,462583.67,,0.00,390084.46,NGN,96,Open,,Lost
FATHIA AYEGBAJEJE,"=""22677917920""",Block8 Indian quarters railway,,"=""22882840""","=""48146783""","=""RCL48146783""",Personal Overdraft,2024-07-19 00:00:00,50000.00,74796.79,,,74796.79,NGN,91,Open,,Lost
NWAMAKA NWAKA,,NEKEDE  RD,,"=""22883381""","=""47748923""","=""RCL47748923""",Personal Overdraft,2025-05-29 00:00:00,165000.00,124934.00,,0.00,140685.04,NGN,0,Open,,Performing
UGOCHUKWU ANYANKAH,,NO 4 AJADI STREET ODOGUNYAN IKORODU,,"=""22883635""","=""47656014""","=""RCL47656014""",Personal Overdraft,2024-11-19 00:00:00,200000.00,67895.16,,,67895.16,NGN,16,Open,,Watchlist
ERIC EZRA,"=""22672416822""",OPPISITE POPIMO SECONDARY SCHOOL BANGANJE BILLIRI,,"=""22884470""","=""43688282""","=""RCL43688282""",Personal Overdraft,2025-07-06 00:00:00,40000.00,1421.37,,1421.00,44802.20,NGN,94,Open,,Lost
SUZAN OGBOJI,"=""22308007567""",22 OLAWALE DAUDU IFAKO GBAGADA,,"=""22886079""","=""46966197""","=""RCL46966197""",Personal Overdraft,2024-03-08 00:00:00,167648.00,114995.42,,0.00,91800.00,NGN,0,Open,,Performing
CHINONYE OHAGWU,,8 CLOSE 2 HAMONEY ESTATE RUMUOKURUSHI PORT HARCOURT,,"=""22886248""","=""41445327""","=""RCL41445327""",Personal Overdraft,2024-10-18 00:00:00,30000.00,59388.55,,,59388.55,NGN,96,Open,,Lost
HENRY EMUKA,,EMUKAS COMPOUND UMUNEKE,,"=""22886877""","=""47737249""","=""RCL47737249""",,2025-02-28 00:00:00,88547.74,65355.64,,,65355.64,NGN,0,Open,,Performing
MARCUS YAKUBU,,PLOT 2C ADMIRALITY WAY LEKKI,,"=""22888381""","=""25519451""","=""RCL25519451""",Personal Overdraft,2024-07-16 00:00:00,214500.00,0.00,,,0.00,NGN,0,Open,,Performing
IYABODE ADEYEYE,,Not Available,,"=""22888797""","=""13980919""","=""RCL13980919""",,2025-05-23 00:00:00,105000.00,92680.93,,,92680.93,NGN,10,Open,,Watchlist
FAVOUR FUROCHARLES,"=""22669521423""",53 OKANIA STREET OKILTON ADA G,,"=""22891322""","=""36939717""","=""12090131""",Personal fixed term loan,2023-11-11 00:00:00,7500.00,0.00,,0.00,8850.00,NGN,0,Closed,2023-11-26 00:00:00,Performing
FAVOUR FUROCHARLES,"=""22669521423""",53 OKANIA STREET OKILTON ADA G,,"=""22891322""","=""36939717""","=""13412132""",Personal fixed term loan,2024-04-02 00:00:00,10000.00,0.00,,0.00,13600.00,NGN,0,Closed,2024-05-02 00:00:00,Performing
GODSTIME ANORUO,"=""22397872455""",NO 2PORT HARCOURT ROAD CHOKOCHO ETCHE RIVERS STATE ObioAkp,,"=""22891915""","=""37540720""","=""11860433""",Personal fixed term loan,2023-10-19 00:00:00,10000.00,0.00,,0.00,13200.00,NGN,0,Closed,2023-11-18 00:00:00,Performing
OLUTOSIN OGINNI,,NO 1 RAJI ADEOLA STREET JAKANDE AJANGBADI,,"=""22892131""","=""47078638""","=""RCL47078638""",Personal Overdraft,2024-07-29 00:00:00,95000.00,122813.75,,,122813.75,NGN,96,Open,,Lost
GODBLESS ODOZI,"=""22628349080""",30 NDDC ROAD IGWURUTA,,"=""22894241""","=""42973674""","=""11657574""",Personal fixed term loan,2023-10-01 00:00:00,7500.00,0.00,,0.00,9675.00,NGN,0,Closed,2023-11-16 00:00:00,Performing
IDORENYIN UDOH,"=""22233506872""",owhipa choba ph,,"=""22895812""","=""47074505""","=""RCL47074505""",Personal Overdraft,2024-10-14 00:00:00,1875.00,0.00,,,0.00,NGN,0,Open,,Performing
DESTINY NWINEESUNNY,"=""22752867571""",18 AMADI IKPOKWU ST IWO EGBELU,,"=""22895854""","=""42184539""","=""12131423""",Personal fixed term loan,2023-11-15 00:00:00,7500.00,0.00,,0.00,10125.00,NGN,0,Closed,2023-12-15 00:00:00,Performing
DESTINY NWINEESUNNY,"=""22752867571""",18 AMADI IKPOKWU ST IWO EGBELU,,"=""22895854""","=""42184539""","=""12476183""",Personal fixed term loan,2023-12-19 00:00:00,5000.00,0.00,,0.00,6225.00,NGN,0,Closed,2024-01-03 00:00:00,Performing
DESTINY NWINEESUNNY,"=""22752867571""",18 AMADI IKPOKWU ST IWO EGBELU,,"=""22895854""","=""42184539""","=""12494641""",Personal fixed term loan,2023-12-21 00:00:00,5000.00,0.00,,0.00,6650.00,NGN,0,Closed,2024-01-20 00:00:00,Performing
HUSSEINI YUWADI,,RM 4 BLCK A ASO ROCK NDA RIBADU CANTONMENT KADUNA,,"=""22896832""","=""24159593""","=""RCL24159593""",Personal Overdraft,2024-08-20 00:00:00,190000.00,0.00,,,0.00,NGN,0,Open,,Performing
ALFRED OGBONAIYE,,NO 14 OBARO WAY ODO AFIN KABBA KOGI STATE,,"=""22899390""","=""46457077""","=""RCL46457077""",Personal Overdraft,2024-12-08 00:00:00,113296.53,155652.06,,155652.06,131243.59,NGN,65,Open,,Doubtful
ABIGEAL EDEH,"=""22482680817""",3 GAFARI ALEJO STR IKORODU LAGOS,,"=""22899768""","=""48091084""","=""RCL48091084""",Personal Overdraft,2025-01-21 00:00:00,10000.00,7916.00,,,7916.00,NGN,0,Open,,Performing
EMEKA OKAFOR,,44 BALOGUN ELAWE DOPEMU AGEGE,,"=""22900337""","=""45260170""","=""RCL45260170""",Personal Overdraft,2025-06-03 00:00:00,105000.00,114878.40,,,114878.40,NGN,67,Open,,
NSA EKPENYONG,,SHIMAR HOUSE OLUBANJO STREET FASOLA SCHEME FASILA OYO,,"=""22902836""","=""46782040""","=""RCL46782040""",Personal Overdraft,2024-11-17 00:00:00,20268.36,18074.25,,,18074.25,NGN,0,Open,,Performing
LASISI AKANJI,"=""22197097540""",Not Available,,"=""22903011""","=""14837009""","=""RCL14837009""",Personal Overdraft,2024-06-05 00:00:00,57910.99,86201.08,,,86201.08,NGN,96,Open,,Lost
MOHAMMEDTHANNI AJETUNMOBI,,IMAM AJETUNMOBI STREET ABATA,,"=""22909326""","=""46975870""","=""RCL46975870""",Personal Overdraft,2024-09-23 00:00:00,134186.22,220098.19,,,220098.19,NGN,61,Open,,Doubtful
LATEEFAT ADEDOKUN,,3 Elejigbo Ado Odo Ota Ogun,,"=""22909630""","=""17105362""","=""RCL17105362""",Personal Overdraft,2025-02-21 00:00:00,30000.00,65577.30,,,65577.30,NGN,67,Open,,
OLUWADARASIMI OLANREWAJU,"=""22597259759""",13B KOLA OGUNLEYE ST NANA AP,,"=""22911384""","=""43448120""","=""11878832""",Personal fixed term loan,2023-10-21 00:00:00,5000.00,0.00,,0.00,6000.00,NGN,0,Closed,2023-11-05 00:00:00,Performing
OLUWADARASIMI OLANREWAJU,"=""22597259759""",13B KOLA OGUNLEYE ST NANA AP,,"=""22911384""","=""43448120""","=""11936320""",Personal fixed term loan,2023-10-27 00:00:00,15000.00,0.00,,0.00,18225.00,NGN,0,Closed,2023-11-11 00:00:00,Performing
OLUWAFUNMILAYO TALABI,,NO 4 SEGUN AYANKOYA CLOSE IKENNE REMO OGUN STATE Ikenne Og,,"=""22911414""","=""5784430""","=""RCL5784430""",Personal Overdraft,2024-11-30 00:00:00,15485.44,0.00,,,0.00,NGN,90,Open,,
Babalola Beatrice Yemisi,"=""22289792825""",10 Oremeji Close Moshalashi,,"=""22940315""","=""18461885""","=""RCL18461885""",Personal Overdraft,2024-10-17 00:00:00,100283.07,179137.89,,179137.89,128002.95,NGN,96,Open,,Lost
Ibrahim Mohammed,"=""22471219130""",samola area bida,"=""2347067647316""","=""22946613""","=""PF88937""","=""A27931""",Personal fixed term loan,2024-05-31 00:00:00,36000.00,0.00,,0.00,37149.10,NGN,0,Closed,2024-06-03 00:00:00,Performing
ESSIEN UDEME UWEMEDIMOH,"=""22623463859""",202 Long Furlong Drive SLOUGH SL2 2PH Eti Osa Lagos State,,"=""22950951""","=""51194513""","=""RCL51194513""",Personal Overdraft,2024-06-09 00:00:00,551183.36,476470.06,,0.00,263040.70,NGN,0,Open,,Performing
Balogun kafayat aina,"=""22445006274""",5 dosunmu street tire Lagos,"=""08126850821""","=""22953227""","=""PF65906""","=""A10615""",Personal fixed term loan,2024-01-08 00:00:00,75000.00,37978.55,,37978.55,37978.60,NGN,951,Open,2024-01-11 00:00:00,Lost
IHEDIGBO CHIBUIKE PROMISE,"=""22211051510""",Eleme Nchia market,"=""2347036688945""","=""22954152""","=""PF36912""","=""A23641""",Personal fixed term loan,2024-04-17 00:00:00,267000.00,0.00,,0.00,227744.50,NGN,0,Closed,2024-07-16 00:00:00,Performing
ADEBAYO ADELEYE JOSHUA,"=""22744700329""",C42B ARIMORO STREET ILESHA OSUN STATE,"=""08140290496""","=""23007208""","=""50461377""","=""RCL50461377""",Personal Overdraft,2025-01-30 00:00:00,10000.00,37056.62,,,37056.62,NGN,90,Open,,
