Name,BankVerificationNumber,Address,HomeTelephoneNumber,FirstCentralReferenceNo,customerid,AccountNo,TypeOfAccount,DateAccountOpened,OpeningBalanceAmt,CurrentBalanceAmt,CurrentBalanceDebitInd,AmountOverdue,InstalmentAmount,Currency,MonthsInArrears,AccountStatusCode,ClosedDate,loanclassification
BOMBATA OLUFEMI OLAJIDE,"=""22320210918""",1 CHURCH STREET IJAKO,"=""08104273142""","=""23398197""","=""37056145""","=""12687008""",Personal fixed term loan,2024-01-12 00:00:00,7500.00,0.00,,0.00,9750.00,NGN,0,Closed,2024-02-11 00:00:00,Performing
ELIZABETH TAIWO,"=""22268213192""",NO 75 MARIA IBIRONKE IKOTUN,,"=""23430382""","=""1765380""","=""RCL1765380""",Personal Overdraft,2025-02-15 00:00:00,125000.00,202352.61,,0.00,0.00,NGN,90,Open,,Lost
TERRY ODINACHI,"=""22694377136""",JGJQF72 Ikorodu 104101 Ikorodu Lagos Nigeria,,"=""23440777""","=""37002607""","=""11861514""",Personal fixed term loan,2023-10-20 00:00:00,1500.00,0.00,,0.00,1845.00,NGN,0,Closed,2023-11-04 00:00:00,Performing
TERRY ODINACHI,"=""22694377136""",JGJQF72 Ikorodu 104101 Ikorodu Lagos Nigeria,,"=""23440777""","=""37002607""","=""12570183""",Personal fixed term loan,2023-12-30 00:00:00,10000.00,0.00,,0.00,12550.00,NGN,0,Closed,2024-01-14 00:00:00,Performing
TERRY ODINACHI,"=""22694377136""",JGJQF72 Ikorodu 104101 Ikorodu Lagos Nigeria,,"=""23440777""","=""37002607""","=""12632326""",Personal fixed term loan,2024-01-06 00:00:00,5000.00,0.00,,0.00,6185.00,NGN,0,Closed,2024-01-21 00:00:00,Performing
TERRY ODINACHI,"=""22694377136""",JGJQF72 Ikorodu 104101 Ikorodu Lagos Nigeria,,"=""23440777""","=""37002607""","=""12646957""",Personal fixed term loan,2024-01-08 00:00:00,2500.00,0.00,,0.00,2992.50,NGN,0,Closed,2024-01-23 00:00:00,Performing
TERRY ODINACHI,"=""22694377136""",JGJQF72 Ikorodu 104101 Ikorodu Lagos Nigeria,,"=""23440777""","=""37002607""","=""12793603""",Personal fixed term loan,2024-01-25 00:00:00,20000.00,0.00,,0.00,24340.00,NGN,0,Closed,2024-02-09 00:00:00,Performing
TERRY ODINACHI,"=""22694377136""",JGJQF72 Ikorodu 104101 Ikorodu Lagos Nigeria,,"=""23440777""","=""37002607""","=""15109883""",Personal fixed term loan,2024-10-06 00:00:00,10000.00,0.00,,0.00,13600.00,NGN,0,Closed,2024-11-05 00:00:00,Performing
TERRY ODINACHI,"=""22694377136""",JGJQF72 Ikorodu 104101 Ikorodu Lagos Nigeria,,"=""23440777""","=""37002607""","=""15323824""",Personal fixed term loan,2024-11-05 00:00:00,10000.00,0.00,,0.00,13600.00,NGN,0,Closed,2024-12-05 00:00:00,Performing
TAIWO OJELABI,,6A ADENELA CLOSE OKE AREGBA Abeokuta South Ogun State,,"=""23452846""","=""6628945""","=""RCL6628945""",Personal Overdraft,2025-02-27 00:00:00,65000.00,67341.95,,0.00,0.00,NGN,0,Open,,Performing
ABIDEEN AZEEZ,,75 ADEOYE STREET AGBOWO IBADAN,,"=""23473116""","=""36019340""","=""RCL36019340""",Personal Overdraft,2024-06-11 00:00:00,79259.98,143596.73,,143596.73,112301.07,NGN,229,Open,,Lost
MUTIAT SOMUYIWA,,2 IMALA ROAD SAJE AREA ABEOKUTA OGUN STATE,"=""08063158844""","=""23748875""","=""43352351""","=""12802118""",Personal fixed term loan,2024-01-26 00:00:00,2500.00,0.00,,0.00,3375.00,NGN,0,Closed,2024-02-25 00:00:00,Performing
MUTIAT SOMUYIWA,,2 IMALA ROAD SAJE AREA ABEOKUTA OGUN STATE,"=""08063158844""","=""23748875""","=""43352351""","=""12835945""",Personal fixed term loan,2024-01-30 00:00:00,10000.00,0.00,,0.00,12750.00,NGN,0,Closed,2024-02-29 00:00:00,Performing
MUTIAT SOMUYIWA,,2 IMALA ROAD SAJE AREA ABEOKUTA OGUN STATE,"=""08063158844""","=""23748875""","=""43352351""","=""13077322""",Personal fixed term loan,2024-02-26 00:00:00,20000.00,0.00,,0.00,25686.00,NGN,0,Closed,2024-03-27 00:00:00,Performing
MUTIAT SOMUYIWA,,2 IMALA ROAD SAJE AREA ABEOKUTA OGUN STATE,"=""08063158844""","=""23748875""","=""43352351""","=""13331658""",Personal fixed term loan,2024-03-25 00:00:00,22500.00,0.00,,0.00,29279.25,NGN,0,Closed,2024-04-24 00:00:00,Performing
MUTIAT SOMUYIWA,,2 IMALA ROAD SAJE AREA ABEOKUTA OGUN STATE,"=""08063158844""","=""23748875""","=""43352351""","=""13668813""",Personal fixed term loan,2024-04-27 00:00:00,22500.00,0.00,,0.00,29571.75,NGN,0,Closed,2024-05-27 00:00:00,Performing
OGHENERUYRHE STEPHEN,"=""22494832677""",3 EAST WEST ROAD MBIAMA MOPOL JUNCTION PHC,,"=""23446074""","=""3719161""","=""12570385""",Personal fixed term loan,2023-12-30 00:00:00,2500.00,0.00,,0.00,3375.00,NGN,0,Closed,2024-01-29 00:00:00,Performing
OGHENERUYRHE STEPHEN,"=""22494832677""",3 EAST WEST ROAD MBIAMA MOPOL JUNCTION PHC,,"=""23446074""","=""3719161""","=""12857937""",Personal fixed term loan,2024-02-01 00:00:00,10000.00,0.00,,0.00,13500.00,NGN,0,Closed,2024-03-02 00:00:00,Performing
OGHENERUYRHE STEPHEN,"=""22494832677""",3 EAST WEST ROAD MBIAMA MOPOL JUNCTION PHC,,"=""23446074""","=""3719161""","=""13099691""",Personal fixed term loan,2024-02-29 00:00:00,10000.00,0.00,,0.00,13600.00,NGN,0,Closed,2024-03-30 00:00:00,Performing
OGHENERUYRHE STEPHEN,"=""22494832677""",3 EAST WEST ROAD MBIAMA MOPOL JUNCTION PHC,,"=""23446074""","=""3719161""","=""13439392""",Personal fixed term loan,2024-04-04 00:00:00,10000.00,0.00,,0.00,13600.00,NGN,0,Closed,2024-05-04 00:00:00,Performing
OGHENERUYRHE STEPHEN,"=""22494832677""",3 EAST WEST ROAD MBIAMA MOPOL JUNCTION PHC,,"=""23446074""","=""3719161""","=""13790157""",Personal fixed term loan,2024-05-10 00:00:00,12500.00,0.00,,0.00,16875.00,NGN,0,Closed,2024-06-09 00:00:00,Performing
OGHENERUYRHE STEPHEN,"=""22494832677""",3 EAST WEST ROAD MBIAMA MOPOL JUNCTION PHC,,"=""23446074""","=""3719161""","=""14068152""",Personal fixed term loan,2024-06-10 00:00:00,15000.00,0.00,,0.00,20250.00,NGN,0,Closed,2024-07-10 00:00:00,Performing
OGHENERUYRHE STEPHEN,"=""22494832677""",3 EAST WEST ROAD MBIAMA MOPOL JUNCTION PHC,,"=""23446074""","=""3719161""","=""14364772""",Personal fixed term loan,2024-07-14 00:00:00,15000.00,0.00,,0.00,20250.00,NGN,0,Closed,2024-08-13 00:00:00,Performing
OGHENERUYRHE STEPHEN,"=""22494832677""",3 EAST WEST ROAD MBIAMA MOPOL JUNCTION PHC,,"=""23446074""","=""3719161""","=""14727197""",Personal fixed term loan,2024-08-24 00:00:00,10000.00,0.00,,0.00,14500.00,NGN,0,Closed,2024-09-23 00:00:00,Performing
OGHENERUYRHE STEPHEN,"=""22494832677""",3 EAST WEST ROAD MBIAMA MOPOL JUNCTION PHC,,"=""23446074""","=""3719161""","=""15004758""",Personal fixed term loan,2024-09-24 00:00:00,10000.00,0.00,,0.00,14500.00,NGN,0,Closed,2024-10-24 00:00:00,Performing
SUNDAY CLEMENT,"=""22467823022""",46 ECWA CHURCH ROAD PAKO MARKET BSTOPGWAGWALADA,,"=""23448553""","=""42321769""","=""12456978""",Personal fixed term loan,2023-12-17 00:00:00,5000.00,0.00,,0.00,6250.00,NGN,0,Closed,2024-02-07 00:00:00,Performing
AGNES OPARAOJIAKU,,72 ADIYAN ROAD AGBADOOGUN STATE,,"=""23471231""","=""47442719""","=""RCL47442719""",Personal Overdraft,2024-12-12 00:00:00,275000.00,0.00,,,0.00,NGN,0,Open,,Performing
PHILO IYANGBE,"=""22742308660""",8 Toyin Cl Ojo 102104 Lagos Nigeria,,"=""23485464""","=""42239498""","=""12480162""",Personal fixed term loan,2023-12-20 00:00:00,5000.00,0.00,,0.00,6750.00,NGN,0,Closed,2024-01-19 00:00:00,Performing
PHILO IYANGBE,"=""22742308660""",8 Toyin Cl Ojo 102104 Lagos Nigeria,,"=""23485464""","=""42239498""","=""12674679""",Personal fixed term loan,2024-01-11 00:00:00,15000.00,0.00,,0.00,18675.00,NGN,0,Closed,2024-01-26 00:00:00,Performing
SAMUEL ENENCHE,"=""22516044367""",BEFORE GARAGE ASO PADA MARABA,,"=""23879394""","=""37578058""","=""RCL37578058""",Personal Overdraft,2024-02-10 00:00:00,42500.00,98808.12,,,98808.12,NGN,96,Open,,Lost
STEPHEN NWEKE,,NO 10 ACHARA ROAD NSUKKA,,"=""24034511""","=""15169336""","=""RCL15169336""",Personal Overdraft,2025-01-05 00:00:00,50000.00,59300.00,,,59300.00,NGN,1,Open,,
Joel Pirnan Garba,,GARBA V JOEL RES OPP JED BUKURUJOS SOUTHPLATEAU STATE,,"=""24081146""","=""52394248""","=""RCL52394248""",Personal Overdraft,2025-06-15 00:00:00,15000.00,15975.00,,,15975.00,NGN,0,Open,,Performing
Samuel Aizebeoje,"=""22700395097""",47 afuzeAuchi Road okpokhumi,"=""2349034223901""","=""24212163""","=""PF28228""","=""A19080""",Personal fixed term loan,2024-03-11 00:00:00,944000.00,1166316.61,,1166316.61,1123164.20,NGN,861,Open,2024-05-10 00:00:00,Lost
OLUWABUNMI OMOLERE,,V20 IJEMU STREET IDO EKITI,,"=""23441387""","=""47198650""","=""RCL47198650""",Personal Overdraft,2024-08-04 00:00:00,75600.00,144651.91,,,144651.91,NGN,91,Open,,Lost
ADAKU IBE,"=""22335022438""",19 BASSEY DUKE NEW HAVEN,,"=""23454576""","=""43689745""","=""12143764""",Personal fixed term loan,2023-11-16 00:00:00,5000.00,0.00,,0.00,6500.00,NGN,0,Closed,2023-12-16 00:00:00,Performing
ADAKU IBE,"=""22335022438""",19 BASSEY DUKE NEW HAVEN,,"=""23454576""","=""43689745""","=""12551164""",Personal fixed term loan,2023-12-28 00:00:00,40000.00,0.00,,0.00,29694.00,NGN,0,Closed,2024-02-26 00:00:00,Performing
ADAKU IBE,"=""22335022438""",19 BASSEY DUKE NEW HAVEN,,"=""23454576""","=""43689745""","=""13220263""",Personal fixed term loan,2024-03-13 00:00:00,12500.00,0.00,,0.00,16875.00,NGN,0,Closed,2024-04-12 00:00:00,Performing
ADAKU IBE,"=""22335022438""",19 BASSEY DUKE NEW HAVEN,,"=""23454576""","=""43689745""","=""13525954""",Personal fixed term loan,2024-04-12 00:00:00,10000.00,0.00,,0.00,13600.00,NGN,0,Closed,2024-05-12 00:00:00,Performing
ADAKU IBE,"=""22335022438""",19 BASSEY DUKE NEW HAVEN,,"=""23454576""","=""43689745""","=""13979589""",Personal fixed term loan,2024-05-31 00:00:00,15000.00,0.00,,0.00,20250.00,NGN,0,Closed,2024-06-30 00:00:00,Performing
ADAKU IBE,"=""22335022438""",19 BASSEY DUKE NEW HAVEN,,"=""23454576""","=""43689745""","=""14836173""",Personal fixed term loan,2024-09-05 00:00:00,17500.00,0.00,,0.00,22706.25,NGN,0,Closed,,Performing
GABRIEL OBANDE,"=""22536512215""",3 SANNI OGUDU OJOTA,,"=""23460558""","=""38605585""","=""12206257""",Personal fixed term loan,2023-11-22 00:00:00,5000.00,0.00,,0.00,6000.00,NGN,0,Closed,2023-12-07 00:00:00,Performing
USMAN MUHAMMED,,8EZE AKANU IBIAM CLOSE WORKS AND HOUSING BS GWARINPA FCT,,"=""23466757""","=""43769060""","=""12560324""",Personal fixed term loan,2023-12-29 00:00:00,2500.00,0.00,,0.00,3375.00,NGN,0,Closed,2024-01-28 00:00:00,Performing
EMMANUEL OGUNNEYE,"=""22153117563""",29 AGBELEKALE STREET OSHODI LAGOS,,"=""23472441""","=""46984427""","=""RCL46984427""",Personal Overdraft,2024-10-22 00:00:00,225000.00,0.00,,,0.00,NGN,0,Open,,Performing
ATILE FELIX AHANGBA,"=""22518243142""",14 lamidi ogunsanwo str gra Shagamu Ogun State,"=""2349167887012""","=""23547879""","=""51724085""","=""RCL51724085""",Personal Overdraft,2025-01-01 00:00:00,20000.00,57075.16,,,57075.16,NGN,97,Open,,Lost
AYOMIDE ODUNTAN,"=""22597630273""",21 OGUNDELE STREET OFF AJELANWA FATADE BUS STOP IPAJA,,"=""23735042""","=""48981275""","=""RCL48981275""",Personal Overdraft,2024-08-27 00:00:00,48541.80,94279.27,,,94279.27,NGN,96,Open,,Lost
SAN RUSLAN,,NO 3 BISHOP PETER JATAU STREET SABO KADUNA,"=""07034386118""","=""23974966""","=""PF78641""","=""A18194""",Personal fixed term loan,2024-03-02 00:00:00,40000.00,48467.91,,48467.91,48467.90,NGN,870,Open,2024-05-01 00:00:00,Lost
Aregbesola Oluwabukola,,BACK 35 OJIJIGOGUN STREET ISIKAN AKURE,,"=""24194736""","=""37685987""","=""RCL37685987""",Personal Overdraft,2025-03-19 00:00:00,25000.00,97887.00,,97887.00,32124.49,NGN,90,Open,,Lost
Perry dollars,,10 ugbeyi,"=""2348062545566""","=""24212099""","=""PF52443""","=""A18960""",Personal fixed term loan,2024-03-10 00:00:00,89500.00,105659.98,,105659.98,97315.60,NGN,862,Open,2024-04-09 00:00:00,Lost
JUSTINA JACOB,"=""22497064727""",47 IKOTA STREET ELEGANZA BUS STOP IKOTA,,"=""24215094""","=""43653088""","=""13629761""",Personal fixed term loan,2024-04-23 00:00:00,10000.00,0.00,,0.00,13500.00,NGN,0,Closed,2024-05-23 00:00:00,Performing
JUSTINA JACOB,"=""22497064727""",47 IKOTA STREET ELEGANZA BUS STOP IKOTA,,"=""24215094""","=""43653088""","=""13690439""",Personal fixed term loan,2024-04-30 00:00:00,27500.00,0.00,,0.00,35414.50,NGN,0,Closed,2024-05-30 00:00:00,Performing
JUSTINA JACOB,"=""22497064727""",47 IKOTA STREET ELEGANZA BUS STOP IKOTA,,"=""24215094""","=""43653088""","=""13992041""",Personal fixed term loan,2024-06-02 00:00:00,10000.00,0.00,,0.00,13600.00,NGN,0,Closed,2024-07-02 00:00:00,Performing
SUNDAY OLUWAFEMI,,NO 21 TALOGBEMU STREET SHIBIRI,,"=""23424226""","=""39346314""","=""RCL39346314""",Personal Overdraft,2025-06-02 00:00:00,65000.00,81709.21,,81709.00,0.00,NGN,33,Open,,Sub standard
OLADIPUPO OYESANYA,"=""22510617451""",NO 6SHOKOYA STREET BESIDE BET9JA SHOP OLOJOJO BUSSTOP OWOR,,"=""23432582""","=""48804774""","=""RCL48804774""",Personal Overdraft,2024-09-11 00:00:00,120000.00,216745.93,,,216745.93,NGN,92,Open,,Lost
OMOTOLANI ALABEDE,"=""22528257825""",32 KAKA STREET OJA BUS STOP EGBEDA ALIMOSHO,,"=""23463198""","=""37164614""","=""12213016""",Personal fixed term loan,2023-11-23 00:00:00,5000.00,0.00,,0.00,6750.00,NGN,0,Closed,2023-12-23 00:00:00,Performing
OMOTOLANI ALABEDE,"=""22528257825""",32 KAKA STREET OJA BUS STOP EGBEDA ALIMOSHO,,"=""23463198""","=""37164614""","=""12499211""",Personal fixed term loan,2023-12-22 00:00:00,17500.00,0.00,,0.00,23275.00,NGN,0,Closed,2024-01-21 00:00:00,Performing
OMOTOLANI ALABEDE,"=""22528257825""",32 KAKA STREET OJA BUS STOP EGBEDA ALIMOSHO,,"=""23463198""","=""37164614""","=""12620449""",Personal fixed term loan,2024-01-05 00:00:00,15000.00,0.00,,0.00,18675.00,NGN,0,Closed,2024-01-20 00:00:00,Performing
OMOTOLANI ALABEDE,"=""22528257825""",32 KAKA STREET OJA BUS STOP EGBEDA ALIMOSHO,,"=""23463198""","=""37164614""","=""12736200""",Personal fixed term loan,2024-01-18 00:00:00,20000.00,0.00,,0.00,24900.00,NGN,0,Closed,2024-02-02 00:00:00,Performing
OMOTOLANI ALABEDE,"=""22528257825""",32 KAKA STREET OJA BUS STOP EGBEDA ALIMOSHO,,"=""23463198""","=""37164614""","=""13157507""",Personal fixed term loan,2024-03-06 00:00:00,10000.00,0.00,,0.00,13600.00,NGN,0,Closed,2024-03-21 00:00:00,Performing
OMOTOLANI ALABEDE,"=""22528257825""",32 KAKA STREET OJA BUS STOP EGBEDA ALIMOSHO,,"=""23463198""","=""37164614""","=""13288787""",Personal fixed term loan,2024-03-21 00:00:00,10000.00,0.00,,0.00,13600.00,NGN,0,Closed,2024-04-20 00:00:00,Performing
OMOTOLANI ALABEDE,"=""22528257825""",32 KAKA STREET OJA BUS STOP EGBEDA ALIMOSHO,,"=""23463198""","=""37164614""","=""13602440""",Personal fixed term loan,2024-04-20 00:00:00,10000.00,0.00,,0.00,13600.00,NGN,0,Closed,2024-05-20 00:00:00,Performing
OMOTOLANI ALABEDE,"=""22528257825""",32 KAKA STREET OJA BUS STOP EGBEDA ALIMOSHO,,"=""23463198""","=""37164614""","=""13833702""",Personal fixed term loan,2024-05-15 00:00:00,10000.00,0.00,,0.00,13600.00,NGN,0,Closed,2024-06-14 00:00:00,Performing
AZEEZ ISIAKA,"=""22456920145""",02HOSPITAL ROADNEPA OFFICE BUS STOPSANGOTEDO,,"=""23485845""","=""42319109""","=""12384741""",Personal fixed term loan,2023-12-10 00:00:00,7500.00,0.00,,0.00,9750.00,NGN,0,Closed,2024-01-09 00:00:00,Performing
AZEEZ ISIAKA,"=""22456920145""",02HOSPITAL ROADNEPA OFFICE BUS STOPSANGOTEDO,,"=""23485845""","=""42319109""","=""13956343""",Personal fixed term loan,2024-05-29 00:00:00,10000.00,0.00,,0.00,13600.00,NGN,0,Closed,2024-06-28 00:00:00,Performing
Toheeb Animashaun,,9 OWODUNNI STREET ONIPANU LAGOS Lagos State nigeria Mushin,,"=""23752824""","=""27283796""","=""RCL27283796""",,2025-03-05 00:00:00,50000.00,58093.76,,,58093.76,NGN,7,Open,,Watchlist
NNAJI BEVERL OGECHI,,NO 10 OGUNYEMI STREET ONIRU ESTATE LEKKI,,"=""24086055""","=""56716936""","=""RCL56716936""",Personal Overdraft,2025-07-15 00:00:00,55000.00,70604.74,,0.00,0.00,NGN,35,Open,,Sub standard
ABUBAKAR NURA,,No2 fin bank road obajana lokoja kogi state,"=""2348033681600""","=""24212216""","=""PF77691""","=""A18793""",Personal fixed term loan,2024-03-09 00:00:00,385000.00,417700.75,,417700.75,473634.80,NGN,863,Open,2024-05-08 00:00:00,Lost
CHINECHEREM PARADISE OKEH,"=""22550285302""",NO 9 OKEREKE STREET NKALIKI,,"=""24307212""","=""8265608""","=""RCL8265608""",Personal Overdraft,2025-01-20 00:00:00,15000.00,0.00,,,0.00,NGN,0,Open,,Performing
OGHO AWOREDJO,"=""22148454617""",6 ORHRO STREET,,"=""23419219""","=""36781335""","=""12571430""",Personal fixed term loan,2023-12-30 00:00:00,1500.00,0.00,,0.00,2025.00,NGN,0,Closed,2024-01-29 00:00:00,Performing
OGHO AWOREDJO,"=""22148454617""",6 ORHRO STREET,,"=""23419219""","=""36781335""","=""12626640""",Personal fixed term loan,2024-01-05 00:00:00,5000.00,0.00,,0.00,6225.00,NGN,0,Closed,2024-01-20 00:00:00,Performing
OGHO AWOREDJO,"=""22148454617""",6 ORHRO STREET,,"=""23419219""","=""36781335""","=""12656310""",Personal fixed term loan,2024-01-09 00:00:00,5000.00,0.00,,0.00,6135.00,NGN,0,Closed,2024-01-24 00:00:00,Performing
OGHO AWOREDJO,"=""22148454617""",6 ORHRO STREET,,"=""23419219""","=""36781335""","=""12718795""",Personal fixed term loan,2024-01-16 00:00:00,10000.00,0.00,,0.00,12270.00,NGN,0,Closed,2024-01-31 00:00:00,Performing
OGHO AWOREDJO,"=""22148454617""",6 ORHRO STREET,,"=""23419219""","=""36781335""","=""12773320""",Personal fixed term loan,2024-01-22 00:00:00,10000.00,0.00,,0.00,12070.00,NGN,0,Closed,2024-02-06 00:00:00,Performing
OGHO AWOREDJO,"=""22148454617""",6 ORHRO STREET,,"=""23419219""","=""36781335""","=""12836181""",Personal fixed term loan,2024-01-30 00:00:00,10000.00,0.00,,0.00,12270.00,NGN,0,Closed,2024-02-14 00:00:00,Performing
OGHO AWOREDJO,"=""22148454617""",6 ORHRO STREET,,"=""23419219""","=""36781335""","=""13004866""",Personal fixed term loan,2024-02-18 00:00:00,10000.00,0.00,,0.00,11970.00,NGN,0,Closed,2024-03-04 00:00:00,Performing
OGHO AWOREDJO,"=""22148454617""",6 ORHRO STREET,,"=""23419219""","=""36781335""","=""13123847""",Personal fixed term loan,2024-03-02 00:00:00,10000.00,0.00,,0.00,11800.00,NGN,0,Closed,2024-03-17 00:00:00,Performing
OGHO AWOREDJO,"=""22148454617""",6 ORHRO STREET,,"=""23419219""","=""36781335""","=""13249500""",Personal fixed term loan,2024-03-17 00:00:00,50000.00,0.00,,0.00,24917.00,NGN,0,Closed,2024-08-25 00:00:00,Performing
OGHO AWOREDJO,"=""22148454617""",6 ORHRO STREET,,"=""23419219""","=""36781335""","=""14530669""",Personal fixed term loan,2024-08-02 00:00:00,10000.00,0.00,,0.00,14500.00,NGN,0,Closed,2024-08-17 00:00:00,Performing
OGHO AWOREDJO,"=""22148454617""",6 ORHRO STREET,,"=""23419219""","=""36781335""","=""14925925""",Personal fixed term loan,2024-09-15 00:00:00,10000.00,0.00,,0.00,29000.00,NGN,0,Closed,2024-09-30 00:00:00,Performing
CHIDINMA MOSES,"=""22449216686""",1 OWOR STREET RUMUDURU JUNCTION PORT HARCOURT,,"=""23448485""","=""42707233""","=""12145027""",Personal fixed term loan,2023-11-16 00:00:00,7500.00,0.00,,0.00,10125.00,NGN,0,Closed,2023-12-16 00:00:00,Performing
CHIDINMA MOSES,"=""22449216686""",1 OWOR STREET RUMUDURU JUNCTION PORT HARCOURT,,"=""23448485""","=""42707233""","=""13298950""",Personal fixed term loan,2024-03-22 00:00:00,10000.00,0.00,,0.00,13600.00,NGN,0,Closed,2024-04-21 00:00:00,Performing
ENEOJO YAHAYA,"=""22743510806""",behind new transformer zamani village airport road abuja,,"=""23452843""","=""42996610""","=""11444106""",Personal fixed term loan,2023-09-10 00:00:00,5000.00,0.00,,0.00,6750.00,NGN,0,Closed,2023-10-10 00:00:00,Performing
ODUTOLA BOJO,"=""22323786023""",11 IFELODUN STREET AKINYELE IPAJA,,"=""23482709""","=""37499123""","=""12110689""",Personal fixed term loan,2023-11-13 00:00:00,5000.00,0.00,,0.00,6150.00,NGN,0,Closed,2023-11-28 00:00:00,Performing
SAGIRU YUSUF,"=""22651251475""",Arkilla,"=""2348140342341""","=""23759184""","=""PF40807""","=""A18829""",Personal fixed term loan,2024-03-09 00:00:00,205000.00,206267.02,,206267.02,201136.20,NGN,887,Open,2024-04-08 00:00:00,Lost
ASUQUO DORATHY OBOT,"=""22563324047""",3 UMO OROK STREET,"=""08127102091""","=""23974125""","=""48084175""","=""RCL48084175""",Personal Overdraft,2024-08-26 00:00:00,225000.00,326660.35,,,326660.35,NGN,61,Open,,Doubtful
Onyekachi Michael,,No19 Royce road Owerri imo state,"=""2348164565317""","=""24314039""","=""PF28929""","=""A24473""",Personal fixed term loan,2024-04-24 00:00:00,177000.00,147096.88,,147096.88,172076.90,NGN,810,Open,2024-07-23 00:00:00,Lost
lukmon bankole,"=""22330539645""",36 igbore road ijeja abk,,"=""23451982""","=""37346329""","=""11605050""",Personal fixed term loan,2023-09-26 00:00:00,7500.00,0.00,,0.00,9750.00,NGN,0,Closed,2023-10-26 00:00:00,Performing
lukmon bankole,"=""22330539645""",36 igbore road ijeja abk,,"=""23451982""","=""37346329""","=""11893257""",Personal fixed term loan,2023-10-23 00:00:00,17500.00,0.00,,0.00,21962.50,NGN,0,Closed,2023-11-07 00:00:00,Performing
SOLOMON OPARA,"=""22518590323""",13 FEMI PEARSE VICTORIA ISLAND LAGOS,,"=""23456285""","=""1191187""","=""RCL1191187""",Personal Overdraft,2024-11-17 00:00:00,160000.00,142578.00,,,142578.00,NGN,0,Open,,Performing
EBUBE FIDELIS,"=""22764211997""",OROZO ABUJA,,"=""23754837""","=""46390220""","=""RCL46390220""",Personal Overdraft,2024-10-21 00:00:00,80000.00,109925.71,,,109925.71,NGN,91,Open,,Lost
MIFTAHU YUSIF,"=""22365084181""",NO38 MUSKWANI,,"=""23882217""","=""39357218""","=""12987871""",Personal fixed term loan,2024-02-16 00:00:00,5000.00,0.00,,0.00,6750.00,NGN,0,Closed,2024-03-17 00:00:00,Performing
OLUWASEFUNMI ADEYANJU,"=""22489903717""",NO 283 BRIDG ADEMULEGUN ROADKOLARIWAYO,,"=""23889103""","=""42254448""","=""12879912""",Personal fixed term loan,2024-02-04 00:00:00,1500.00,0.00,,0.00,2025.00,NGN,0,Closed,2024-03-05 00:00:00,Performing
OLUWASEFUNMI ADEYANJU,"=""22489903717""",NO 283 BRIDG ADEMULEGUN ROADKOLARIWAYO,,"=""23889103""","=""42254448""","=""13611334""",Personal fixed term loan,2024-04-21 00:00:00,10000.00,0.00,,0.00,13600.00,NGN,0,Closed,,Performing
Obiora Blessing,,No21 omodoro street rumuagholu street porthacourt,"=""2349030555262""","=""24212164""","=""PF38158""","=""A21538""",Personal fixed term loan,2024-04-01 00:00:00,292000.00,240861.02,,240861.02,276816.00,NGN,860,Open,2024-05-01 00:00:00,Lost
Flourish Okolie,,Osubi warri delta states,"=""2347064460834""","=""24212221""","=""PF60991""","=""A21035""",Personal fixed term loan,2024-03-28 00:00:00,455000.00,0.00,,0.00,391148.90,NGN,0,Closed,2024-05-27 00:00:00,Performing
Paschal Onah,"=""22714150860""",UMUDIALE OHOM ORBA Udenu Enugu State,,"=""24317686""","=""47435954""","=""RCL47435954""",Personal Overdraft,2025-06-06 00:00:00,65000.00,0.00,,0.00,0.00,NGN,0,Open,,Performing
FESTUS EKHATOR,"=""22386372731""",NO 5 OMOSEFE STREETOFF EVBAREKE QUARTERSBENIN CITY,,"=""24361599""","=""39228881""","=""13723667""",Personal fixed term loan,2024-05-03 00:00:00,7500.00,0.00,,0.00,9750.00,NGN,0,Closed,2024-06-02 00:00:00,Performing
FESTUS EKHATOR,"=""22386372731""",NO 5 OMOSEFE STREETOFF EVBAREKE QUARTERSBENIN CITY,,"=""24361599""","=""39228881""","=""14050765""",Personal fixed term loan,2024-06-08 00:00:00,10000.00,0.00,,0.00,13026.00,NGN,0,Closed,2024-07-08 00:00:00,Performing
FESTUS EKHATOR,"=""22386372731""",NO 5 OMOSEFE STREETOFF EVBAREKE QUARTERSBENIN CITY,,"=""24361599""","=""39228881""","=""14292989""",Personal fixed term loan,2024-07-06 00:00:00,20000.00,0.00,,0.00,26280.00,NGN,0,Closed,2024-08-05 00:00:00,Performing
FESTUS EKHATOR,"=""22386372731""",NO 5 OMOSEFE STREETOFF EVBAREKE QUARTERSBENIN CITY,,"=""24361599""","=""39228881""","=""14526386""",Personal fixed term loan,2024-08-01 00:00:00,20000.00,0.00,,0.00,26280.00,NGN,0,Closed,2024-08-31 00:00:00,Performing
FESTUS EKHATOR,"=""22386372731""",NO 5 OMOSEFE STREETOFF EVBAREKE QUARTERSBENIN CITY,,"=""24361599""","=""39228881""","=""14739629""",Personal fixed term loan,2024-08-25 00:00:00,22500.00,0.00,,0.00,29349.00,NGN,0,Closed,,Performing
FESTUS EKHATOR,"=""22386372731""",NO 5 OMOSEFE STREETOFF EVBAREKE QUARTERSBENIN CITY,,"=""24361599""","=""39228881""","=""15129951""",Personal fixed term loan,2024-10-09 00:00:00,17500.00,0.00,,0.00,47523.00,NGN,0,Closed,2024-10-24 00:00:00,Performing
ADEYEMI OJO,"=""22716224181""",13 ADDUNNI OKANLAWON STREET OFF OBE BUS STOP AGBADO ROAD A,"=""08138639838""","=""24418653""","=""51368658""","=""RCL51368658""",Personal Overdraft,2024-11-14 00:00:00,192486.73,315235.77,,,315235.77,NGN,97,Open,,
WISDOM NSANE,"=""22651358712""",NSANES COMPOUND KOROMA TAI,,"=""23449523""","=""38097697""","=""12467716""",Personal fixed term loan,2023-12-19 00:00:00,2500.00,0.00,,0.00,3075.00,NGN,0,Closed,2024-01-03 00:00:00,Performing
BELLO ODIASE,"=""22337821956""",NO 3 OGEMUDIA STREET EVBOUTUBU QUARTERS BENIN CITY,,"=""23882043""","=""44120503""","=""13074980""",Personal fixed term loan,2024-02-26 00:00:00,15000.00,0.00,,0.00,20250.00,NGN,0,Closed,2024-03-27 00:00:00,Performing
BELLO ODIASE,"=""22337821956""",NO 3 OGEMUDIA STREET EVBOUTUBU QUARTERS BENIN CITY,,"=""23882043""","=""44120503""","=""13362608""",Personal fixed term loan,2024-03-28 00:00:00,20000.00,0.00,,0.00,26286.00,NGN,0,Closed,2024-04-27 00:00:00,Performing
BELLO ODIASE,"=""22337821956""",NO 3 OGEMUDIA STREET EVBOUTUBU QUARTERS BENIN CITY,,"=""23882043""","=""44120503""","=""13704415""",Personal fixed term loan,2024-05-01 00:00:00,22500.00,0.00,,0.00,29913.75,NGN,0,Closed,2024-05-16 00:00:00,Performing
BELLO ODIASE,"=""22337821956""",NO 3 OGEMUDIA STREET EVBOUTUBU QUARTERS BENIN CITY,,"=""23882043""","=""44120503""","=""13843551""",Personal fixed term loan,2024-05-16 00:00:00,20000.00,0.00,,0.00,26088.00,NGN,0,Closed,2024-06-15 00:00:00,Performing
BELLO ODIASE,"=""22337821956""",NO 3 OGEMUDIA STREET EVBOUTUBU QUARTERS BENIN CITY,,"=""23882043""","=""44120503""","=""14309197""",Personal fixed term loan,2024-07-08 00:00:00,35000.00,0.00,,0.00,47523.00,NGN,0,Closed,2024-07-23 00:00:00,Performing
BELLO ODIASE,"=""22337821956""",NO 3 OGEMUDIA STREET EVBOUTUBU QUARTERS BENIN CITY,,"=""23882043""","=""44120503""","=""14522880""",Personal fixed term loan,2024-08-01 00:00:00,22500.00,0.00,,0.00,29349.00,NGN,0,Closed,2024-08-31 00:00:00,Performing
BELLO ODIASE,"=""22337821956""",NO 3 OGEMUDIA STREET EVBOUTUBU QUARTERS BENIN CITY,,"=""23882043""","=""44120503""","=""14765330""",Personal fixed term loan,2024-08-28 00:00:00,27500.00,0.00,,0.00,35871.00,NGN,0,Closed,2024-09-27 00:00:00,Performing
BELLO ODIASE,"=""22337821956""",NO 3 OGEMUDIA STREET EVBOUTUBU QUARTERS BENIN CITY,,"=""23882043""","=""44120503""","=""14843602""",Personal fixed term loan,2024-09-06 00:00:00,45000.00,0.00,,0.00,57847.50,NGN,0,Closed,2024-10-06 00:00:00,Performing
BELLO ODIASE,"=""22337821956""",NO 3 OGEMUDIA STREET EVBOUTUBU QUARTERS BENIN CITY,,"=""23882043""","=""44120503""","=""15108612""",Personal fixed term loan,2024-10-06 00:00:00,60000.00,0.00,,0.00,75762.00,NGN,0,Closed,2024-11-05 00:00:00,Performing
BELLO ODIASE,"=""22337821956""",NO 3 OGEMUDIA STREET EVBOUTUBU QUARTERS BENIN CITY,,"=""23882043""","=""44120503""","=""15512880""",Personal fixed term loan,2024-11-30 00:00:00,15000.00,0.00,,0.00,20250.00,NGN,0,Closed,2024-12-30 00:00:00,Performing
Mirian Anyanwu,,NO 19 Nworie lane Amakohia,"=""2349054506119""","=""24212254""","=""PF66142""","=""A18596""",Personal fixed term loan,2024-03-07 00:00:00,842000.00,0.00,,0.00,631407.00,NGN,0,Closed,2024-05-06 00:00:00,Performing
Afolabi Pelumi,,F64 back of dawko primary schoollokogoma,"=""2348114347429""","=""24314027""","=""PF27774""","=""A26662""",Personal fixed term loan,2024-05-21 00:00:00,6000.00,7434.50,,7434.50,7434.50,NGN,49,Open,2024-06-20 00:00:00,Watchlist
FAVOUR FEMI,"=""22672270312""",NO 25 OLD WATERBOARD STREET SULEJA,,"=""24658628""","=""43446870""","=""14004244""",Personal fixed term loan,2024-06-03 00:00:00,2500.00,0.00,,0.00,3375.00,NGN,0,Closed,2024-07-03 00:00:00,Performing
FAVOUR FEMI,"=""22672270312""",NO 25 OLD WATERBOARD STREET SULEJA,,"=""24658628""","=""43446870""","=""14364494""",Personal fixed term loan,2024-07-14 00:00:00,10000.00,0.00,,0.00,13044.00,NGN,0,Closed,2024-08-13 00:00:00,Performing
FAVOUR FEMI,"=""22672270312""",NO 25 OLD WATERBOARD STREET SULEJA,,"=""24658628""","=""43446870""","=""14487930""",Personal fixed term loan,2024-07-28 00:00:00,15000.00,0.00,,0.00,19710.00,NGN,0,Closed,2024-08-27 00:00:00,Performing
AJUSE ISHAYA PETER,"=""22204435202""",OPP UMCN CHURCH SABON GARRI JALINGO,"=""08135727741""","=""23844571""","=""55655672""","=""RCL55655672""",Personal Overdraft,2025-02-15 00:00:00,2500.00,218.11,,218.11,149.91,NGN,65,Open,,Doubtful
Damilare Popoola,"=""22444391195""",15 OLORUN ERI STREET NTABO BUSSTOP IJOKO SANGO OTA OGUN ST,,"=""23882936""","=""5726147""","=""13049445""",Personal fixed term loan,2024-02-23 00:00:00,10000.00,0.00,,0.00,13500.00,NGN,0,Closed,2024-03-24 00:00:00,Performing
Damilare Popoola,"=""22444391195""",15 OLORUN ERI STREET NTABO BUSSTOP IJOKO SANGO OTA OGUN ST,,"=""23882936""","=""5726147""","=""13311067""",Personal fixed term loan,2024-03-23 00:00:00,15000.00,0.00,,0.00,18513.00,NGN,0,Closed,2024-04-14 00:00:00,Performing
JELILI RASAQ,,26 ARIORI STREET MAFOLUKU OSHODI,,"=""23892703""","=""49902172""","=""RCL49902172""",Personal Overdraft,2025-08-03 00:00:00,115000.00,0.00,,0.00,0.00,NGN,0,Open,,Open
OKUBO FELICIA,,146 BN EBURUTU BARRACK CALABAR,"=""08131558104""","=""23946626""","=""55423980""","=""RCL55423980""",Personal Overdraft,2025-01-24 00:00:00,10000.00,29292.54,,,29292.54,NGN,67,Open,,
OMOTUNDE ADEBAMBO,"=""22439377090""",355IKOTA HOUSING ESTATE AJAHETIOSALAGOS,,"=""24032480""","=""43127895""","=""13134996""",Personal fixed term loan,2024-03-04 00:00:00,30000.00,0.00,,0.00,15730.00,NGN,0,Closed,2024-06-02 00:00:00,Performing
SIMISOLA ADEMARATI,,21 OGUNJOBI STREET IPAJA ESTATE Alimosho Lagos State,,"=""24379171""","=""3685853""","=""13707307""",Personal fixed term loan,2024-05-01 00:00:00,10000.00,0.00,,0.00,13500.00,NGN,0,Closed,2024-05-31 00:00:00,Performing
SIMISOLA ADEMARATI,,21 OGUNJOBI STREET IPAJA ESTATE Alimosho Lagos State,,"=""24379171""","=""3685853""","=""13847435""",Personal fixed term loan,2024-05-17 00:00:00,20000.00,0.00,,0.00,26286.00,NGN,0,Closed,2024-07-07 00:00:00,Performing
SIMISOLA ADEMARATI,,21 OGUNJOBI STREET IPAJA ESTATE Alimosho Lagos State,,"=""24379171""","=""3685853""","=""14159365""",Personal fixed term loan,2024-06-21 00:00:00,22500.00,0.00,,0.00,29308.50,NGN,0,Closed,2024-07-21 00:00:00,Performing
SIMISOLA ADEMARATI,,21 OGUNJOBI STREET IPAJA ESTATE Alimosho Lagos State,,"=""24379171""","=""3685853""","=""14329584""",Personal fixed term loan,2024-07-10 00:00:00,15000.00,0.00,,0.00,19710.00,NGN,0,Closed,2024-08-09 00:00:00,Performing
SIMISOLA ADEMARATI,,21 OGUNJOBI STREET IPAJA ESTATE Alimosho Lagos State,,"=""24379171""","=""3685853""","=""14551842""",Personal fixed term loan,2024-08-04 00:00:00,15000.00,0.00,,0.00,19710.00,NGN,0,Closed,2024-09-03 00:00:00,Performing
SIMISOLA ADEMARATI,,21 OGUNJOBI STREET IPAJA ESTATE Alimosho Lagos State,,"=""24379171""","=""3685853""","=""14816971""",Personal fixed term loan,2024-09-03 00:00:00,22500.00,0.00,,0.00,29565.00,NGN,0,Closed,,Performing
SIMISOLA ADEMARATI,,21 OGUNJOBI STREET IPAJA ESTATE Alimosho Lagos State,,"=""24379171""","=""3685853""","=""15073752""",Personal fixed term loan,2024-10-02 00:00:00,17500.00,0.00,,0.00,9604.00,NGN,0,Closed,2024-12-31 00:00:00,Performing
SIMISOLA ADEMARATI,,21 OGUNJOBI STREET IPAJA ESTATE Alimosho Lagos State,,"=""24379171""","=""3685853""","=""15314230""",Personal fixed term loan,2024-11-04 00:00:00,12500.00,0.00,,0.00,9668.75,NGN,0,Closed,2025-01-03 00:00:00,Performing
RASAKI LAWAL,"=""22300817801""",7 AROBADADE STREET BARIGA,,"=""24450674""","=""50890273""","=""RCL50890273""",Personal Overdraft,2024-08-24 00:00:00,130000.00,71127.45,,0.00,124558.14,NGN,97,Open,,Lost
LINDA ADEMOLA,,2 OSUYI STREET OFF MECHANIC ROAD OBE QUARTERS OFF SAPELE R,,"=""24459323""","=""51451729""","=""RCL51451729""",,2025-08-06 00:00:00,65000.00,0.00,,,0.00,NGN,0,Open,,Performing
Ifunanya JULIET,,new owerri imo state,"=""2349027462524""","=""24714573""","=""PF30038""","=""A12083""",Personal fixed term loan,2024-01-17 00:00:00,240000.00,284601.65,,284601.65,261597.00,NGN,940,Open,2024-01-22 00:00:00,Lost
NATHANIEL ACHINGA,"=""22471869205""",ST TREASURE RESIDENCE NEAR GLORYCOLLEGE GBOKO NORTH,,"=""23431866""","=""47365518""","=""RCL47365518""",Personal Overdraft,2024-04-09 00:00:00,120228.84,47164.17,,0.00,52404.63,NGN,0,Open,,Performing
VICTORY UDOH,"=""22581051392""",NO 36 MARYLAND IDORO ROAD UYO,,"=""23441326""","=""48179181""","=""RCL48179181""",Personal Overdraft,2024-08-28 00:00:00,15000.00,1271.42,,,1271.42,NGN,96,Open,,Lost
QUDUS OLADOSU,,2 KAIMO ROAD ADEWOLE AREA ILORINKWR,,"=""23483231""","=""47511977""","=""RCL47511977""",Personal Overdraft,2024-09-18 00:00:00,224561.87,359323.09,,359323.00,188861.80,NGN,94,Open,,Lost
PETER OSOGU,"=""22271272098""",22 REEDEM STREET DUTSE BAUPM POLICE SIGNBORD Municipal Are,"=""2347034744944""","=""23487161""","=""PF63875""","=""A22870""",Personal fixed term loan,2024-04-11 00:00:00,55000.00,42910.70,,42910.70,45069.70,NGN,853,Open,2024-04-18 00:00:00,Lost
TIMOTHY CHIDERA ASOGWA,"=""22670989667""",UWANI UGWU NGURU,,"=""23836549""","=""39874233""","=""RCL39874233""",Personal Overdraft,2025-01-26 00:00:00,6586.25,25620.65,,0.00,8408.15,NGN,90,Open,,Lost
NANDOM JUDGE,"=""22444205250""",5 JI SIKIRU STR FAGBA IFAKO LAGOS,,"=""24458975""","=""42337204""","=""13707020""",Personal fixed term loan,2024-05-01 00:00:00,5000.00,0.00,,0.00,6750.00,NGN,0,Closed,2024-05-31 00:00:00,Performing
BARNABAS ANAGA KYOWE,"=""22325878267""",Kogi State,,"=""24589499""","=""39012653""","=""RCL39012653""",,2025-07-04 00:00:00,120000.00,130000.00,,,130000.00,NGN,7,Open,,Watchlist
MAIMUNA ILIYASU IBRAHIM,"=""22327615659""",ACCESS BANK PLC HEAD OFFICE LAGOS,,"=""24598866""","=""36814600""","=""RCL36814600""",,2025-04-06 00:00:00,95000.00,82936.00,,,82936.00,NGN,0,Open,,Performing
GIDEON DALLAS,"=""22636037438""",21 JI ARI YO STREET BARIGA,,"=""24653496""","=""36142731""","=""14114198""",Personal fixed term loan,2024-06-15 00:00:00,5000.00,0.00,,0.00,6750.00,NGN,0,Closed,2024-07-15 00:00:00,Performing
GIDEON DALLAS,"=""22636037438""",21 JI ARI YO STREET BARIGA,,"=""24653496""","=""36142731""","=""14418332""",Personal fixed term loan,2024-07-20 00:00:00,12500.00,0.00,,0.00,23123.00,NGN,0,Closed,2024-08-19 00:00:00,Performing
GIDEON DALLAS,"=""22636037438""",21 JI ARI YO STREET BARIGA,,"=""24653496""","=""36142731""","=""14661690""",Personal fixed term loan,2024-08-16 00:00:00,40000.00,0.00,,0.00,31000.00,NGN,0,Closed,2024-10-15 00:00:00,Performing
NWAOMA ROBERT,"=""22472451485""",29 UTILITY AVENUE IRAWOAJEGUNLE LAGOS,,"=""24672802""","=""36799693""","=""14114191""",Personal fixed term loan,2024-06-15 00:00:00,12500.00,0.00,,0.00,16875.00,NGN,0,Closed,2024-07-15 00:00:00,Performing
NWAOMA ROBERT,"=""22472451485""",29 UTILITY AVENUE IRAWOAJEGUNLE LAGOS,,"=""24672802""","=""36799693""","=""14398113""",Personal fixed term loan,2024-07-18 00:00:00,15000.00,0.00,,0.00,20367.00,NGN,0,Closed,2024-08-02 00:00:00,Performing
NWAOMA ROBERT,"=""22472451485""",29 UTILITY AVENUE IRAWOAJEGUNLE LAGOS,,"=""24672802""","=""36799693""","=""14541239""",Personal fixed term loan,2024-08-03 00:00:00,17500.00,0.00,,0.00,47523.00,NGN,0,Closed,2024-08-18 00:00:00,Performing
Alimot Sanusi,"=""22470078653""",54 ANUOLUWAPO ESTATE IGBE LARRA IKORODU Ikorodu Lagos Stat,,"=""24674774""","=""51690967""","=""13996407""",Personal fixed term loan,2024-06-02 00:00:00,5000.00,0.00,,0.00,6750.00,NGN,0,Closed,2024-07-02 00:00:00,Performing
Akinlade ololade,,2 boluwaji pagun road olodo lbadan,"=""2348057802015""","=""24714414""","=""PF37005""","=""A7959""",Personal fixed term loan,2023-12-20 00:00:00,205000.00,250034.50,,250034.50,229536.50,NGN,958,Open,2024-01-04 00:00:00,Lost
Mubarak Nuhu,"=""22752957999""",Banzazzau,"=""2349035921391""","=""24714507""","=""PF63040""","=""A11592""",Personal fixed term loan,2024-01-15 00:00:00,300000.00,359542.91,,359542.91,329786.50,NGN,940,Open,2024-01-22 00:00:00,Lost
MARIA BELLO,"=""22431255149""",12 ARAROMI STREET MAKUN BUS STOP SAGAMU OGUN STATE,,"=""23435393""","=""38784450""","=""12508890""",Personal fixed term loan,2023-12-23 00:00:00,5000.00,0.00,,0.00,6750.00,NGN,0,Closed,2024-01-22 00:00:00,Performing
MARIA BELLO,"=""22431255149""",12 ARAROMI STREET MAKUN BUS STOP SAGAMU OGUN STATE,,"=""23435393""","=""38784450""","=""12707115""",Personal fixed term loan,2024-01-15 00:00:00,22500.00,0.00,,0.00,30150.00,NGN,0,Closed,2024-02-14 00:00:00,Performing
MARIA BELLO,"=""22431255149""",12 ARAROMI STREET MAKUN BUS STOP SAGAMU OGUN STATE,,"=""23435393""","=""38784450""","=""12715964""",Personal fixed term loan,2024-01-16 00:00:00,22500.00,0.00,,0.00,30150.00,NGN,0,Closed,2024-02-15 00:00:00,Performing
RAHEEMOT HAMZAT,,34 iwajowa layout aduloju Bodija ibadan,"=""2349136334837""","=""23448695""","=""PF53359""","=""A31232""",Personal fixed term loan,2024-07-29 00:00:00,205556.00,265475.04,,265475.04,265475.10,NGN,743,Open,,Lost
OLUWATOSIN MAKINDE,,90 OJUIRIN ABORU STREET BY RAFCO BUS STOP OJOKORO LAGOS,,"=""23460670""","=""48460258""","=""RCL48460258""",Personal Overdraft,2025-04-19 00:00:00,45000.00,867.92,,,867.92,NGN,0,Open,,
GOODLUCK OBINNA,"=""22522261923""",236 IPAJA ROAD OPEKI BUS STOP IPAJA,,"=""23463101""","=""38899456""","=""12406363""",Personal fixed term loan,2023-12-12 00:00:00,7500.00,0.00,,0.00,9975.00,NGN,0,Closed,2024-01-11 00:00:00,Performing
MOSES MIIGAH,,BENJAMIN ASUTU COMPOUND OMUEKE IGWURUTA MARKETIGWURUTA,,"=""23472602""","=""37178276""","=""11888992""",Personal fixed term loan,2023-10-22 00:00:00,7500.00,0.00,,0.00,9750.00,NGN,0,Closed,2023-12-12 00:00:00,Performing
MOSES MIIGAH,,BENJAMIN ASUTU COMPOUND OMUEKE IGWURUTA MARKETIGWURUTA,,"=""23472602""","=""37178276""","=""12410325""",Personal fixed term loan,2023-12-13 00:00:00,17500.00,0.00,,0.00,23275.00,NGN,0,Closed,2024-01-12 00:00:00,Performing
MOSES MIIGAH,,BENJAMIN ASUTU COMPOUND OMUEKE IGWURUTA MARKETIGWURUTA,,"=""23472602""","=""37178276""","=""12642712""",Personal fixed term loan,2024-01-07 00:00:00,27500.00,0.00,,0.00,36575.00,NGN,0,Closed,2024-02-06 00:00:00,Performing
MICHAEL UGWU,"=""22258860766""",19 IKEMBA DRIVE ROAD UMUDIM NNEWI,,"=""23483500""","=""47735627""","=""RCL47735627""",Personal Overdraft,2025-01-31 00:00:00,185000.00,0.00,,,0.00,NGN,0,Open,,Performing
MOHAMMED NUHU,"=""22335015519""",1 Maduganari bye pass Maiduguri,"=""2348068292330""","=""23905222""","=""PF115232""","=""A32204""",Personal fixed term loan,2024-09-18 00:00:00,147709.00,0.00,,0.00,183580.10,NGN,0,Closed,2024-09-25 00:00:00,Performing
John ozohu ozohu,"=""22744456015""",Igarra,"=""2349117912821""","=""24212098""","=""PF51704""","=""A22251""",Personal fixed term loan,2024-04-06 00:00:00,236000.00,229876.87,,229876.87,215432.30,NGN,850,Open,2024-04-21 00:00:00,Lost
Eunice Onyekachi,,No 22 church avenue Adebimpe,"=""2348034451299""","=""24212255""","=""PF39691""","=""A20219""",Personal fixed term loan,2024-03-21 00:00:00,201000.00,0.00,,0.00,1146.00,NGN,0,Closed,2024-04-20 00:00:00,Performing
JOSEPH OKAAH,"=""22641392663""",Odenin Gida Mararaba Udege Nasarawa State,"=""2348115593553""","=""24679935""","=""PF86875""","=""A25285""",Personal fixed term loan,2024-05-04 00:00:00,78000.00,0.00,,0.00,80142.20,NGN,0,Closed,2024-06-03 00:00:00,Performing
Awolope Tosin,,20 hassan balogun street isheri idimu lagos,"=""2349118355213""","=""24714431""","=""PF43688""","=""A7190""",Personal fixed term loan,2023-12-15 00:00:00,53000.00,63045.31,,63045.31,57760.60,NGN,973,Open,2023-12-20 00:00:00,Lost
Olamide Olaseni,"=""22500160862""",Near bethel clinic Angwa dodo iddo,"=""2349047467434""","=""24714640""","=""PF62441""","=""A13148""",Personal fixed term loan,2024-01-24 00:00:00,120000.00,143121.32,,143121.32,131121.30,NGN,931,Open,2024-01-31 00:00:00,Lost
YETUNDE SHODOLA,"=""22480775380""",10 ADEYEMI STREET ABIOLA BUS STOP KOSOFELAGOS,,"=""23444784""","=""42648505""","=""12490674""",Personal fixed term loan,2023-12-21 00:00:00,2500.00,0.00,,0.00,3250.00,NGN,0,Closed,2024-01-20 00:00:00,Performing
YETUNDE SHODOLA,"=""22480775380""",10 ADEYEMI STREET ABIOLA BUS STOP KOSOFELAGOS,,"=""23444784""","=""42648505""","=""12651004""",Personal fixed term loan,2024-01-08 00:00:00,10000.00,0.00,,0.00,13300.00,NGN,0,Closed,2024-02-07 00:00:00,Performing
YETUNDE SHODOLA,"=""22480775380""",10 ADEYEMI STREET ABIOLA BUS STOP KOSOFELAGOS,,"=""23444784""","=""42648505""","=""12921492""",Personal fixed term loan,2024-02-08 00:00:00,10000.00,0.00,,0.00,12342.00,NGN,0,Closed,2024-02-23 00:00:00,Performing
MANSUR MUSA,,MPAPE KATAMPE 1 CHIEF PALACE KATAMPE ABUJA,"=""2347036316464""","=""23748216""","=""PF34417""","=""A10419""",Personal fixed term loan,2024-01-07 00:00:00,17000.00,12226.61,,12226.61,15014.50,NGN,952,Open,2024-01-10 00:00:00,Lost
LUCKY ONOTASAMIDERHI,"=""22221054846""",75 COMMAND ROAD FAFUWA BSTOP IPAJA,,"=""23884442""","=""37159454""","=""12866694""",Personal fixed term loan,2024-02-02 00:00:00,5000.00,0.00,,0.00,6750.00,NGN,0,Closed,2024-03-03 00:00:00,Performing
LUCKY ONOTASAMIDERHI,"=""22221054846""",75 COMMAND ROAD FAFUWA BSTOP IPAJA,,"=""23884442""","=""37159454""","=""13181880""",Personal fixed term loan,2024-03-09 00:00:00,15000.00,0.00,,0.00,20250.00,NGN,0,Closed,2024-04-08 00:00:00,Performing
LUCKY ONOTASAMIDERHI,"=""22221054846""",75 COMMAND ROAD FAFUWA BSTOP IPAJA,,"=""23884442""","=""37159454""","=""13685962""",Personal fixed term loan,2024-04-29 00:00:00,10000.00,0.00,,0.00,14500.00,NGN,0,Closed,2024-05-29 00:00:00,Performing
LUCKY ONOTASAMIDERHI,"=""22221054846""",75 COMMAND ROAD FAFUWA BSTOP IPAJA,,"=""23884442""","=""37159454""","=""14002139""",Personal fixed term loan,2024-06-03 00:00:00,12500.00,0.00,,0.00,16875.00,NGN,0,Closed,2024-07-03 00:00:00,Performing
LUCKY ONOTASAMIDERHI,"=""22221054846""",75 COMMAND ROAD FAFUWA BSTOP IPAJA,,"=""23884442""","=""37159454""","=""14326578""",Personal fixed term loan,2024-07-10 00:00:00,20000.00,0.00,,0.00,27000.00,NGN,0,Closed,2024-08-09 00:00:00,Performing
LUCKY ONOTASAMIDERHI,"=""22221054846""",75 COMMAND ROAD FAFUWA BSTOP IPAJA,,"=""23884442""","=""37159454""","=""14864095""",Personal fixed term loan,2024-09-08 00:00:00,10000.00,0.00,,0.00,14500.00,NGN,0,Closed,2024-10-08 00:00:00,Performing
Vicwin Ventures,,Bilewonmo street agbowo express ibadan,"=""2348080291974""","=""24212231""","=""PF43300""","=""A21133""",Personal fixed term loan,2024-03-29 00:00:00,526000.00,519777.83,,519777.83,517673.90,NGN,846,Open,2024-06-27 00:00:00,Lost
CHINWE NWOSU,,No 2224 Monarch Street after conquest h,"=""2349034768539""","=""24314068""","=""PF86530""","=""A21856""",Personal fixed term loan,2024-04-03 00:00:00,301000.00,268203.52,,268203.52,289894.50,NGN,838,Open,2024-06-02 00:00:00,Lost
MARTINS TITUS,"=""22611387103""",16BPIPELINE WAY OFF TAJU BELLO BUS STOPIJU ISHAGA LAGOS,,"=""24417984""","=""50993799""","=""RCL50993799""",Personal Overdraft,2025-03-13 00:00:00,209542.64,202232.53,,202232.53,215635.90,NGN,29,Open,,Watchlist
Ugochi Okpara,"=""22672996614""",NO 22 HARRISON STREET UMUEBULU 2 Etche Rivers State,,"=""24688385""","=""51724154""","=""RCL51724154""",Personal Overdraft,2024-10-05 00:00:00,50000.00,76685.66,,,76685.66,NGN,91,Open,,Lost
Tochukwu Joseph Oleka,,Okada Junction Dutse Alhaji Abuja,"=""2349073983244""","=""24714514""","=""PF63856""","=""A18175""",Personal fixed term loan,2024-03-02 00:00:00,149000.00,115256.62,,115256.62,111978.70,NGN,888,Open,2024-04-01 00:00:00,Lost
Patience Odinakachi,"=""22339391284""",Nave junction,"=""2349060939633""","=""24714607""","=""PF51491""","=""A20489""",Personal fixed term loan,2024-03-25 00:00:00,75000.00,15031.47,,15031.47,28235.10,NGN,872,Open,2024-03-30 00:00:00,Lost
MUTIAT SOMUYIWA,,2 IMALA ROAD SAJE AREA ABEOKUTA OGUN STATE,"=""08063158844""","=""23748875""","=""43352351""","=""13934847""",Personal fixed term loan,2024-05-27 00:00:00,35000.00,0.00,,0.00,45402.00,NGN,0,Closed,2024-06-26 00:00:00,Performing
MUTIAT SOMUYIWA,,2 IMALA ROAD SAJE AREA ABEOKUTA OGUN STATE,"=""08063158844""","=""23748875""","=""43352351""","=""14219572""",Personal fixed term loan,2024-06-28 00:00:00,40000.00,0.00,,0.00,52560.00,NGN,0,Closed,2024-07-28 00:00:00,Performing
Rabiu Musa,,BATSARI ROAD KATSINA    2,"=""07044024641""","=""23778887""","=""PF59008""","=""A11946""",Personal fixed term loan,2024-01-17 00:00:00,300000.00,350019.42,,350019.42,328658.70,NGN,938,Open,2024-01-24 00:00:00,Lost
Goodnews Asoluka,"=""22168034509""",No 6 Andy avenue off ijeoma street oyigbo,"=""2348132007850""","=""24212225""","=""PF50532""","=""A20543""",Personal fixed term loan,2024-03-25 00:00:00,201000.00,0.00,,0.00,28172.70,NGN,0,Closed,2024-04-24 00:00:00,Performing
Shukurat Ismail,,Blk A1 Ogundipe mkt Ibadan,"=""2348121168518""","=""24212275""","=""PF90106""","=""A22191""",Personal fixed term loan,2024-04-05 00:00:00,44000.00,41547.25,,41547.25,41547.30,NGN,851,Open,2024-04-20 00:00:00,Lost
MUHAMMED ABUBAKAR,"=""22527996361""",SANDAJIN STREET BEFORE B DIVISION LAFIA NASARAWA STATE,"=""2349036986767""","=""24314037""","=""PF19767""","=""A24082""",Personal fixed term loan,2024-04-21 00:00:00,147000.00,196326.80,,196326.80,196326.80,NGN,50,Open,2024-06-20 00:00:00,Watchlist
ADESHOLA ADELEYE,"=""22151879450""",10A OMOYENI STREET JANKARA IJAIYE,,"=""24359998""","=""43675016""","=""13740736""",Personal fixed term loan,2024-05-04 00:00:00,5000.00,0.00,,0.00,6670.00,NGN,0,Closed,2024-05-19 00:00:00,Performing
ADESHOLA ADELEYE,"=""22151879450""",10A OMOYENI STREET JANKARA IJAIYE,,"=""24359998""","=""43675016""","=""13975201""",Personal fixed term loan,2024-05-31 00:00:00,40000.00,0.00,,0.00,50184.00,NGN,0,Closed,2024-06-30 00:00:00,Performing
FOLASHADE OLADIPUPO,,C18 FEDERAL HOUSING ESTATE ELEGA ABK,,"=""24377128""","=""50786486""","=""RCL50786486""",Personal Overdraft,2025-01-15 00:00:00,3750.00,2880.67,,,2880.67,NGN,8,Open,,
GOLD AWONEMIKA,,NO 37 CHURHILL ROAD BURUKU PORT HARCOURT,,"=""24385066""","=""50001727""","=""RCL50001727""",Personal Overdraft,2025-07-04 00:00:00,30000.00,90703.95,,90703.95,50856.41,NGN,96,Open,,Lost
BAMMUN TIMOTHY,,OPP COCIN COMPOUND CHURCH ANGWAN MISSION MANGU,,"=""24443762""","=""46475970""","=""RCL46475970""",Personal Overdraft,2024-07-22 00:00:00,188149.50,302270.38,,,302270.38,NGN,61,Open,,Doubtful
ISAH IBRAHIM,"=""22520280780""",ACCESS BANK PLC HEAD OFFICE LAGOS,,"=""24615465""","=""39091384""","=""RCL39091384""",Personal Overdraft,2025-06-04 00:00:00,50000.00,54757.86,,,54757.86,NGN,5,Open,,Watchlist
PETER AONDOAKAA,"=""22270028670""",MPAPEKATAMPE 1,,"=""24689801""","=""43778402""","=""14070838""",Personal fixed term loan,2024-06-10 00:00:00,12500.00,0.00,,0.00,16875.00,NGN,0,Closed,2024-07-10 00:00:00,Performing
PETER AONDOAKAA,"=""22270028670""",MPAPEKATAMPE 1,,"=""24689801""","=""43778402""","=""14313026""",Personal fixed term loan,2024-07-08 00:00:00,17500.00,0.00,,0.00,23625.00,NGN,0,Closed,2024-08-07 00:00:00,Performing
Saidu AAbdullahi i,,Ruga market,"=""2348067978925""","=""24714401""","=""PF25157""","=""A3580""",Personal fixed term loan,2023-11-20 00:00:00,30000.00,36829.96,,36829.96,33893.20,NGN,988,Open,2023-12-05 00:00:00,Lost
Bilikisu Amoo,,41 Ifedapo Itesiwaju Ibadan,"=""2349150826943""","=""24714587""","=""PF41363""","=""A2014""",Personal fixed term loan,2023-11-05 00:00:00,29000.00,33779.91,,33779.91,31507.90,NGN,1011,Open,2023-11-12 00:00:00,Lost
LOVETH CHINAEMEREM,"=""22243238189""",Agric quarters Jimeta Adamawa,"=""2348134216186""","=""24714655""","=""PF69705""","=""A14761""",Personal fixed term loan,2024-02-04 00:00:00,60000.00,21315.62,,21315.62,21315.60,NGN,922,Open,2024-02-09 00:00:00,Lost
DAVID MAYER,"=""22682580076""",IKORODU LAGOS,,"=""23441762""","=""42241033""","=""RCL42241033""",Personal Overdraft,2025-08-06 00:00:00,20000.00,38329.08,,38329.00,16000.00,NGN,63,Open,,Doubtful
DANIEL SIMEON,"=""22513979332""",X248 6VP 511101 Igwuruta Nigeria,,"=""23463154""","=""43684892""","=""12320052""",Personal fixed term loan,2023-12-04 00:00:00,7500.00,0.00,,0.00,10125.00,NGN,0,Closed,2024-01-03 00:00:00,Performing
DANIEL SIMEON,"=""22513979332""",X248 6VP 511101 Igwuruta Nigeria,,"=""23463154""","=""43684892""","=""12578198""",Personal fixed term loan,2023-12-31 00:00:00,15000.00,0.00,,0.00,19725.00,NGN,0,Closed,2024-01-30 00:00:00,Performing
DANIEL SIMEON,"=""22513979332""",X248 6VP 511101 Igwuruta Nigeria,,"=""23463154""","=""43684892""","=""12826018""",Personal fixed term loan,2024-01-29 00:00:00,22500.00,0.00,,0.00,28800.00,NGN,0,Closed,2024-02-28 00:00:00,Performing
DANIEL SIMEON,"=""22513979332""",X248 6VP 511101 Igwuruta Nigeria,,"=""23463154""","=""43684892""","=""12956847""",Personal fixed term loan,2024-02-12 00:00:00,20000.00,0.00,,0.00,27984.00,NGN,0,Closed,2024-06-11 00:00:00,Performing
HAFSAT MUSA,"=""22313436668""",Yarar Dole Katsina CENTRAL REGION,"=""2347033836127""","=""24212088""","=""PF88372""","=""A23108""",Personal fixed term loan,2024-04-13 00:00:00,13000.00,0.00,,0.00,12743.80,NGN,0,Closed,2024-04-28 00:00:00,Performing
Rachel Yemisi,,Obada town housing estate abeokuta Ogun State,"=""2348157215078""","=""24212181""","=""PF50672""","=""A21112""",Personal fixed term loan,2024-03-28 00:00:00,61000.00,60091.95,,60091.95,59829.30,NGN,867,Open,2024-04-04 00:00:00,Lost
Nnamudi Obialor,,73 oladuni market ojodu berger,,"=""24314111""","=""PF51760""","=""A19512""",Personal fixed term loan,2024-03-15 00:00:00,1018000.00,519652.19,,519652.19,519652.20,NGN,827,Open,2024-06-13 00:00:00,Lost
ZAINAB YUSUF,,17 OSENI ALANI STREET IJOKO,,"=""24483475""","=""49620232""","=""RCL49620232""",Personal Overdraft,2025-02-28 00:00:00,15000.00,0.00,,,0.00,NGN,0,Open,,Performing
TEMITAYO BABATUNDE,"=""22474446874""",12MADAM FELICIA ORIMERUMU MOWE OBAFEMI OWODE OGUN,,"=""24683805""","=""43100044""","=""14217995""",Personal fixed term loan,2024-06-28 00:00:00,5000.00,0.00,,0.00,6750.00,NGN,0,Closed,2024-07-28 00:00:00,Performing
TEMITAYO BABATUNDE,"=""22474446874""",12MADAM FELICIA ORIMERUMU MOWE OBAFEMI OWODE OGUN,,"=""24683805""","=""43100044""","=""14459001""",Personal fixed term loan,2024-07-25 00:00:00,10000.00,0.00,,0.00,13600.00,NGN,0,Closed,2024-08-24 00:00:00,Performing
TEMITAYO BABATUNDE,"=""22474446874""",12MADAM FELICIA ORIMERUMU MOWE OBAFEMI OWODE OGUN,,"=""24683805""","=""43100044""","=""14551063""",Personal fixed term loan,2024-08-04 00:00:00,10000.00,0.00,,0.00,13600.00,NGN,0,Closed,2024-09-03 00:00:00,Performing
TEMITAYO BABATUNDE,"=""22474446874""",12MADAM FELICIA ORIMERUMU MOWE OBAFEMI OWODE OGUN,,"=""24683805""","=""43100044""","=""14774270""",Personal fixed term loan,2024-08-29 00:00:00,10000.00,0.00,,0.00,13600.00,NGN,0,Closed,2024-09-28 00:00:00,Performing
TEMITAYO BABATUNDE,"=""22474446874""",12MADAM FELICIA ORIMERUMU MOWE OBAFEMI OWODE OGUN,,"=""24683805""","=""43100044""","=""15046348""",Personal fixed term loan,2024-09-28 00:00:00,10000.00,0.00,,0.00,13600.00,NGN,0,Closed,2024-10-28 00:00:00,Performing
HUZAIFA ABDULLAHI,"=""22419963361""",EFFIONG UDOSEN COMP PARK ROAD ITAM ITU AKWA IBOM STATE,"=""2348100951703""","=""24714557""","=""PF77630""","=""A16852""",Personal fixed term loan,2024-02-19 00:00:00,32000.00,36116.62,,36116.62,34564.80,NGN,909,Open,2024-02-22 00:00:00,Lost
FORTUNE ALINCHI,,39 IDAHOR ST OFF UWELU BENIN,"=""08162818701""","=""24714657""","=""PF70627""","=""A10537""",Personal fixed term loan,2024-01-08 00:00:00,26000.00,15620.08,,15620.08,15313.80,NGN,949,Open,2024-01-13 00:00:00,Lost
OSENI OSENI,"=""22496180660""",16 television road,"=""2348022350722""","=""24714750""","=""PF64668""","=""A24915""",Personal fixed term loan,2024-04-29 00:00:00,36000.00,38601.09,,38601.09,40054.90,NGN,812,Open,2024-05-29 00:00:00,Lost
QUEEN EROMOSELE,"=""22462479606""",M48QM8 Iju Nigeria,,"=""23895300""","=""50261844""","=""RCL50261844""",Personal Overdraft,2025-01-22 00:00:00,170000.00,245011.44,,0.00,69243.54,NGN,96,Open,,Lost
DANIEL EGUAOJE,"=""22324061736""",5 BELLO AROKHO OWAN,,"=""23895483""","=""49859425""","=""RCL49859425""",Personal Overdraft,2024-12-27 00:00:00,15000.00,0.00,,,0.00,NGN,0,Open,,Performing
CLEMENTINA ALATAN,,1 SMART STREET OFF OKUBOR ROAD EFFURUN,,"=""24218052""","=""12795092""","=""RCL12795092""",Personal Overdraft,2025-05-27 00:00:00,25000.00,25750.00,,,25750.00,NGN,0,Open,,Performing
BILIKIS ABUBAKAR,,5 OLUSOJI IDOWU STR OFF ASS AVE ILUPEJU CO AGBAYEWA COLL,,"=""24385527""","=""51307762""","=""RCL51307762""",,2025-07-29 00:00:00,120000.00,0.00,,0.00,0.00,NGN,0,Open,,Performing
JULIET OBI,"=""22236520286""",PHASE 5 NYANYA ABUJA,,"=""24600164""","=""52099028""","=""RCL52099028""",Personal Overdraft,2025-06-05 00:00:00,20000.00,0.00,,0.00,15645.44,NGN,0,Open,,Performing
PEACE NDUKWE,"=""22580147278""",AMAKAMA HOUSING ESTATE OLOKORO Umuahia North Abia State,,"=""23463353""","=""11020577""","=""RCL11020577""",Personal Overdraft,2024-07-18 00:00:00,11340.00,0.00,,,0.00,NGN,79,Open,,Doubtful
ENOGHO ENAKEME,"=""22173752209""",NO 56 AWERIJAYE COMP IJOKODO OFF POLY ALONG SANGO ELEYE IB,,"=""23464655""","=""48556601""","=""RCL48556601""",Personal Overdraft,2024-11-16 00:00:00,75000.00,0.00,,,0.00,NGN,0,Open,,Performing
CLEMENT EBIALE,,10 ANU CRESCENT AJAH LAGOS,,"=""23763148""","=""42909996""","=""12701219""",Personal fixed term loan,2024-01-14 00:00:00,7500.00,0.00,,0.00,10125.00,NGN,0,Closed,2024-02-13 00:00:00,Performing
BAKARE OPEYEMI ROSHEEDAT,,SAWMILL AREA EDE Ede North Osun State,"=""09030959959""","=""23973324""","=""2487507""","=""RCL2487507""",Personal Overdraft,2025-01-28 00:00:00,80000.00,139475.02,,,139475.02,NGN,92,Open,,Lost
ALIYU AHMAD,"=""22750377247""",BS3 280 Und St Bosso Niger,"=""2349065918435""","=""24212103""","=""PF80363""","=""A23248""",Personal fixed term loan,2024-04-14 00:00:00,221000.00,0.00,,0.00,230217.20,NGN,0,Closed,2024-04-21 00:00:00,Performing
CHRISTOPHER EHIMEN,,4 BEN OMOFADEZI STR PAKO KETU IJANIKIN BS OJO,,"=""24331665""","=""24595530""","=""RCL24595530""",Personal Overdraft,2024-11-06 00:00:00,125000.00,189304.72,,,189304.72,NGN,61,Open,,Doubtful
DAVID MICHAEL,"=""22581106577""",NO 2 BENVIC STR SAUKA KAHUTA,,"=""24688918""","=""38276069""","=""RCL38276069""",Personal Overdraft,2025-06-01 00:00:00,260000.00,350875.87,,,350875.87,NGN,90,Open,,
MORDECAI YAHAYA,,NEAR CAC CHURCH BAKO,,"=""24443789""","=""35569639""","=""RCL35569639""",Personal Overdraft,2024-12-20 00:00:00,35000.00,108686.81,,,108686.81,NGN,126,Open,,
FAVOUR UZOCHI UZOWURU,"=""22687370427""",HSE 4 OMONILE ABULE ADO,,"=""24603693""","=""41065106""","=""RCL41065106""",,2025-05-28 00:00:00,10000.00,4800.00,,,4800.00,NGN,0,Open,,Performing
MUSTAPHA IBRAHIM,,UBiomi Area Und St Idah kogi,"=""2349062043482""","=""24714774""","=""PF85871""","=""A26821""",Personal fixed term loan,2024-05-24 00:00:00,48000.00,0.00,,0.00,52622.60,NGN,0,Closed,2024-06-23 00:00:00,Performing
FERDINAND OKEKE,,B5  SHOP 44 ASPAMDA MARKET,,"=""23452881""","=""48654865""","=""RCL48654865""",Personal Overdraft,2025-01-08 00:00:00,105000.00,7397.50,,0.00,58505.69,NGN,62,Open,,Doubtful
Idris Muhammed,"=""22567070630""",NGOMARI COSTIN MAIDUGURI,"=""2349067195722""","=""23737529""","=""PF74862""","=""A21648""",Personal fixed term loan,2024-04-02 00:00:00,580000.00,747491.20,,747491.20,741691.20,NGN,839,Open,2024-06-01 00:00:00,Lost
Akinmorin Babatunde,"=""22476117945""",13 AKUME STREET AGBURE WATERSIDE,"=""2348118067931""","=""24010652""","=""38731036""","=""RCL38731036""",Personal Overdraft,2025-01-18 00:00:00,10000.00,19213.21,,,19213.21,NGN,36,Open,,
Okeke Chukwuebuka,,3 ULI STREET ASATA,,"=""24194981""","=""53696819""","=""RCL53696819""",Personal Overdraft,2024-11-06 00:00:00,120000.00,202645.72,,,202645.72,NGN,61,Open,,Doubtful
CHIDINMA SANDRA,"=""22462214308""",No 1 ODOZI STREET IGWURUTA,"=""2347032265054""","=""24212122""","=""PF66854""","=""A21290""",Personal fixed term loan,2024-03-30 00:00:00,920000.00,1089192.35,,1089192.35,1080650.90,NGN,858,Open,2024-06-28 00:00:00,Lost
ESTHER OGBOJI,"=""22622003412""",3 FAMOJURO ALAPERE LAGOS STATE,,"=""24212608""","=""37951032""","=""13479721""",Personal fixed term loan,2024-04-08 00:00:00,12500.00,0.00,,0.00,16875.00,NGN,0,Closed,2024-05-15 00:00:00,Performing
WASIU SALISU,"=""22415409179""",15CELESTIAL STREET ABISI,,"=""24218606""","=""43628071""","=""13546426""",Personal fixed term loan,2024-04-15 00:00:00,30000.00,0.00,,0.00,39690.00,NGN,0,Closed,2024-05-15 00:00:00,Performing
WASIU SALISU,"=""22415409179""",15CELESTIAL STREET ABISI,,"=""24218606""","=""43628071""","=""13782294""",Personal fixed term loan,2024-05-09 00:00:00,10000.00,0.00,,0.00,13143.00,NGN,0,Closed,2024-06-08 00:00:00,Performing
OLUBUKOLA OLORUNDARE,"=""22534131760""",Nigeria,,"=""24218831""","=""43409303""","=""13397610""",Personal fixed term loan,2024-03-31 00:00:00,5000.00,0.00,,0.00,6750.00,NGN,0,Closed,2024-04-30 00:00:00,Performing
OLUBUKOLA OLORUNDARE,"=""22534131760""",Nigeria,,"=""24218831""","=""43409303""","=""13483618""",Personal fixed term loan,2024-04-08 00:00:00,10000.00,0.00,,0.00,13143.00,NGN,0,Closed,2024-07-06 00:00:00,Performing
PRINCE SAMUEL,"=""22237530112""",NO 14 PRINCE ROAD SABON GARI,,"=""24335083""","=""44325206""","=""RCL44325206""",Personal Overdraft,2025-05-25 00:00:00,395000.00,0.00,,,0.00,NGN,0,Open,,
Kabiru Haruna,"=""22731868944""",GWARI VILLAGE MPAPE ABUJA Bwari FCT,,"=""24454200""","=""51621780""","=""RCL51621780""",Personal Overdraft,2025-04-30 00:00:00,15000.00,40780.07,,40780.07,17294.50,NGN,90,Open,,Lost
STEPHEN OKPEH,,5EMMANUEL STREETAJIWE BU STOPAJAH,,"=""24699683""","=""3738398""","=""14145043""",Personal fixed term loan,2024-06-19 00:00:00,15000.00,0.00,,0.00,20250.00,NGN,0,Closed,2024-07-19 00:00:00,Performing
Latifat Temitope,,No8 orisumibare ijora Lagos,"=""2347012894382""","=""24714580""","=""PF36728""","=""A109""",Personal fixed term loan,2023-10-18 00:00:00,100000.00,117802.11,,117802.11,107812.10,NGN,1021,Open,2023-11-02 00:00:00,Lost
Spunkyolor Spunky,,Asokoro extension,"=""2348025409087""","=""24714591""","=""PF44090""","=""A5261""",Personal fixed term loan,2023-12-02 00:00:00,58000.00,64026.47,,64026.47,64940.60,NGN,976,Open,2023-12-17 00:00:00,Lost
YUSUFF OLOLADE,"=""22576698489""",Nigeria,"=""2349059526862""","=""24714716""","=""PF101770""","=""A27674""",Personal fixed term loan,2024-05-28 00:00:00,15000.00,0.00,,0.00,16059.00,NGN,0,Closed,2024-06-04 00:00:00,Performing
EMELIKE ANOSIKE,,HOUSE 19 A C CLOSE WORLD BANK ESTATE UMUAHIA,,"=""23441730""","=""26037640""","=""RCL26037640""",Personal Overdraft,2025-03-05 00:00:00,300000.00,0.00,,,0.00,NGN,0,Open,,Performing
FAVOUR NSE,"=""22631890773""",PLOT 1 ROAD 1 RUMUAGHORLU OBIO,,"=""23448167""","=""37389046""","=""12277427""",Personal fixed term loan,2023-11-30 00:00:00,2500.00,0.00,,0.00,3125.00,NGN,0,Closed,2023-12-15 00:00:00,Performing
ANTHONY UDO,"=""22186244173""",14 INYANYA LANE OFF ITAM POLICE STATION ITAM,,"=""23472832""","=""42874280""","=""12143327""",Personal fixed term loan,2023-11-16 00:00:00,100000.00,0.00,,0.00,46000.00,NGN,0,Closed,2024-02-14 00:00:00,Performing
ANTHONY UDO,"=""22186244173""",14 INYANYA LANE OFF ITAM POLICE STATION ITAM,,"=""23472832""","=""42874280""","=""12774345""",Personal fixed term loan,2024-01-23 00:00:00,350000.00,0.00,,0.00,157127.00,NGN,0,Closed,2024-04-22 00:00:00,Performing
NWACHUKWU ESTHER EBERE,"=""22467961553""",50 TIJANI ALBARIKA AJANGBADI,"=""2348130802296""","=""23547989""","=""55391607""","=""RCL55391607""",Personal Overdraft,2025-01-19 00:00:00,10000.00,0.00,,,0.00,NGN,0,Open,,Performing
SADA ADAEJI,,NO 16 FATAI ANIMASHAUN STREET MAGODO,"=""2348033615612""","=""23696411""","=""100303""","=""RCL100303""",Personal Overdraft,2024-10-04 00:00:00,65000.00,0.00,,,0.00,NGN,0,Open,,Performing
Babatunde Olusegun Victor,"=""22147941673""",1 micheal sobayo street aityetoro itele otta ogunstate,,"=""23918420""","=""3155222""","=""RCL3155222""",Personal Overdraft,2025-02-24 00:00:00,10000.00,6597.50,,0.00,2220.57,NGN,90,Open,,Lost
YETUNDE ONABANJO,"=""22497119889""",NO 25 IFEOLUWA BAPTIST CHURCH STREETSANGO OGUN STATE,,"=""24033553""","=""43345924""","=""13155747""",Personal fixed term loan,2024-03-06 00:00:00,5000.00,0.00,,0.00,6500.00,NGN,0,Closed,2024-04-05 00:00:00,Performing
AKPOTOU CAROLINE HELLEN,,no 6 oke osun street ikereekiti,"=""09035345815""","=""24130567""","=""54867967""","=""RCL54867967""",Personal Overdraft,2025-01-17 00:00:00,20000.00,82701.52,,,82701.52,NGN,95,Open,,
Edna Prince,"=""22245631535""",17 ibini street effurun,"=""2349150360336""","=""24314007""","=""PF64152""","=""A23424""",Personal fixed term loan,2024-04-16 00:00:00,113000.00,128860.95,,128860.95,128861.00,NGN,825,Open,2024-05-16 00:00:00,Lost
RUTH NSIRIM,"=""22527532594""",3 cele road aluu,"=""2348063223134""","=""24314107""","=""PF51587""","=""A25162""",Personal fixed term loan,2024-05-02 00:00:00,246000.00,0.00,,0.00,212883.20,NGN,0,Closed,2024-07-01 00:00:00,Performing
AHMED SANUSI,,R ZAKI QUTRS,,"=""24651014""","=""38356365""","=""RCL38356365""",Personal Overdraft,2025-06-01 00:00:00,75000.00,128978.42,,128978.00,54187.50,NGN,94,Open,,Lost
Yusuf Rekiya,,Zango Daji lokoja kogi state,"=""2347048616023""","=""24714604""","=""PF50341""","=""A15192""",Personal fixed term loan,2024-02-07 00:00:00,40000.00,36199.05,,36199.05,33209.10,NGN,921,Open,2024-02-10 00:00:00,Lost
COSTLY ABONGHA,,12 ADEOLA ODEKU VI,,"=""23433258""","=""27581439""","=""RCL27581439""",Personal Overdraft,2025-01-04 00:00:00,275000.00,337951.49,,0.00,339211.42,NGN,172,Open,,Lost
OBINNA OBI,"=""22269144374""",12 SOKOTO ROAD ONITSHA,,"=""23433794""","=""48899880""","=""RCL48899880""",Personal Overdraft,2024-09-21 00:00:00,285000.00,444356.41,,,444356.41,NGN,61,Open,,Doubtful
OMOBOLAJI SHOWEMIMO,"=""22548991392""",84 RAJI CRESCENT BARUWA INSIDE IPAJA,,"=""23470193""","=""45747563""","=""RCL45747563""",Personal Overdraft,2024-06-22 00:00:00,180000.00,0.00,,0.00,84188.98,NGN,0,Open,,Performing
BLESSING IGBOKWE,,NO 14 MAJUO STREET UMUDIOKA VILLAGE AWKA,,"=""24327259""","=""50000613""","=""RCL50000613""",Personal Overdraft,2025-07-06 00:00:00,20000.00,61188.75,,0.00,25700.00,NGN,97,Open,,Lost
SEJORO OKE,,NO 5 COMMISSIONAL STREETOKO AFO,,"=""24382326""","=""50770522""","=""RCL50770522""",,2024-10-12 00:00:00,182068.37,176731.76,,,176731.76,NGN,7,Open,,Watchlist
AKANDE OLAITAN JANET,,NO 12 ANIFOWOSE STREET MODAKEKE ILE IFE  MODAKEKE,"=""08061941686""","=""24489989""","=""23924665""","=""RCL23924665""",Personal Overdraft,2025-01-21 00:00:00,10000.00,18112.96,,,18112.96,NGN,95,Open,,
Tolulope Kehinde,"=""22604050481""",Plot 21 7th Roro state odogunyan uikorodu lagos,,"=""24674493""","=""38124445""","=""14151166""",Personal fixed term loan,2024-06-20 00:00:00,5000.00,0.00,,0.00,6750.00,NGN,0,Closed,2024-07-20 00:00:00,Performing
Salydav Intergrated,,25 Refinal Street Bagusa Deidei Abuja,"=""2348067807107""","=""24714519""","=""PF66350""","=""A9614""",Personal fixed term loan,2024-01-02 00:00:00,60000.00,0.00,,0.00,65022.30,NGN,0,Closed,2024-01-07 00:00:00,Performing
Abubakar Muhammad,"=""22631528067""",Rimingado kano,"=""2348125603825""","=""24714537""","=""PF70773""","=""A8737""",Personal fixed term loan,2023-12-26 00:00:00,42000.00,49566.59,,49566.59,45366.60,NGN,962,Open,2023-12-31 00:00:00,Lost
PROMISE BARIVURE,"=""22471533513""",56 RUMOVEVORLU STR LOCATION B STOP OBIOAKPOR,,"=""23463383""","=""39396677""","=""RCL39396677""",Personal Overdraft,2024-09-17 00:00:00,37149.55,19857.52,,0.00,0.00,NGN,0,Open,,Performing
RUTH JOHN,,19 BATTALION OKITIPUPA,,"=""23472373""","=""48561713""","=""RCL48561713""",Personal Overdraft,2025-07-05 00:00:00,35000.00,80626.80,,80626.80,60213.30,NGN,65,Open,,Doubtful
TAIBAT TAJUDEEN,,ILE AJE COMPOUND ITA KURE ILORIN Ilorin East Kwara State,,"=""23743249""","=""19875475""","=""RCL19875475""",Personal Overdraft,2025-03-24 00:00:00,10000.00,13734.98,,,13734.98,NGN,1,Open,,
DAMILOLA BANKOLE,"=""22503363147""",10 FOLORUNSHO STREET OFF OKO OBA AdoOdoOta Ogun State,,"=""23884284""","=""12135378""","=""RCL12135378""",Personal Overdraft,2024-02-12 00:00:00,150000.00,77194.07,,,77194.07,NGN,0,Open,,Performing
GBENGA SUNDAY HUNJENUKON,,14 15 Prince Alaba Road Oniru,,"=""24016431""","=""23214894""","=""RCL23214894""",Personal Overdraft,2025-06-01 00:00:00,9328.51,5508.69,,5509.00,6648.52,NGN,33,Open,,Sub standard
Ekene Orizu,,No 7 nwafor Orizu avenue obiuno otolo nnewi,"=""2348103115755""","=""24212082""","=""PF40563""","=""A29536""",Personal fixed term loan,2024-06-20 00:00:00,3000.00,0.00,,0.00,3178.90,NGN,0,Closed,2024-06-27 00:00:00,Performing
YAKUBU ABDULRAZAQ,,No8 kb aliyu street pdp quarters,"=""2347054314675""","=""24212133""","=""PF89099""","=""A20978""",Personal fixed term loan,2024-03-28 00:00:00,195000.00,228741.25,,228741.25,213192.80,NGN,859,Open,2024-04-12 00:00:00,Lost
Musa Suleiman,,Flat B Ung koko Und st suleja FCT West,"=""2348067103401""","=""24212184""","=""PF48197""","=""A21216""",Personal fixed term loan,2024-03-29 00:00:00,55000.00,35100.00,,35100.00,44303.90,NGN,869,Open,2024-04-05 00:00:00,Lost
OSAGIE LAWANI,"=""22687449961""",16 ENEHIZENA STREET OFF UWELU,,"=""24367693""","=""45066746""","=""RCL45066746""",Personal Overdraft,2024-09-24 00:00:00,15000.00,0.00,,0.00,3040.62,NGN,114,Open,,Lost
ADEYEMI POPOOLA,"=""22497515553""",14 KESHINRO STREET FELELE STRAIGHT END IBADAN,,"=""24407971""","=""43806702""","=""13495604""",Personal fixed term loan,2024-04-09 00:00:00,5000.00,0.00,,0.00,6750.00,NGN,0,Closed,2024-05-09 00:00:00,Performing
Promise UGONNA Okananwa,"=""22379256486""",Not Available,,"=""24583902""","=""16180147""","=""RCL16180147""",Personal Overdraft,2025-02-23 00:00:00,160000.00,142770.48,,,142770.48,NGN,1,Open,,
ADEJUMOKE BAMIGBADE,"=""22247089169""",12 HAMMED BAIOKU STREET MOROGBO LAGOS STATE,,"=""24684795""","=""51886519""","=""RCL51886519""",Personal Overdraft,2025-02-22 00:00:00,22500.00,17442.48,,,17442.48,NGN,6,Open,,
CHIAGOZIEM EDEH,"=""22474836646""",2022 AMOKWE STREET UWANI ENUGU,,"=""24698933""","=""39157277""","=""14192894""",Personal fixed term loan,2024-06-25 00:00:00,5000.00,0.00,,0.00,6670.00,NGN,0,Closed,2024-07-10 00:00:00,Performing
NATHANIEL SULE,"=""22288608266""",Q15 Auta street Television Kaduna,"=""2348089785591""","=""24714760""","=""PF77907""","=""A28622""",Personal fixed term loan,2024-06-12 00:00:00,4000.00,0.00,,0.00,2797.50,NGN,0,Closed,2024-06-27 00:00:00,Performing
Hassan Ibrahim,,NO 022 HOTORON MAHAUTA TSAMIYAR BOKA,"=""2348035153655""","=""24714740""","=""PF50396""","=""A28716""",Personal fixed term loan,2024-06-13 00:00:00,10000.00,0.00,,0.00,6855.90,NGN,0,Closed,2024-06-16 00:00:00,Performing
Abhay Kumar,,Abcd 34xyxs,"=""2347849457879""","=""24714600""","=""PF47933""","=""A247""",Personal fixed term loan,2023-10-21 00:00:00,2500.00,133.60,,133.60,133.60,NGN,260,Open,2023-10-24 00:00:00,Lost
FAVOUR EDIONWE,,IZEKOR STREET OFF BIU ROAD,"=""2349051627580""","=""24714707""","=""PF85338""","=""A23346""",Personal fixed term loan,2024-04-15 00:00:00,375000.00,205000.03,,205000.03,227497.60,NGN,801,Open,2024-07-14 00:00:00,Lost
VICTOR ABIOSE OLAJUBU,"=""22267810899""",15 OBASIKIRU BELLO STREET MAJOR THOMPSON SHAGAMU,,"=""23441460""","=""6376084""","=""RCL6376084""",Personal Overdraft,2024-07-24 00:00:00,55000.00,83928.38,,,83928.38,NGN,91,Open,,Lost
ABIODUN ADEMOROTI,,87ASIPA LAAMOIBADANALAKIA ISEBOOYO,,"=""23472344""","=""47290364""","=""RCL47290364""",Personal Overdraft,2024-11-14 00:00:00,46227.58,0.00,,,0.00,NGN,0,Open,,
FAVOUR EBINGHA,"=""22555377015""",NO 2 ALAFIA TEDO STREET OJUROKO IDIROKO,,"=""23771146""","=""47964901""","=""RCL47964901""",Personal Overdraft,2024-10-14 00:00:00,90000.00,169420.59,,0.00,141247.31,NGN,92,Open,,Lost
Latifat Tajudeen,"=""22354043715""",Kolawole Area Osogbo Osun State,"=""2347081500369""","=""24212090""","=""PF68963""","=""A21668""",Personal fixed term loan,2024-04-02 00:00:00,124000.00,74339.97,,74339.97,74340.00,NGN,862,Open,2024-04-09 00:00:00,Lost
UMAR MUHAMMED ADAMU,"=""22612578986""",Yarimaram,"=""2349134343946""","=""24212179""","=""PF57924""","=""A21652""",Personal fixed term loan,2024-04-02 00:00:00,13000.00,14605.89,,14605.89,13312.90,NGN,868,Open,2024-04-05 00:00:00,Lost
TOLU AJIBOLA,"=""22457647876""",NO 5 OPPOSITE SUPER TEX KAKURI KADUNA,,"=""24321211""","=""46094774""","=""RCL46094774""",Personal Overdraft,2024-11-29 00:00:00,65000.00,59113.11,,59113.11,46510.96,NGN,65,Open,,Doubtful
SAMUEL EMEREOLE,,KM 22 ABAUMUAHIA EXP WAY,,"=""24348930""","=""43840989""","=""RCL43840989""",Personal Overdraft,2025-03-24 00:00:00,27500.00,9486.56,,,9486.56,NGN,1,Open,,
CHIDIEBERE,"=""22487684890""",NR BENNETH CHIDIEBERE NGANYA COMPOUND MKPUORO FARMNEW ROAD,,"=""24610178""","=""54141887""","=""RCL54141887""",,2025-02-25 00:00:00,225000.00,166616.89,,0.00,193720.50,NGN,120,Open,,Lost
SUNDAY ELEM,,FINOPLASTIC INDUSTRY,,"=""24669317""","=""51917392""","=""RCL51917392""",Personal Overdraft,2024-12-16 00:00:00,115414.06,32556.60,,32556.60,27449.70,NGN,92,Open,,Lost
Bello Ayomide,"=""22210484962""",157 dopemu Road,"=""2349033844053""","=""24714466""","=""PF56248""","=""A17583""",Personal fixed term loan,2024-02-25 00:00:00,339000.00,433305.43,,433305.43,402630.00,NGN,876,Open,2024-03-26 00:00:00,Lost
ONYEDIKACHI CHUKWU,,OPP Ebonyi state Hou,"=""2348060795616""","=""24714555""","=""PF75363""","=""A12416""",Personal fixed term loan,2024-01-19 00:00:00,22000.00,25132.34,,25132.34,23569.60,NGN,940,Open,2024-01-22 00:00:00,Lost
Wooior Simon Sughnen,,Maza Maza Hotel Gida Abe,"=""2348106432405""","=""24714748""","=""PF63003""","=""A25832""",Personal fixed term loan,2024-05-10 00:00:00,170000.00,193613.95,,193613.95,193614.00,NGN,801,Open,2024-06-09 00:00:00,Lost
UMAR BALA,,House no s9 nlc estate dandagoro nlc quarters 2,"=""2348030535412""","=""24714773""","=""PF84914""","=""A29845""",Personal fixed term loan,2024-06-24 00:00:00,1493000.00,2117267.22,,2117267.22,2117267.20,NGN,783,Open,2024-08-23 00:00:00,Lost
ADEDUGBAGBE TOPE OLUWATOSIN,"=""22398415013""",4 TOGBE COMP MOWO BADAGRY,"=""08026192926""","=""23526699""","=""37240987""","=""13803704""",Personal fixed term loan,2024-05-12 00:00:00,12500.00,0.00,,0.00,16675.00,NGN,0,Closed,2024-05-27 00:00:00,Performing
ADEDUGBAGBE TOPE OLUWATOSIN,"=""22398415013""",4 TOGBE COMP MOWO BADAGRY,"=""08026192926""","=""23526699""","=""37240987""","=""13895446""",Personal fixed term loan,2024-05-22 00:00:00,35000.00,0.00,,0.00,27125.00,NGN,0,Closed,2024-07-21 00:00:00,Performing
MADUONEKE CHUKWUEMEKA,"=""22245893209""",NO 3 UBA STREET NKPOR AGU,"=""2348100845097""","=""23548474""","=""56307230""","=""RCL56307230""",Personal Overdraft,2025-03-15 00:00:00,10000.00,0.00,,0.00,7912.33,NGN,0,Open,,Performing
OLUWATOSIN AYENI,"=""22694283772""",FF09 NELSON MANDELA HALL BABCOCK UNI ILISAN REMO OGUN STAT,,"=""23734382""","=""46919951""","=""RCL46919951""",Personal Overdraft,2024-09-10 00:00:00,150000.00,0.00,,,0.00,NGN,0,Open,,Performing
MAHMUD IDRIS,,Along cida estate Galadima way jalingo TARABA STATE,"=""2349169764114""","=""24212094""","=""PF86168""","=""A22053""",Personal fixed term loan,2024-04-05 00:00:00,287000.00,330586.11,,330586.11,314342.60,NGN,865,Open,2024-04-20 00:00:00,Lost
GEORGE KING,,5570186877,"=""2347068635717""","=""24212108""","=""PF74066""","=""A18951""",Personal fixed term loan,2024-03-10 00:00:00,228000.00,278701.34,,278701.34,255982.50,NGN,862,Open,2024-04-09 00:00:00,Lost
STEPHEN OKODUWA,"=""22312115371""",No 1 oxford Road Junction along Idumebo Ekpoma Edo state,"=""2348160775062""","=""24314005""","=""PF69492""","=""A24205""",Personal fixed term loan,2024-04-22 00:00:00,129000.00,0.00,,0.00,49723.10,NGN,0,Closed,2024-05-07 00:00:00,Performing
Olaitan Bolanle,,Olorunsogo zone5 Road 8 Ado Ekiti,"=""2348144009576""","=""24314038""","=""PF62204""","=""A24469""",Personal fixed term loan,2024-04-24 00:00:00,30000.00,0.00,,0.00,18568.60,NGN,0,Closed,2024-07-23 00:00:00,Performing
OLUWASEUN OLUKINI,"=""22641031760""",Olukinis house ode community  Ishingbo Off Ado Road,,"=""24358226""","=""49713731""","=""RCL49713731""",Personal Overdraft,2025-02-20 00:00:00,80000.00,0.00,,,0.00,NGN,0,Open,,
MARY IKANI,,no 7 chief Okeanonife innocent street Igbo efoh Lekki Lago,"=""2349065940572""","=""24422819""","=""50605131""","=""RCL50605131""",Personal Overdraft,2025-03-29 00:00:00,50000.00,62600.00,,,62600.00,NGN,8,Open,,Watchlist
Finest Enterprises,,Umuchimanwiri obazu mbieri,"=""2348136739526""","=""24714419""","=""PF39155""","=""A17820""",Personal fixed term loan,2024-02-27 00:00:00,14000.00,16179.70,,16179.70,15277.20,NGN,897,Open,2024-03-05 00:00:00,Lost
Sylvester Sunday,,No 21 galadima Airport Road ilorin,"=""2348075054719""","=""24714437""","=""PF46144""","=""A2713""",Personal fixed term loan,2023-11-11 00:00:00,37000.00,34036.06,,34036.06,31186.40,NGN,997,Open,2023-11-26 00:00:00,Lost
PASCAL CHRIS,,74 olugbemi STR ojo agric road,"=""2347047394719""","=""24714470""","=""PF56577""","=""A6387""",Personal fixed term loan,2023-12-09 00:00:00,62000.00,75055.44,,75055.44,69436.40,NGN,969,Open,2023-12-24 00:00:00,Lost
Confidence Mark,,Omuachinwo Aluu Port Harcourt,"=""2349068299432""","=""24714688""","=""PF42707""","=""A23377""",Personal fixed term loan,2024-04-15 00:00:00,273000.00,166565.57,,166565.57,166565.60,NGN,796,Open,2024-06-14 00:00:00,Lost
JOSIAH EFFIONG,"=""22625521841""",Ifa Atai off mbak oron road,,"=""23742973""","=""42128425""","=""12673469""",Personal fixed term loan,2024-01-11 00:00:00,2500.00,0.00,,0.00,3375.00,NGN,0,Closed,2024-02-10 00:00:00,Performing
JOSIAH EFFIONG,"=""22625521841""",Ifa Atai off mbak oron road,,"=""23742973""","=""42128425""","=""12896266""",Personal fixed term loan,2024-02-06 00:00:00,10000.00,0.00,,0.00,12768.00,NGN,0,Closed,2024-03-07 00:00:00,Performing
JOSIAH EFFIONG,"=""22625521841""",Ifa Atai off mbak oron road,,"=""23742973""","=""42128425""","=""13662877""",Personal fixed term loan,2024-04-26 00:00:00,10000.00,0.00,,0.00,12875.00,NGN,0,Closed,2024-05-11 00:00:00,Performing
JOSIAH EFFIONG,"=""22625521841""",Ifa Atai off mbak oron road,,"=""23742973""","=""42128425""","=""13810843""",Personal fixed term loan,2024-05-12 00:00:00,15000.00,0.00,,0.00,19566.00,NGN,0,Closed,2024-06-11 00:00:00,Performing
Akinola Peter Akinpelu,,NO 7 ROAD 8 ZONE A SENN IYANA BLOCK ADEGBAYI IBADAN,,"=""24191133""","=""51246509""","=""RCL51246509""",Personal Overdraft,2025-04-14 00:00:00,85000.00,158005.47,,0.00,0.00,NGN,96,Open,,Lost
VICTOR OLEKA,"=""22244837550""",70 Yoruba road sabon gari,,"=""24212111""","=""PF96053""","=""A23472""",Personal fixed term loan,2024-04-16 00:00:00,15000.00,5568.64,,5568.64,5568.60,NGN,848,Open,2024-04-23 00:00:00,Lost
JOSHUA NOMA,"=""22259493101""",D4269 Und St Bosso Niger,"=""2347026318217""","=""24212158""","=""PF87590""","=""A21744""",Personal fixed term loan,2024-04-02 00:00:00,330000.00,393889.98,,393889.98,361313.00,NGN,854,Open,2024-04-17 00:00:00,Lost
UMONTO TONY EPHRAIM,"=""22651934714""",ITAK IKOT UDOIKOT EKPENE LOCAL GOVERNMENT AREA,"=""09079417754""","=""24245786""","=""43954821""","=""14989759""",Personal fixed term loan,2024-09-22 00:00:00,7500.00,0.00,,0.00,20010.00,NGN,0,Closed,2024-10-07 00:00:00,Performing
UMAR IBRAHIM,"=""22692944998""",POMPOMARI BYPASS,"=""2347017945757""","=""24314120""","=""PF89777""","=""A22135""",Personal fixed term loan,2024-04-05 00:00:00,155000.00,83971.72,,83971.72,83971.70,NGN,836,Open,2024-05-05 00:00:00,Lost
SAMSON EYANYE,,NO 7OSIOBE STREETOKUMAGBA LAY OUTWARRI,,"=""24664466""","=""39085062""","=""14228776""",Personal fixed term loan,2024-06-29 00:00:00,25000.00,0.00,,0.00,31000.00,NGN,0,Closed,2024-07-29 00:00:00,Performing
SAMSON EYANYE,,NO 7OSIOBE STREETOKUMAGBA LAY OUTWARRI,,"=""24664466""","=""39085062""","=""14660111""",Personal fixed term loan,2024-08-16 00:00:00,30000.00,0.00,,0.00,39420.00,NGN,0,Closed,,Performing
SAMSON EYANYE,,NO 7OSIOBE STREETOKUMAGBA LAY OUTWARRI,,"=""24664466""","=""39085062""","=""15157546""",Personal fixed term loan,2024-10-13 00:00:00,30000.00,0.00,,0.00,40080.00,NGN,0,Closed,2024-11-12 00:00:00,Performing
SAMSON EYANYE,,NO 7OSIOBE STREETOKUMAGBA LAY OUTWARRI,,"=""24664466""","=""39085062""","=""15408547""",Personal fixed term loan,2024-11-17 00:00:00,15000.00,0.00,,0.00,36990.00,NGN,0,Closed,2024-12-02 00:00:00,Performing
sola olowookere,,ayepe junction ayepe ibadan Oyo state,"=""2347060920905""","=""24714569""","=""PF12236""","=""A2272""",Personal fixed term loan,2023-11-07 00:00:00,120000.00,45104.57,,45104.57,41094.70,NGN,986,Open,2023-12-07 00:00:00,Lost
Yunus abbas Saad,,A01 Alamderi ward maiduguri,"=""2347035852600""","=""24714752""","=""PF65557""","=""A26741""",Personal fixed term loan,2024-05-22 00:00:00,572000.00,734037.06,,734037.06,750969.10,NGN,789,Open,2024-07-21 00:00:00,Lost
PREVAIL OJOGBO,"=""22715486304""",6 ELIMINIGWE HOUSING EST PHASE 2 LANE F 4TH AVE,,"=""23417991""","=""41478873""","=""RCL41478873""",Personal Overdraft,2024-10-26 00:00:00,275000.00,65616.78,,0.00,95935.35,NGN,0,Open,,Performing
DAVID ALABI,"=""22378211750""",NO 9ALABI ADEEYO CRESCENT OFF IWO ROAD OKIOLODO IBADAN,,"=""23430023""","=""48040350""","=""RCL48040350""",Personal Overdraft,2024-11-07 00:00:00,85437.35,0.00,,0.00,68584.76,NGN,0,Open,,Performing
ESTHER EFFIONG,"=""22150649443""",11 ABAYOMI STREET LAWANSON SURULERE,,"=""23455410""","=""47276998""","=""RCL47276998""",Personal Overdraft,2024-10-30 00:00:00,300000.00,31236.27,,,31236.27,NGN,96,Open,,Lost
AYOOLA AFOLABI,"=""22382724363""",3 BALOGUN STREET AGEGE LAGOS,,"=""23760514""","=""49460562""","=""RCL49460562""",Personal Overdraft,2024-11-26 00:00:00,120000.00,6765.62,,,6765.62,NGN,0,Open,,
ite udioh Fredrick,,2 UKO ROAD GANA SAPELE Sapele Delta Delta State,,"=""24191528""","=""20957987""","=""RCL20957987""",Personal Overdraft,2025-01-18 00:00:00,5000.00,0.00,,,0.00,NGN,0,Open,,Performing
mwaikyoga mseer,,14 After NKST Transformer Achusa Makurdi,"=""2348057706453""","=""24212167""","=""PF85341""","=""A21572""",Personal fixed term loan,2024-04-01 00:00:00,409000.00,421393.49,,421393.49,415734.40,NGN,857,Open,2024-05-31 00:00:00,Lost
USMAN ABUBAKAR,,Opp alu Sabo Hul house wammako unit2 pole No 89,"=""2347034430539""","=""24314064""","=""PF71150""","=""A25390""",Personal fixed term loan,2024-05-05 00:00:00,55000.00,56840.49,,56840.49,56997.00,NGN,829,Open,2024-05-12 00:00:00,Lost
ONYEKACHI OKOLI,,AMICHI ORJI EZEKA,,"=""24326113""","=""50249964""","=""RCL50249964""",Personal Overdraft,2024-12-23 00:00:00,90000.00,185833.59,,0.00,154902.09,NGN,92,Open,,Lost
adekunle quadri,,no 2 okeola street oru ijebu,,"=""24360409""","=""49111901""","=""RCL49111901""",Personal Overdraft,2025-03-18 00:00:00,140000.00,0.00,,,0.00,NGN,0,Open,,Performing
YAHUZA MUSA,"=""22468029337""",NEW KUTUNKUN BY BACK ABBATOIR GLADA FCT,,"=""24370569""","=""36772730""","=""13574977""",Personal fixed term loan,2024-04-17 00:00:00,7500.00,0.00,,0.00,10125.00,NGN,0,Closed,2024-05-17 00:00:00,Performing
SEGUN AYODELE,,NO 2 RAJI CLOSE MOSAFEJO,,"=""24385996""","=""49813685""","=""RCL49813685""",Personal Overdraft,2025-02-05 00:00:00,35000.00,0.00,,,0.00,NGN,0,Open,,Performing
Emmanuel Peter panam,"=""22582566082""",FHA NYANYA ABUJA,"=""2347044577502""","=""24714411""","=""PF34360""","=""A6531""",Personal fixed term loan,2023-12-11 00:00:00,4000.00,0.00,,0.00,4362.40,NGN,0,Closed,2023-12-18 00:00:00,Performing
Ejike EKwueme,"=""22434116034""",308 ikot Ekpo Calabar,"=""2348107012528""","=""24714462""","=""PF55193""","=""A3059""",Personal fixed term loan,2023-11-15 00:00:00,50000.00,0.00,,0.00,50480.80,NGN,0,Closed,2023-11-30 00:00:00,Performing
Adejoke Oladipupo,,49Desalu street Agege,"=""2347018228576""","=""24714645""","=""PF63911""","=""A2991""",Personal fixed term loan,2023-11-15 00:00:00,17000.00,0.00,,0.00,17253.90,NGN,0,Closed,2023-11-18 00:00:00,Performing
ABDULLAHI ABUBAKAR,,Ngomari,"=""2349064573558""","=""24714713""","=""PF100863""","=""A28899""",Personal fixed term loan,2024-06-15 00:00:00,51000.00,44472.23,,44472.23,44472.20,NGN,784,Open,2024-07-15 00:00:00,Lost
PRINCESS JOHNSON,"=""22700582480""",BLK 37 MORO STR PW BS ABUJA,,"=""24350430""","=""38955378""","=""13926025""",Personal fixed term loan,2024-05-26 00:00:00,7500.00,0.00,,0.00,10125.00,NGN,0,Closed,2024-06-25 00:00:00,Performing
PRINCESS JOHNSON,"=""22700582480""",BLK 37 MORO STR PW BS ABUJA,,"=""24350430""","=""38955378""","=""14192059""",Personal fixed term loan,2024-06-25 00:00:00,22500.00,0.00,,0.00,29565.00,NGN,0,Closed,2024-07-25 00:00:00,Performing
PRINCESS JOHNSON,"=""22700582480""",BLK 37 MORO STR PW BS ABUJA,,"=""24350430""","=""38955378""","=""14456196""",Personal fixed term loan,2024-07-25 00:00:00,10000.00,0.00,,0.00,13600.00,NGN,0,Closed,2024-08-09 00:00:00,Performing
PRINCESS JOHNSON,"=""22700582480""",BLK 37 MORO STR PW BS ABUJA,,"=""24350430""","=""38955378""","=""14459462""",Personal fixed term loan,2024-07-25 00:00:00,10000.00,0.00,,0.00,13026.00,NGN,0,Closed,2024-08-24 00:00:00,Performing
UMAR MUBARAK DAMILARE,"=""22388928422""",5 SAKA AJOSE STREET OKE OTA IBESHE  IKORODU LAGOS,,"=""24589486""","=""54236470""","=""RCL54236470""",,2025-03-07 00:00:00,15000.00,16495.39,,,16495.39,NGN,7,Open,,Watchlist
FOLAYEMI OLAJOLO,,NO 10 RAMAT CRESCENT OGUDU GRA OJOTA LAGOS,,"=""24695191""","=""51917531""","=""RCL51917531""",,2025-01-04 00:00:00,120000.00,0.00,,,0.00,NGN,0,Open,,Performing
ThankGod Etakibuebu,,Agbarho Delta State,"=""2349137877820""","=""24714392""","=""PF10575""","=""A1496""",Personal fixed term loan,2023-10-31 00:00:00,120000.00,140879.61,,140879.61,130871.60,NGN,993,Open,2023-11-30 00:00:00,Lost
Saaondo Simon,"=""22427884870""",No 15 Emmanuel agashi street north bank makurdi,"=""2348110869352""","=""24714460""","=""PF55045""","=""A9941""",Personal fixed term loan,2024-01-04 00:00:00,70000.00,34208.25,,34208.25,31139.40,NGN,951,Open,2024-01-11 00:00:00,Lost
DAN HASFAT SULE,,Shop 62 yamzone market borokiri Port Harcourt,"=""2348168699176""","=""24714528""","=""PF68549""","=""A18236""",Personal fixed term loan,2024-03-02 00:00:00,2000000.00,1617351.96,,1617351.96,1642352.00,NGN,870,Open,2024-05-01 00:00:00,Lost
Oyetoro Omolade,,Mami Market alakia along airport juction Oyo State,"=""2348025862897""","=""24714596""","=""PF47192""","=""A2021""",Personal fixed term loan,2023-11-06 00:00:00,32000.00,38634.53,,38634.53,35754.40,NGN,1002,Open,2023-11-21 00:00:00,Lost
Janet Ernest,"=""22692720305""",Odo before akins,"=""2348032968025""","=""24714643""","=""PF63067""","=""A17317""",Personal fixed term loan,2024-02-24 00:00:00,100000.00,159267.28,,159267.28,149357.70,NGN,892,Open,2024-03-10 00:00:00,Lost
Chinomso Aku Benedict,"=""22751375644""",SALVATION AVENUE DEEPER LIFE CLOSE CO IGBOH ETCHE,,"=""23494628""","=""44665444""","=""RCL44665444""",Personal Overdraft,2025-01-14 00:00:00,25000.00,103611.81,,,103611.81,NGN,97,Open,,
PATIENCE INYANG,,35 BALOGUN COMPOUNDISHERI,,"=""23881856""","=""36629329""","=""13008929""",Personal fixed term loan,2024-02-18 00:00:00,50000.00,0.00,,0.00,25784.00,NGN,0,Closed,2024-05-18 00:00:00,Performing
OMOKUNLE ASHOGBON,,PLOT 2 BLOCK 4 ALAGUNTAN AJAH,"=""08093578921""","=""24037430""","=""18778246""","=""RCL18778246""",Personal Overdraft,2025-02-04 00:00:00,120000.00,121181.45,,,121181.45,NGN,8,Open,,Watchlist
CHUKWUEMEKA NWEKE,"=""22403843660""",1 AJORIN STREETODOGUNYAN IKORODU LAGOS,,"=""24039737""","=""37624192""","=""13241227""",Personal fixed term loan,2024-03-16 00:00:00,7500.00,0.00,,0.00,10125.00,NGN,0,Closed,2024-04-15 00:00:00,Performing
EUNICE AMODE,,GENERAL HOSPITAL OGORI,,"=""24664549""","=""51717381""","=""RCL51717381""",Personal Overdraft,2025-05-25 00:00:00,15000.00,0.00,,,0.00,NGN,0,Open,,
BASSEY EMMANUEL,,Katari,"=""2348089040828""","=""24714421""","=""PF39560""","=""A19716""",Personal fixed term loan,2024-03-17 00:00:00,60000.00,41941.01,,41941.01,39646.00,NGN,880,Open,2024-03-22 00:00:00,Lost
Dosumu Razaq,,1 dosumu close saraki adigbe Abeokuta,"=""2348138752180""","=""24714435""","=""PF44601""","=""A402""",Personal fixed term loan,2023-10-22 00:00:00,81000.00,89619.92,,89619.92,81519.90,NGN,1017,Open,2023-11-06 00:00:00,Lost
Tsughum Samuel,,Lagos island,"=""2348184137244""","=""24714486""","=""PF58593""","=""A10719""",Personal fixed term loan,2024-01-09 00:00:00,59000.00,34229.55,,34229.55,34229.60,NGN,948,Open,2024-01-14 00:00:00,Lost
Bukola Adejoke Akinyele,,28 community street off ola bus stop,"=""2347035805652""","=""24714635""","=""PF61111""","=""A17274""",Personal fixed term loan,2024-02-23 00:00:00,290000.00,67516.66,,67516.66,167516.70,NGN,878,Open,2024-03-24 00:00:00,Lost
BOLAJI OLADIMEJI,"=""22709130329""",15 TEMITOBAMU HSE ODO ONA KEKERE BUS STOP IBADAN OYO,,"=""23478313""","=""39030797""","=""11684744""",Personal fixed term loan,2023-10-03 00:00:00,5000.00,0.00,,0.00,6000.00,NGN,0,Closed,2023-10-18 00:00:00,Performing
BOLAJI OLADIMEJI,"=""22709130329""",15 TEMITOBAMU HSE ODO ONA KEKERE BUS STOP IBADAN OYO,,"=""23478313""","=""39030797""","=""12409446""",Personal fixed term loan,2023-12-12 00:00:00,5000.00,0.00,,0.00,6650.00,NGN,0,Closed,2024-01-11 00:00:00,Performing
BOLAJI OLADIMEJI,"=""22709130329""",15 TEMITOBAMU HSE ODO ONA KEKERE BUS STOP IBADAN OYO,,"=""23478313""","=""39030797""","=""13099199""",Personal fixed term loan,2024-02-29 00:00:00,10000.00,0.00,,0.00,13600.00,NGN,0,Closed,2024-03-30 00:00:00,Performing
DEMILADE OMOSEHINDE,,7 BENNUE IKEHGINA GRACELAND AJAH ETIOSA,,"=""23482057""","=""42096827""","=""11955935""",Personal fixed term loan,2023-10-29 00:00:00,7500.00,0.00,,0.00,9750.00,NGN,0,Closed,2023-11-28 00:00:00,Performing
OLUWASEYI OMOHBOLADE SOKOYA,,AWORINDE MOSES HOUSE OLORUNSOGOIGBO ORAAREAOYO,,"=""23748286""","=""1924947""","=""RCL1924947""",Personal Overdraft,2025-04-19 00:00:00,375000.00,414037.72,,414037.72,188750.79,NGN,4,Open,,Watchlist
Muhammed Muhammed Ndasako,,OPP NANAS PLACE BOSSO MARKET MINNA,"=""2348143590374""","=""23779238""","=""PF25413""","=""A20785""",Personal fixed term loan,2024-03-27 00:00:00,3000000.00,3968168.91,,3968168.91,3939835.50,NGN,872,Open,2024-06-25 00:00:00,Lost
Akapan Imaobong Sunday,,ORON  RD,,"=""24081219""","=""42439884""","=""RCL42439884""",Personal Overdraft,2025-01-24 00:00:00,625.00,4.97,,,4.97,NGN,0,Open,,Performing
Boluwatife George,,52 Abayomi street mojoda epe Lagos,"=""2348119699194""","=""24212175""","=""PF51936""","=""A21863""",Personal fixed term loan,2024-04-03 00:00:00,36000.00,40441.47,,40441.47,36849.00,NGN,865,Open,2024-04-06 00:00:00,Lost
MICHEAL DURU,"=""22700252095""",19 BRAIMOH ALLI STREET BARIGA,,"=""24381321""","=""50553650""","=""RCL50553650""",Personal Overdraft,2024-12-08 00:00:00,54080.00,104087.14,,104087.14,74419.58,NGN,96,Open,,Lost
JULIET PETER,"=""22599946673""",EBEREZE COMP ABO STREET KAIMA BSTOP ODI,,"=""24442876""","=""39299641""","=""13716427""",Personal fixed term loan,2024-05-02 00:00:00,5000.00,0.00,,0.00,6750.00,NGN,0,Closed,2024-06-01 00:00:00,Performing
OGUNLEYE OLUWASEUN EMMANUEL,,NO 4 WOPARA OFF ENEKA ROAD RUMUDURU PORT HARCOURT,"=""07030922898""","=""24714802""","=""36550634""","=""RCL36550634""",,2025-05-27 00:00:00,50000.00,32000.00,,,32000.00,NGN,0,Open,,Performing
MONSURAT AYODELE,,36 OSITUYO STR OKE SOPEN,,"=""23880733""","=""1236100""","=""RCL1236100""",Personal Overdraft,2024-12-29 00:00:00,24145.03,31383.14,,,31383.14,NGN,19,Open,,Watchlist
OLUWAKEMI AYINKE OLOYEDE,"=""22435240792""",FLAT 22 BLOK B OJA OBA MARKETLagos State,,"=""24602531""","=""52674196""","=""RCL52674196""",Personal Overdraft,2024-11-09 00:00:00,40000.00,130596.66,,,130596.66,NGN,61,Open,,Doubtful
TOSAN JOSHUA UWAWAH,"=""22515581632""",NO 5 AGBARH STREET WARRI,,"=""24634869""","=""51708720""","=""RCL51708720""",Personal Overdraft,2024-08-12 00:00:00,60000.00,62366.44,,,62366.44,NGN,96,Open,,Lost
Solomon Uzoigwe,"=""22421714041""",No33 maternity road Eke mgbidi,"=""2348106729391""","=""24714521""","=""PF67759""","=""A17293""",Personal fixed term loan,2024-02-23 00:00:00,375000.00,172675.21,,172675.21,172675.20,NGN,893,Open,2024-03-09 00:00:00,Lost
AFAMEFULA NWORIE,"=""22523381833""",No 4 Presidential Avenue Enugu,"=""2349036062144""","=""24714772""","=""PF84211""","=""A21746""",Personal fixed term loan,2024-04-02 00:00:00,1175000.00,445948.78,,445948.78,692361.30,NGN,779,Open,2024-07-01 00:00:00,Lost
BELLO SHUAIBU,"=""22326176940""",D5350 Und St Bosso Niger,"=""2349133696435""","=""24714786""","=""PF94741""","=""A29731""",Personal fixed term loan,2024-06-22 00:00:00,362000.00,380090.27,,380090.27,380090.30,NGN,783,Open,2024-06-27 00:00:00,Lost
JUSTINA ADEYEMI,,42 NNPC ROAD IYANA EJIGBO,,"=""23476976""","=""46469258""","=""RCL46469258""",Personal Overdraft,2024-04-08 00:00:00,216888.16,329428.71,,329428.71,264947.07,NGN,96,Open,,Lost
ESIN OKON,"=""22326420474""",NO 115 CALABAR ITU ROAD,,"=""23483664""","=""37881935""","=""RCL37881935""",Personal Overdraft,2024-02-12 00:00:00,300000.00,0.00,,,0.00,NGN,0,Open,,Performing
FLORENCE OLADEJO,"=""22654462874""",20 ALADEJUBELO STREET OJUIRIN IBADAN LAGELU OYO,,"=""23880601""","=""43677962""","=""13064249""",Personal fixed term loan,2024-02-25 00:00:00,2500.00,0.00,,0.00,3375.00,NGN,0,Closed,2024-03-26 00:00:00,Performing
FLORENCE OLADEJO,"=""22654462874""",20 ALADEJUBELO STREET OJUIRIN IBADAN LAGELU OYO,,"=""23880601""","=""43677962""","=""13948299""",Personal fixed term loan,2024-05-28 00:00:00,10000.00,0.00,,0.00,13600.00,NGN,0,Closed,2024-06-27 00:00:00,Performing
FLORENCE OLADEJO,"=""22654462874""",20 ALADEJUBELO STREET OJUIRIN IBADAN LAGELU OYO,,"=""23880601""","=""43677962""","=""14259187""",Personal fixed term loan,2024-07-02 00:00:00,10000.00,0.00,,0.00,13600.00,NGN,0,Closed,2024-08-01 00:00:00,Performing
FLORENCE OLADEJO,"=""22654462874""",20 ALADEJUBELO STREET OJUIRIN IBADAN LAGELU OYO,,"=""23880601""","=""43677962""","=""14708197""",Personal fixed term loan,2024-08-22 00:00:00,10000.00,0.00,,0.00,12202.00,NGN,0,Closed,2024-09-06 00:00:00,Performing
FLORENCE OLADEJO,"=""22654462874""",20 ALADEJUBELO STREET OJUIRIN IBADAN LAGELU OYO,,"=""23880601""","=""43677962""","=""14960363""",Personal fixed term loan,2024-09-18 00:00:00,10000.00,0.00,,0.00,12269.00,NGN,0,Closed,2024-10-03 00:00:00,Performing
FLORENCE OLADEJO,"=""22654462874""",20 ALADEJUBELO STREET OJUIRIN IBADAN LAGELU OYO,,"=""23880601""","=""43677962""","=""15048744""",Personal fixed term loan,2024-09-29 00:00:00,20000.00,0.00,,0.00,54312.00,NGN,0,Closed,2024-10-14 00:00:00,Performing
ANSWERPRAYER NSIKAK,"=""22634123313""",16 isiba street carwash bustop ijegun road ikotun Lag,,"=""24213314""","=""36527890""","=""13489874""",Personal fixed term loan,2024-04-09 00:00:00,5000.00,0.00,,0.00,6750.00,NGN,0,Closed,2024-05-09 00:00:00,Performing
SALISU AMINU,,7 LAYIN GBSVALBE KAYA MIYA KANOKANO STATE,,"=""24302725""","=""45103969""","=""RCL45103969""",Personal Overdraft,2025-06-02 00:00:00,69490.98,80568.17,,,80568.17,NGN,36,Open,,
Emmanuel Obiora,"=""22547963420""",No 59  62b Nyanya Market urban Mass Park FCT Abuja,"=""2349029818384""","=""24314057""","=""PF45242""","=""A22167""",Personal fixed term loan,2024-04-05 00:00:00,723000.00,872612.85,,872612.85,873608.40,NGN,836,Open,2024-07-04 00:00:00,Lost
Mukhtar Salihu,"=""22492069196""",85 SHAHUCI MOTOR PARK KANO STATE,,"=""24714518""","=""PF66338""","=""A7207""",Personal fixed term loan,2023-12-15 00:00:00,58000.00,52050.21,,52050.21,52150.20,NGN,975,Open,2023-12-18 00:00:00,Lost
Abel Efe,,10 DSC express off oghior town udu,"=""2347080788466""","=""24714753""","=""PF65881""","=""A28296""",Personal fixed term loan,2024-06-07 00:00:00,329000.00,441478.14,,441478.14,458478.10,NGN,785,Open,2024-09-05 00:00:00,Lost
CHIMEZIE DICKSON,"=""22485673195""",35 ERHIMWINOSA STREET OFF USELU,,"=""23423947""","=""45981183""","=""RCL45981183""",Personal Overdraft,2024-12-06 00:00:00,100000.00,65294.86,,,65294.86,NGN,0,Open,,Performing
OGOOLUWA BENSON,"=""22661831241""",No 1 ohunwu street off ogbemudia road,,"=""23454929""","=""39024982""","=""11866254""",Personal fixed term loan,2023-10-20 00:00:00,5000.00,0.00,,0.00,6500.00,NGN,0,Closed,2023-11-19 00:00:00,Performing
JOSHUA OLOKUNLOYE,,NO 10 ONAOLA ILORO STREET OWOOWOONDO Owo Ondo State,,"=""23754787""","=""2400287""","=""RCL2400287""",Personal Overdraft,2024-11-14 00:00:00,120000.00,232604.74,,,232604.74,NGN,96,Open,,Lost
TAIWO OSOTIMEHIN,,11 OGUNDAIRO STREET OWORO,,"=""23758672""","=""49638300""","=""RCL49638300""",Personal Overdraft,2024-10-24 00:00:00,200000.00,235646.12,,,235646.12,NGN,92,Open,,Lost
CHINEDU UZOR,,11 OLORUNLONI STREET ISO FUFU area  IFO,,"=""23894878""","=""49750100""","=""RCL49750100""",Personal Overdraft,2024-04-12 00:00:00,6250.00,1279.74,,,1279.74,NGN,32,Open,,Sub standard
Mohammed Alih,,Sabongari keffi Nasarawa state,"=""2348167579153""","=""24212146""","=""PF42708""","=""A20421""",Personal fixed term loan,2024-03-24 00:00:00,339000.00,0.00,,0.00,111540.40,NGN,0,Closed,2024-04-23 00:00:00,Performing
SAMUEL ADAMS,,9 ADEWUNMI STREET PAPA ASHAFA,,"=""24215090""","=""39918910""","=""RCL39918910""",Personal Overdraft,2025-01-17 00:00:00,120000.00,241988.63,,,241988.63,NGN,95,Open,,
Rafiat Adeleye,"=""22657754673""",Lafenwa markets abeokuta ogun state,"=""2349042971583""","=""24314060""","=""PF56559""","=""A22351""",Personal fixed term loan,2024-04-07 00:00:00,329000.00,406103.47,,406103.47,406103.50,NGN,834,Open,2024-06-06 00:00:00,Lost
Monsur Adiamo,,47 Church road Sabon gari kano,"=""2348034143188""","=""24714415""","=""PF37015""","=""A9291""",Personal fixed term loan,2023-12-30 00:00:00,85000.00,71494.38,,71494.38,71494.40,NGN,948,Open,2024-01-14 00:00:00,Lost
James Adekunle,,14Gaa sabo Abeokuta Ogun state,"=""2348173179235""","=""24714483""","=""PF58526""","=""A8730""",Personal fixed term loan,2023-12-26 00:00:00,60000.00,62741.19,,62741.19,58401.10,NGN,962,Open,2023-12-31 00:00:00,Lost
Ruth Uzodonma,,56 agulu street umuahia,"=""2347014286668""","=""24714615""","=""PF54654""","=""A5508""",Personal fixed term loan,2023-12-04 00:00:00,85000.00,104467.31,,104467.31,96025.30,NGN,974,Open,2023-12-19 00:00:00,Lost
HAMMED HAMMED,,Beside blue house restaurant iree OSUN state,"=""2348162347142""","=""24714683""","=""PF29446""","=""A18015""",Personal fixed term loan,2024-03-01 00:00:00,1073000.00,1520967.85,,1520967.85,1513173.20,NGN,900,Open,2024-05-30 00:00:00,Lost
DARASIMI OLANIYI,,3 Genty Street Agura Sabo Sagamu,"=""2348036454083""","=""24714692""","=""PF55291""","=""A21392""",Personal fixed term loan,2024-03-31 00:00:00,881000.00,917037.76,,917037.76,922037.80,NGN,841,Open,2024-06-29 00:00:00,Lost
BLESSING SALIHU,,BESIDE STANDARD HOTEL BERGER QUARRY ROAD MPAPE,,"=""23463612""","=""1170211""","=""RCL1170211""",Personal Overdraft,2025-01-18 00:00:00,50000.00,122960.20,,122960.20,51369.55,NGN,90,Open,,Lost
MUTMAINAT ABOLORE ASAMU,"=""22548414396""",NO 52 SERIKI STREET OKOKOMAIKO,,"=""23856856""","=""55721628""","=""RCL55721628""",Personal Overdraft,2025-02-16 00:00:00,20000.00,0.00,,0.00,0.00,NGN,0,Open,,Performing
Samuel mobo imeh,,NO 53 ZONE AIJAYAPI VILLAGEKUBWA ABUJA Bwari FCT,,"=""24081036""","=""6194408""","=""RCL6194408""",Personal Overdraft,2025-03-13 00:00:00,225000.00,0.00,,0.00,106602.00,NGN,0,Open,,Performing
OLUSOJI ADEGOROYE,"=""22485322334""",23ARIBIDESI ODO OBA STREET SANYO AREA BSTOPIBADAN,,"=""24317418""","=""43853456""","=""13382066""",Personal fixed term loan,2024-03-30 00:00:00,5000.00,0.00,,0.00,6750.00,NGN,0,Closed,2024-04-29 00:00:00,Performing
OMOWUNMI WAHAAB,,6 BABAYEMI STR OWORO OWOROSHOKI LAGOS,,"=""24671415""","=""36434842""","=""14176275""",Personal fixed term loan,2024-06-23 00:00:00,10000.00,0.00,,0.00,13500.00,NGN,0,Closed,2024-07-23 00:00:00,Performing
IBRAHIM LAWAL,,NW7421 OLOPOMEWA ELEYELE IBADAN Ibadan NorthWest Oyo State,,"=""24679510""","=""17507641""","=""RCL17507641""",Personal Overdraft,2025-04-15 00:00:00,65000.00,0.00,,0.00,0.00,NGN,0,Open,,Performing
ONYEKA UGWONWU,"=""22321696357""",PLT 4888 BEHIND MINISTRY OF WORKS GBOKO,,"=""24698423""","=""51797633""","=""RCL51797633""",Personal Overdraft,2025-02-16 00:00:00,60000.00,67734.53,,,67734.53,NGN,90,Open,,
Ismaila Olamilekan Dauda,,1 ARO STREET AMUKOKO,"=""2349155010019""","=""24714408""","=""PF28667""","=""A1172""",Personal fixed term loan,2023-10-26 00:00:00,120000.00,127177.90,,127177.90,127177.90,NGN,227,Open,2023-11-26 00:00:00,Lost
Ebuka Emmanuel,"=""22616836453""",Otukpa street otukpo,"=""2348081184437""","=""24714508""","=""PF63129""","=""A12235""",Personal fixed term loan,2024-01-18 00:00:00,38000.00,0.00,,0.00,40985.70,NGN,0,Closed,2024-01-21 00:00:00,Performing
FAVOUR OGBONNA,,675 ikwerre Rd Rumuokoro,"=""2349139080170""","=""24714706""","=""PF84393""","=""A27950""",Personal fixed term loan,2024-06-01 00:00:00,89000.00,0.00,,0.00,39429.80,NGN,0,Closed,2024-07-01 00:00:00,Performing
KIKELOMO DUROSARO,"=""22495591195""",E7 661 ONIBUDO STREET OREMEJI AGUGU IBADANOyo State,,"=""23440577""","=""47755090""","=""RCL47755090""",Personal Overdraft,2024-03-10 00:00:00,25000.00,0.00,,,0.00,NGN,96,Open,,Lost
EBITO ESU,,3 SHEINDEMI STREET OLOWORA LAGOS,,"=""23443354""","=""47840170""","=""RCL47840170""",Personal Overdraft,2025-04-13 00:00:00,20000.00,0.00,,0.00,0.00,NGN,0,Open,,Performing
CHIDI OGENE,,NO 12A WODI LANE OPP BOYS CBSS ELELENWO PHC,,"=""23450941""","=""48896686""","=""RCL48896686""",Personal Overdraft,2025-08-06 00:00:00,175329.99,0.00,,0.00,91850.00,NGN,0,Open,,Open
CHIDIMMA ONUH,"=""22341319607""",ONUH AFIREDS COMPUFODO ENUGU EZIKE,,"=""24034256""","=""36827165""","=""13321186""",Personal fixed term loan,2024-03-24 00:00:00,5000.00,0.00,,0.00,6670.00,NGN,0,Closed,2024-04-08 00:00:00,Performing
TOMIWA OLATONA,"=""22466981529""",ALAKIA LAYOUT,,"=""24038382""","=""42621722""","=""13226706""",Personal fixed term loan,2024-03-14 00:00:00,5000.00,0.00,,0.00,6750.00,NGN,0,Closed,2024-04-13 00:00:00,Performing
USMAN SULAIMAN,"=""22499312189""",Kabusa village by Mango tree,"=""2347048584735""","=""24212211""","=""PF86153""","=""A22045""",Personal fixed term loan,2024-04-05 00:00:00,220000.00,215845.02,,215845.02,199949.10,NGN,851,Open,2024-04-20 00:00:00,Lost
Isoboye Jack,,14 Abakiliki,"=""2348065837170""","=""24212258""","=""PF47073""","=""A22270""",Personal fixed term loan,2024-04-06 00:00:00,55000.00,0.00,,0.00,51241.60,NGN,0,Closed,2024-04-13 00:00:00,Performing
PRINCESS ANIGBO,,NO 22 UMUEZEBI ST NEW HEAVEN ENUGU,,"=""24221299""","=""1474683""","=""RCL1474683""",Personal Overdraft,2025-03-20 00:00:00,225000.00,20700.00,,,20700.00,NGN,0,Open,,Performing
Ejiofor Asogwa,,23 okpoga street high level makurdi,"=""2347031616696""","=""24314020""","=""PF39659""","=""A24515""",Personal fixed term loan,2024-04-25 00:00:00,141000.00,120559.17,,120559.17,134501.80,NGN,810,Open,2024-07-24 00:00:00,Lost
Balogun Kemi,,12 Balogun street Agbado ogun state,"=""2348169621469""","=""24714570""","=""PF12352""","=""A650""",Personal fixed term loan,2023-10-23 00:00:00,120000.00,146397.20,,146397.20,134399.70,NGN,1001,Open,2023-11-22 00:00:00,Lost
OYINDAMOLA OLUSOLA,"=""22731604061""",28 ANUOLUWAPO STREET IYANA EJIGBO BUS STOP LAGOS,,"=""23441616""","=""42939523""","=""11893710""",Personal fixed term loan,2023-10-23 00:00:00,7500.00,0.00,,0.00,9900.00,NGN,0,Closed,2023-11-22 00:00:00,Performing
OLUFUNMILAYO SADIPE,,NO 1 SEWEJE CLOSE TOTAL GARDDEN IBADAN,"=""08023444646""","=""23478834""","=""48844679""","=""RCL48844679""",,2025-06-04 00:00:00,23877.04,18234.54,,,18234.54,NGN,0,Open,,Performing
WESLEY OMOIGUI,"=""22439448963""",13 EKI STREET OFF EVBOTU BUSSTOP,"=""08114948466""","=""23765718""","=""43026090""","=""12685059""",Personal fixed term loan,2024-01-12 00:00:00,7500.00,0.00,,0.00,10125.00,NGN,0,Closed,2024-02-11 00:00:00,Performing
WESLEY OMOIGUI,"=""22439448963""",13 EKI STREET OFF EVBOTU BUSSTOP,"=""08114948466""","=""23765718""","=""43026090""","=""12949787""",Personal fixed term loan,2024-02-11 00:00:00,15000.00,0.00,,0.00,18157.50,NGN,0,Closed,2024-02-26 00:00:00,Performing
KELVIN STEPHEN,"=""22639053116""",1A TOWOLAWI STREET BENSON IK,,"=""23882288""","=""37430686""","=""13042076""",Personal fixed term loan,2024-02-22 00:00:00,7500.00,0.00,,0.00,10125.00,NGN,0,Closed,2024-03-23 00:00:00,Performing
Chinemerem Mary Okonkwo,,2b ngwa road Aba,"=""2347062096666""","=""24212092""","=""PF57086""","=""A22691""",Personal fixed term loan,2024-04-10 00:00:00,55000.00,52800.12,,52800.12,57441.70,NGN,854,Open,2024-04-17 00:00:00,Lost
Denen Aondoaseer Aondoaseer,,Nkst church Anyiin,"=""2348073407453""","=""24212241""","=""PF42270""","=""A21456""",Personal fixed term loan,2024-04-01 00:00:00,341000.00,229827.63,,229827.63,226576.00,NGN,856,Open,2024-05-01 00:00:00,Lost
Isah Abubakar,,Opposite heart plaza mararaba Nasarawa,"=""2349057000183""","=""24212278""","=""PF62365""","=""A18934""",Personal fixed term loan,2024-03-10 00:00:00,957000.00,0.00,,0.00,363204.90,NGN,0,Closed,2024-06-08 00:00:00,Performing
IBRAHIM ALIYU,,Rafin atiku Area,"=""2348067251286""","=""24314022""","=""PF84919""","=""A20794""",Personal fixed term loan,2024-03-27 00:00:00,833000.00,389331.63,,389331.63,438291.60,NGN,815,Open,2024-05-26 00:00:00,Lost
Innocent Ejikeme,,Plot 250 Apo Mechanic Und Apo Resettlement Abuja,"=""2348032166517""","=""24714417""","=""PF37586""","=""A4150""",Personal fixed term loan,2023-11-24 00:00:00,74000.00,33133.55,,33133.55,33133.60,NGN,984,Open,2023-12-09 00:00:00,Lost
Uchenna Ibeh,,ELIMINIGWE phase 4 elelenwo,"=""2348143825773""","=""24714453""","=""PF51776""","=""A5084""",Personal fixed term loan,2023-12-01 00:00:00,236000.00,0.00,,0.00,107967.60,NGN,0,Closed,2023-12-16 00:00:00,Performing
Adeyinka balikis,"=""22178092346""",No1 durojaiye,"=""2348038376128""","=""24714603""","=""PF49461""","=""A6819""",Personal fixed term loan,2023-12-13 00:00:00,105000.00,127093.89,,127093.89,116730.90,NGN,965,Open,2023-12-28 00:00:00,Lost
MIRIAM PETER,,C3 427 yelwa tudu area,"=""2348032221644""","=""24714668""","=""PF75290""","=""A14570""",Personal fixed term loan,2024-02-02 00:00:00,46000.00,48950.97,,48950.97,44500.90,NGN,924,Open,2024-02-07 00:00:00,Lost
AINA BENARD,"=""22402827939""",No 255b upper Ekenwa Road Benin city,"=""2348064091712""","=""24714704""","=""PF79894""","=""A26799""",Personal fixed term loan,2024-05-24 00:00:00,26000.00,0.00,,0.00,27743.60,NGN,0,Closed,2024-06-23 00:00:00,Performing
Bolanle Olatunbosu,,Angwladodo gwagwalada south,"=""2349045652284""","=""24714641""","=""PF62461""","=""A14399""",Personal fixed term loan,2024-02-01 00:00:00,75000.00,90078.66,,90078.66,82585.20,NGN,923,Open,2024-02-08 00:00:00,Lost
OPEYEMI OLUWADERO,"=""22408501369""",3 ADENIJI ELERU ABULE EGBA  ALIMOSHO,,"=""23442326""","=""43898104""","=""12313387""",Personal fixed term loan,2023-12-03 00:00:00,2500.00,0.00,,0.00,3375.00,NGN,0,Closed,2024-01-02 00:00:00,Performing
EMMANUEL INAKU,,BESIDE TAHSA 1 MOSQUE TASHA GWAGWA,,"=""23484440""","=""48619376""","=""RCL48619376""",Personal Overdraft,2025-05-13 00:00:00,185000.00,356355.36,,0.00,216484.19,NGN,97,Open,,Lost
Aderibigbe Rodiah Ayomide,"=""22679937371""",Second gate ikorodu Lagos,,"=""23777961""","=""38868147""","=""11459804""",Personal fixed term loan,2023-09-12 00:00:00,10000.00,0.00,,0.00,13200.00,NGN,0,Closed,2023-10-12 00:00:00,Performing
Aderibigbe Rodiah Ayomide,"=""22679937371""",Second gate ikorodu Lagos,,"=""23777961""","=""38868147""","=""11814756""",Personal fixed term loan,2023-10-15 00:00:00,12500.00,0.00,,0.00,16625.00,NGN,0,Closed,2023-11-14 00:00:00,Performing
Aderibigbe Rodiah Ayomide,"=""22679937371""",Second gate ikorodu Lagos,,"=""23777961""","=""38868147""","=""12469957""",Personal fixed term loan,2023-12-19 00:00:00,17500.00,0.00,,0.00,23275.00,NGN,0,Closed,2024-01-18 00:00:00,Performing
Aderibigbe Rodiah Ayomide,"=""22679937371""",Second gate ikorodu Lagos,,"=""23777961""","=""38868147""","=""15448948""",Personal fixed term loan,2024-11-22 00:00:00,17500.00,0.00,,0.00,48230.00,NGN,0,Closed,2024-12-07 00:00:00,Performing
Aderibigbe Rodiah Ayomide,"=""22679937371""",Second gate ikorodu Lagos,,"=""23777961""","=""38868147""","=""15607908""",Personal fixed term loan,2024-12-12 00:00:00,10000.00,0.00,,0.00,14750.00,NGN,0,Closed,2025-01-11 00:00:00,Performing
Lucky Sunday,,Odumini extension ph,"=""2349030492328""","=""24212117""","=""PF56389""","=""A20614""",Personal fixed term loan,2024-03-26 00:00:00,86000.00,95194.83,,95194.83,95194.80,NGN,861,Open,2024-04-10 00:00:00,Lost
RABIU IBRAHIM,,7 BADIRISA BAUCHI STREET GOTEL TO STATION GIRIE YOLA,,"=""24213889""","=""42162469""","=""13468102""",Personal fixed term loan,2024-04-07 00:00:00,10000.00,0.00,,0.00,13200.00,NGN,0,Closed,2024-05-07 00:00:00,Performing
RABIU IBRAHIM,,7 BADIRISA BAUCHI STREET GOTEL TO STATION GIRIE YOLA,,"=""24213889""","=""42162469""","=""13720334""",Personal fixed term loan,2024-05-03 00:00:00,17500.00,0.00,,0.00,23625.00,NGN,0,Closed,2024-06-02 00:00:00,Performing
EDISON JIRI,"=""22591844281""",Near LCCN Borrong,"=""2347055729807""","=""24314112""","=""PF102052""","=""A25928""",Personal fixed term loan,2024-05-11 00:00:00,35000.00,0.00,,0.00,13159.70,NGN,0,Closed,2024-05-18 00:00:00,Performing
OLUWAKEMI OSUNLAJA,,2 IMISE STREET OWODE IJAKO SANGO OTTA,,"=""24470942""","=""50365111""","=""RCL50365111""",,2024-12-21 00:00:00,210000.00,48919.62,,0.00,74969.62,NGN,207,Closed,,Lost
Abdulkareem Saliu,,No 75 iyana abu dada ilorin,"=""2349132929832""","=""24714744""","=""PF57039""","=""A28375""",Personal fixed term loan,2024-06-09 00:00:00,41000.00,32684.19,,32684.19,43146.20,NGN,794,Open,2024-06-16 00:00:00,Lost
AISHAT HAMMED,"=""22465159000""",21 GBADAMOSI STREET IKORODU,,"=""23481127""","=""45984407""","=""RCL45984407""",Personal Overdraft,2024-07-11 00:00:00,52000.00,41904.74,,0.00,19340.48,NGN,0,Open,,Performing
SOLOMON EHIBOR,,IBEHIDU OHORUDAUBIAJAEDO STATE,,"=""23763210""","=""49266669""","=""RCL49266669""",Personal Overdraft,2024-10-31 00:00:00,200000.00,267043.46,,0.00,83827.80,NGN,0,Open,,Performing
Maureen Ginikanwa,,25 Dada onijama off chidi orege Ajegunle,"=""2348134241074""","=""24212120""","=""PF50494""","=""A24182""",Personal fixed term loan,2024-04-22 00:00:00,55000.00,17665.94,,17665.94,17491.00,NGN,842,Open,2024-04-29 00:00:00,Lost
DTU GARBA,,ASO c market,"=""2348161630195""","=""24212249""","=""PF70708""","=""A20947""",Personal fixed term loan,2024-03-27 00:00:00,486000.00,349404.45,,349404.45,370645.50,NGN,845,Open,2024-05-26 00:00:00,Lost
WASIU OLOYEDE,"=""22540077391""",NO 9OLUWALOGBON STR AGBADO,,"=""24218565""","=""42284203""","=""13694462""",Personal fixed term loan,2024-04-30 00:00:00,5000.00,0.00,,0.00,6750.00,NGN,0,Closed,2024-05-30 00:00:00,Performing
EBEHIREMEN OLOBI,,7 SOLOMON DURODOLA STREET UNITY ESTATE EGBEDA,,"=""24359499""","=""50031707""","=""RCL50031707""",Personal Overdraft,2025-07-06 00:00:00,17325.00,41980.12,,0.00,18900.00,NGN,97,Open,,Lost
FRIDAY CHRISTOPHER ASOMBA,"=""22581604965""",CHRISTIAN NWAOGUGU COMPOUNDORJI OWERRIIMO STATE,,"=""24592389""","=""21979655""","=""RCL21979655""",Personal Overdraft,2024-10-05 00:00:00,35000.00,60962.12,,,60962.12,NGN,61,Open,,Doubtful
ASHIRU Abdullahi,,Kware,"=""2348101002354""","=""24714425""","=""PF40981""","=""A19629""",Personal fixed term loan,2024-03-16 00:00:00,55000.00,44977.59,,44977.59,42405.30,NGN,885,Open,2024-03-19 00:00:00,Lost
Esther b Mmeah,,3 Zobari street bori rivers state,"=""2347068687288""","=""24714639""","=""PF61630""","=""A17486""",Personal fixed term loan,2024-02-24 00:00:00,102000.00,108610.04,,108610.04,110706.40,NGN,892,Open,2024-03-10 00:00:00,Lost
MOHAMMED IBRAHIM,,No 46 London ciki Street tashan bala bus stop,"=""2349079578292""","=""24714775""","=""PF86100""","=""A29821""",Personal fixed term loan,2024-06-24 00:00:00,689988.00,820333.05,,820333.05,820333.10,NGN,781,Open,2024-09-22 00:00:00,Lost
JUSTINA JACOB,"=""22497064727""",47 IKOTA STREET ELEGANZA BUS STOP IKOTA,,"=""24215094""","=""43653088""","=""14140640""",Personal fixed term loan,2024-06-19 00:00:00,17500.00,0.00,,0.00,23761.50,NGN,0,Closed,2024-07-11 00:00:00,Performing
OPEYEMI AKINYEMI,"=""22624632744""",3032 OLUSHUAIBU STREET WAZOBIA BSUTOP IKOTUN,,"=""24352083""","=""38554808""","=""13894873""",Personal fixed term loan,2024-05-22 00:00:00,5000.00,0.00,,0.00,6750.00,NGN,0,Closed,2024-06-21 00:00:00,Performing
JAMES EDOH,"=""22466856544""",15OGOOLUWA STRIYANA OWORO BUS STOPLAGOS,,"=""24669002""","=""38966521""","=""13987877""",Personal fixed term loan,2024-06-01 00:00:00,7500.00,0.00,,0.00,10125.00,NGN,0,Closed,2024-07-01 00:00:00,Performing
JAMES EDOH,"=""22466856544""",15OGOOLUWA STRIYANA OWORO BUS STOPLAGOS,,"=""24669002""","=""38966521""","=""14276622""",Personal fixed term loan,2024-07-04 00:00:00,20000.00,0.00,,0.00,25710.00,NGN,0,Closed,2024-08-03 00:00:00,Performing
JAMES EDOH,"=""22466856544""",15OGOOLUWA STRIYANA OWORO BUS STOPLAGOS,,"=""24669002""","=""38966521""","=""14548285""",Personal fixed term loan,2024-08-04 00:00:00,35000.00,0.00,,0.00,44992.50,NGN,0,Closed,2024-09-03 00:00:00,Performing
Aliyu Ibrqhim,,Tarawa area kware local Government,"=""2349060323954""","=""24714479""","=""PF58120""","=""A7798""",Personal fixed term loan,2023-12-19 00:00:00,14000.00,15603.42,,15603.42,15244.40,NGN,969,Open,2023-12-24 00:00:00,Lost
MARY ADEYEMI,"=""22479289281""",Ginuiwa junction by ometan str warri delta,"=""2349033365827""","=""24714702""","=""PF74535""","=""A25949""",Personal fixed term loan,2024-05-11 00:00:00,50000.00,0.00,,0.00,43184.10,NGN,0,Closed,2024-07-10 00:00:00,Performing
moshood garba,"=""22390586014""",No 45 road 3 drive 6 brighter area minna niger state,"=""2348064117718""","=""24714720""","=""PF105386""","=""A29074""",Personal fixed term loan,2024-06-17 00:00:00,259000.00,0.00,,0.00,272258.60,NGN,0,Closed,2024-06-22 00:00:00,Performing
PROGRESS IDOWU,"=""22712104090""",Nigeria,,"=""23465899""","=""48919714""","=""RCL48919714""",Personal Overdraft,2024-10-22 00:00:00,369200.00,506058.11,,506058.11,424822.86,NGN,96,Open,,Lost
OMOBOLANLE ODEBIYI,"=""22306352663""",2 AKINYELE STREET AKINYELE BUS,,"=""23745046""","=""3695235""","=""12820470""",Personal fixed term loan,2024-01-28 00:00:00,22500.00,0.00,,0.00,29767.50,NGN,0,Closed,2024-02-27 00:00:00,Performing
OMOBOLANLE ODEBIYI,"=""22306352663""",2 AKINYELE STREET AKINYELE BUS,,"=""23745046""","=""3695235""","=""13210502""",Personal fixed term loan,2024-03-12 00:00:00,17500.00,0.00,,0.00,22827.00,NGN,0,Closed,2024-04-11 00:00:00,Performing
OMOBOLANLE ODEBIYI,"=""22306352663""",2 AKINYELE STREET AKINYELE BUS,,"=""23745046""","=""3695235""","=""13534161""",Personal fixed term loan,2024-04-13 00:00:00,20000.00,0.00,,0.00,26088.00,NGN,0,Closed,2024-05-13 00:00:00,Performing
MANSIR UMAR,"=""22706526107""",RSQ 011 jibril road rafin guza area kaduna,"=""2348126867126""","=""24212208""","=""PF76862""","=""A22140""",Personal fixed term loan,2024-04-05 00:00:00,333000.00,185941.42,,185941.42,185145.40,NGN,850,Open,2024-05-05 00:00:00,Lost
Emmanuel Okojokwu,,NO 1 AJIBODU CLOSE OLOGUNERU IBADAN Ibadan North West Oyo,,"=""24221704""","=""919240""","=""RCL919240""",Personal Overdraft,2024-10-19 00:00:00,36400.00,43326.58,,43327.00,27033.96,NGN,2,Open,,Watchlist
seun afuye,,100 off secretariat road New Iyin road Ado Ekiti,"=""2348062615861""","=""24314023""","=""PF83526""","=""A24606""",Personal fixed term loan,2024-04-26 00:00:00,30000.00,28950.37,,28950.37,28950.40,NGN,815,Open,2024-06-25 00:00:00,Lost
ADERONKE FADEJOLA,,3 FASHIKU STREET IRAWO AJEGUNLE,,"=""24386602""","=""51438775""","=""RCL51438775""",,2025-05-25 00:00:00,47448.37,39630.18,,,39630.18,NGN,0,Open,,Performing
oluwafemi akinlotan,,1 unity estateojokoro ikorodu,,"=""24407293""","=""49822038""","=""RCL49822038""",Personal Overdraft,2024-11-21 00:00:00,150000.00,39039.66,,0.00,69570.19,NGN,0,Open,,Performing
MUSLIUDEEN TIAMIYU,,01 ODUDUWA STREET IBA JUNCTION LAGOS,,"=""24435237""","=""50621475""","=""RCL50621475""",Personal Overdraft,2025-04-01 00:00:00,45000.00,55380.58,,0.00,58346.36,NGN,226,Open,,Lost
SAKIRU AKOREDE,,FRONT OF MAYOLA HOTEL AKANRAN ROAD IBADAN,,"=""24442375""","=""51554421""","=""RCL51554421""",Personal Overdraft,2025-04-16 00:00:00,20000.00,49547.04,,49547.04,24533.25,NGN,92,Open,,Lost
Alameen Ali,"=""22358638674""",Adewole kuku Lekki phase1,"=""2348146581625""","=""24714452""","=""PF51597""","=""A14981""",Personal fixed term loan,2024-02-05 00:00:00,26000.00,9632.29,,9632.29,9632.30,NGN,923,Open,2024-02-08 00:00:00,Lost
Oluchi Echendu,,Dozie close akwakuma,"=""2349032512135""","=""24714588""","=""PF42356""","=""A13037""",Personal fixed term loan,2024-01-24 00:00:00,48000.00,55973.55,,55973.55,52269.10,NGN,931,Open,2024-01-31 00:00:00,Lost
ENO EKANEM,,82 LIVER POOL EKET,,"=""23472162""","=""38799263""","=""RCL38799263""",Personal Overdraft,2025-04-25 00:00:00,135000.00,25200.20,,,25200.20,NGN,1,Open,,
TITILAYO OGUNYELE,,2 IKEREKU IDAN STREET ABEOKUTA,"=""2349163842772""","=""24314066""","=""PF69387""","=""A22354""",Personal fixed term loan,2024-04-07 00:00:00,373000.00,483848.79,,483848.79,484843.80,NGN,834,Open,2024-06-06 00:00:00,Lost
BLESSING OKEH,"=""22554322182""",02 LODGE MECHANIC SITE,,"=""24379821""","=""46905776""","=""RCL46905776""",Personal Overdraft,2024-11-22 00:00:00,80000.00,89088.46,,,89088.46,NGN,95,Open,,
GODSGIFT ETIM,"=""22691639228""",10 OLODO STREET SABO,,"=""24427646""","=""49589485""","=""RCL49589485""",Personal Overdraft,2024-09-09 00:00:00,20000.00,35295.70,,,35295.70,NGN,91,Open,,Lost
ANITA ADENIYI BISOLA,"=""22400136260""",34 AGO IWOYE STREET AGRIC IKORODU,,"=""24599718""","=""51800878""","=""RCL51800878""",Personal Overdraft,2025-03-04 00:00:00,40000.00,16920.00,,,16920.00,NGN,0,Open,,Performing
FAVOUR EMMANUEL,"=""22524307616""",32 Salawu bode Peter street Abeokuta South Ogun,,"=""24676862""","=""52035493""","=""RCL52035493""",Personal Overdraft,2025-01-28 00:00:00,5000.00,5864.36,,,5864.36,NGN,1,Open,,
Ime Ezekiel,,Taxi Park NLNG Roundabout Finima Bonny,"=""2348036788939""","=""24714605""","=""PF50557""","=""A9528""",Personal fixed term loan,2024-01-02 00:00:00,78000.00,72846.12,,72846.12,72124.90,NGN,953,Open,2024-01-09 00:00:00,Lost
IDOWU ADETOLA,"=""22149895790""",44AKOGO BUS STOPOLOKO APATAIBADAN,,"=""24217010""","=""36043928""","=""13535011""",Personal fixed term loan,2024-04-13 00:00:00,10000.00,0.00,,0.00,12550.00,NGN,0,Closed,2024-05-13 00:00:00,Performing
IDOWU ADETOLA,"=""22149895790""",44AKOGO BUS STOPOLOKO APATAIBADAN,,"=""24217010""","=""36043928""","=""13667583""",Personal fixed term loan,2024-04-27 00:00:00,80000.00,0.00,,0.00,96736.00,NGN,0,Closed,2024-05-27 00:00:00,Performing
IDOWU ADETOLA,"=""22149895790""",44AKOGO BUS STOPOLOKO APATAIBADAN,,"=""24217010""","=""36043928""","=""14606090""",Personal fixed term loan,2024-08-10 00:00:00,15000.00,0.00,,0.00,10827.00,NGN,0,Closed,2024-10-09 00:00:00,Performing
IDOWU ADETOLA,"=""22149895790""",44AKOGO BUS STOPOLOKO APATAIBADAN,,"=""24217010""","=""36043928""","=""15054396""",Personal fixed term loan,2024-09-30 00:00:00,40000.00,0.00,,0.00,54000.00,NGN,0,Closed,2024-10-30 00:00:00,Performing
MARIAM LAWAL,"=""22731182385""",10 IKIRE STREET ONIBUDO AKUTE,,"=""24218382""","=""42230242""","=""13679618""",Personal fixed term loan,2024-04-28 00:00:00,5000.00,0.00,,0.00,6750.00,NGN,0,Closed,2024-05-28 00:00:00,Performing
MARIAM LAWAL,"=""22731182385""",10 IKIRE STREET ONIBUDO AKUTE,,"=""24218382""","=""42230242""","=""13912611""",Personal fixed term loan,2024-05-24 00:00:00,10000.00,0.00,,0.00,11237.00,NGN,0,Closed,2024-07-23 00:00:00,Performing
MARIAM LAWAL,"=""22731182385""",10 IKIRE STREET ONIBUDO AKUTE,,"=""24218382""","=""42230242""","=""14306799""",Personal fixed term loan,2024-07-08 00:00:00,10000.00,0.00,,0.00,7835.00,NGN,0,Closed,2024-09-06 00:00:00,Performing
MARIAM LAWAL,"=""22731182385""",10 IKIRE STREET ONIBUDO AKUTE,,"=""24218382""","=""42230242""","=""14816336""",Personal fixed term loan,2024-09-03 00:00:00,15000.00,0.00,,0.00,20250.00,NGN,0,Closed,2024-10-03 00:00:00,Performing
MUSA MUSA,"=""22415783576""",Location Biu oil filistation Dakwa,"=""2347069296882""","=""24314033""","=""PF79470""","=""A24188""",Personal fixed term loan,2024-04-22 00:00:00,255000.00,236507.33,,236507.33,236507.30,NGN,831,Open,2024-06-21 00:00:00,Lost
Titilayo Ibrahim,"=""22482234384""",ODO ONA KEKERE BADAN,"=""2349067783148""","=""24314103""","=""PF53709""","=""A22513""",Personal fixed term loan,2024-04-08 00:00:00,745000.00,945344.03,,945344.03,945344.00,NGN,833,Open,2024-06-07 00:00:00,Lost
ANDREW ORIWOH,,PLOT 531532 WEMPCO ROAD OGBA,,"=""24338567""","=""51198368""","=""RCL51198368""",Personal Overdraft,2025-01-21 00:00:00,90000.00,0.00,,,0.00,NGN,0,Open,,Performing
Angela William,"=""22414285912""",Fruit garden market Dline,"=""2347014642616""","=""24714642""","=""PF63063""","=""A2066""",Personal fixed term loan,2023-11-06 00:00:00,6000.00,6387.42,,6387.42,6141.50,NGN,1014,Open,2023-11-09 00:00:00,Lost
CHINAZA UCHE,"=""22375666483""",MAILINGADDRESS1,"=""07025985725""","=""24714665""","=""PF73820""","=""A15571""",Personal fixed term loan,2024-02-09 00:00:00,40000.00,0.00,,0.00,43899.20,NGN,0,Closed,2024-02-12 00:00:00,Performing
JUDITH NWONUMARA,"=""22700654215""",22 ACHAKPO STREET OFF OLODI APAPA,,"=""23424243""","=""42846963""","=""RCL42846963""",Personal Overdraft,2024-11-20 00:00:00,65000.00,0.00,,,0.00,NGN,0,Open,,Performing
FAKILE DAVID ADEGBOLA,"=""22413544744""",NO 13 BELLO STREET AGRIC OJO,"=""08101289896""","=""23547813""","=""45854891""","=""RCL45854891""",Personal Overdraft,2024-11-26 00:00:00,288600.00,248360.80,,0.00,225680.14,NGN,0,Open,,Performing
Igwe Douglas Ugochukwu,,EGBU GIRLS QUARTERS MPAMA EGBU,,"=""24085319""","=""49709251""","=""RCL49709251""",Personal Overdraft,2024-12-14 00:00:00,75000.00,25719.46,,0.00,83288.76,NGN,89,Closed,,Doubtful
Ewomazino Cynthia,,No 2 Aweyo street off Ufuoma street Udu Delta State,"=""2349014558412""","=""24212084""","=""PF67684""","=""A21466""",Personal fixed term loan,2024-04-01 00:00:00,79000.00,78184.42,,78184.42,76970.80,NGN,864,Open,2024-05-01 00:00:00,Lost
KASIMU ABUBAKAR,"=""22745847782""",Ahmadu bello way sokoto,"=""2349164190859""","=""24212186""","=""PF76523""","=""A18693""",Personal fixed term loan,2024-03-08 00:00:00,311000.00,442049.25,,442049.25,441499.30,NGN,864,Open,2024-05-07 00:00:00,Lost
MOHAMMED YUSUF,"=""22727941640""",Odunayo akinse avenue,"=""2349075036110""","=""24314032""","=""PF87904""","=""A24020""",Personal fixed term loan,2024-04-20 00:00:00,349000.00,0.00,,0.00,372473.60,NGN,0,Closed,2024-05-05 00:00:00,Performing
JOY IBEH,,BEHIND WHITE HOUSE AGONKANMEH,,"=""24326213""","=""50472063""","=""RCL50472063""",Personal Overdraft,2025-03-20 00:00:00,65000.00,91129.73,,,91129.73,NGN,36,Open,,
AHMAD ABDULKADIR,"=""22589467012""",Bolari west JAMILA,"=""2348072690173""","=""24560338""","=""PF78071""","=""A31548""",Personal fixed term loan,2024-08-17 00:00:00,37044.00,0.00,,0.00,36612.10,NGN,0,Closed,,Performing
Alhaji Monday,,Garaku keffi Nasarawa,"=""2348149558636""","=""24714396""","=""PF17936""","=""A3321""",Personal fixed term loan,2023-11-17 00:00:00,62000.00,11171.62,,11171.62,10164.60,NGN,999,Open,2023-11-24 00:00:00,Lost
Abdulahad farouk Umar,,Ahmadu bello way Taushi plaza shop no 38,"=""2348107598924""","=""24714409""","=""PF28723""","=""A20078""",Personal fixed term loan,2024-03-19 00:00:00,242000.00,247786.26,,247786.26,251566.00,NGN,876,Open,2024-03-26 00:00:00,Lost
Ayomide Afolabi,"=""22750623773""",No 11 F division side,"=""2349028858430""","=""24714694""","=""PF58265""","=""A26696""",Personal fixed term loan,2024-05-22 00:00:00,6000.00,0.00,,0.00,6412.80,NGN,0,Closed,2024-05-29 00:00:00,Performing
MUHAMMADU SULAIMAN,,ANGUWAN STATE LOWCOAST,"=""08068444868""","=""24714762""","=""PF79488""","=""A28003""",Personal fixed term loan,2024-06-02 00:00:00,228000.00,211682.09,,211682.09,218654.10,NGN,799,Open,2024-07-02 00:00:00,Lost
ISAAC OGBONNAYA,,3 ACHAMA STREET,,"=""23416387""","=""19408068""","=""RCL19408068""",Personal Overdraft,2025-01-28 00:00:00,50000.00,97678.66,,,97678.66,NGN,62,Open,,
CHIBUIDA TIMOTHY,"=""22711083891""",AHOUDA MARKET ROAD PHC,,"=""23741211""","=""37653550""","=""12735643""",Personal fixed term loan,2024-01-18 00:00:00,10000.00,0.00,,0.00,13200.00,NGN,0,Closed,2024-02-17 00:00:00,Performing
OLUWAFEMI AFOLABI,,NO 8 OBAZEE LANE UPPER MISSION,"=""08033388086""","=""24034011""","=""14648171""","=""RCL14648171""",Personal Overdraft,2025-05-20 00:00:00,259875.00,276169.33,,276169.00,222750.00,NGN,33,Open,,Sub standard
Ndidi Precious,,No one Fred chukwu street by estation A agip estate,"=""2349137318221""","=""24212269""","=""PF40327""","=""A18639""",Personal fixed term loan,2024-03-07 00:00:00,296500.00,58364.91,,58364.91,58216.60,NGN,844,Open,2024-05-06 00:00:00,Lost
ITSUOKOR ESTHER OMONE,,37 UBTH Junction Ogbona Etsako Central Edo,"=""2347032851303""","=""24540616""","=""55860285""","=""RCL55860285""",Personal Overdraft,2025-04-18 00:00:00,35000.00,129664.00,,0.00,0.00,NGN,94,Open,,Lost
Stephen Sunday,,Blk 596 DOGONDAIJT opp ff22 hotel kub und street kubwa 1,"=""2348034235558""","=""24714445""","=""PF50239""","=""A15966""",Personal fixed term loan,2024-02-12 00:00:00,31000.00,36313.85,,36313.85,33226.40,NGN,914,Open,2024-02-17 00:00:00,Lost
BRIGHT GBEMU JACKSON,,Back of block 350 jakande housing estate lekki Lagos,"=""2348054520429""","=""24714496""","=""PF60935""","=""A6126""",Personal fixed term loan,2023-12-08 00:00:00,23000.00,26764.54,,26764.54,24684.70,NGN,982,Open,2023-12-11 00:00:00,Lost
Yahuza Aliyu,,No 5 Garejin Mailen Area Along Magami Road,"=""2349050380530""","=""24714513""","=""PF63620""","=""A13956""",Personal fixed term loan,2024-01-29 00:00:00,100000.00,121949.61,,121949.61,112768.10,NGN,918,Open,2024-02-13 00:00:00,Lost
Abdulrauff Amina mojisola,"=""22241662816""",Oworoshoki,"=""2349134774853""","=""24714696""","=""PF59675""","=""A27881""",Personal fixed term loan,2024-05-31 00:00:00,87000.00,0.00,,0.00,23668.80,NGN,0,Closed,2024-06-30 00:00:00,Performing
Mubarak Lawal,,Umaru Musa yaradua university student center,"=""2348038456612""","=""24714743""","=""PF55633""","=""A25941""",Personal fixed term loan,2024-05-11 00:00:00,198000.00,117975.19,,117975.19,123865.00,NGN,795,Open,2024-07-10 00:00:00,Lost
MUHAMMAD ABDULLAHI,"=""22772010090""",07 Banyagi area bida Niger state Bida,"=""2348069732450""","=""24714794""","=""PF112666""","=""A29076""",Personal fixed term loan,2024-06-17 00:00:00,21000.00,0.00,,0.00,21608.10,NGN,0,Closed,2024-06-20 00:00:00,Performing
IJEOMA EZE,"=""22664395966""",10 ANGLICAN CHURCH STREET RUM,,"=""23456218""","=""43711933""","=""11936916""",Personal fixed term loan,2023-10-27 00:00:00,2500.00,0.00,,0.00,3125.00,NGN,0,Closed,2023-11-11 00:00:00,Performing
DAVID OTOKPA,"=""22468144801""",OJETAJE APAAGILA ADO LGA,"=""2349076446333""","=""24034884""","=""PF60184""","=""A18834""",Personal fixed term loan,2024-03-09 00:00:00,178000.00,0.00,,0.00,208528.00,NGN,0,Closed,2024-04-08 00:00:00,Performing
moyosola awodele,,no 16 akata area ganmo Irepodun Kwara State,,"=""24213494""","=""8128036""","=""RCL8128036""",Personal Overdraft,2024-10-23 00:00:00,186710.64,257466.28,,,257466.28,NGN,62,Open,,Doubtful
WISDOM ANOKWUTE,"=""22680299868""",13 TITUS FAKEYE IGANDO LAGOD,,"=""24214898""","=""42858586""","=""13603253""",Personal fixed term loan,2024-04-20 00:00:00,7500.00,0.00,,0.00,10125.00,NGN,0,Closed,2024-05-20 00:00:00,Performing
Eruvwu Aghwe,"=""22199804548""",7 8 CHRIS OBI STREET BONSAC,"=""2348138061212""","=""24314052""","=""PF67197""","=""A25007""",Personal fixed term loan,2024-04-30 00:00:00,76000.00,104837.61,,104837.61,104837.70,NGN,834,Open,2024-07-29 00:00:00,Lost
DAMILOLA OLAWUMI,,11 OGUNDIMU CLOSE AGBADO OKE ARO,,"=""24338720""","=""50070701""","=""RCL50070701""",Personal Overdraft,2024-07-08 00:00:00,104000.00,18418.37,,,18418.37,NGN,0,Open,,Performing
Olanrewaju Abiodun,"=""22566749560""",SURULERE STREET SANGO OTTAIJOKO Ifo Ogun State,,"=""24381286""","=""51135427""","=""RCL51135427""",Personal Overdraft,2024-07-11 00:00:00,165000.00,18000.00,,,18000.00,NGN,0,Open,,Performing
TOLANI SIMISOLA SARUMI,"=""22391327548""",13 OMOLOLA STREET OFF OGUNLANA,,"=""24604805""","=""54274756""","=""RCL54274756""",Personal Overdraft,2025-04-17 00:00:00,40000.00,47993.45,,47993.00,30445.88,NGN,2,Open,,Watchlist
chika agara,,202 akarigbo St sabo sagamu ogun state,"=""2348082875714""","=""24714423""","=""PF39635""","=""A6331""",Personal fixed term loan,2023-12-09 00:00:00,97000.00,104625.01,,104625.01,104625.00,NGN,969,Open,2023-12-24 00:00:00,Lost
Ugwu Peter Chidera,,Maumy Boundary Road Mararaba,"=""2349038641324""","=""24714684""","=""PF29704""","=""A25187""",Personal fixed term loan,2024-05-02 00:00:00,218000.00,203518.10,,203518.10,203518.10,NGN,779,Open,2024-07-31 00:00:00,Lost
Lucky Adohamen,,1 aikhumun street off opoji Ekpoma,"=""2348141756486""","=""24212173""","=""PF60256""","=""A20124""",Personal fixed term loan,2024-03-20 00:00:00,339000.00,359379.60,,359379.60,348527.10,NGN,867,Open,2024-04-04 00:00:00,Lost
CHIDERA OKOYE,,20 IPAMESAN ROAD JOJU SANGO OTTA,,"=""24363653""","=""12058124""","=""RCL12058124""",Personal Overdraft,2025-03-29 00:00:00,86038.76,72587.14,,,72587.14,NGN,0,Open,,Performing
CHUKWUTO EZIOLISA,,NO 3C OGUTA ROAD ONITSHA,,"=""24374992""","=""4421123""","=""RCL4421123""",Personal Overdraft,2025-08-05 00:00:00,15000.00,59384.12,,0.00,19524.04,NGN,97,Open,,Lost
RASAKI AFOLABI ADEBAYO,"=""22272267525""",4 AKEREMALE STR OKITIPUPA,,"=""24616856""","=""52319424""","=""RCL52319424""",Personal Overdraft,2025-02-13 00:00:00,45000.00,92697.13,,,92697.13,NGN,90,Open,,Lost
KINGSLEY OJIMBA,"=""22204396893""",Along Eminence Hotel Suleja,"=""2348135826300""","=""24714558""","=""PF77644""","=""A18887""",Personal fixed term loan,2024-03-09 00:00:00,319000.00,0.00,,0.00,266336.80,NGN,0,Closed,2024-04-08 00:00:00,Performing
LAMINA ADULOJU,"=""22608398211""",58 PALACE ROAD STREET AGBARA BS AGBARA,,"=""23475339""","=""43036133""","=""12482725""",Personal fixed term loan,2023-12-20 00:00:00,5000.00,0.00,,0.00,6650.00,NGN,0,Closed,2024-01-19 00:00:00,Performing
FAITH OMONIYI,"=""22504534694""",2 ADESANYA STREET EMILOJU BSTOP IDO LGA,,"=""24032181""","=""37220154""","=""13234535""",Personal fixed term loan,2024-03-15 00:00:00,5000.00,0.00,,0.00,6750.00,NGN,0,Closed,2024-04-14 00:00:00,Performing
ETUK JOHN,,6 imede  street garage ikorodu lagos,,"=""24081617""","=""40777378""","=""RCL40777378""",Personal Overdraft,2025-07-15 00:00:00,265000.00,52000.00,,,52000.00,NGN,0,Open,,Performing
Paschal Osita Afuecheta,,19 Alcon road woji portharcourt,"=""2348166273727""","=""24212178""","=""PF22008""","=""A20958""",Personal fixed term loan,2024-03-27 00:00:00,55000.00,58977.61,,58977.61,55129.70,NGN,868,Open,2024-04-03 00:00:00,Lost
Walbe Gomir,"=""22573421183""",Gss Kabong Landyre B Pankshin Jos East Plateau State,,"=""24337050""","=""51098522""","=""RCL51098522""",Personal Overdraft,2024-02-12 00:00:00,110000.00,189373.03,,,189373.03,NGN,96,Open,,Lost
DAHIRU MUHAMMAD,,ASAADA AREA,,"=""24384514""","=""50774069""","=""RCL50774069""",Personal Overdraft,2025-01-12 00:00:00,300000.00,0.00,,,0.00,NGN,0,Open,,Performing
Mandela Asomchi,,Davids mark by pass extension,"=""2347043834215""","=""24714503""","=""PF62901""","=""A13018""",Personal fixed term loan,2024-01-23 00:00:00,85000.00,104238.65,,104238.65,95994.50,NGN,924,Open,2024-02-07 00:00:00,Lost
Oluseyi Isaac Olapese,,Ede Akankan Road ede Osun state,"=""2348107290231""","=""24714754""","=""PF66673""","=""A22729""",Personal fixed term loan,2024-04-10 00:00:00,300000.00,0.00,,0.00,93490.10,NGN,0,Closed,2024-07-09 00:00:00,Performing
OLAWALE OGUNSHOLA,"=""22578400204""",P8QCF3 Agege Nigeria,,"=""23442580""","=""42423298""","=""12414974""",Personal fixed term loan,2023-12-13 00:00:00,2500.00,0.00,,0.00,3125.00,NGN,0,Closed,2023-12-28 00:00:00,Performing
OLAWALE OGUNSHOLA,"=""22578400204""",P8QCF3 Agege Nigeria,,"=""23442580""","=""42423298""","=""13891869""",Personal fixed term loan,2024-05-22 00:00:00,10000.00,0.00,,0.00,13600.00,NGN,0,Closed,2024-06-21 00:00:00,Performing
OLAWALE OGUNSHOLA,"=""22578400204""",P8QCF3 Agege Nigeria,,"=""23442580""","=""42423298""","=""14322504""",Personal fixed term loan,2024-07-09 00:00:00,10000.00,0.00,,0.00,14500.00,NGN,0,Closed,2024-08-08 00:00:00,Performing
CHINATU AGOMOH,"=""22501848741""",AGOMOHS COMPOUND UMUEKWULE AFUGIRI UMUEKWULE BSTOP,,"=""24157797""","=""49942407""","=""RCL49942407""",Personal Overdraft,2024-04-28 00:00:00,2115.61,204.05,,,204.05,NGN,0,Open,,Performing
AHMAD MAARUF,,N W 25 LIMAWA RD Und St Minna Niger state,"=""2348145081069""","=""24212070""","=""PF90302""","=""A22016""",Personal fixed term loan,2024-04-05 00:00:00,362000.00,429615.08,,429615.08,394524.00,NGN,851,Open,2024-04-20 00:00:00,Lost
Aper Godwin,,General hospital road beside police quarter s Aliade,"=""2348154460804""","=""24314093""","=""PF34831""","=""A23655""",Personal fixed term loan,2024-04-18 00:00:00,5000.00,3136.70,,3136.70,3130.60,NGN,838,Open,2024-05-18 00:00:00,Lost
JUSTINA OBAYAGBON,,7J9CR42 Guobadia Rd Oka 300102 Benin City Edo Nigeria,"=""07033322933""","=""24339229""","=""50637546""","=""RCL50637546""",Personal Overdraft,2025-04-19 00:00:00,50000.00,137036.75,,137036.75,57551.93,NGN,90,Open,,Lost
HANNAH ADENIYI,,15 IREAKARI ESTATE AYETORO,"=""2347042067804""","=""24355748""","=""PF90990""","=""A26010""",Personal fixed term loan,2024-05-12 00:00:00,39000.00,47015.49,,47015.49,47115.10,NGN,799,Open,2024-06-11 00:00:00,Lost
OLUFEMI ADETUNJI,"=""22346816125""",6 FLAWAL STR UNITY ESTATE MOWE,,"=""24384628""","=""50152682""","=""RCL50152682""",Personal Overdraft,2024-08-16 00:00:00,70000.00,0.00,,,0.00,NGN,0,Open,,Performing
PRINCE BEN,,NO56 OZUOBA ROAD RUMOUSI RIVERS STATE,,"=""24436443""","=""47947360""","=""RCL47947360""",,2025-04-25 00:00:00,100000.00,0.00,,,0.00,NGN,0,Open,,Performing
SUNDAY ADEOLA,,24 ABAYOMI JOSEPH STREET JAHMICHEAL OKO AFO BADAGRY LAGOS,,"=""24707730""","=""52009874""","=""RCL52009874""",Personal Overdraft,2025-01-24 00:00:00,230000.00,0.00,,,0.00,NGN,0,Open,,Performing
Oluwakayode Abiodun,"=""22367452465""",Behind sandaco hotel,"=""2349069632921""","=""24714439""","=""PF48531""","=""A2041""",Personal fixed term loan,2023-11-06 00:00:00,120000.00,146300.89,,146300.89,134316.30,NGN,987,Open,2023-12-06 00:00:00,Lost
MOHAMMED ADAMU,,Gwiokura ward ngelbowa village,"=""2347018977237""","=""24714539""","=""PF71249""","=""A19675""",Personal fixed term loan,2024-03-16 00:00:00,36000.00,37773.15,,37773.15,36264.10,NGN,885,Open,2024-03-17 00:00:00,Lost
AHMED HAUWA,"=""22575238657""",Wushishi madaki,"=""2349029215862""","=""24714675""","=""PF87737""","=""A20966""",Personal fixed term loan,2024-03-27 00:00:00,320000.00,0.00,,0.00,330659.70,NGN,0,Closed,2024-04-12 00:00:00,Performing
EMEKA OMATSHOLA,,18 OMOULU STREET OMAGWA TOWN,"=""2348100531953""","=""24714789""","=""PF99006""","=""A25100""",Personal fixed term loan,2024-05-01 00:00:00,13000.00,0.00,,0.00,12760.40,NGN,0,Closed,2024-05-31 00:00:00,Performing
KOKAT SAMUEL,,BEHIND DIAMOND BANK MARARBA NASSARAWA STATE,,"=""23463416""","=""1187471""","=""RCL1187471""",,2024-04-12 00:00:00,50000.00,0.00,,,0.00,NGN,0,Open,,Performing
ELIZABETH ADEJARE,"=""22700661493""",28 LAGBODOKO STR LAGBO DOKO BUS STOP IBADAN,,"=""23753644""","=""42943343""","=""12692922""",Personal fixed term loan,2024-01-13 00:00:00,5000.00,0.00,,0.00,6750.00,NGN,0,Closed,2024-02-12 00:00:00,Performing
Big Wizy,"=""22527884767""",00 Along ugbokodo,"=""2347011593651""","=""24212100""","=""PF62903""","=""A21252""",Personal fixed term loan,2024-03-30 00:00:00,381000.00,462855.87,,462855.87,443805.90,NGN,842,Open,2024-04-29 00:00:00,Lost
HAMMED DADEOWO,"=""22459469241""",1042 OBE STREET AJELE BS CMS LAGOS ISLAND,,"=""24214942""","=""39185088""","=""13533089""",Personal fixed term loan,2024-04-13 00:00:00,7500.00,0.00,,0.00,10125.00,NGN,0,Closed,2024-06-03 00:00:00,Performing
HAMMED DADEOWO,"=""22459469241""",1042 OBE STREET AJELE BS CMS LAGOS ISLAND,,"=""24214942""","=""39185088""","=""14120120""",Personal fixed term loan,2024-06-16 00:00:00,10000.00,0.00,,0.00,14500.00,NGN,0,Closed,2024-07-16 00:00:00,Performing
HAMMED DADEOWO,"=""22459469241""",1042 OBE STREET AJELE BS CMS LAGOS ISLAND,,"=""24214942""","=""39185088""","=""14319052""",Personal fixed term loan,2024-07-09 00:00:00,17500.00,0.00,,0.00,23625.00,NGN,0,Closed,2024-08-08 00:00:00,Performing
HAMMED DADEOWO,"=""22459469241""",1042 OBE STREET AJELE BS CMS LAGOS ISLAND,,"=""24214942""","=""39185088""","=""14637000""",Personal fixed term loan,2024-08-14 00:00:00,10000.00,0.00,,0.00,29000.00,NGN,0,Closed,2024-08-29 00:00:00,Performing
IBRAHIM JARIRI,"=""22697626451""",Marinar assada area,"=""2348143179923""","=""24714495""","=""PF60858""","=""A18636""",Personal fixed term loan,2024-03-07 00:00:00,127500.00,40323.76,,40323.76,37451.00,NGN,883,Open,2024-03-22 00:00:00,Lost
Victor Okafor,"=""22270158919""",Nigeria,"=""2348157771474""","=""24714561""","=""PF7885""","=""A20083""",Personal fixed term loan,2024-03-20 00:00:00,20000.00,22038.46,,22038.46,20041.00,NGN,881,Open,2024-03-21 00:00:00,Lost
Peace Emem Emem,"=""22708413339""",No 72 Usaka street Gboko East Gboko Benue State,"=""2347058631252""","=""24212068""","=""PF35094""","=""A19458""",Personal fixed term loan,2024-03-14 00:00:00,449000.00,555319.26,,555319.26,555319.30,NGN,858,Open,2024-05-13 00:00:00,Lost
OMOSUYI OLORUNFEMI OSMOND,"=""22366944413""",CAC OKE ALAFIA IYARA,,"=""24287423""","=""13509239""","=""RCL13509239""",Personal Overdraft,2025-01-13 00:00:00,10000.00,20201.86,,0.00,0.00,NGN,32,Open,,Sub standard
mustapha baba,,Beside nykangbe primary school minna,"=""2347065799545""","=""24314012""","=""PF88056""","=""A26297""",Personal fixed term loan,2024-05-15 00:00:00,25000.00,0.00,,0.00,25706.00,NGN,0,Closed,2024-05-18 00:00:00,Performing
AKPEVWEOGHENE EDOH,"=""22569780799""",NO 28 IGRWE STREET ERUEMUKOHWARIEN,,"=""24314784""","=""42681635""","=""RCL42681635""",Personal Overdraft,2024-10-11 00:00:00,150000.00,0.00,,0.00,0.00,NGN,114,Open,,Lost
Juliet Eboagwu,,157 dopemu Road Lagos,"=""2347035651650""","=""24714593""","=""PF44408""","=""A554""",Personal fixed term loan,2023-10-23 00:00:00,7500.00,1364.86,,1364.86,1240.80,NGN,1024,Open,2023-10-30 00:00:00,Lost
Lawal Mubashiroh,,No5 Nazareth road oke ola,"=""2349023884657""","=""24714644""","=""PF63775""","=""A5439""",Personal fixed term loan,2023-12-04 00:00:00,36000.00,42070.01,,42070.01,38843.20,NGN,986,Open,2023-12-07 00:00:00,Lost
andrew SAMUEL,,12 lomuwa street okitipupa ondo state,,"=""23433563""","=""41707782""","=""RCL41707782""",Personal Overdraft,2025-02-23 00:00:00,30000.00,0.00,,0.00,27780.29,NGN,0,Open,,Performing
PRINCE UGORJI,,EZE UGORJIS COMPOUND UMUAWAKA MBAOMO EMII OWERRI,,"=""23434049""","=""48568935""","=""RCL48568935""",Personal Overdraft,2025-04-25 00:00:00,45015.98,41100.09,,0.00,34400.00,NGN,2,Open,,Watchlist
igwe Anthony,,Tudun kauri makudi road lafia nasarawa state,"=""2348060074144""","=""24078481""","=""PF59049""","=""A9888""",Personal fixed term loan,2024-01-04 00:00:00,66000.00,57585.01,,57585.01,57585.00,NGN,951,Open,2024-01-11 00:00:00,Lost
Caroline ajoke Oladokun,,Kuto market Abeokuta ogun state,"=""2349162346439""","=""24212156""","=""PF64967""","=""A19504""",Personal fixed term loan,2024-03-15 00:00:00,375000.00,438925.08,,438925.08,417254.30,NGN,857,Open,2024-04-14 00:00:00,Lost
CHIBUNNA NDULUE,"=""22207820616""",5 MISSION STREET AMUKOKO LAGOS,,"=""24342087""","=""50457941""","=""RCL50457941""",Personal Overdraft,2024-08-16 00:00:00,281216.00,165438.87,,0.00,169883.32,NGN,0,Open,,Open
OLABANJI AJIBOYE,"=""22339634248""",OPP MIN MAST AGBAUIKUAKOKOARIGIDIONDO,,"=""24449947""","=""51112618""","=""RCL51112618""",Personal Overdraft,2024-08-08 00:00:00,188472.27,330264.06,,,330264.06,NGN,96,Open,,Lost
Lawal Ayomide,,74 araromi compound ilado,"=""2348076033949""","=""24714525""","=""PF67856""","=""A11196""",Personal fixed term loan,2024-01-12 00:00:00,100000.00,98526.47,,98526.47,89952.80,NGN,935,Open,2024-01-27 00:00:00,Lost
Ayo Edohoeme,,Opposite havana hotels okpanam,"=""2349043727400""","=""24714625""","=""PF57125""","=""A6159""",Personal fixed term loan,2023-12-08 00:00:00,13000.00,14273.46,,14273.46,13794.80,NGN,982,Open,2023-12-11 00:00:00,Lost
Olabisi Jelili,,21 oguntimilehin street olodi apap,"=""2349048476859""","=""24714682""","=""PF25376""","=""A27916""",Personal fixed term loan,2024-05-31 00:00:00,50000.00,0.00,,0.00,26211.80,NGN,0,Closed,2024-06-07 00:00:00,Performing
AUGUSTINE NICODEMUS,"=""22476022205""",No1 Augustine owoshole street lassandi Jalingo Taraba Stat,"=""2348084990218""","=""24714782""","=""PF90871""","=""A24438""",Personal fixed term loan,2024-04-24 00:00:00,105000.00,0.00,,0.00,91564.80,NGN,0,Closed,2024-07-23 00:00:00,Performing
Socrates Okam,,Not Available,,"=""23441468""","=""16845583""","=""RCL16845583""",Personal Overdraft,2024-11-21 00:00:00,125000.00,112500.00,,,112500.00,NGN,0,Open,,Performing
malik amosu,,12 asalu street olodi apapa,,"=""23745695""","=""49366377""","=""RCL49366377""",Personal Overdraft,2025-04-19 00:00:00,220000.00,412425.88,,0.00,34028.47,NGN,94,Open,,Lost
BONIFACE UZU,"=""22732980005""",NO7 IDDO SARKI AFTER JUNIOR SECONDARY SCHOOL AMAC FCT,,"=""23746997""","=""38360613""","=""12782971""",Personal fixed term loan,2024-01-24 00:00:00,2500.00,0.00,,0.00,3250.00,NGN,0,Closed,2024-02-23 00:00:00,Performing
BONIFACE UZU,"=""22732980005""",NO7 IDDO SARKI AFTER JUNIOR SECONDARY SCHOOL AMAC FCT,,"=""23746997""","=""38360613""","=""12987448""",Personal fixed term loan,2024-02-16 00:00:00,10000.00,0.00,,0.00,12331.00,NGN,0,Closed,2024-04-02 00:00:00,Performing
BONIFACE UZU,"=""22732980005""",NO7 IDDO SARKI AFTER JUNIOR SECONDARY SCHOOL AMAC FCT,,"=""23746997""","=""38360613""","=""13357043""",Personal fixed term loan,2024-03-28 00:00:00,10000.00,0.00,,0.00,13127.00,NGN,0,Closed,2024-05-12 00:00:00,Performing
BONIFACE UZU,"=""22732980005""",NO7 IDDO SARKI AFTER JUNIOR SECONDARY SCHOOL AMAC FCT,,"=""23746997""","=""38360613""","=""13756682""",Personal fixed term loan,2024-05-06 00:00:00,10000.00,0.00,,0.00,13029.00,NGN,0,Closed,2024-06-05 00:00:00,Performing
BONIFACE UZU,"=""22732980005""",NO7 IDDO SARKI AFTER JUNIOR SECONDARY SCHOOL AMAC FCT,,"=""23746997""","=""38360613""","=""15420483""",Personal fixed term loan,2024-11-18 00:00:00,20000.00,0.00,,0.00,14510.00,NGN,0,Closed,2025-01-17 00:00:00,Performing
FAITH ONOCHIE,,2 ECWA CHURCH ROAD PRISON JUNCTION KUJE,,"=""23763118""","=""49598460""","=""RCL49598460""",Personal Overdraft,2024-11-16 00:00:00,15252.01,11625.22,,0.00,11872.21,NGN,0,Open,,Performing
EUNICE IYANDA,"=""22341574743""",2 ADE AKINSANYA STREET TOWN PLANNING ILUPEJU,,"=""24040235""","=""42713045""","=""13301700""",Personal fixed term loan,2024-03-22 00:00:00,5000.00,0.00,,0.00,6670.00,NGN,0,Closed,2024-04-06 00:00:00,Performing
Shuaibu Abdulhamid,,Maje Tafa,"=""2348167326463""","=""24212078""","=""PF64740""","=""A22998""",Personal fixed term loan,2024-04-12 00:00:00,64000.00,0.00,,0.00,18175.10,NGN,0,Closed,2024-06-11 00:00:00,Performing
Izuchukwu Eke,"=""22515388101""",Ogbe ofu,"=""2347047836932""","=""24212180""","=""PF66581""","=""A19879""",Personal fixed term loan,2024-03-18 00:00:00,90000.00,89093.17,,89093.17,106503.50,NGN,869,Open,2024-04-02 00:00:00,Lost
Dayong JOEL,,13 Oluwakemi street,"=""2348117500596""","=""24314017""","=""PF25394""","=""A22919""",Personal fixed term loan,2024-04-12 00:00:00,543000.00,278622.30,,278622.30,412400.20,NGN,822,Open,2024-06-11 00:00:00,Lost
MOHAMMED LAWAL,"=""22494148169""",4 OMOLADE STR BARIGA BS LAGOS,,"=""24666526""","=""38706210""","=""14017928""",Personal fixed term loan,2024-06-05 00:00:00,5000.00,0.00,,0.00,6750.00,NGN,0,Closed,2024-07-05 00:00:00,Performing
Emmanuel Idem,"=""22305152516""",198 Aka Nung Udoe road,"=""2349167174545""","=""24714751""","=""PF64803""","=""A27583""",Personal fixed term loan,2024-05-27 00:00:00,28000.00,17933.83,,17933.83,27936.40,NGN,784,Open,2024-06-26 00:00:00,Lost
YAHAYA ALUKE,,DEPT OF MATHEMATICS,,"=""23425881""","=""11357157""","=""RCL11357157""",Personal Overdraft,2024-12-21 00:00:00,225000.00,23368.00,,0.00,100000.00,NGN,0,Open,,Open
TEMPLE DIMKPA,"=""22224247319""",8 OROAZI PORTHARCOURT,,"=""24034379""","=""37764603""","=""13384053""",Personal fixed term loan,2024-03-30 00:00:00,10000.00,0.00,,0.00,13500.00,NGN,0,Closed,2024-04-29 00:00:00,Performing
TEMPLE DIMKPA,"=""22224247319""",8 OROAZI PORTHARCOURT,,"=""24034379""","=""37764603""","=""13807584""",Personal fixed term loan,2024-05-12 00:00:00,10000.00,0.00,,0.00,13044.00,NGN,0,Closed,2024-06-11 00:00:00,Performing
TEMPLE DIMKPA,"=""22224247319""",8 OROAZI PORTHARCOURT,,"=""24034379""","=""37764603""","=""13872456""",Personal fixed term loan,2024-05-19 00:00:00,20000.00,0.00,,0.00,14593.00,NGN,0,Closed,2024-07-18 00:00:00,Performing
TEMPLE DIMKPA,"=""22224247319""",8 OROAZI PORTHARCOURT,,"=""24034379""","=""37764603""","=""14711082""",Personal fixed term loan,2024-08-22 00:00:00,15000.00,0.00,,0.00,10389.75,NGN,0,Closed,2024-10-21 00:00:00,Performing
TEMPLE DIMKPA,"=""22224247319""",8 OROAZI PORTHARCOURT,,"=""24034379""","=""37764603""","=""15314385""",Personal fixed term loan,2024-11-04 00:00:00,20000.00,0.00,,0.00,15160.00,NGN,0,Closed,2025-01-03 00:00:00,Performing
INA IBRAHIM,"=""22675955931""",Opphajiya Fatimas house magaji relief 2 ss mab,"=""2347046759968""","=""24212135""","=""PF80343""","=""A23325""",Personal fixed term loan,2024-04-15 00:00:00,13000.00,0.00,,0.00,4558.90,NGN,0,Closed,2024-04-18 00:00:00,Performing
OLADAPO SALAMI,,13 FUSIGBOYE STREET IJEBU ODE,,"=""24365487""","=""37481582""","=""13964463""",Personal fixed term loan,2024-05-30 00:00:00,5000.00,0.00,,0.00,6750.00,NGN,0,Closed,2024-06-29 00:00:00,Performing
OLADAPO SALAMI,,13 FUSIGBOYE STREET IJEBU ODE,,"=""24365487""","=""37481582""","=""14192146""",Personal fixed term loan,2024-06-25 00:00:00,10000.00,0.00,,0.00,12398.00,NGN,0,Closed,2024-07-25 00:00:00,Performing
OLADAPO SALAMI,,13 FUSIGBOYE STREET IJEBU ODE,,"=""24365487""","=""37481582""","=""14405614""",Personal fixed term loan,2024-07-19 00:00:00,10000.00,0.00,,0.00,12627.00,NGN,0,Closed,2024-08-18 00:00:00,Performing
OLADAPO SALAMI,,13 FUSIGBOYE STREET IJEBU ODE,,"=""24365487""","=""37481582""","=""14659236""",Personal fixed term loan,2024-08-16 00:00:00,10000.00,0.00,,0.00,12269.00,NGN,0,Closed,2024-08-31 00:00:00,Performing
OLADAPO SALAMI,,13 FUSIGBOYE STREET IJEBU ODE,,"=""24365487""","=""37481582""","=""14784141""",Personal fixed term loan,2024-08-30 00:00:00,10000.00,0.00,,0.00,12269.00,NGN,0,Closed,2024-09-14 00:00:00,Performing
FUNKE FELICIA ADESHINA,"=""22364765249""",18 GLORIOUS HOPE AVENUE ORIOKUTA ESTATE AGRIC IKORODU Ikor,,"=""24619315""","=""51735315""","=""RCL51735315""",,2025-02-23 00:00:00,225000.00,254654.15,,,254654.15,NGN,10,Open,,Watchlist
Osagie Odia,,BYAZHIN ACROSS KUBWA ABUJA Bwari FCT,,"=""24680751""","=""51775435""","=""RCL51775435""",Personal Overdraft,2025-06-14 00:00:00,75000.00,0.00,,,0.00,NGN,0,Open,,Performing
ELIZABETH ADEOTI,"=""22216727553""",BEHIND HERITAGE SCHOOL BIDA,,"=""24689426""","=""51938834""","=""RCL51938834""",Personal Overdraft,2024-09-18 00:00:00,300000.00,511596.67,,,511596.67,NGN,96,Open,,Lost
David Okoh,"=""22548257342""",30 Ebije street otukpo benue state,"=""2347061434890""","=""24714494""","=""PF60450""","=""A2689""",Personal fixed term loan,2023-11-11 00:00:00,40000.00,39880.04,,39880.04,36545.00,NGN,1009,Open,2023-11-14 00:00:00,Lost
GODFREE OBAREKI,"=""22510975432""",14 HOSPITAL ROAD JEDDO WARRI,,"=""23463794""","=""47236163""","=""RCL47236163""",Personal Overdraft,2024-10-19 00:00:00,25350.00,0.00,,0.00,0.00,NGN,0,Open,,Performing
GIFT OGBEIVOR,"=""22598743345""",CHURCH STREET DOUBELI YOLA,"=""07061152323""","=""23881406""","=""37711257""","=""12911595""",Personal fixed term loan,2024-02-07 00:00:00,5000.00,0.00,,0.00,6750.00,NGN,0,Closed,2024-03-08 00:00:00,Performing
Oyewale adebisi Goldenson,"=""22515244483""",Olomi house behind Alfa Gani house amberi,"=""2347059079001""","=""24212237""","=""PF50503""","=""A18255""",Personal fixed term loan,2024-03-02 00:00:00,405000.00,610745.86,,610745.86,598595.90,NGN,870,Open,2024-05-31 00:00:00,Lost
TOLULOPE EMMANUEL,,LIMELITE HOTEL STREETAGO IWOYE Ijebu North Ogun State,,"=""24412096""","=""51293274""","=""RCL51293274""",Personal Overdraft,2025-03-15 00:00:00,225000.00,143721.78,,0.00,0.00,NGN,0,Open,,Performing
IDOWU AZEEZ,"=""22205907939""",BESIDE OKAKA PRIMARY SCHOOL YENIZUEEPIE OKAKA YENAGOA,,"=""24670536""","=""39282772""","=""14109883""",Personal fixed term loan,2024-06-15 00:00:00,12500.00,0.00,,0.00,16875.00,NGN,0,Closed,2024-07-15 00:00:00,Performing
IKPONMWOSA EWANSIHA,"=""22598807894""",32 OLD ROAD OFF SILUKO,,"=""24687384""","=""51924832""","=""RCL51924832""",Personal Overdraft,2025-01-13 00:00:00,40000.00,48540.05,,48540.00,0.00,NGN,2,Open,,Watchlist
Khalid Dalhatu,"=""22142834943""",Plot 58 no 23 emodi street chemist bus stop sabo oniba,"=""2347031846421""","=""24714481""","=""PF58217""","=""A2345""",Personal fixed term loan,2023-11-08 00:00:00,40000.00,38432.59,,38432.59,38432.60,NGN,1012,Open,2023-11-11 00:00:00,Lost
ALI INUSA,,Chillariye hospital,"=""2347047481640""","=""24714549""","=""PF74008""","=""A18910""",Personal fixed term loan,2024-03-10 00:00:00,102000.00,0.00,,0.00,83706.50,NGN,0,Closed,2024-03-25 00:00:00,Performing
Abiola Olaitan,,Sw5 46 okeado Ibadan,"=""2348070740151""","=""24714617""","=""PF54854""","=""A5505""",Personal fixed term loan,2023-12-04 00:00:00,300000.00,365580.20,,365580.20,335984.80,NGN,974,Open,2023-12-19 00:00:00,Lost
Amos Oiseomokhai,,No 88 psychiatric road Rumigbo,"=""2349070872512""","=""24714622""","=""PF56121""","=""A8275""",Personal fixed term loan,2023-12-22 00:00:00,85000.00,98852.88,,98852.88,90810.50,NGN,956,Open,2024-01-06 00:00:00,Lost
Chiamaka Innocent,"=""22447854819""",Amadi nwoha compound AdaGeorge port Harcourt,"=""2349040262818""","=""24714690""","=""PF45389""","=""A25564""",Personal fixed term loan,2024-05-07 00:00:00,4891000.00,5118230.01,,5118230.01,5118230.00,NGN,811,Open,2024-08-05 00:00:00,Lost
Victor Ogbevon,"=""22232909924""",OGBEVOEN ST BEDO,"=""2348162931444""","=""24314043""","=""PF54013""","=""A21494""",Personal fixed term loan,2024-04-01 00:00:00,174000.00,0.00,,0.00,3386.00,NGN,0,Closed,2024-05-01 00:00:00,Performing
obiageri izuchukwu,,no 15 ben paradas off afam road port harcourt,,"=""24443874""","=""50210499""","=""RCL50210499""",Personal Overdraft,2025-02-27 00:00:00,35000.00,72085.75,,,72085.75,NGN,62,Open,,
JOHNNY EGAI,,Uromi express Opoji junction Ekpoma Edo state,"=""2348127488036""","=""24714432""","=""PF43719""","=""A4734""",Personal fixed term loan,2023-11-29 00:00:00,300000.00,365833.33,,365833.33,335908.50,NGN,979,Open,2023-12-14 00:00:00,Lost
Jane Chinyere,"=""22576624138""",26 Ibadan st ilasamaja,"=""2348127906012""","=""24714689""","=""PF42737""","=""A27761""",Personal fixed term loan,2024-05-29 00:00:00,259000.00,289490.59,,289490.59,289490.60,NGN,811,Open,2024-06-13 00:00:00,Lost
ADELEKE EMMANUEL ADEYEMI,"=""22486962423""",57 IREPO COMMUNITY STREET CELE BUS STOP OYO,,"=""23404701""","=""43843828""","=""10534991""",Personal fixed term loan,2023-06-08 00:00:00,5000.00,0.00,,0.00,6225.00,NGN,0,Closed,2023-10-07 00:00:00,Performing
ADELEKE EMMANUEL ADEYEMI,"=""22486962423""",57 IREPO COMMUNITY STREET CELE BUS STOP OYO,,"=""23404701""","=""43843828""","=""11713502""",Personal fixed term loan,2023-10-06 00:00:00,5000.00,0.00,,0.00,6200.00,NGN,0,Closed,2023-11-05 00:00:00,Performing
ADELEKE EMMANUEL ADEYEMI,"=""22486962423""",57 IREPO COMMUNITY STREET CELE BUS STOP OYO,,"=""23404701""","=""43843828""","=""11828826""",Personal fixed term loan,2023-10-17 00:00:00,12500.00,0.00,,0.00,19950.00,NGN,0,Closed,2023-12-02 00:00:00,Performing
ADELEKE EMMANUEL ADEYEMI,"=""22486962423""",57 IREPO COMMUNITY STREET CELE BUS STOP OYO,,"=""23404701""","=""43843828""","=""12857506""",Personal fixed term loan,2024-02-01 00:00:00,10000.00,0.00,,0.00,13127.00,NGN,0,Closed,2024-03-02 00:00:00,Performing
PETER UMEH,"=""22214423446""",NO 23 KIGO ROADOFF YAKUBU GOWON WAY KADUNA,,"=""23431516""","=""28538238""","=""RCL28538238""",Personal Overdraft,2024-08-20 00:00:00,200000.00,170313.42,,,170313.42,NGN,91,Open,,Lost
Adeleke Bamidele,,Complex bus stop No 1 sharp corner street itori ewekoro og,"=""2349033020172""","=""24212081""","=""PF53659""","=""A22377""",Personal fixed term loan,2024-04-07 00:00:00,55000.00,63505.69,,63505.69,58013.20,NGN,857,Open,2024-04-14 00:00:00,Lost
Hafsa Mohammad bello,,Old market shagon goro,"=""2348097362794""","=""24212274""","=""PF63917""","=""A21296""",Personal fixed term loan,2024-03-30 00:00:00,4772000.00,5371300.59,,5371300.59,5366885.40,NGN,856,Open,2024-06-28 00:00:00,Lost
BARBARA CHINENYE ANYAEGBUNEM,"=""22579471867""",GENESIS ESTATE OMEIFE 3 3,,"=""24586605""","=""54829777""","=""RCL54829777""",,2025-07-04 00:00:00,10000.00,11810.00,,,11810.00,NGN,7,Open,,Watchlist
TEMITOPE IMONIDE,"=""22466288569""",26 UNITY STREET ITELE RD AKOGUN,,"=""24675017""","=""42768310""","=""13992556""",Personal fixed term loan,2024-06-02 00:00:00,5000.00,0.00,,0.00,6750.00,NGN,0,Closed,2024-07-02 00:00:00,Performing
MARGARET EKWERE,,NO 13 CELE STREET FIDISCO ESTATEABIJO LAGOS Eti Osa Lagos,,"=""24698188""","=""553562""","=""RCL553562""",Personal Overdraft,2025-08-04 00:00:00,25000.00,24470.11,,0.00,0.00,NGN,0,Open,,Performing
HASSAN ABUBAKAR,,Opposite gidan ukasha kofar Kade SKK unit2,"=""2347015876261""","=""24714757""","=""PF71824""","=""A27613""",Personal fixed term loan,2024-05-27 00:00:00,13000.00,13673.27,,13673.27,13673.30,NGN,809,Open,2024-06-01 00:00:00,Lost
BLESSING EZENWA,"=""22517972944""",EZENWAS COMPOUND UBAHUMONUM OKIJA,,"=""24032576""","=""37153078""","=""13143598""",Personal fixed term loan,2024-03-05 00:00:00,7500.00,0.00,,0.00,10125.00,NGN,0,Closed,2024-04-04 00:00:00,Performing
Vincent Dimkpa,"=""22372306834""",3 Izundu Street Agbabiaka Ilogbo OJO Lagos State,"=""2348133754524""","=""24212149""","=""PF67763""","=""A21240""",Personal fixed term loan,2024-03-29 00:00:00,203000.00,0.00,,0.00,136128.60,NGN,0,Closed,2024-04-28 00:00:00,Performing
Idowu Mercy,,oke isoko Baptist church ogbomoso,"=""2348143223510""","=""24314014""","=""PF40989""","=""A26464""",Personal fixed term loan,2024-05-17 00:00:00,10000.00,10568.31,,10568.31,10668.30,NGN,817,Open,2024-05-24 00:00:00,Lost
FELIX RAFIU,"=""22490501193""",27 CELE COMPD TIPPER GARAGE BSTOP AJAH,,"=""24398546""","=""36587087""","=""13864991""",Personal fixed term loan,2024-05-18 00:00:00,5000.00,0.00,,0.00,6750.00,NGN,0,Closed,2024-06-17 00:00:00,Performing
ESTHER UGBESHI,"=""22461355860""",7 JEREMIAH USENI RD NEW KUTUNKU GWAGWALADA,,"=""24679463""","=""42235270""","=""14097113""",Personal fixed term loan,2024-06-13 00:00:00,5000.00,0.00,,0.00,6750.00,NGN,0,Closed,2024-07-13 00:00:00,Performing
Isiyaku Suleiman,,UNGUWAR ZAKI KAFUR LG Kafur Katsina State,,"=""24702178""","=""51725864""","=""RCL51725864""",Personal Overdraft,2024-12-13 00:00:00,90000.00,148108.59,,,148108.59,NGN,93,Open,,Lost
HASSAN RICHIFA,"=""22517937316""",No 10 Bello sani Road off Masha Road,"=""2348030489790""","=""24714446""","=""PF50324""","=""A806""",Personal fixed term loan,2023-10-24 00:00:00,100000.00,121319.00,,121319.00,111319.00,NGN,1015,Open,2023-11-08 00:00:00,Lost
Precious Chukwu,,No 16 Sarki Avenue Ungwan Pama SaboTasha Kaduna,"=""2348160782011""","=""24714576""","=""PF34514""","=""A10445""",Personal fixed term loan,2024-01-08 00:00:00,168000.00,166642.69,,166642.69,166642.70,NGN,939,Open,2024-01-23 00:00:00,Lost
Toyin Musili,,Omisanjana,"=""2347037416918""","=""24714610""","=""PF52162""","=""A19369""",Personal fixed term loan,2024-03-14 00:00:00,74000.00,81527.69,,81527.69,77827.70,NGN,887,Open,2024-03-29 00:00:00,Lost
BENJAMEN AWOTONA,,OKE MUIBI AREA SAKI,,"=""23441988""","=""37559065""","=""11669884""",Personal fixed term loan,2023-10-02 00:00:00,5000.00,0.00,,0.00,6650.00,NGN,0,Closed,2023-11-01 00:00:00,Performing
BENJAMEN AWOTONA,,OKE MUIBI AREA SAKI,,"=""23441988""","=""37559065""","=""11984090""",Personal fixed term loan,2023-11-01 00:00:00,17500.00,0.00,,0.00,23450.00,NGN,0,Closed,2023-12-01 00:00:00,Performing
BENJAMEN AWOTONA,,OKE MUIBI AREA SAKI,,"=""23441988""","=""37559065""","=""12603412""",Personal fixed term loan,2024-01-03 00:00:00,17500.00,0.00,,0.00,21962.50,NGN,0,Closed,2024-01-18 00:00:00,Performing
BENJAMEN AWOTONA,,OKE MUIBI AREA SAKI,,"=""23441988""","=""37559065""","=""12854860""",Personal fixed term loan,2024-02-01 00:00:00,22500.00,0.00,,0.00,12733.00,NGN,0,Closed,2024-05-01 00:00:00,Performing
BENJAMEN AWOTONA,,OKE MUIBI AREA SAKI,,"=""23441988""","=""37559065""","=""13785603""",Personal fixed term loan,2024-05-09 00:00:00,10000.00,0.00,,0.00,13143.00,NGN,0,Closed,2024-06-08 00:00:00,Performing
BENJAMEN AWOTONA,,OKE MUIBI AREA SAKI,,"=""23441988""","=""37559065""","=""14462342""",Personal fixed term loan,2024-07-25 00:00:00,10000.00,0.00,,0.00,14500.00,NGN,0,Closed,2024-08-24 00:00:00,Performing
MUHAMMAD ALIYU,,D5 350 Und St Bosso Niger,"=""2348160833486""","=""24212157""","=""PF91559""","=""A23023""",Personal fixed term loan,2024-04-12 00:00:00,411000.00,442220.43,,442220.43,434029.40,NGN,844,Open,2024-04-27 00:00:00,Lost
LAWAN INUSA,,BORI CAMP PHC BLOCK 54 Port Harcourt Rivers State,,"=""24419789""","=""51463806""","=""RCL51463806""",Personal Overdraft,2024-10-13 00:00:00,245000.00,405052.41,,,405052.41,NGN,61,Open,,Doubtful
Anibest Ventures,"=""22588762680""",86 Sarina Street Off Info Road Ijebu Ode,"=""2348106730092""","=""24714467""","=""PF56306""","=""A9958""",Personal fixed term loan,2024-01-04 00:00:00,11000.00,12933.41,,12933.41,11845.90,NGN,955,Open,2024-01-07 00:00:00,Lost
Precious Aghahowa,"=""22437615853""",5 amadasun street eriaria,"=""2347050234950""","=""24714574""","=""PF30063""","=""A19487""",Personal fixed term loan,2024-03-15 00:00:00,32000.00,0.00,,0.00,34735.00,NGN,0,Closed,2024-03-22 00:00:00,Performing
ONI Aderonke,,11 shobanke ibafo Ogun state,"=""2347066952412""","=""24714597""","=""PF47296""","=""A18502""",Personal fixed term loan,2024-03-05 00:00:00,270000.00,230708.47,,230708.47,233280.00,NGN,872,Open,2024-05-04 00:00:00,Lost
AHMED IBRAHIM,"=""22640603858""",No 5 opposite school of nursing Jalingo Taraba State,"=""2349130551134""","=""24714714""","=""PF101410""","=""A26446""",Personal fixed term loan,2024-05-17 00:00:00,216000.00,190407.26,,190407.26,190407.30,NGN,809,Open,2024-06-01 00:00:00,Lost
JOSEPH PETER,,JOSEPH COMPOUND PIWOYI BEHIND ANGLICAN CHURCH ALONG AIR PO,,"=""23425511""","=""48768999""","=""RCL48768999""",Personal Overdraft,2025-04-26 00:00:00,135000.00,125911.65,,0.00,77960.00,NGN,90,Open,,Lost
NWANNEKA NWOKORIE,"=""22167958200""",37 ODUWOLE STR ABULE ODU AKOWONJO EGBEDA,,"=""23439802""","=""42753829""","=""12279359""",Personal fixed term loan,2023-11-30 00:00:00,5000.00,0.00,,0.00,6000.00,NGN,0,Closed,2023-12-15 00:00:00,Performing
NWANNEKA NWOKORIE,"=""22167958200""",37 ODUWOLE STR ABULE ODU AKOWONJO EGBEDA,,"=""23439802""","=""42753829""","=""12535603""",Personal fixed term loan,2023-12-26 00:00:00,22500.00,0.00,,0.00,30375.00,NGN,0,Closed,2024-02-09 00:00:00,Performing
KRISTINE PRECIOUSOBAYANGBON,,JAYEOL ADEBISI LASISIILA ORANGUNILE AREGUN EYINDIOSUN,,"=""23481433""","=""12106967""","=""RCL12106967""",,2025-05-26 00:00:00,40000.00,0.00,,,0.00,NGN,0,Open,,Performing
IFEANYI NWANKPA,,NO 20 NNA STREET UMUEBULE 2 ETCHE RIVERS STATE,,"=""23770740""","=""49160200""","=""RCL49160200""",Personal Overdraft,2024-10-12 00:00:00,210000.00,361841.06,,,361841.06,NGN,85,Open,,Doubtful
BOSE MUSA,"=""22268146485""",1 ILOBI STREET GIWA BUS STOP,,"=""24459781""","=""43507014""","=""13845002""",Personal fixed term loan,2024-05-16 00:00:00,5000.00,0.00,,0.00,6750.00,NGN,0,Closed,2024-06-15 00:00:00,Performing
TEMITOPE AKINOLA,"=""22456853153""",1 IJOKO STREETESA OKE,,"=""24666213""","=""38233935""","=""14030215""",Personal fixed term loan,2024-06-06 00:00:00,7500.00,0.00,,0.00,10125.00,NGN,0,Closed,2024-07-06 00:00:00,Performing
AYODELE OWOYOMI,,Plot 12 Godwin Igberi crescent Ojokoro,"=""2348061665183""","=""24698599""","=""4530938""","=""RCL4530938""",Personal Overdraft,2025-05-05 00:00:00,50000.00,159570.17,,0.00,67008.80,NGN,97,Open,,Lost
Olapade Olakunle,,House 6 zone6 road 1 Alafia estate along olorunda ABA Akob,"=""2348060747931""","=""24714477""","=""PF57838""","=""A6466""",Personal fixed term loan,2023-12-10 00:00:00,85000.00,94389.29,,94389.29,94389.30,NGN,968,Open,2023-12-25 00:00:00,Lost
Gedlyn Ekoh,,no 3 ujemen roadBusiness address opposite kbz hostel off p,"=""2349031563811""","=""24714626""","=""PF58445""","=""A9016""",Personal fixed term loan,2023-12-28 00:00:00,19000.00,0.00,,0.00,10374.70,NGN,0,Closed,2023-12-31 00:00:00,Performing
MICHEAL IMAFIDON,"=""22162886027""",4 EKO STREET IGUOBAZUWA,"=""08165356875""","=""23440707""","=""19357912""","=""RCL19357912""",Personal Overdraft,2025-01-28 00:00:00,160000.00,0.00,,,0.00,NGN,0,Open,,Performing
OLUWASUNKANMI ALABI,,05 TAIWO TANIMOWO ST ALAGBOLE OGUN STATE,,"=""23458464""","=""7292401""","=""RCL7292401""",Personal Overdraft,2025-01-01 00:00:00,25000.00,16017.67,,,16017.67,NGN,32,Open,,Sub standard
OBINNA OKPALA,,53 COKER ROAD,,"=""23470130""","=""5274278""","=""RCL5274278""",,2024-10-17 00:00:00,107100.00,124106.94,,124106.94,124106.94,NGN,35,Open,,Sub standard
JUDE MMEZI,"=""22385262086""",11 VIP AMAOJI UMUOJI,,"=""23487101""","=""36213422""","=""11611112""",Personal fixed term loan,2023-09-27 00:00:00,10000.00,0.00,,0.00,13200.00,NGN,0,Closed,2023-10-27 00:00:00,Performing
Ukah Ukah,,dMonths at Current Residence 25NextofKin DetailsNextOf,"=""08129178532""","=""23695905""","=""19534883""","=""RCL19534883""",Personal Overdraft,2025-01-30 00:00:00,20000.00,76498.34,,,76498.34,NGN,90,Open,,
ADEWUMI ADEGOKE,,NO 11 HASSAN ATOYEBI STREET TEDI MUWO RD OJO Ojo Lagos Sta,"=""2348100760429""","=""23887831""","=""PF38234""","=""A2939""",Personal fixed term loan,2023-11-14 00:00:00,71000.00,86206.79,,86206.79,79106.80,NGN,994,Open,2023-11-29 00:00:00,Lost
Iyange Hen Solomon,,Eri street vandeikya,"=""2347033726337""","=""24212121""","=""PF821""","=""A21680""",Personal fixed term loan,2024-04-02 00:00:00,284000.00,390989.91,,390989.91,388623.20,NGN,865,Open,2024-07-01 00:00:00,Lost
MUJAHID SAIDU,"=""22761979591""",Bakin kasuwa,"=""2348026038469""","=""24212257""","=""PF74634""","=""A21289""",Personal fixed term loan,2024-03-30 00:00:00,695000.00,919536.57,,919536.57,905250.10,NGN,842,Open,2024-05-29 00:00:00,Lost
Mamzi Fagwam,"=""22233155302""",19 Joseph avenue sangotedo lagos,"=""2348104000022""","=""24314108""","=""PF67321""","=""A20114""",Personal fixed term loan,2024-03-20 00:00:00,1303000.00,0.00,,0.00,377919.90,NGN,0,Closed,2024-06-18 00:00:00,Performing
Taiwo Ayoade,,Individual,"=""2349022448994""","=""24714433""","=""PF44177""","=""A196""",Personal fixed term loan,2023-10-20 00:00:00,90000.00,93765.84,,93765.84,93765.80,NGN,1019,Open,2023-11-04 00:00:00,Lost
Unique Fashion House,,Unique Fashion House Deidei Abuja,"=""2348135648769""","=""24714438""","=""PF48107""","=""A1139""",Personal fixed term loan,2023-10-26 00:00:00,16000.00,18375.54,,18375.54,17843.50,NGN,1013,Open,2023-11-10 00:00:00,Lost
Baribuma Letom Gilbert,,No 31 kibangha market Rd Nordee s Compound Gokana LGA,"=""2347035552373""","=""24714731""","=""PF21347""","=""A21685""",Personal fixed term loan,2024-04-02 00:00:00,713000.00,573763.61,,573763.61,599758.40,NGN,809,Open,2024-07-01 00:00:00,Lost
OKUNA OGHENEFEJIRO FELIX,"=""22629075438""",AGBARHO,"=""07086324097""","=""23528482""","=""44706341""","=""RCL44706341""",Personal Overdraft,2025-01-16 00:00:00,10000.00,825.03,,0.00,0.00,NGN,4,Open,,Watchlist
UDEMBA CHIDERA EMMANUEL,,26B IBEGBULAM STREET ABA,,"=""23683145""","=""55607074""","=""RCL55607074""",Personal Overdraft,2025-04-04 00:00:00,100000.00,190141.87,,0.00,57028.03,NGN,94,Open,,Lost
HAMMED EMIOLA,"=""22437692197""",74 IFESOWAPO STREET ZONE L OLUNDE BUS STOP AYEGUN IBADAN,"=""08160652420""","=""23756681""","=""3821618""","=""12814661""",Personal fixed term loan,2024-01-27 00:00:00,5000.00,0.00,,0.00,6670.00,NGN,0,Closed,2024-02-11 00:00:00,Performing
ALQUDUS ADEKOYA,,1517 HASSAN ABIODUN STREET OJODU,,"=""24035095""","=""40445380""","=""RCL40445380""",Personal Overdraft,2024-10-14 00:00:00,300000.00,557699.62,,,557699.62,NGN,91,Open,,Lost
HENRY NWEZE,,NO 40 ABUBAKAR BURGA ROAD KEFFI,"=""2348107722148""","=""24212222""","=""PF81602""","=""A20722""",Personal fixed term loan,2024-03-26 00:00:00,231000.00,188371.78,,188371.78,188371.80,NGN,846,Open,2024-04-25 00:00:00,Lost
Abba Abubakar,,Guiwa eka area sokoto,"=""2348096778888""","=""24714398""","=""PF20403""","=""A10136""",Personal fixed term loan,2024-01-05 00:00:00,100000.00,73851.32,,73851.32,74851.30,NGN,942,Open,2024-01-20 00:00:00,Lost
Kazeem Lawal,,No 1 opo malu junction oja Road ilorin kwara state,"=""2349161015171""","=""24714505""","=""PF62985""","=""A15315""",Personal fixed term loan,2024-02-07 00:00:00,75000.00,89362.45,,89362.45,82586.40,NGN,917,Open,2024-02-14 00:00:00,Lost
Clare Ojingwa,,4Ogbeide st ijegun  Lagos,"=""2348168280208""","=""24714616""","=""PF54705""","=""A5507""",Personal fixed term loan,2023-12-04 00:00:00,85000.00,104353.85,,104353.85,96040.10,NGN,974,Open,2023-12-19 00:00:00,Lost
Eunice Idris,,16 Uwasota Road off ugbowo Benin City,"=""2348055155763""","=""24714691""","=""PF54528""","=""A26083""",Personal fixed term loan,2024-05-13 00:00:00,156000.00,29000.00,,29000.00,141406.10,NGN,798,Open,2024-06-12 00:00:00,Lost
RUTH IBRAHIM,"=""22321378844""",Angwantiv,"=""2349162859129""","=""24714709""","=""PF87791""","=""A24310""",Personal fixed term loan,2024-04-23 00:00:00,36000.00,0.00,,0.00,16711.90,NGN,0,Closed,2024-06-22 00:00:00,Performing
ADEOSUN DARE JOSHUA,"=""22432390791""",HOUSE 4 ALAGBE COMPOUND IGBOGILA,"=""08034063728""","=""23912301""","=""PF90482""","=""A22941""",Personal fixed term loan,2024-04-12 00:00:00,36000.00,40295.59,,40295.59,36700.60,NGN,856,Open,2024-04-15 00:00:00,Lost
AGBOOLA AKEEM ADELEYE,"=""22266463416""",24 isele street ladega bus stop ikorodu,"=""08028552004""","=""24001911""","=""55307683""","=""RCL55307683""",,2025-05-17 00:00:00,11628.72,7560.70,,0.00,8000.00,NGN,0,Open,,Performing
Odey Gift Agbo,,New Karu market Abuja,"=""2347087227429""","=""24212096""","=""PF52289""","=""A18205""",Personal fixed term loan,2024-03-02 00:00:00,1113750.00,1296491.92,,1296491.92,1269437.70,NGN,870,Open,2024-05-31 00:00:00,Lost
Japhet Eze,,MEJE OLIVERS COMPOUND,"=""08148367526""","=""24654340""","=""51736632""","=""RCL51736632""",Personal Overdraft,2024-09-27 00:00:00,78901.20,46085.69,,,46085.69,NGN,0,Open,,Performing
FAVOUR UDOFIA,"=""22570855330""",1 rumuowule eneka,"=""2349135943528""","=""24714765""","=""PF80128""","=""A29218""",Personal fixed term loan,2024-06-17 00:00:00,30600.00,0.00,,0.00,32116.50,NGN,0,Closed,2024-06-24 00:00:00,Performing
OLABISI AWOPETU,,4 ADEKOYA STREET ISAAGA BSTOP MAYOGUN,,"=""23435007""","=""48538560""","=""RCL48538560""",Personal Overdraft,2025-02-10 00:00:00,35000.00,0.00,,,0.00,NGN,0,Open,,Performing
OLALEYE GBEMISOLA MORUFAT,,1 Tunde Akinsola Street Ijegun Ikotun Alimosho Lagos State,"=""07030233074""","=""23688903""","=""51328757""","=""RCL51328757""",Personal Overdraft,2024-11-26 00:00:00,97438.06,116928.49,,,116928.49,NGN,1,Open,,
Friday Ohbonna,,Cheif palace road kuchigoro,"=""2348130527140""","=""24212207""","=""PF35453""","=""A18806""",Personal fixed term loan,2024-03-09 00:00:00,217000.00,189328.35,,189328.35,231800.50,NGN,863,Open,2024-04-08 00:00:00,Lost
Ojo Musa Musa,,89 Yoruba Sabon gari Kano,"=""2349047960984""","=""24212212""","=""PF35057""","=""A18444""",Personal fixed term loan,2024-03-04 00:00:00,549000.00,261051.26,,261051.26,260685.30,NGN,838,Open,2024-06-02 00:00:00,Lost
justin uguru,,Sharon Road Azuebonyi Abakaliki,"=""2349067497851""","=""24314058""","=""PF75327""","=""A21727""",Personal fixed term loan,2024-04-02 00:00:00,955000.00,1286479.46,,1286479.46,1283108.00,NGN,839,Open,2024-07-01 00:00:00,Lost
AISHAT OLAWOYIN,,No 27 weather head sabon gari,"=""2349090860245""","=""24314092""","=""PF77303""","=""A18344""",Personal fixed term loan,2024-03-03 00:00:00,40000.00,19177.06,,19177.06,19177.10,NGN,839,Open,2024-05-02 00:00:00,Lost
BABATUNDE OLATUNYA,"=""22683012442""",J 29 IJOPAN STREET OSI EKITI,,"=""24407305""","=""50862738""","=""RCL50862738""",Personal Overdraft,2024-02-11 00:00:00,15000.00,0.00,,,0.00,NGN,0,Open,,Performing
SUNDAY YONGU,"=""22437422590""",KADARKO KEANA LOCAL GOVERNMENT ALIMA VILLAGE,,"=""24411794""","=""43386846""","=""13906922""",Personal fixed term loan,2024-05-23 00:00:00,7500.00,0.00,,0.00,10005.00,NGN,0,Closed,2024-06-07 00:00:00,Performing
Rasheed Odenike,,NO 7 UNITY ROAD ROFO ESTATE ODOGUNYAN Ikorodu Lagos State,,"=""24675777""","=""51805486""","=""RCL51805486""",Personal Overdraft,2024-01-10 00:00:00,162240.00,277653.24,,0.00,179013.13,NGN,97,Open,,Lost
Ubong Ufo,"=""22409472051""",1 health center Road Iko Eket,"=""2347038928342""","=""24714422""","=""PF39599""","=""A13553""",Personal fixed term loan,2024-01-26 00:00:00,37000.00,31837.71,,31837.71,29479.40,NGN,933,Open,2024-01-29 00:00:00,Lost
Olabode Oluwaseyi,,Olabode estate ipara Badagry,"=""2348027774171""","=""24714524""","=""PF67814""","=""A14187""",Personal fixed term loan,2024-01-31 00:00:00,75000.00,52953.88,,52953.88,48145.30,NGN,924,Open,2024-02-07 00:00:00,Lost
OSHIOREAME OSHOFA,,OPPOSITE MAMA CASS MARABA,"=""2349028791605""","=""24714681""","=""PF21169""","=""A21360""",Personal fixed term loan,2024-03-31 00:00:00,307000.00,369505.14,,369505.14,357225.10,NGN,841,Open,2024-04-30 00:00:00,Lost
OLAYINKA AYENI,,NO 24 FATODU STREET COCACOLA IBADAN,,"=""23759254""","=""942150""","=""RCL942150""",Personal Overdraft,2025-04-13 00:00:00,40000.00,60914.64,,60914.64,43286.30,NGN,92,Open,,Lost
CHIDI UKAEGBU,"=""22508790751""",29 ABEKE ROAD,,"=""24383961""","=""50333543""","=""RCL50333543""",Personal Overdraft,2024-11-03 00:00:00,120000.00,0.00,,0.00,0.00,NGN,0,Open,,Performing
Sunday Mongoro,,Akure  Ondo Road,"=""2348138218777""","=""24714399""","=""PF20876""","=""A5716""",Personal fixed term loan,2023-12-05 00:00:00,85000.00,0.00,,0.00,94518.80,NGN,0,Closed,2023-12-20 00:00:00,Performing
Ahmad Bello,,Nyakos quarters 01 jimeta yola,"=""2347033855877""","=""24714499""","=""PF62322""","=""A16497""",Personal fixed term loan,2024-02-16 00:00:00,75000.00,0.00,,0.00,56497.10,NGN,0,Closed,2024-02-23 00:00:00,Performing
RASHIDA SAIDU,"=""22567884853""",Audu Bako Courtage Kalgo 3BN042U2012,"=""2349060914569""","=""24714708""","=""PF86952""","=""A27609""",Personal fixed term loan,2024-05-27 00:00:00,36000.00,0.00,,0.00,37115.00,NGN,0,Closed,2024-05-30 00:00:00,Performing
HEALY OBALUYI,"=""22463068744""",EGUARE IGUEBEN,,"=""23442083""","=""21816427""","=""RCL21816427""",Personal Overdraft,2024-08-28 00:00:00,39901.48,59440.62,,59441.00,35911.33,NGN,94,Open,,Lost
SPLENDOUR EGUAVOEN,"=""22547535687""",6 EGUAVOEN STR IGUOMAN QTRS,,"=""23883927""","=""37005241""","=""13020127""",Personal fixed term loan,2024-02-20 00:00:00,10000.00,0.00,,0.00,11520.00,NGN,0,Closed,2024-03-28 00:00:00,Performing
SPLENDOUR EGUAVOEN,"=""22547535687""",6 EGUAVOEN STR IGUOMAN QTRS,,"=""23883927""","=""37005241""","=""14765488""",Personal fixed term loan,2024-08-28 00:00:00,15000.00,0.00,,0.00,18726.00,NGN,0,Closed,2024-09-27 00:00:00,Performing
SPLENDOUR EGUAVOEN,"=""22547535687""",6 EGUAVOEN STR IGUOMAN QTRS,,"=""23883927""","=""37005241""","=""15302161""",Personal fixed term loan,2024-11-02 00:00:00,15000.00,0.00,,0.00,18900.00,NGN,0,Closed,2024-12-02 00:00:00,Performing
SPLENDOUR EGUAVOEN,"=""22547535687""",6 EGUAVOEN STR IGUOMAN QTRS,,"=""23883927""","=""37005241""","=""15500011""",Personal fixed term loan,2024-11-28 00:00:00,20000.00,0.00,,0.00,24420.00,NGN,0,Closed,2024-12-28 00:00:00,Performing
PRINCE OKEKE,"=""22374880855""",21 ADERIBIGBE STREET,,"=""24039052""","=""35667619""","=""RCL35667619""",Personal Overdraft,2024-12-01 00:00:00,300000.00,0.00,,0.00,0.00,NGN,0,Open,,Performing
Adesola Ibikunle,,No 1 wole olusoga street Ijebu ode,"=""2347038344554""","=""24212174""","=""PF46849""","=""A21131""",Personal fixed term loan,2024-03-29 00:00:00,55000.00,0.00,,0.00,25059.80,NGN,0,Closed,2024-04-05 00:00:00,Performing
Kelechi Ekeledo,"=""22374565581""",Police Station Galadimawa Abuja,"=""2349056151411""","=""24314004""","=""PF58016""","=""A25267""",Personal fixed term loan,2024-05-03 00:00:00,14000.00,0.00,,0.00,2049.00,NGN,0,Closed,2024-05-06 00:00:00,Performing
ABIGAIL BARNABAS,,20 TINUBU SQUARE TINUBU BS LAGOS ISLAND,,"=""24413576""","=""44029710""","=""13785595""",Personal fixed term loan,2024-05-09 00:00:00,7500.00,0.00,,0.00,10125.00,NGN,0,Closed,2024-06-08 00:00:00,Performing
ABIGAIL BARNABAS,,20 TINUBU SQUARE TINUBU BS LAGOS ISLAND,,"=""24413576""","=""44029710""","=""14041772""",Personal fixed term loan,2024-06-07 00:00:00,27500.00,0.00,,0.00,35414.50,NGN,0,Closed,2024-07-17 00:00:00,Performing
ABIGAIL BARNABAS,,20 TINUBU SQUARE TINUBU BS LAGOS ISLAND,,"=""24413576""","=""44029710""","=""14620333""",Personal fixed term loan,2024-08-12 00:00:00,15000.00,0.00,,0.00,20250.00,NGN,0,Closed,2024-09-11 00:00:00,Performing
MOYOSORE FAGBEWESA,"=""22674775615""",25 OLADIMEJI STREET CELE EGBE,,"=""24483754""","=""38814634""","=""13950681""",Personal fixed term loan,2024-05-28 00:00:00,10000.00,0.00,,0.00,13500.00,NGN,0,Closed,2024-06-27 00:00:00,Performing
Chioma Udoji,"=""22279569949""",No 1 opposite kutunku Mosque town Gwagwalada,"=""2349087864592""","=""24714585""","=""PF40081""","=""A11346""",Personal fixed term loan,2024-01-13 00:00:00,24000.00,0.00,,0.00,18522.70,NGN,0,Closed,2024-01-20 00:00:00,Performing
ENGR SABASTINE ISIBOR,"=""22226161107""",KM 16 BENIN SAPELE ROAD BENIN CITY,"=""2347039377778""","=""24714430""","=""PF43216""","=""A5221""",Personal fixed term loan,2023-12-02 00:00:00,100000.00,0.00,,0.00,72118.20,NGN,0,Closed,2023-12-17 00:00:00,Performing
Sodiq Jolaosho,,2 olumide oduwole street onibudo Akute,"=""2349053668253""","=""24714584""","=""PF39999""","=""A10233""",Personal fixed term loan,2024-01-06 00:00:00,32000.00,28575.77,,28575.77,27249.90,NGN,953,Open,2024-01-09 00:00:00,Lost
Oluwatimileyin Afolabi,"=""22386970579""",Banjoko No 32,"=""2349157710288""","=""24714634""","=""PF60773""","=""A6378""",Personal fixed term loan,2023-12-09 00:00:00,21000.00,24917.02,,24917.02,22817.00,NGN,979,Open,2023-12-14 00:00:00,Lost
Onoreji Ngozi perpetual,"=""22321044374""",Allen close of liquid gold road Alode Eleme,"=""2347068186823""","=""24714673""","=""PF8453""","=""A1301""",Personal fixed term loan,2023-10-28 00:00:00,91000.00,110818.73,,110818.73,101721.20,NGN,1011,Open,2023-11-12 00:00:00,Lost
JOSEPH SALAMI,,BY NITEL ZN 7 DUTSE Und St Dutse 1,"=""2348162091922""","=""24714723""","=""PF107099""","=""A28426""",Personal fixed term loan,2024-06-10 00:00:00,42000.00,29116.04,,29116.04,29116.00,NGN,793,Open,2024-06-25 00:00:00,Lost
Ameen Samuel,,Amuluonye nego street o omor,"=""2349070736086""","=""24714741""","=""PF53171""","=""A21175""",Personal fixed term loan,2024-03-29 00:00:00,173000.00,73778.79,,73778.79,73778.80,NGN,813,Open,2024-05-28 00:00:00,Lost
sanusi abdullahi,,NNS PATHFINDR NAVY BASE IWOFE PORTHARCOURT RIVERS,"=""07066531944""","=""23432069""","=""3375021""","=""RCL3375021""",Personal Overdraft,2024-05-11 00:00:00,245000.00,224955.46,,,224955.46,NGN,92,Open,,Lost
MALIK AYOMIDE ALIU,"=""22537949676""",35 MAKANJUOLA STREET AGUDALagos State,,"=""23870069""","=""41748035""","=""RCL41748035""",Personal Overdraft,2024-10-13 00:00:00,63750.00,0.00,,,0.00,NGN,0,Open,,Performing
Matthew Chukwu,,No 8 Richard Gbande street Judges quaters Makurdi,"=""2347036239302""","=""24212107""","=""PF20751""","=""A21664""",Personal fixed term loan,2024-04-02 00:00:00,221000.00,255660.58,,255660.58,233643.80,NGN,854,Open,2024-04-17 00:00:00,Lost
JOY BAKARE,,No 22 gasline victory CDA it s oluwo ikd Lagos State,"=""2349024923905""","=""24212137""","=""PF90526""","=""A23493""",Personal fixed term loan,2024-04-16 00:00:00,7000.00,4469.99,,4469.99,4086.10,NGN,852,Open,2024-04-19 00:00:00,Lost
OGOCHUKWU OBISI,,13A MBA ROAD ONITSHA Onitsha North Anambra State,,"=""24350126""","=""11220987""","=""RCL11220987""",,2025-03-13 00:00:00,260000.00,28618.31,,0.00,74960.00,NGN,0,Open,,Performing
AYOKUNLE OYEMAKINDE,,5 RIVER VALLEY ESTATE MAGADA ROAD KARA IBAFO,,"=""24455414""","=""50956789""","=""RCL50956789""",Personal Overdraft,2025-05-16 00:00:00,120677.28,0.00,,0.00,102600.00,NGN,0,Open,,Performing
ABDULRASHEED ISMAIL,,25 EVANS STREET LAGOS ISLAND,,"=""24475027""","=""41623738""","=""RCL41623738""",Personal Overdraft,2025-06-06 00:00:00,50000.00,156618.48,,156618.00,33006.25,NGN,94,Open,,Lost
GABRIEL JOSEPH OGUCHE,"=""22201367083""",MAMA VINCENT HOUSE OPPOSITE WORKAbuja State,,"=""24591488""","=""6681641""","=""RCL6681641""",Personal Overdraft,2025-02-05 00:00:00,10000.00,11397.63,,0.00,0.00,NGN,0,Open,,Performing
bulama yama,,4 tokunbo disu magodo,,"=""24672308""","=""51805531""","=""RCL51805531""",,2025-06-24 00:00:00,25000.00,5930.00,,0.00,0.00,NGN,0,Open,,Performing
Onyebuchi Amos,,57 primary school Road Galadimawa,"=""2349150583923""","=""24714492""","=""PF59755""","=""A21024""",Personal fixed term loan,2024-03-28 00:00:00,55000.00,61163.96,,61163.96,55673.60,NGN,873,Open,2024-03-31 00:00:00,Lost
Yusif Isyaku,"=""22548183311""",11 Layin sunusi me tifa bichi behind secrateriat kano stat,"=""2348121617991""","=""24714522""","=""PF67760""","=""A13492""",Personal fixed term loan,2024-01-26 00:00:00,85000.00,104196.25,,104196.25,96148.10,NGN,921,Open,2024-02-10 00:00:00,Lost
Mary Joshua,,Behind devine academy tudun amama keffi,"=""2347026241113""","=""24714590""","=""PF43755""","=""A1493""",Personal fixed term loan,2023-10-31 00:00:00,21000.00,21747.64,,21747.64,22195.40,NGN,1008,Open,2023-11-15 00:00:00,Lost
EMMANUEL ADAMS,"=""22255809557""",ILORIN ST GARKI ABUJA 900103 FEDERAL CAPITAL TERRITORY,"=""2348146141219""","=""24714717""","=""PF102419""","=""A27702""",Personal fixed term loan,2024-05-28 00:00:00,36000.00,0.00,,0.00,36231.40,NGN,0,Closed,2024-05-31 00:00:00,Performing
AISHA YAKUBU,"=""22767797610""",44 Sheka Acilafiya kano Qualtrust,"=""2348130516164""","=""24714722""","=""PF106083""","=""A28424""",Personal fixed term loan,2024-06-10 00:00:00,543000.00,263847.83,,263847.83,263847.80,NGN,781,Open,2024-07-10 00:00:00,Lost
RASHIDAT ABDULAZEEZ,"=""22672627367""",ALONG CHARITY ROADABUGA OKENG,,"=""23427669""","=""43541661""","=""12581017""",Personal fixed term loan,2023-12-31 00:00:00,5000.00,0.00,,0.00,6650.00,NGN,0,Closed,2024-01-30 00:00:00,Performing
RASHIDAT ABDULAZEEZ,"=""22672627367""",ALONG CHARITY ROADABUGA OKENG,,"=""23427669""","=""43541661""","=""12681128""",Personal fixed term loan,2024-01-12 00:00:00,17500.00,0.00,,0.00,23275.00,NGN,0,Closed,2024-02-11 00:00:00,Performing
RASHIDAT ABDULAZEEZ,"=""22672627367""",ALONG CHARITY ROADABUGA OKENG,,"=""23427669""","=""43541661""","=""14150093""",Personal fixed term loan,2024-06-20 00:00:00,20000.00,0.00,,0.00,26300.00,NGN,0,Closed,2024-07-20 00:00:00,Performing
MUSIBAU ALOGBA,"=""22639252847""",93 ASHIRU RAJI STREET IKORODU,,"=""23453956""","=""42696565""","=""12478800""",Personal fixed term loan,2023-12-20 00:00:00,5000.00,0.00,,0.00,6750.00,NGN,0,Closed,2024-01-19 00:00:00,Performing
JULIET ABDUL,,NTA KEFFI,,"=""23756450""","=""49274489""","=""RCL49274489""",Personal Overdraft,2024-10-12 00:00:00,156000.00,0.00,,0.00,0.00,NGN,0,Open,,Performing
PEACE AGWOEME,"=""22258987368""",NO 35 ISIOKWE ROAD INLAND TOWN ONITSHA,,"=""23762453""","=""44722851""","=""RCL44722851""",Personal Overdraft,2025-04-23 00:00:00,275000.00,0.00,,,0.00,NGN,0,Open,,Performing
Adebayo Bukola,,Opp kajola guess house elepe isia okeho,"=""2348165231184""","=""24212119""","=""PF42449""","=""A20813""",Personal fixed term loan,2024-03-27 00:00:00,362000.00,491251.53,,491251.53,483796.60,NGN,845,Open,2024-05-26 00:00:00,Lost
MMADUABUCHI UZOEGHELU,,6 OGUNYE STREET MAGODO,,"=""24218901""","=""25914349""","=""RCL25914349""",Personal Overdraft,2025-03-22 00:00:00,75000.00,70215.00,,0.00,34212.50,NGN,0,Open,,Performing
OLUWASEUN ADEDEJI,,OLOKES COMPOUND GAA AREA AWE,,"=""24382434""","=""50776928""","=""RCL50776928""",Personal Overdraft,2024-04-12 00:00:00,25000.00,24642.48,,,24642.48,NGN,97,Open,,Lost
SOJI OLUWASEGUN,,NO 13 IYANIWURA STREET OMIKUNLE AGBADO  IJAYE,,"=""24387099""","=""50345942""","=""RCL50345942""",Personal Overdraft,2025-03-20 00:00:00,60000.00,47028.68,,,47028.68,NGN,0,Open,,Performing
Sotonye Fiberesima,,22 FADIYA STREET KETU LAGOS Kosofe Lagos State,,"=""24474654""","=""51072490""","=""RCL51072490""",Personal Overdraft,2025-08-04 00:00:00,25000.00,50380.03,,50380.03,37620.74,NGN,65,Open,,Doubtful
NKIRUKA THOMAS,,31 MOBOLAJI BANK ANTHONY WAY G R A IKEJA LAGOS,,"=""24659809""","=""52079451""","=""RCL52079451""",,2025-02-25 00:00:00,235000.00,0.00,,0.00,0.00,NGN,0,Open,,Open
USMAN ADEKUNLE,,Ajegunle road by Gwari market mpape,"=""2349019336402""","=""24714410""","=""PF3434""","=""A20007""",Personal fixed term loan,2024-03-19 00:00:00,20000.00,20763.70,,20763.70,19991.80,NGN,882,Open,2024-03-20 00:00:00,Lost
Abdullahi Isah,"=""22628494744""",NO 137 SHEKA S ABUJA SHEKA S ABUJA RELIEF KANO STATE,"=""2348076378765""","=""24714761""","=""PF78579""","=""A24872""",Personal fixed term loan,2024-04-28 00:00:00,35000.00,0.00,,0.00,26681.20,NGN,0,Closed,2024-05-05 00:00:00,Performing
OLUWATOYIN ADEBAYO,"=""22475083957""",24 akinwunmi str,,"=""23736764""","=""49083134""","=""RCL49083134""",Personal Overdraft,2024-12-23 00:00:00,105000.00,0.00,,0.00,0.00,NGN,0,Open,,Open
EZEKIEL ANAGWAONYE,,80MONIYI STREETSARI IGANMU,,"=""23768586""","=""48855763""","=""RCL48855763""",Personal Overdraft,2024-11-24 00:00:00,58774.34,59124.57,,,59124.57,NGN,1,Open,,
OBOT LUCKY MONDAY,"=""22698119729""",NO 4 MAKINDE STREET ALAUSA,,"=""24026390""","=""41795046""","=""RCL41795046""",Personal Overdraft,2025-01-22 00:00:00,10000.00,39184.85,,,39184.85,NGN,95,Open,,
EBIDEI JOSEPH,"=""22527108784""",PROPHET SAMUEL COMPOUNDOPP LAW SCHOOL AGUDAMAYENAGOA,,"=""24032878""","=""36028003""","=""13149552""",Personal fixed term loan,2024-03-05 00:00:00,5000.00,0.00,,0.00,6750.00,NGN,0,Closed,2024-05-09 00:00:00,Performing
ELIZABETH OLUYEMI,,Markrichi Gurara along bida road minna,"=""2349034449223""","=""24212151""","=""PF69721""","=""A23559""",Personal fixed term loan,2024-04-17 00:00:00,53000.00,36680.19,,36680.19,34105.90,NGN,851,Open,2024-04-24 00:00:00,Lost
RACHEAL IORCHIR,"=""22503217864""",Behind ITF Logo1 Makurdi,"=""2349025045148""","=""24313997""","=""PF77293""","=""A24228""",Personal fixed term loan,2024-04-22 00:00:00,18000.00,10314.17,,10314.17,20314.20,NGN,819,Open,2024-05-22 00:00:00,Lost
Mukthar Hamisu,,New GRA Bauchi,"=""2348169455798""","=""24314048""","=""PF21700""","=""A23632""",Personal fixed term loan,2024-04-17 00:00:00,25000.00,33945.94,,33945.94,33945.90,NGN,824,Open,2024-06-16 00:00:00,Lost
Usenuwak Edemekong Edemekong,,Olu Majofudun str off community road Ago road Isolo,"=""2348080876422""","=""24314095""","=""PF29347""","=""A23504""",Personal fixed term loan,2024-04-16 00:00:00,128000.00,69684.08,,69684.08,91825.50,NGN,819,Open,2024-06-15 00:00:00,Lost
AHMED MOHAMMED,"=""22717782688""",No 34 road 5 brighter area minna,"=""2349162669899""","=""24314097""","=""PF87471""","=""A24520""",Personal fixed term loan,2024-04-25 00:00:00,253000.00,0.00,,0.00,298516.90,NGN,0,Closed,2024-05-25 00:00:00,Performing
LEVI JOHN,"=""22728872987""",ANGWAN DOKA 2 NEW NYANYA NASAR,,"=""24366539""","=""44035126""","=""13155735""",Personal fixed term loan,2024-03-06 00:00:00,5000.00,0.00,,0.00,6750.00,NGN,0,Closed,2024-04-12 00:00:00,Performing
IBRAHIM HAMZA,"=""22515848065""",12 NELLY STREET KUTUNKU KUTUNKU BUSTOP GWAGWALADA,,"=""24393749""","=""44040490""","=""12853144""",Personal fixed term loan,2024-02-01 00:00:00,2500.00,0.00,,0.00,3335.00,NGN,0,Closed,2024-02-16 00:00:00,Performing
Oluwatobilola Ogunshakin,"=""22694196726""",NO 12 KANO ROAD VIA ODIOLOWO KabbaBunu Kogi State,,"=""24693437""","=""51691010""","=""13983099""",Personal fixed term loan,2024-06-01 00:00:00,7500.00,0.00,,0.00,10125.00,NGN,0,Closed,2024-07-01 00:00:00,Performing
Jezreel Agbaliko,"=""22312973108""",10 Omosomwen Street BeninCity Edo State,"=""2348116465452""","=""24714427""","=""PF41315""","=""A3992""",Personal fixed term loan,2023-11-23 00:00:00,300000.00,342894.12,,342894.12,332995.40,NGN,970,Open,2023-12-23 00:00:00,Lost
Lilian Chidiuto Chidiuto,"=""22474698969""",Osho Road off lambe junction Giwa OkeAro Ogun State,"=""2348100715972""","=""24714578""","=""PF35354""","=""A5236""",Personal fixed term loan,2023-12-02 00:00:00,67000.00,59953.21,,59953.21,75047.90,NGN,976,Open,2023-12-17 00:00:00,Lost
Modupe Olatunji,,AGUDA market surulere,"=""2349078845248""","=""24714629""","=""PF58923""","=""A11090""",Personal fixed term loan,2024-01-11 00:00:00,476000.00,423523.56,,423523.56,423523.60,NGN,944,Open,2024-01-18 00:00:00,Lost
SIKIRAT BABATUNDE,"=""22542640328""",42 ARIYO JUNCTION NICE ESTATE OJUORE OTA,,"=""23475928""","=""43496783""","=""11941760""",Personal fixed term loan,2023-10-28 00:00:00,2500.00,0.00,,0.00,3250.00,NGN,0,Closed,2023-11-27 00:00:00,Performing
SAMUEL EDET,"=""22695531861""",AIRPORT ROAD,,"=""23886277""","=""40866295""","=""RCL40866295""",,2024-07-12 00:00:00,160000.00,248789.17,,248789.17,248789.17,NGN,96,Open,,Lost
Peter Oluwatoyin,,24 police station road okitipupa Ondo state,"=""2349036872738""","=""24212182""","=""PF25969""","=""A20853""",Personal fixed term loan,2024-03-27 00:00:00,177000.00,178152.05,,178152.05,169329.00,NGN,845,Open,2024-04-26 00:00:00,Lost
PRISCILLA CHINWE,,Zuba spare parts market,"=""2348063869311""","=""24314028""","=""PF20331""","=""A18947""",Personal fixed term loan,2024-03-10 00:00:00,678000.00,43587.35,,43587.35,103491.40,NGN,832,Open,2024-05-09 00:00:00,Lost
Felix chibogu,,Aninwaogbodo compoundishiagu villageugwuaji,"=""2348188242385""","=""24314049""","=""PF25286""","=""A25638""",Personal fixed term loan,2024-05-08 00:00:00,6000.00,6065.40,,6065.40,6065.40,NGN,826,Open,2024-05-15 00:00:00,Lost
YUSUF UMAR,"=""22545488262""",Maduganari shuwari,"=""2349020182081""","=""24611231""","=""PF65130""","=""A8148""",Personal fixed term loan,2023-12-21 00:00:00,37000.00,41377.89,,41377.89,40281.80,NGN,967,Open,2023-12-26 00:00:00,Lost
SUNUSI OBOSHI RABIU,,Kongo plaza no 21,"=""2347067479018""","=""24714515""","=""PF64985""","=""A12165""",Personal fixed term loan,2024-01-18 00:00:00,197000.00,209205.85,,209205.85,209205.90,NGN,929,Open,2024-02-02 00:00:00,Lost
Nwosu Rose chimuanya,"=""22178242798""",22 chief kalu avenue,"=""2348058045418""","=""24714583""","=""PF39581""","=""A10858""",Personal fixed term loan,2024-01-10 00:00:00,360000.00,387682.39,,387682.39,387682.40,NGN,945,Open,2024-01-17 00:00:00,Lost
OLABISI OLAGUNJU,"=""22437843993""",Bk 40 oranfe street Ile ife,"=""2348166889411""","=""24714656""","=""PF70416""","=""A11788""",Personal fixed term loan,2024-01-16 00:00:00,44500.00,0.00,,0.00,19910.80,NGN,0,Closed,2024-01-21 00:00:00,Performing
SUCCESS EDEKI,"=""22548414464""",7 OKOLOKO WATERSIDE SAPELE,,"=""23746917""","=""49460454""","=""RCL49460454""",Personal Overdraft,2025-01-30 00:00:00,40000.00,97950.58,,,97950.58,NGN,93,Open,,
AL KASSIM HABIB,"=""22490196317""",NO 32 JAJI STREET,,"=""23820418""","=""3990658""","=""RCL3990658""",Personal Overdraft,2025-01-26 00:00:00,10000.00,35021.49,,,35021.49,NGN,93,Open,,
FATIMO BELLO,,8A AKEEM OLUWO STREET ABARANJE IGANDO IKOTUN,,"=""23894189""","=""49306604""","=""RCL49306604""",,2025-04-04 00:00:00,60000.00,71643.06,,,71643.06,NGN,7,Open,,Watchlist
ALIYU YUSUF,"=""22501032364""",D2 46 und st Bosso Niger,"=""2349121152993""","=""24212125""","=""PF90585""","=""A22102""",Personal fixed term loan,2024-04-05 00:00:00,362000.00,0.00,,0.00,394551.00,NGN,0,Closed,2024-04-20 00:00:00,Performing
Kachy Frank,,5 Ada George road phc,"=""2349011461281""","=""24212193""","=""PF46273""","=""A21099""",Personal fixed term loan,2024-03-28 00:00:00,55000.00,58332.43,,58332.43,57832.40,NGN,867,Open,2024-04-04 00:00:00,Lost
ATARA BASSEY,"=""22544935792""",30 ENUENUCE STR MILE 2 BSTOP PORT HARCOURT,,"=""24325287""","=""43306532""","=""13929981""",Personal fixed term loan,2024-05-26 00:00:00,5000.00,0.00,,0.00,6750.00,NGN,0,Closed,2024-06-25 00:00:00,Performing
ATARA BASSEY,"=""22544935792""",30 ENUENUCE STR MILE 2 BSTOP PORT HARCOURT,,"=""24325287""","=""43306532""","=""14198280""",Personal fixed term loan,2024-06-25 00:00:00,10000.00,0.00,,0.00,7835.00,NGN,0,Closed,2024-08-24 00:00:00,Performing
FAVOUR OBUMSELU,,NO 12 CHURCH STREET OFF DANSA DRIVE OJO LAGOS,,"=""24388459""","=""49164968""","=""RCL49164968""",Personal Overdraft,2025-03-15 00:00:00,285000.00,156343.85,,0.00,0.00,NGN,0,Open,,Performing
DEBORAH JOSEPH,,NO36 CIVIC CENTRE OPPOSITE SALVATION MINISTRY RUMUOSI,,"=""24483438""","=""50757109""","=""RCL50757109""",,2025-01-01 00:00:00,30000.00,30628.50,,,30628.50,NGN,7,Open,,Watchlist
Thomas Afu Afu,,102 brickfield costain lagos,"=""2349015300244""","=""24714420""","=""PF39194""","=""A5493""",Personal fixed term loan,2023-12-04 00:00:00,300000.00,337199.37,,337199.37,307199.40,NGN,986,Open,2023-12-07 00:00:00,Lost
SHERIFF JIMOH,,Shofowora street Sabo sagamu,"=""2349152587528""","=""24714552""","=""PF74429""","=""A13707""",Personal fixed term loan,2024-01-27 00:00:00,128250.00,136356.69,,136356.69,123960.60,NGN,920,Open,2024-02-11 00:00:00,Lost
BABARINSA Adetutu,,Oke suna owode egba ogun state,"=""2349024096593""","=""24714620""","=""PF54914""","=""A1178""",Personal fixed term loan,2023-10-27 00:00:00,31000.00,19018.36,,19018.36,19018.40,NGN,1012,Open,2023-11-11 00:00:00,Lost
Mercy Okpotolomo,"=""22155663503""",Second Poultry Road Ogale pipeline Eleme Rivers State,"=""2347033857749""","=""24714687""","=""PF39212""","=""A24544""",Personal fixed term loan,2024-04-25 00:00:00,51000.00,0.00,,0.00,37833.30,NGN,0,Closed,2024-07-24 00:00:00,Performing
NUHU SABASTINE,"=""22691090526""",No 12 road 2 akinrimisi street lipakala ondo,,"=""23472294""","=""47052050""","=""RCL47052050""",Personal Overdraft,2024-10-11 00:00:00,300000.00,402981.31,,402981.00,108529.90,NGN,63,Open,,Doubtful
ADESOLA ADEWALE,"=""22424462826""",ALONGE BANJOLAT ROAD OIKA STREET IPETU IJESA,,"=""23486130""","=""43951991""","=""12485354""",Personal fixed term loan,2023-12-20 00:00:00,7500.00,0.00,,0.00,10125.00,NGN,0,Closed,2024-01-19 00:00:00,Performing
SAMSON SUNDAY,,GARKI 2KANTIGO STREETABUJAFCT,,"=""23753998""","=""42504248""","=""12760550""",Personal fixed term loan,2024-01-21 00:00:00,7500.00,0.00,,0.00,9675.00,NGN,0,Closed,2024-02-27 00:00:00,Performing
SAMSON SUNDAY,,GARKI 2KANTIGO STREETABUJAFCT,,"=""23753998""","=""42504248""","=""13434676""",Personal fixed term loan,2024-04-04 00:00:00,25000.00,0.00,,0.00,33750.00,NGN,0,Closed,2024-05-04 00:00:00,Performing
JERRY EKANEM,"=""22319100503""",5 BASSEY STREET CALABAR,,"=""23758296""","=""42566826""","=""12611527""",Personal fixed term loan,2024-01-04 00:00:00,40000.00,0.00,,0.00,50000.00,NGN,0,Closed,2024-02-03 00:00:00,Performing
JERRY EKANEM,"=""22319100503""",5 BASSEY STREET CALABAR,,"=""23758296""","=""42566826""","=""13267883""",Personal fixed term loan,2024-03-19 00:00:00,120000.00,0.00,,0.00,79800.00,NGN,0,Closed,2024-05-18 00:00:00,Performing
JERRY EKANEM,"=""22319100503""",5 BASSEY STREET CALABAR,,"=""23758296""","=""42566826""","=""13868778""",Personal fixed term loan,2024-05-19 00:00:00,50000.00,0.00,,0.00,66065.00,NGN,0,Closed,2024-06-18 00:00:00,Performing
KADRI IDRIS,"=""22361925170""",16 AJIBOSE STREET AGEGE,,"=""24190126""","=""49869946""","=""RCL49869946""",Personal Overdraft,2025-04-13 00:00:00,30000.00,0.00,,0.00,2432.56,NGN,96,Open,,Lost
AJOKE BANMEKE,"=""22644782030""",15 ELITE CLUB ELITE,,"=""24332225""","=""50953683""","=""RCL50953683""",Personal Overdraft,2025-01-15 00:00:00,80000.00,89931.35,,,89931.35,NGN,90,Open,,Lost
ANSLEM IJERE,"=""22507060163""",AZIKORO BESIDE HEALTH CENTER,,"=""24435959""","=""48768394""","=""RCL48768394""",Personal Overdraft,2025-07-05 00:00:00,15000.00,40189.06,,0.00,16767.66,NGN,97,Open,,Lost
AZEEZ SALAMI,,38 prince olofin governor road ikotun,,"=""24684657""","=""51870820""","=""RCL51870820""",Personal Overdraft,2025-03-22 00:00:00,50000.00,120907.77,,120907.77,58143.00,NGN,90,Open,,Lost
Oluwaseyi Oyewole,,0 Orire Lane Adebayo Ado Ekiti,"=""2347062554677""","=""24714405""","=""PF27154""","=""A17698""",Personal fixed term loan,2024-02-26 00:00:00,257000.00,0.00,,0.00,282644.10,NGN,0,Closed,2024-03-12 00:00:00,Performing
Zekeri Junior,"=""22423122411""",No 5 water tanker road,"=""2348164344783""","=""24714473""","=""PF57244""","=""A18490""",Personal fixed term loan,2024-03-05 00:00:00,40000.00,16300.39,,16300.39,14993.70,NGN,887,Open,2024-03-20 00:00:00,Lost
Bola Daudu,,7 okanlami oguntola agbele grammar school,"=""2348034223924""","=""24714609""","=""PF52042""","=""A2124""",Personal fixed term loan,2023-11-06 00:00:00,11000.00,9696.60,,9696.60,9696.60,NGN,1002,Open,2023-11-21 00:00:00,Lost
Ufedo Ameh,,No 20B malina plaza Aliyu Jodi Road Old market sokoto,"=""2347064689174""","=""24714698""","=""PF61829""","=""A29612""",Personal fixed term loan,2024-06-21 00:00:00,32000.00,51175.79,,51175.79,51175.80,NGN,788,Open,2024-08-20 00:00:00,Lost
AYO FRENCH,,No 2 ogbodu street OTOR OWHE,"=""2349035258459""","=""24714766""","=""PF80487""","=""A25650""",Personal fixed term loan,2024-05-08 00:00:00,203000.00,166477.81,,166477.81,271270.60,NGN,803,Open,2024-07-07 00:00:00,Lost
BAYERO HASSAN,,Residence of Alh Bala Mai Kayan Miya Behind General Hospit,"=""2348132292159""","=""23697073""","=""PF61866""","=""A8746""",Personal fixed term loan,2023-12-26 00:00:00,26000.00,30623.78,,30623.78,28023.80,NGN,964,Open,2023-12-29 00:00:00,Lost
Chukwu Jude Chidiebere,"=""22370097952""",Afor Oru Ahia junction,"=""2348032422851""","=""23778195""","=""PF35898""","=""A18690""",Personal fixed term loan,2024-03-08 00:00:00,519000.00,0.00,,0.00,343840.90,NGN,0,Closed,2024-06-06 00:00:00,Performing
HASHIM LAWAL,,MAHMUD ROAD OFF SAMA ROAD HOUSE NO 5,,"=""23887178""","=""392789""","=""RCL392789""",Personal Overdraft,2024-10-02 00:00:00,300000.00,0.00,,0.00,262228.36,NGN,0,Open,,Performing
SEGUN ADEMOLA,"=""22441654042""",NO 2B ADEGBUYI STREET IKOTUNALIMOSHO LAGOS STATE,,"=""24039345""","=""36182505""","=""13124930""",Personal fixed term loan,2024-03-03 00:00:00,20000.00,0.00,,0.00,27000.00,NGN,0,Closed,2024-04-02 00:00:00,Performing
SEGUN ADEMOLA,"=""22441654042""",NO 2B ADEGBUYI STREET IKOTUNALIMOSHO LAGOS STATE,,"=""24039345""","=""36182505""","=""13412204""",Personal fixed term loan,2024-04-02 00:00:00,20000.00,0.00,,0.00,24720.00,NGN,0,Closed,2024-04-17 00:00:00,Performing
Adaora Okoeni,"=""22609468650""",No 7 okigwe street onitsha,"=""2347065870172""","=""24313995""","=""PF62042""","=""A24204""",Personal fixed term loan,2024-04-22 00:00:00,177000.00,0.00,,0.00,112892.80,NGN,0,Closed,2024-05-07 00:00:00,Performing
Boluwaduro Adefila,,47 LANRE AWOLOKUN STR GBAGAD B STP SHOMOLU,,"=""24407051""","=""49648491""","=""RCL49648491""",Personal Overdraft,2025-03-19 00:00:00,40000.00,88541.60,,88541.60,60414.90,NGN,96,Open,,Lost
OLUMIDE AJAYI,,NO 3 OREMEJI STREET OJOKORO,,"=""24447663""","=""49190203""","=""RCL49190203""",Personal Overdraft,2025-02-04 00:00:00,60000.00,11437.58,,,11437.58,NGN,0,Open,,
Mashahud Hassan,,908 YAKASAI KANO Kano Municipal Kano State,,"=""24452909""","=""51520413""","=""RCL51520413""",Personal Overdraft,2024-11-12 00:00:00,15000.00,26450.76,,,26450.76,NGN,97,Open,,
CHINEDU THOMAS,,Offiani ifite off igwe kpume street Awka,"=""2347083130872""","=""24714527""","=""PF68460""","=""A17198""",Personal fixed term loan,2024-02-22 00:00:00,391000.00,522999.60,,522999.60,491731.40,NGN,894,Open,2024-03-08 00:00:00,Lost
CEPHAS MUHAMMED,,NO 11 Along victory avenue street shaguolor Along victory,"=""2348034741677""","=""24714529""","=""PF69111""","=""A12213""",Personal fixed term loan,2024-01-18 00:00:00,85000.00,84883.02,,84883.02,77257.30,NGN,939,Open,2024-01-23 00:00:00,Lost
AYUBA UMAR,"=""22767384438""",NO 250 OPP DAN DAWAKI POLICE STATION KN NEAR HAUSAWA KANO,"=""2348067222623""","=""24714727""","=""PF118549""","=""A29617""",Personal fixed term loan,2024-06-21 00:00:00,362000.00,406760.69,,406760.69,406760.70,NGN,788,Open,2024-07-06 00:00:00,Lost
MUHAMMAD SULE,"=""22542198478""",Midim Abak,"=""2349031898190""","=""24714778""","=""PF88266""","=""A28460""",Personal fixed term loan,2024-06-10 00:00:00,163000.00,0.00,,0.00,187379.50,NGN,0,Closed,2024-06-25 00:00:00,Performing
Olugbenga Omotoso,,25zone 9 lajomo estateoba road Osogbo,"=""2348089713260""","=""24314090""","=""PF34709""","=""A18061""",Personal fixed term loan,2024-03-01 00:00:00,1416000.00,147041.90,,147041.90,157041.90,NGN,817,Open,2024-05-30 00:00:00,Lost
KELECHI OPARA,,1 AMECHI ANUDU STR ASABA,,"=""24384082""","=""48492968""","=""RCL48492968""",Personal Overdraft,2024-07-01 00:00:00,300000.00,479012.95,,,479012.95,NGN,61,Open,,Doubtful
Wilson Kalu,,43 IHEMELANDU STREET ABA Aba South Abia State,,"=""24386889""","=""51399025""","=""RCL51399025""",Personal Overdraft,2025-06-04 00:00:00,100000.00,148211.82,,0.00,101873.08,NGN,90,Open,,Lost
YUSUF LAWAN,"=""22767357380""",364 UNGUWAR KUDU KANO SHEKA KANTIN DAN ALMAJIRI,"=""2349167050051""","=""24714771""","=""PF83174""","=""A20795""",Personal fixed term loan,2024-03-27 00:00:00,2852000.00,3665726.21,,3665726.21,3641959.50,NGN,872,Open,2024-06-25 00:00:00,Lost
